**iont**
6	1	330
**lines**
  1   1   1  ()2p          ()1s           8.32E-01  4.87E+12 3.375E+01
  2   1   2  ()2p          ()2s          -0.00E+00  0.00E+00 1.000E+30
  3   1   3  ()2p          ()3s          -8.15E-02 -1.64E+10 1.823E+02
  4   1   4  ()2p          ()4s          -1.83E-02 -6.70E+09 1.350E+02
  5   1   5  ()2p          ()5s          -7.28E-03 -3.34E+09 1.205E+02
  6   1   6  ()2p          ()6s          -3.71E-03 -1.91E+09 1.139E+02
  7   1   7  ()2p          ()7s          -2.17E-03 -1.19E+09 1.103E+02
  8   1   8  ()2p          ()8s          -1.38E-03 -7.89E+08 1.080E+02
  9   1   9  ()2p          ()9s          -9.42E-04 -5.54E+08 1.065E+02
 10   1  10  ()2p          ()10s          -6.71E-04 -4.02E+08 1.055E+02
 11   2   1  ()3p          ()1s           1.58E-01  1.30E+12 2.848E+01
 12   2   2  ()3p          ()2s           8.70E-01  1.75E+11 1.823E+02
 13   2   3  ()3p          ()3s          -0.00E+00  0.00E+00 1.000E+30
 14   2   4  ()3p          ()4s          -1.93E-01 -4.75E+09 5.207E+02
 15   2   5  ()3p          ()5s          -4.46E-02 -2.35E+09 3.560E+02
 16   2   6  ()3p          ()6s          -1.82E-02 -1.32E+09 3.038E+02
 17   2   7  ()3p          ()7s          -9.47E-03 -8.11E+08 2.791E+02
 18   2   8  ()3p          ()8s          -5.65E-03 -5.36E+08 2.651E+02
 19   2   9  ()3p          ()9s          -3.67E-03 -3.73E+08 2.563E+02
 20   2  10  ()3p          ()10s          -2.54E-03 -2.70E+08 2.504E+02
 21   3   1  ()4p          ()1s           5.80E-02  5.31E+11 2.700E+01
 22   3   2  ()4p          ()2s           2.06E-01  7.54E+10 1.350E+02
 23   3   3  ()4p          ()3s           9.69E-01  2.38E+10 5.207E+02
 24   3   4  ()4p          ()4s          -0.00E+00  0.00E+00 1.000E+30
 25   3   5  ()4p          ()5s          -3.17E-01 -1.67E+09 1.125E+03
 26   3   6  ()4p          ()6s          -7.40E-02 -9.29E+08 7.290E+02
 27   3   7  ()4p          ()7s          -3.06E-02 -5.64E+08 6.014E+02
 28   3   8  ()4p          ()8s          -1.61E-02 -3.68E+08 5.400E+02
 29   3   9  ()4p          ()9s          -9.70E-03 -2.54E+08 5.047E+02
 30   3  10  ()4p          ()10s          -6.37E-03 -1.83E+08 4.822E+02
 31   4   1  ()5p          ()1s           2.79E-02  2.68E+11 2.637E+01
 32   4   2  ()5p          ()2s           8.39E-02  3.85E+10 1.205E+02
 33   4   3  ()5p          ()3s           2.42E-01  1.27E+10 3.560E+02
 34   4   4  ()5p          ()4s           1.09E+00  5.74E+09 1.125E+03
 35   4   5  ()5p          ()5s          -0.00E+00  0.00E+00 1.000E+30
 36   4   6  ()5p          ()6s          -4.47E-01 -6.95E+08 2.071E+03
 37   4   7  ()5p          ()7s          -1.05E-01 -4.20E+08 1.292E+03
 38   4   8  ()5p          ()8s          -4.36E-02 -2.70E+08 1.039E+03
 39   4   9  ()5p          ()9s          -2.31E-02 -1.84E+08 9.154E+02
 40   4  10  ()5p          ()10s          -1.40E-02 -1.31E+08 8.438E+02
 41   5   1  ()6p          ()1s           1.56E-02  1.53E+11 2.604E+01
 42   5   2  ()6p          ()2s           4.33E-02  2.23E+10 1.139E+02
 43   5   3  ()6p          ()3s           1.03E-01  7.45E+09 3.038E+02
 44   5   4  ()6p          ()4s           2.76E-01  3.46E+09 7.290E+02
 45   5   5  ()6p          ()5s           1.22E+00  1.90E+09 2.071E+03
 46   5   6  ()6p          ()6s          -0.00E+00  0.00E+00 1.000E+30
 47   5   7  ()6p          ()7s          -5.80E-01 -3.28E+08 3.435E+03
 48   5   8  ()6p          ()8s          -1.37E-01 -2.11E+08 2.083E+03
 49   5   9  ()6p          ()9s          -5.70E-02 -1.41E+08 1.640E+03
 50   5  10  ()6p          ()10s          -3.03E-02 -9.97E+07 1.424E+03
 51   6   1  ()7p          ()1s           9.63E-03  9.62E+10 2.584E+01
 52   6   2  ()7p          ()2s           2.55E-02  1.40E+10 1.103E+02
 53   6   3  ()7p          ()3s           5.47E-02  4.68E+09 2.791E+02
 54   6   4  ()7p          ()4s           1.19E-01  2.19E+09 6.014E+02
 55   6   5  ()7p          ()5s           3.10E-01  1.24E+09 1.292E+03
 56   6   6  ()7p          ()6s           1.35E+00  7.63E+08 3.435E+03
 57   6   7  ()7p          ()7s          -0.00E+00  0.00E+00 1.000E+30
 58   6   8  ()7p          ()8s          -7.15E-01 -1.70E+08 5.292E+03
 59   6   9  ()7p          ()9s          -1.69E-01 -1.14E+08 3.140E+03
 60   6  10  ()7p          ()10s          -7.06E-02 -7.96E+07 2.432E+03
 61   7   1  ()8p          ()1s           6.37E-03  6.42E+10 2.572E+01
 62   7   2  ()8p          ()2s           1.64E-02  9.38E+09 1.080E+02
 63   7   3  ()8p          ()3s           3.31E-02  3.14E+09 2.651E+02
 64   7   4  ()8p          ()4s           6.45E-02  1.48E+09 5.400E+02
 65   7   5  ()8p          ()5s           1.35E-01  8.35E+08 1.039E+03
 66   7   6  ()8p          ()6s           3.43E-01  5.27E+08 2.083E+03
 67   7   7  ()8p          ()7s           1.48E+00  3.52E+08 5.292E+03
 68   7   8  ()8p          ()8s          -0.00E+00  0.00E+00 1.000E+30
 69   7   9  ()8p          ()9s          -8.52E-01 -9.54E+07 7.719E+03
 70   7  10  ()8p          ()10s          -2.01E-01 -6.62E+07 4.500E+03
 71   8   1  ()9p          ()1s           4.43E-03  4.50E+10 2.563E+01
 72   8   2  ()9p          ()2s           1.12E-02  6.58E+09 1.065E+02
 73   8   3  ()9p          ()3s           2.17E-02  2.20E+09 2.563E+02
 74   8   4  ()9p          ()4s           3.96E-02  1.04E+09 5.047E+02
 75   8   5  ()9p          ()5s           7.35E-02  5.85E+08 9.154E+02
 76   8   6  ()9p          ()6s           1.50E-01  3.72E+08 1.640E+03
 77   8   7  ()9p          ()7s           3.76E-01  2.54E+08 3.140E+03
 78   8   8  ()9p          ()8s           1.62E+00  1.81E+08 7.719E+03
 79   8   9  ()9p          ()9s          -0.00E+00  0.00E+00 1.000E+30
 80   8  10  ()9p          ()10s          -9.89E-01 -5.66E+07 1.079E+04
 81   9   1  ()10p          ()1s           3.21E-03  3.27E+10 2.557E+01
 82   9   2  ()10p          ()2s           7.98E-03  4.78E+09 1.055E+02
 83   9   3  ()10p          ()3s           1.51E-02  1.61E+09 2.504E+02
 84   9   4  ()10p          ()4s           2.63E-02  7.55E+08 4.822E+02
 85   9   5  ()10p          ()5s           4.55E-02  4.26E+08 8.438E+02
 86   9   6  ()10p          ()6s           8.20E-02  2.70E+08 1.424E+03
 87   9   7  ()10p          ()7s           1.64E-01  1.85E+08 2.432E+03
 88   9   8  ()10p          ()8s           4.10E-01  1.35E+08 4.500E+03
 89   9   9  ()10p          ()9s           1.75E+00  1.00E+08 1.079E+04
 90   9  10  ()10p          ()10s          -0.00E+00  0.00E+00 1.000E+30
 91   1   1  ()3d           ()2p           4.18E+00  8.39E+11 1.823E+02
 92   1   2  ()3d           ()3p          -0.00E+00  0.00E+00 1.000E+30
 93   1   3  ()3d           ()4p          -1.10E-01 -2.71E+09 5.207E+02
 94   1   4  ()3d           ()5p          -2.21E-02 -1.16E+09 3.560E+02
 95   1   5  ()3d           ()6p          -8.42E-03 -6.09E+08 3.038E+02
 96   1   6  ()3d           ()7p          -4.21E-03 -3.61E+08 2.791E+02
 97   1   7  ()3d           ()8p          -2.45E-03 -2.33E+08 2.651E+02
 98   1   8  ()3d           ()9p          -1.56E-03 -1.58E+08 2.563E+02
 99   1   9  ()3d           ()10p          -1.07E-03 -1.14E+08 2.504E+02
100   2   1  ()4d           ()2p           7.31E-01  2.67E+11 1.350E+02
101   2   2  ()4d           ()3p           3.71E+00  9.13E+10 5.207E+02
102   2   3  ()4d           ()4p          -0.00E+00  0.00E+00 1.000E+30
103   2   4  ()4d           ()5p          -2.78E-01 -1.46E+09 1.125E+03
104   2   5  ()4d           ()6p          -5.84E-02 -7.33E+08 7.290E+02
105   2   6  ()4d           ()7p          -2.27E-02 -4.19E+08 6.014E+02
106   2   7  ()4d           ()8p          -1.15E-02 -2.63E+08 5.400E+02
107   2   8  ()4d           ()9p          -6.80E-03 -1.78E+08 5.047E+02
108   2   9  ()4d           ()10p          -4.39E-03 -1.26E+08 4.822E+02
109   3   1  ()5d           ()2p           2.66E-01  1.22E+11 1.205E+02
110   3   2  ()5d           ()3p           8.35E-01  4.40E+10 3.560E+02
111   3   3  ()5d           ()4p           3.66E+00  1.93E+10 1.125E+03
112   3   4  ()5d           ()5p          -0.00E+00  0.00E+00 1.000E+30
113   3   5  ()5d           ()6p          -4.80E-01 -7.46E+08 2.071E+03
114   3   6  ()5d           ()7p          -1.03E-01 -4.12E+08 1.292E+03
115   3   7  ()5d           ()8p          -4.08E-02 -2.52E+08 1.039E+03
116   3   8  ()5d           ()9p          -2.09E-02 -1.66E+08 9.154E+02
117   3   9  ()5d           ()10p          -1.24E-02 -1.16E+08 8.438E+02
118   4   1  ()6d           ()2p           1.30E-01  6.68E+10 1.139E+02
119   4   2  ()6d           ()3p           3.37E-01  2.44E+10 3.038E+02
120   4   3  ()6d           ()4p           8.91E-01  1.12E+10 7.290E+02
121   4   4  ()6d           ()5p           3.75E+00  5.83E+09 2.071E+03
122   4   5  ()6d           ()6p          -0.00E+00  0.00E+00 1.000E+30
123   4   6  ()6d           ()7p          -7.02E-01 -3.97E+08 3.435E+03
124   4   7  ()6d           ()8p          -1.54E-01 -2.37E+08 2.083E+03
125   4   8  ()6d           ()9p          -6.14E-02 -1.52E+08 1.640E+03
126   4   9  ()6d           ()10p          -3.17E-02 -1.04E+08 1.424E+03
127   5   1  ()7d           ()2p           7.40E-02  4.06E+10 1.103E+02
128   5   2  ()7d           ()3p           1.74E-01  1.49E+10 2.791E+02
129   5   3  ()7d           ()4p           3.75E-01  6.92E+09 6.014E+02
130   5   4  ()7d           ()5p           9.42E-01  3.76E+09 1.292E+03
131   5   5  ()7d           ()6p           3.91E+00  2.21E+09 3.435E+03
132   5   6  ()7d           ()7p          -0.00E+00  0.00E+00 1.000E+30
133   5   7  ()7d           ()8p          -9.38E-01 -2.23E+08 5.292E+03
134   5   8  ()7d           ()9p          -2.08E-01 -1.41E+08 3.140E+03
135   5   9  ()7d           ()10p          -8.36E-02 -9.43E+07 2.432E+03
136   6   1  ()8d           ()2p           4.65E-02  2.66E+10 1.080E+02
137   6   2  ()8d           ()3p           1.03E-01  9.78E+09 2.651E+02
138   6   3  ()8d           ()4p           2.00E-01  4.57E+09 5.400E+02
139   6   4  ()8d           ()5p           4.05E-01  2.50E+09 1.039E+03
140   6   5  ()8d           ()6p           9.95E-01  1.53E+09 2.083E+03
141   6   6  ()8d           ()7p           4.11E+00  9.79E+08 5.292E+03
142   6   7  ()8d           ()8p          -0.00E+00  0.00E+00 1.000E+30
143   6   8  ()8d           ()9p          -1.18E+00 -1.32E+08 7.719E+03
144   6   9  ()8d           ()10p          -2.65E-01 -8.73E+07 4.500E+03
145   7   1  ()9d           ()2p           3.13E-02  1.84E+10 1.065E+02
146   7   2  ()9d           ()3p           6.69E-02  6.79E+09 2.563E+02
147   7   3  ()9d           ()4p           1.21E-01  3.17E+09 5.047E+02
148   7   4  ()9d           ()5p           2.19E-01  1.74E+09 9.154E+02
149   7   5  ()9d           ()6p           4.33E-01  1.07E+09 1.640E+03
150   7   6  ()9d           ()7p           1.05E+00  7.10E+08 3.140E+03
151   7   7  ()9d           ()8p           4.33E+00  4.85E+08 7.719E+03
152   7   8  ()9d           ()9p          -0.00E+00  0.00E+00 1.000E+30
153   7   9  ()9d           ()10p          -1.44E+00 -8.25E+07 1.079E+04
154   8   1  ()10d           ()2p           2.22E-02  1.33E+10 1.055E+02
155   8   2  ()10d           ()3p           4.61E-02  4.91E+09 2.504E+02
156   8   3  ()10d           ()4p           8.00E-02  2.30E+09 4.822E+02
157   8   4  ()10d           ()5p           1.35E-01  1.26E+09 8.438E+02
158   8   5  ()10d           ()6p           2.36E-01  7.76E+08 1.424E+03
159   8   6  ()10d           ()7p           4.59E-01  5.18E+08 2.432E+03
160   8   7  ()10d           ()8p           1.11E+00  3.66E+08 4.500E+03
161   8   8  ()10d           ()9p           4.56E+00  2.61E+08 1.079E+04
162   8   9  ()10d           ()10p          -0.00E+00  0.00E+00 1.000E+30
163   1   1  ()4f           ()3d            1.02E+01  2.51E+11 5.207E+02
164   1   2  ()4f           ()4d           -0.00E+00  0.00E+00 1.000E+30
165   1   3  ()4f           ()5d           -1.24E-01 -6.53E+08 1.125E+03
166   1   4  ()4f           ()6d           -2.22E-02 -2.79E+08 7.290E+02
167   1   5  ()4f           ()7d           -7.90E-03 -1.46E+08 6.014E+02
168   1   6  ()4f           ()8d           -3.80E-03 -8.69E+07 5.400E+02
169   1   7  ()4f           ()9d           -2.16E-03 -5.66E+07 5.047E+02
170   1   8  ()4f           ()10d           -1.36E-03 -3.90E+07 4.822E+02
171   2   1  ()5f           ()3d            1.57E+00  8.26E+10 3.560E+02
172   2   2  ()5f           ()4d            8.90E+00  4.69E+10 1.125E+03
173   2   3  ()5f           ()5d           -0.00E+00  0.00E+00 1.000E+30
174   2   4  ()5f           ()6d           -3.26E-01 -5.07E+08 2.071E+03
175   2   5  ()5f           ()7d           -6.20E-02 -2.48E+08 1.292E+03
176   2   6  ()5f           ()8d           -2.28E-02 -1.41E+08 1.039E+03
177   2   7  ()5f           ()9d           -1.12E-02 -8.92E+07 9.154E+02
178   2   8  ()5f           ()10d           -6.42E-03 -6.01E+07 8.438E+02
179   3   1  ()6f           ()3d            5.39E-01  3.90E+10 3.038E+02
180   3   2  ()6f           ()4d            1.86E+00  2.33E+10 7.290E+02
181   3   3  ()6f           ()5d            8.44E+00  1.31E+10 2.071E+03
182   3   4  ()6f           ()6d           -0.00E+00  0.00E+00 1.000E+30
183   3   5  ()6f           ()7d           -5.79E-01 -3.27E+08 3.435E+03
184   3   6  ()6f           ()8d           -1.15E-01 -1.77E+08 2.083E+03
185   3   7  ()6f           ()9d           -4.31E-02 -1.07E+08 1.640E+03
186   3   8  ()6f           ()10d           -2.14E-02 -7.04E+07 1.424E+03
187   4   1  ()7f           ()3d            2.56E-01  2.19E+10 2.791E+02
188   4   2  ()7f           ()4d            7.23E-01  1.33E+10 6.014E+02
189   4   3  ()7f           ()5d            1.97E+00  7.87E+09 1.292E+03
190   4   4  ()7f           ()6d            8.33E+00  4.71E+09 3.435E+03
191   4   5  ()7f           ()7d           -0.00E+00  0.00E+00 1.000E+30
192   4   6  ()7f           ()8d           -8.67E-01 -2.06E+08 5.292E+03
193   4   7  ()7f           ()9d           -1.77E-01 -1.20E+08 3.140E+03
194   4   8  ()7f           ()10d           -6.75E-02 -7.61E+07 2.432E+03
195   5   1  ()8f           ()3d            1.44E-01  1.37E+10 2.651E+02
196   5   2  ()8f           ()4d            3.66E-01  8.37E+09 5.400E+02
197   5   3  ()8f           ()5d            8.08E-01  5.00E+09 1.039E+03
198   5   4  ()8f           ()6d            2.04E+00  3.14E+09 2.083E+03
199   5   5  ()8f           ()7d            8.39E+00  2.00E+09 5.292E+03
200   5   6  ()8f           ()8d           -0.00E+00  0.00E+00 1.000E+30
201   5   7  ()8f           ()9d           -1.18E+00 -1.32E+08 7.719E+03
202   5   8  ()8f           ()10d           -2.46E-01 -8.10E+07 4.500E+03
203   6   1  ()9f           ()3d            9.03E-02  9.17E+09 2.563E+02
204   6   2  ()9f           ()4d            2.15E-01  5.63E+09 5.047E+02
205   6   3  ()9f           ()5d            4.24E-01  3.38E+09 9.154E+02
206   6   4  ()9f           ()6d            8.62E-01  2.14E+09 1.640E+03
207   6   5  ()9f           ()7d            2.10E+00  1.42E+09 3.140E+03
208   6   6  ()9f           ()8d            8.56E+00  9.58E+08 7.719E+03
209   6   7  ()9f           ()9d           -0.00E+00  0.00E+00 1.000E+30
210   6   8  ()9f           ()10d           -1.51E+00 -8.65E+07 1.079E+04
211   7   1  ()10f           ()3d            6.08E-02  6.47E+09 2.504E+02
212   7   2  ()10f           ()4d            1.39E-01  3.99E+09 4.822E+02
213   7   3  ()10f           ()5d            2.55E-01  2.39E+09 8.438E+02
214   7   4  ()10f           ()6d            4.62E-01  1.52E+09 1.424E+03
215   7   5  ()10f           ()7d            9.05E-01  1.02E+09 2.432E+03
216   7   6  ()10f           ()8d            2.17E+00  7.15E+08 4.500E+03
217   7   7  ()10f           ()9d            8.79E+00  5.03E+08 1.079E+04
218   7   8  ()10f           ()10d           -0.00E+00  0.00E+00 1.000E+30
219   1   1  ()5g           ()4f            1.88E+01  9.91E+10 1.125E+03
220   1   2  ()5g           ()5f           -0.00E+00  0.00E+00 1.000E+30
221   1   3  ()5g           ()6f           -1.33E-01 -2.07E+08 2.071E+03
222   1   4  ()5g           ()7f           -2.11E-02 -8.43E+07 1.292E+03
223   1   5  ()5g           ()8f           -7.01E-03 -4.34E+07 1.039E+03
224   1   6  ()5g           ()9f           -3.22E-03 -2.56E+07 9.154E+02
225   1   7  ()5g           ()10f           -1.77E-03 -1.66E+07 8.438E+02
226   2   1  ()6g           ()4f            2.55E+00  3.20E+10 7.290E+02
227   2   2  ()6g           ()5f            1.66E+01  2.58E+10 2.071E+03
228   2   3  ()6g           ()6f           -0.00E+00  0.00E+00 1.000E+30
229   2   4  ()6g           ()7f           -3.56E-01 -2.01E+08 3.435E+03
230   2   5  ()6g           ()8f           -6.18E-02 -9.50E+07 2.083E+03
231   2   6  ()6g           ()9f           -2.14E-02 -5.30E+07 1.640E+03
232   2   7  ()6g           ()10f           -1.01E-02 -3.32E+07 1.424E+03
233   3   1  ()7g           ()4f            8.17E-01  1.51E+10 6.014E+02
234   3   2  ()7g           ()5f            3.20E+00  1.28E+10 1.292E+03
235   3   3  ()7g           ()6f            1.55E+01  8.76E+09 3.435E+03
236   3   4  ()7g           ()7f           -0.00E+00  0.00E+00 1.000E+30
237   3   5  ()7g           ()8f           -6.46E-01 -1.54E+08 5.292E+03
238   3   6  ()7g           ()9f           -1.18E-01 -7.98E+07 3.140E+03
239   3   7  ()7g           ()10f           -4.22E-02 -4.76E+07 2.432E+03
240   4   1  ()8g           ()4f            3.72E-01  8.51E+09 5.400E+02
241   4   2  ()8g           ()5f            1.18E+00  7.30E+09 1.039E+03
242   4   3  ()8g           ()6f            3.43E+00  5.27E+09 2.083E+03
243   4   4  ()8g           ()7f            1.51E+01  3.60E+09 5.292E+03
244   4   5  ()8g           ()8f           -0.00E+00  0.00E+00 1.000E+30
245   4   6  ()8g           ()9f           -9.83E-01 -1.10E+08 7.719E+03
246   4   7  ()8g           ()10f           -1.88E-01 -6.19E+07 4.500E+03
247   5   1  ()9g           ()4f            2.04E-01  5.34E+09 5.047E+02
248   5   2  ()9g           ()5f            5.81E-01  4.62E+09 9.154E+02
249   5   3  ()9g           ()6f            1.36E+00  3.37E+09 1.640E+03
250   5   4  ()9g           ()7f            3.55E+00  2.40E+09 3.140E+03
251   5   5  ()9g           ()8f            1.49E+01  1.67E+09 7.719E+03
252   5   6  ()9g           ()9f           -0.00E+00  0.00E+00 1.000E+30
253   5   7  ()9g           ()10f           -1.36E+00 -7.79E+07 1.079E+04
254   6   1  ()10g           ()4f            1.26E-01  3.61E+09 4.822E+02
255   6   2  ()10g           ()5f            3.34E-01  3.13E+09 8.438E+02
256   6   3  ()10g           ()6f            6.99E-01  2.30E+09 1.424E+03
257   6   4  ()10g           ()7f            1.47E+00  1.66E+09 2.432E+03
258   6   5  ()10g           ()8f            3.64E+00  1.20E+09 4.500E+03
259   6   6  ()10g           ()9f            1.49E+01  8.53E+08 1.079E+04
260   6   7  ()10g           ()10f           -0.00E+00  0.00E+00 1.000E+30
261   1   1  ()6h           ()5g            3.02E+01  4.70E+10 2.071E+03
262   1   2  ()6h           ()6g           -0.00E+00  0.00E+00 1.000E+30
263   1   3  ()6h           ()7g           -1.39E-01 -7.86E+07 3.435E+03
264   1   4  ()6h           ()8g           -1.98E-02 -3.04E+07 2.083E+03
265   1   5  ()6h           ()9g           -6.12E-03 -1.52E+07 1.640E+03
266   1   6  ()6h           ()10g           -2.67E-03 -8.78E+06 1.424E+03
267   2   1  ()7h           ()5g            3.63E+00  1.45E+10 1.292E+03
268   2   2  ()7h           ()6g            2.69E+01  1.52E+10 3.435E+03
269   2   3  ()7h           ()7g           -0.00E+00  0.00E+00 1.000E+30
270   2   4  ()7h           ()8g           -3.78E-01 -9.00E+07 5.292E+03
271   2   5  ()7h           ()9g           -6.00E-02 -4.06E+07 3.140E+03
272   2   6  ()7h           ()10g           -1.96E-02 -2.21E+07 2.432E+03
273   3   1  ()8h           ()5g            1.08E+00  6.68E+09 1.039E+03
274   3   2  ()8h           ()6g            4.78E+00  7.35E+09 2.083E+03
275   3   3  ()8h           ()7g            2.51E+01  5.98E+09 5.292E+03
276   3   4  ()8h           ()8g           -0.00E+00  0.00E+00 1.000E+30
277   3   5  ()8h           ()9g           -6.94E-01 -7.77E+07 7.719E+03
278   3   6  ()8h           ()10g           -1.18E-01 -3.89E+07 4.500E+03
279   4   1  ()9h           ()5g            4.67E-01  3.72E+09 9.154E+02
280   4   2  ()9h           ()6g            1.67E+00  4.14E+09 1.640E+03
281   4   3  ()9h           ()7g            5.24E+00  3.55E+09 3.140E+03
282   4   4  ()9h           ()8g            2.41E+01  2.70E+09 7.719E+03
283   4   5  ()9h           ()9g           -0.00E+00  0.00E+00 1.000E+30
284   4   6  ()9h           ()10g           -1.07E+00 -6.13E+07 1.079E+04
285   5   1  ()10h           ()5g            2.48E-01  2.32E+09 8.438E+02
286   5   2  ()10h           ()6g            7.92E-01  2.61E+09 1.424E+03
287   5   3  ()10h           ()7g            2.00E+00  2.26E+09 2.432E+03
288   5   4  ()10h           ()8g            5.46E+00  1.80E+09 4.500E+03
289   5   5  ()10h           ()9g            2.35E+01  1.35E+09 1.079E+04
290   5   6  ()10h           ()10g           -0.00E+00  0.00E+00 1.000E+30
291   1   1  ()7i           ()6h            4.42E+01  2.50E+10 3.435E+03
292   1   2  ()7i           ()7h           -0.00E+00  0.00E+00 1.000E+30
293   1   3  ()7i           ()8h           -1.42E-01 -3.38E+07 5.292E+03
294   1   4  ()7i           ()9h           -1.85E-02 -1.25E+07 3.140E+03
295   1   5  ()7i           ()10h           -5.32E-03 -6.00E+06 2.432E+03
296   2   1  ()8i           ()6h            4.77E+00  7.33E+09 2.083E+03
297   2   2  ()8i           ()7h            3.97E+01  9.45E+09 5.292E+03
298   2   3  ()8i           ()8h           -0.00E+00  0.00E+00 1.000E+30
299   2   4  ()8i           ()9h           -3.94E-01 -4.41E+07 7.719E+03
300   2   5  ()8i           ()10h           -5.76E-02 -1.90E+07 4.500E+03
301   3   1  ()9i           ()6h            1.32E+00  3.27E+09 1.640E+03
302   3   2  ()9i           ()7h            6.55E+00  4.43E+09 3.140E+03
303   3   3  ()9i           ()8h            3.71E+01  4.15E+09 7.719E+03
304   3   4  ()9i           ()9h           -0.00E+00  0.00E+00 1.000E+30
305   3   5  ()9i           ()10h           -7.30E-01 -4.18E+07 1.079E+04
306   4   1  ()10i           ()6h            5.40E-01  1.78E+09 1.424E+03
307   4   2  ()10i           ()7h            2.17E+00  2.45E+09 2.432E+03
308   4   3  ()10i           ()8h            7.32E+00  2.41E+09 4.500E+03
309   4   4  ()10i           ()9h            3.55E+01  2.03E+09 1.079E+04
310   4   5  ()10i           ()10h           -0.00E+00  0.00E+00 1.000E+30
311   1   1  ()8k           ()7i            6.08E+01  1.45E+10 5.292E+03
312   1   2  ()8k           ()8i           -0.00E+00  0.00E+00 1.000E+30
313   1   3  ()8k           ()9i           -1.46E-01 -1.63E+07 7.719E+03
314   1   4  ()8k           ()10i           -1.73E-02 -5.70E+06 4.500E+03
315   2   1  ()9k           ()7i            5.95E+00  4.03E+09 3.140E+03
316   2   2  ()9k           ()8i            5.52E+01  6.18E+09 7.719E+03
317   2   3  ()9k           ()9i           -0.00E+00  0.00E+00 1.000E+30
318   2   4  ()9k           ()10i           -4.06E-01 -2.33E+07 1.079E+04
319   3   1  ()10k           ()7i            1.53E+00  1.73E+09 2.432E+03
320   3   2  ()10k           ()8i            8.46E+00  2.79E+09 4.500E+03
321   3   3  ()10k           ()9i            5.16E+01  2.96E+09 1.079E+04
322   3   4  ()10k           ()10i           -0.00E+00  0.00E+00 1.000E+30
323   1   1  ()9l           ()8k            8.02E+01  8.98E+09 7.719E+03
324   1   2  ()9l           ()9k           -0.00E+00  0.00E+00 1.000E+30
325   1   3  ()9l           ()10k           -1.48E-01 -8.48E+06 1.079E+04
326   2   1  ()10l           ()8k            7.16E+00  2.36E+09 4.500E+03
327   2   2  ()10l           ()9k            7.33E+01  4.20E+09 1.079E+04
328   2   3  ()10l           ()10k           -0.00E+00  0.00E+00 1.000E+30
329   1   1  ()10m           ()9l            1.02E+02  5.84E+09 1.079E+04
330   1   2  ()10m           ()10l           -0.00E+00  0.00E+00 1.000E+30
**iont**
6	2	315
**lines**
1   1   1  1s2p          1s2_             6.47E-01  2.65E+12 4.034E+01
2   1   2  1s2p          1s2s           9.10E-02  4.61E+07 3.627E+03
3   1   3  1s2p          1s3s          -6.29E-02 -5.68E+09 2.719E+02
4   1   4  1s2p          1s4s          -1.34E-02 -2.28E+09 1.981E+02
5   1   5  1s2p          1s5s          -5.27E-03 -1.13E+09 1.762E+02
6   1   6  1s2p          1s6s          -2.67E-03 -6.45E+08 1.662E+02
7   1   7  1s2p          1s7s          -1.56E-03 -4.03E+08 1.607E+02
8   1   8  1s2p          1s8s          -9.93E-04 -2.68E+08 1.573E+02
9   1   9  1s2p          1s9s          -6.75E-04 -1.87E+08 1.551E+02
10   1  10  1s2p          1s10s          -4.80E-04 -1.36E+08 1.536E+02
11   2   1  1s3p          1s2_             1.41E-01  7.66E+11 3.503E+01
12   2   2  1s3p          1s2s           3.53E-01  3.83E+10 2.479E+02
13   2   3  1s3p          1s3s           1.59E-01  6.87E+06 1.243E+04
14   2   4  1s3p          1s4s          -1.40E-01 -1.55E+09 7.761E+02
15   2   5  1s3p          1s5s          -3.05E-02 -7.49E+08 5.213E+02
16   2   6  1s3p          1s6s          -1.22E-02 -4.15E+08 4.426E+02
17   2   7  1s3p          1s7s          -6.33E-03 -2.56E+08 4.058E+02
18   2   8  1s3p          1s8s          -3.76E-03 -1.69E+08 3.851E+02
19   2   9  1s3p          1s9s          -2.44E-03 -1.18E+08 3.720E+02
20   2  10  1s3p          1s10s          -1.68E-03 -8.49E+07 3.633E+02
21   3   1  1s4p          1s2_             5.35E-02  3.18E+11 3.348E+01
22   3   2  1s4p          1s2s           9.04E-02  1.73E+10 1.867E+02
23   3   3  1s4p          1s3s           3.81E-01  5.00E+09 7.130E+02
24   3   4  1s4p          1s4s           2.21E-01  1.67E+06 2.975E+04
25   3   5  1s4p          1s5s          -2.25E-01 -5.34E+08 1.677E+03
26   3   6  1s4p          1s6s          -4.93E-02 -2.89E+08 1.067E+03
27   3   7  1s4p          1s7s          -2.00E-02 -1.74E+08 8.755E+02
28   3   8  1s4p          1s8s          -1.04E-02 -1.13E+08 7.843E+02
29   3   9  1s4p          1s9s          -6.26E-03 -7.79E+07 7.321E+02
30   3  10  1s4p          1s10s          -4.10E-03 -5.60E+07 6.989E+02
31   4   1  1s5p          1s2_             2.61E-02  1.62E+11 3.281E+01
32   4   2  1s5p          1s2s           3.78E-02  8.98E+09 1.675E+02
33   4   3  1s5p          1s3s           1.03E-01  2.79E+09 4.961E+02
34   4   4  1s5p          1s4s           4.20E-01  1.17E+09 1.546E+03
35   4   5  1s5p          1s5s           2.81E-01  5.49E+05 5.841E+04
36   4   6  1s5p          1s6s          -3.12E-01 -2.18E+08 3.089E+03
37   4   7  1s5p          1s7s          -6.88E-02 -1.28E+08 1.891E+03
38   4   8  1s5p          1s8s          -2.80E-02 -8.17E+07 1.511E+03
39   4   9  1s5p          1s9s          -1.47E-02 -5.55E+07 1.329E+03
40   4  10  1s5p          1s10s          -8.89E-03 -3.96E+07 1.223E+03
41   5   1  1s6p          1s2_             1.48E-02  9.37E+10 3.245E+01
42   5   2  1s6p          1s2s           1.97E-02  5.22E+09 1.587E+02
43   5   3  1s6p          1s3s           4.51E-02  1.66E+09 4.256E+02
44   5   4  1s6p          1s4s           1.16E-01  7.44E+08 1.020E+03
45   5   5  1s6p          1s5s           4.64E-01  3.81E+08 2.851E+03
46   5   6  1s6p          1s6s           3.41E-01  2.22E+05 1.012E+05
47   5   7  1s6p          1s7s          -4.01E-01 -1.02E+08 5.125E+03
48   5   8  1s6p          1s8s          -8.87E-02 -6.36E+07 3.049E+03
49   5   9  1s6p          1s9s          -3.62E-02 -4.24E+07 2.387E+03
50   5  10  1s6p          1s10s          -1.91E-02 -2.98E+07 2.067E+03
51   6   1  1s7p          1s2_             9.16E-03  5.88E+10 3.224E+01
52   6   2  1s7p          1s2s           1.17E-02  3.30E+09 1.537E+02
53   6   3  1s7p          1s3s           2.43E-02  1.05E+09 3.920E+02
54   6   4  1s7p          1s4s           5.14E-02  4.79E+08 8.460E+02
55   6   5  1s7p          1s5s           1.28E-01  2.60E+08 1.811E+03
56   6   6  1s7p          1s6s           5.09E-01  1.51E+08 4.734E+03
57   6   7  1s7p          1s7s           3.99E-01  1.03E+05 1.609E+05
58   6   8  1s7p          1s8s          -4.92E-01 -5.26E+07 7.899E+03
59   6   9  1s7p          1s9s          -1.09E-01 -3.44E+07 4.597E+03
60   6  10  1s7p          1s10s          -4.45E-02 -2.37E+07 3.540E+03
61   7   1  1s8p          1s2_             6.08E-03  3.93E+10 3.210E+01
62   7   2  1s8p          1s2s           7.55E-03  2.22E+09 1.507E+02
63   7   3  1s8p          1s3s           1.49E-02  7.15E+08 3.729E+02
64   7   4  1s8p          1s4s           2.83E-02  3.25E+08 7.618E+02
65   7   5  1s8p          1s5s           5.74E-02  1.79E+08 1.464E+03
66   7   6  1s8p          1s6s           1.41E-01  1.10E+08 2.924E+03
67   7   7  1s8p          1s7s           5.57E-01  6.97E+07 7.301E+03
68   7   8  1s8p          1s8s           4.58E-01  5.28E+04 2.404E+05
69   7   9  1s8p          1s9s          -5.83E-01 -2.93E+07 1.153E+04
70   7  10  1s8p          1s10s          -1.29E-01 -1.98E+07 6.590E+03
71   8   1  1s9p          1s2_             4.24E-03  2.76E+10 3.201E+01
72   8   2  1s9p          1s2s           5.17E-03  1.56E+09 1.487E+02
73   8   3  1s9p          1s3s           9.80E-03  5.02E+08 3.608E+02
74   8   4  1s9p          1s4s           1.75E-02  2.30E+08 7.131E+02
75   8   5  1s9p          1s5s           3.18E-02  1.27E+08 1.294E+03
76   8   6  1s9p          1s6s           6.32E-02  7.86E+07 2.317E+03
77   8   7  1s9p          1s7s           1.53E-01  5.24E+07 4.412E+03
78   8   8  1s9p          1s8s           6.05E-01  3.55E+07 1.066E+04
79   8   9  1s9p          1s9s           5.16E-01  2.93E+04 3.426E+05
80   8  10  1s9p          1s10s          -6.74E-01 -1.73E+07 1.612E+04
81   9   1  1s10p          1s2_             3.08E-03  2.01E+10 3.195E+01
82   9   2  1s10p          1s2s           3.70E-03  1.14E+09 1.473E+02
83   9   3  1s10p          1s3s           6.84E-03  3.67E+08 3.527E+02
84   9   4  1s10p          1s4s           1.17E-02  1.68E+08 6.819E+02
85   9   5  1s10p          1s5s           1.99E-02  9.29E+07 1.195E+03
86   9   6  1s10p          1s6s           3.52E-02  5.77E+07 2.017E+03
87   9   7  1s10p          1s7s           6.89E-02  3.89E+07 3.438E+03
88   9   8  1s10p          1s8s           1.66E-01  2.76E+07 6.328E+03
89   9   9  1s10p          1s9s           6.54E-01  1.96E+07 1.490E+04
90   9  10  1s10p          1s10s           5.74E-01  1.73E+04 4.705E+05
91   1   1  1s3d           1s2p           2.12E+00  1.98E+11 2.675E+02
92   1   2  1s3d           1s3p          -4.79E-02 -1.22E+05 5.111E+04
93   1   3  1s3d           1s4p          -4.86E-02 -5.83E+08 7.454E+02
94   1   4  1s3d           1s5p          -9.90E-03 -2.52E+08 5.115E+02
95   1   5  1s3d           1s6p          -3.78E-03 -1.32E+08 4.369E+02
96   1   6  1s3d           1s7p          -1.89E-03 -7.82E+07 4.016E+02
97   1   7  1s3d           1s8p          -1.10E-03 -5.04E+07 3.816E+02
98   1   8  1s3d           1s9p          -7.04E-04 -3.45E+07 3.689E+02
99   1   9  1s3d           1s10p          -4.80E-04 -2.46E+07 3.604E+02
100   2   1  1s4d           1s2p           3.59E-01  6.16E+10 1.971E+02
101   2   2  1s4d           1s3p           1.92E+00  2.21E+10 7.609E+02
102   2   3  1s4d           1s4p          -8.19E-02 -3.34E+04 1.278E+05
103   2   4  1s4d           1s5p          -1.25E-01 -3.22E+08 1.610E+03
104   2   5  1s4d           1s6p          -2.66E-02 -1.62E+08 1.047E+03
105   2   6  1s4d           1s7p          -1.04E-02 -9.27E+07 8.649E+02
106   2   7  1s4d           1s8p          -5.28E-03 -5.83E+07 7.770E+02
107   2   8  1s4d           1s9p          -3.11E-03 -3.93E+07 7.264E+02
108   2   9  1s4d           1s10p          -2.01E-03 -2.78E+07 6.941E+02
109   3   1  1s5d           1s2p           1.29E-01  2.79E+10 1.758E+02
110   3   2  1s5d           1s3p           4.22E-01  1.05E+10 5.177E+02
111   3   3  1s5d           1s4p           1.90E+00  4.71E+09 1.641E+03
112   3   4  1s5d           1s5p          -1.12E-01 -1.14E+04 2.558E+05
113   3   5  1s5d           1s6p          -2.18E-01 -1.66E+08 2.962E+03
114   3   6  1s5d           1s7p          -4.75E-02 -9.20E+07 1.856E+03
115   3   7  1s5d           1s8p          -1.88E-02 -5.62E+07 1.493E+03
116   3   8  1s5d           1s9p          -9.67E-03 -3.72E+07 1.317E+03
117   3   9  1s5d           1s10p          -5.74E-03 -2.60E+07 1.214E+03
118   4   1  1s6d           1s2p           6.24E-02  1.51E+10 1.660E+02
119   4   2  1s6d           1s3p           1.68E-01  5.76E+09 4.411E+02
120   4   3  1s6d           1s4p           4.54E-01  2.70E+09 1.058E+03
121   4   4  1s6d           1s5p           1.96E+00  1.44E+09 3.017E+03
122   4   5  1s6d           1s6p          -1.40E-01 -4.62E+03 4.494E+05
123   4   6  1s6d           1s7p          -3.20E-01 -8.85E+07 4.912E+03
124   4   7  1s6d           1s8p          -7.11E-02 -5.30E+07 2.991E+03
125   4   8  1s6d           1s9p          -2.85E-02 -3.42E+07 2.358E+03
126   4   9  1s6d           1s10p          -1.47E-02 -2.34E+07 2.048E+03
127   5   1  1s7d           1s2p           3.55E-02  9.18E+09 1.606E+02
128   5   2  1s7d           1s3p           8.66E-02  3.52E+09 4.050E+02
129   5   3  1s7d           1s4p           1.90E-01  1.67E+09 8.719E+02
130   5   4  1s7d           1s5p           4.83E-01  9.17E+08 1.874E+03
131   5   5  1s7d           1s6p           2.05E+00  5.47E+08 5.001E+03
132   5   6  1s7d           1s7p          -1.67E-01 -2.15E+03 7.193E+05
133   5   7  1s7d           1s8p          -4.30E-01 -5.01E+07 7.567E+03
134   5   8  1s7d           1s9p          -9.65E-02 -3.17E+07 4.508E+03
135   5   9  1s7d           1s10p          -3.89E-02 -2.12E+07 3.496E+03
136   6   1  1s8d           1s2p           2.23E-02  6.01E+09 1.573E+02
137   6   2  1s8d           1s3p           5.12E-02  2.31E+09 3.846E+02
138   6   3  1s8d           1s4p           1.01E-01  1.10E+09 7.824E+02
139   6   4  1s8d           1s5p           2.06E-01  6.07E+08 1.504E+03
140   6   5  1s8d           1s6p           5.12E-01  3.75E+08 3.019E+03
141   6   6  1s8d           1s7p           2.16E+00  2.43E+08 7.702E+03
142   6   7  1s8d           1s8p          -1.94E-01 -1.11E+03 1.078E+06
143   6   8  1s8d           1s9p          -5.43E-01 -2.97E+07 1.104E+04
144   6   9  1s8d           1s10p          -1.23E-01 -1.97E+07 6.460E+03
145   7   1  1s9d           1s2p           1.50E-02  4.16E+09 1.551E+02
146   7   2  1s9d           1s3p           3.31E-02  1.60E+09 3.717E+02
147   7   3  1s9d           1s4p           6.09E-02  7.60E+08 7.309E+02
148   7   4  1s9d           1s5p           1.11E-01  4.22E+08 1.325E+03
149   7   5  1s9d           1s6p           2.21E-01  2.61E+08 2.374E+03
150   7   6  1s9d           1s7p           5.41E-01  1.74E+08 4.550E+03
151   7   7  1s9d           1s8p           2.28E+00  1.21E+08 1.123E+04
152   7   8  1s9d           1s9p          -2.21E-01 -6.22E+02 1.539E+06
153   7   9  1s9d           1s10p          -6.61E-01 -1.85E+07 1.543E+04
154   8   1  1s10d           1s2p           1.06E-02  3.00E+09 1.535E+02
155   8   2  1s10d           1s3p           2.28E-02  1.15E+09 3.630E+02
156   8   3  1s10d           1s4p           4.01E-02  5.49E+08 6.981E+02
157   8   4  1s10d           1s5p           6.81E-02  3.05E+08 1.221E+03
158   8   5  1s10d           1s6p           1.20E-01  1.89E+08 2.060E+03
159   8   6  1s10d           1s7p           2.35E-01  1.27E+08 3.519E+03
160   8   7  1s10d           1s8p           5.72E-01  8.98E+07 6.519E+03
161   8   8  1s10d           1s9p           2.40E+00  6.50E+07 1.570E+04
162   8   9  1s10d           1s10p          -2.48E-01 -3.70E+02 2.114E+06
163   1   1  1s2p          1s2s           3.94E-01  5.01E+08 2.289E+03
164   1   2  1s2p          1s3s          -2.05E-01 -2.02E+10 2.602E+02
165   1   3  1s2p          1s4s          -4.20E-02 -7.82E+09 1.893E+02
166   1   4  1s2p          1s5s          -1.63E-02 -3.83E+09 1.685E+02
167   1   5  1s2p          1s6s          -8.19E-03 -2.16E+09 1.591E+02
168   1   6  1s2p          1s7s          -4.76E-03 -1.34E+09 1.539E+02
169   1   7  1s2p          1s8s          -3.02E-03 -8.86E+08 1.508E+02
170   1   8  1s2p          1s9s          -2.05E-03 -6.18E+08 1.487E+02
171   1   9  1s2p          1s10s          -1.46E-03 -4.49E+08 1.472E+02
172   2   1  1s3p          1s2s           9.47E-01  1.22E+11 2.274E+02
173   2   2  1s3p          1s3s           6.61E-01  6.16E+07 8.462E+03
174   2   3  1s3p          1s4s          -4.64E-01 -5.40E+09 7.571E+02
175   2   4  1s3p          1s5s          -9.81E-02 -2.55E+09 5.065E+02
176   2   5  1s3p          1s6s          -3.90E-02 -1.41E+09 4.300E+02
177   2   6  1s3p          1s7s          -2.01E-02 -8.62E+08 3.944E+02
178   2   7  1s3p          1s8s          -1.19E-02 -5.66E+08 3.744E+02
179   2   8  1s3p          1s9s          -7.69E-03 -3.92E+08 3.618E+02
180   2   9  1s3p          1s10s          -5.29E-03 -2.83E+08 3.534E+02
181   3   1  1s4p          1s2s           2.51E-01  5.57E+10 1.734E+02
182   3   2  1s4p          1s3s           1.02E+00  1.50E+10 6.725E+02
183   3   3  1s4p          1s4s           9.10E-01  1.41E+07 2.078E+04
184   3   4  1s4p          1s5s          -7.43E-01 -1.82E+09 1.652E+03
185   3   5  1s4p          1s6s          -1.59E-01 -9.70E+08 1.045E+03
186   3   6  1s4p          1s7s          -6.40E-02 -5.81E+08 8.571E+02
187   3   7  1s4p          1s8s          -3.33E-02 -3.77E+08 7.678E+02
188   3   8  1s4p          1s9s          -1.99E-02 -2.58E+08 7.168E+02
189   3   9  1s4p          1s10s          -1.30E-02 -1.85E+08 6.844E+02
190   4   1  1s5p          1s2s           1.06E-01  2.89E+10 1.563E+02
191   4   2  1s5p          1s3s           2.85E-01  8.52E+09 4.724E+02
192   4   3  1s5p          1s4s           1.12E+00  3.43E+09 1.475E+03
193   4   4  1s5p          1s5s           1.15E+00  4.48E+06 4.139E+04
194   4   5  1s5p          1s6s          -1.03E+00 -7.34E+08 3.059E+03
195   4   6  1s5p          1s7s          -2.22E-01 -4.27E+08 1.862E+03
196   4   7  1s5p          1s8s          -8.98E-02 -2.71E+08 1.487E+03
197   4   8  1s5p          1s9s          -4.70E-02 -1.84E+08 1.307E+03
198   4   9  1s5p          1s10s          -2.83E-02 -1.30E+08 1.203E+03
199   5   1  1s6p          1s2s           5.57E-02  1.69E+10 1.484E+02
200   5   2  1s6p          1s3s           1.26E-01  5.08E+09 4.069E+02
201   5   3  1s6p          1s4s           3.19E-01  2.21E+09 9.818E+02
202   5   4  1s6p          1s5s           1.24E+00  1.10E+09 2.740E+03
203   5   5  1s6p          1s6s           1.39E+00  1.78E+06 7.222E+04
204   5   6  1s6p          1s7s          -1.33E+00 -3.42E+08 5.095E+03
205   5   7  1s6p          1s8s          -2.86E-01 -2.10E+08 3.013E+03
206   5   8  1s6p          1s9s          -1.16E-01 -1.39E+08 2.355E+03
207   5   9  1s6p          1s10s          -6.09E-02 -9.78E+07 2.038E+03
208   6   1  1s7p          1s2s           3.31E-02  1.06E+10 1.440E+02
209   6   2  1s7p          1s3s           6.84E-02  3.23E+09 3.756E+02
210   6   3  1s7p          1s4s           1.43E-01  1.43E+09 8.173E+02
211   6   4  1s7p          1s5s           3.53E-01  7.65E+08 1.755E+03
212   6   5  1s7p          1s6s           1.36E+00  4.34E+08 4.571E+03
213   6   6  1s7p          1s7s           1.63E+00  8.17E+05 1.154E+05
214   6   7  1s7p          1s8s          -1.63E+00 -1.75E+08 7.875E+03
215   6   8  1s7p          1s9s          -3.51E-01 -1.13E+08 4.553E+03
216   6   9  1s7p          1s10s          -1.42E-01 -7.73E+07 3.501E+03
217   7   1  1s8p          1s2s           2.14E-02  7.15E+09 1.413E+02
218   7   2  1s8p          1s3s           4.18E-02  2.18E+09 3.578E+02
219   7   3  1s8p          1s4s           7.92E-02  9.72E+08 7.373E+02
220   7   4  1s8p          1s5s           1.60E-01  5.27E+08 1.423E+03
221   7   5  1s8p          1s6s           3.87E-01  3.19E+08 2.844E+03
222   7   6  1s8p          1s7s           1.48E+00  1.97E+08 7.070E+03
223   7   7  1s8p          1s8s           1.87E+00  4.17E+05 1.730E+05
224   7   8  1s8p          1s9s          -1.93E+00 -9.71E+07 1.151E+04
225   7   9  1s8p          1s10s          -4.16E-01 -6.49E+07 6.540E+03
226   8   1  1s9p          1s2s           1.46E-02  5.00E+09 1.395E+02
227   8   2  1s9p          1s3s           2.77E-02  1.54E+09 3.465E+02
228   8   3  1s9p          1s4s           4.92E-02  6.87E+08 6.910E+02
229   8   4  1s9p          1s5s           8.91E-02  3.74E+08 1.260E+03
230   8   5  1s9p          1s6s           1.76E-01  2.30E+08 2.260E+03
231   8   6  1s9p          1s7s           4.20E-01  1.51E+08 4.304E+03
232   8   7  1s9p          1s8s           1.61E+00  1.00E+08 1.034E+04
233   8   8  1s9p          1s9s           2.10E+00  2.29E+05 2.471E+05
234   8   9  1s9p          1s10s          -2.23E+00 -5.72E+07 1.613E+04
235   9   1  1s10p          1s2s           1.05E-02  3.66E+09 1.383E+02
236   9   2  1s10p          1s3s           1.93E-02  1.12E+09 3.389E+02
237   9   3  1s10p          1s4s           3.30E-02  5.03E+08 6.613E+02
238   9   4  1s10p          1s5s           5.58E-02  2.74E+08 1.165E+03
239   9   5  1s10p          1s6s           9.83E-02  1.69E+08 1.971E+03
240   9   6  1s10p          1s7s           1.91E-01  1.13E+08 3.364E+03
241   9   7  1s10p          1s8s           4.55E-01  7.93E+07 6.187E+03
242   9   8  1s10p          1s9s           1.73E+00  5.49E+07 1.449E+04
243   9   9  1s10p          1s10s           2.34E+00  1.35E+05 3.398E+05
244   1   1  1s3d           1s2p           5.92E+00  6.38E+11 2.488E+02
245   1   2  1s3d           1s3p           4.33E-01  9.75E+06 1.721E+04
246   1   3  1s3d           1s4p          -2.29E-01 -2.62E+09 7.629E+02
247   1   4  1s3d           1s5p          -4.46E-02 -1.12E+09 5.153E+02
248   1   5  1s3d           1s6p          -1.69E-02 -5.87E+08 4.384E+02
249   1   6  1s3d           1s7p          -8.41E-03 -3.47E+08 4.022E+02
250   1   7  1s3d           1s8p          -4.88E-03 -2.23E+08 3.818E+02
251   1   8  1s3d           1s9p          -3.12E-03 -1.53E+08 3.690E+02
252   1   9  1s3d           1s10p          -2.13E-03 -1.09E+08 3.604E+02
253   2   1  1s4d           1s2p           1.11E+00  2.12E+11 1.868E+02
254   2   2  1s4d           1s3p           5.00E+00  6.47E+10 7.179E+02
255   2   3  1s4d           1s4p           7.62E-01  2.93E+06 4.167E+04
256   2   4  1s4d           1s5p          -5.62E-01 -1.38E+09 1.651E+03
257   2   5  1s4d           1s6p          -1.14E-01 -6.81E+08 1.057E+03
258   2   6  1s4d           1s7p          -4.39E-02 -3.88E+08 8.685E+02
259   2   7  1s4d           1s8p          -2.22E-02 -2.44E+08 7.787E+02
260   2   8  1s4d           1s9p          -1.31E-02 -1.65E+08 7.273E+02
261   2   9  1s4d           1s10p          -8.42E-03 -1.16E+08 6.945E+02
262   3   1  1s5d           1s2p           4.13E-01  9.83E+10 1.674E+02
263   3   2  1s5d           1s3p           1.20E+00  3.24E+10 4.973E+02
264   3   3  1s5d           1s4p           4.81E+00  1.32E+10 1.558E+03
265   3   4  1s5d           1s5p           1.05E+00  1.04E+06 8.217E+04
266   3   5  1s5d           1s6p          -9.50E-01 -6.84E+08 3.043E+03
267   3   6  1s5d           1s7p          -1.97E-01 -3.74E+08 1.874E+03
268   3   7  1s5d           1s8p          -7.71E-02 -2.28E+08 1.501E+03
269   3   8  1s5d           1s9p          -3.94E-02 -1.51E+08 1.321E+03
270   3   9  1s5d           1s10p          -2.33E-02 -1.05E+08 1.216E+03
271   4   1  1s6d           1s2p           2.04E-01  5.41E+10 1.585E+02
272   4   2  1s6d           1s3p           4.97E-01  1.82E+10 4.262E+02
273   4   3  1s6d           1s4p           1.25E+00  7.97E+09 1.023E+03
274   4   4  1s6d           1s5p           4.85E+00  3.91E+09 2.875E+03
275   4   5  1s6d           1s6p           1.32E+00  4.32E+05 1.427E+05
276   4   6  1s6d           1s7p          -1.37E+00 -3.58E+08 5.052E+03
277   4   7  1s6d           1s8p          -2.89E-01 -2.11E+08 3.024E+03
278   4   8  1s6d           1s9p          -1.14E-01 -1.35E+08 2.372E+03
279   4   9  1s6d           1s10p          -5.87E-02 -9.27E+07 2.055E+03
280   5   1  1s7d           1s2p           1.17E-01  3.31E+10 1.536E+02
281   5   2  1s7d           1s3p           2.60E-01  1.13E+10 3.924E+02
282   5   3  1s7d           1s4p           5.39E-01  5.00E+09 8.476E+02
283   5   4  1s7d           1s5p           1.30E+00  2.62E+09 1.818E+03
284   5   5  1s7d           1s6p           5.00E+00  1.46E+09 4.777E+03
285   5   6  1s7d           1s7p           1.59E+00  2.05E+05 2.275E+05
286   5   7  1s7d           1s8p          -1.82E+00 -2.00E+08 7.790E+03
287   5   8  1s7d           1s9p          -3.87E-01 -1.24E+08 4.561E+03
288   5   9  1s7d           1s10p          -1.54E-01 -8.30E+07 3.518E+03
289   6   1  1s8d           1s2p           7.38E-02  2.17E+10 1.506E+02
290   6   2  1s8d           1s3p           1.55E-01  7.43E+09 3.731E+02
291   6   3  1s8d           1s4p           2.90E-01  3.32E+09 7.627E+02
292   6   4  1s8d           1s5p           5.72E-01  1.77E+09 1.468E+03
293   6   5  1s8d           1s6p           1.35E+00  1.04E+09 2.936E+03
294   6   6  1s8d           1s7p           5.21E+00  6.40E+08 7.369E+03
295   6   7  1s8d           1s8p           1.85E+00  1.06E+05 3.407E+05
296   6   8  1s8d           1s9p          -2.28E+00 -1.18E+08 1.137E+04
297   6   9  1s8d           1s10p          -4.89E-01 -7.63E+07 6.540E+03
298   7   1  1s9d           1s2p           4.98E-02  1.51E+10 1.486E+02
299   7   2  1s9d           1s3p           1.01E-01  5.17E+09 3.610E+02
300   7   3  1s9d           1s4p           1.78E-01  2.33E+09 7.137E+02
301   7   4  1s9d           1s5p           3.13E-01  1.24E+09 1.296E+03
302   7   5  1s9d           1s6p           6.03E-01  7.46E+08 2.322E+03
303   7   6  1s9d           1s7p           1.42E+00  4.83E+08 4.430E+03
304   7   7  1s9d           1s8p           5.45E+00  3.14E+08 1.076E+04
305   7   8  1s9d           1s9p           2.11E+00  5.96E+04 4.860E+05
306   7   9  1s9d           1s10p          -2.75E+00 -7.25E+07 1.590E+04
307   8   1  1s10d           1s2p           3.53E-02  1.09E+10 1.471E+02
308   8   2  1s10d           1s3p           6.99E-02  3.75E+09 3.528E+02
309   8   3  1s10d           1s4p           1.18E-01  1.69E+09 6.824E+02
310   8   4  1s10d           1s5p           1.94E-01  9.04E+08 1.196E+03
311   8   5  1s10d           1s6p           3.34E-01  5.46E+08 2.020E+03
312   8   6  1s10d           1s7p           6.34E-01  3.56E+08 3.447E+03
313   8   7  1s10d           1s8p           1.48E+00  2.44E+08 6.356E+03
314   8   8  1s10d           1s9p           5.72E+00  1.68E+08 1.505E+04
315   8   9  1s10d           1s10p           2.36E+00  3.53E+04 6.681E+05
**iont**
6	3	153
**lines**
1   1   1  1s2_2p         1s2_2s          5.71E-01  1.58E+09 1.550E+03
2   1   2  1s2_2p         1s2_3s         -2.25E-01 -8.50E+09 4.202E+02
3   1   3  1s2_2p         1s2_4s         -4.21E-02 -3.18E+09 2.973E+02
4   1   4  1s2_2p         1s2_5s         -1.59E-02 -1.53E+09 2.629E+02
5   1   5  1s2_2p         1s2_6s         -7.90E-03 -8.59E+08 2.477E+02
6   1   6  1s2_2p         1s2_7s         -4.55E-03 -5.29E+08 2.394E+02
7   1   7  1s2_2p         1s2_8s         -2.88E-03 -3.50E+08 2.344E+02
8   1   8  1s2_2p         1s2_9s         -1.94E-03 -2.42E+08 2.311E+02
9   1   9  1s2_2p         1s210s         -1.38E-03 -1.76E+08 2.288E+02
10   2   1  1s2_3p         1s2_2s          4.06E-01  2.77E+10 3.128E+02
11   2   2  1s2_3p         1s2_3s          9.60E-01  1.90E+08 5.806E+03
12   2   3  1s2_3p         1s2_4s         -4.88E-01 -2.15E+09 1.232E+03
13   2   4  1s2_3p         1s2_5s         -9.33E-02 -9.75E+08 7.989E+02
14   2   5  1s2_3p         1s2_6s         -3.61E-02 -5.32E+08 6.731E+02
15   2   6  1s2_3p         1s2_7s         -1.83E-02 -3.22E+08 6.154E+02
16   2   7  1s2_3p         1s2_8s         -1.07E-02 -2.10E+08 5.833E+02
17   2   8  1s2_3p         1s2_9s         -6.92E-03 -1.45E+08 5.633E+02
18   2   9  1s2_3p         1s210s         -4.75E-03 -1.05E+08 5.499E+02
19   3   1  1s2_4p         1s2_2s          1.22E-01  1.35E+10 2.452E+02
20   3   2  1s2_4p         1s2_3s          4.07E-01  3.01E+09 9.489E+02
21   3   3  1s2_4p         1s2_4s          1.32E+00  4.28E+07 1.434E+04
22   3   4  1s2_4p         1s2_5s         -7.66E-01 -7.00E+08 2.702E+03
23   3   5  1s2_4p         1s2_6s         -1.47E-01 -3.58E+08 1.655E+03
24   3   6  1s2_4p         1s2_7s         -5.75E-02 -2.12E+08 1.345E+03
25   3   7  1s2_4p         1s2_8s         -2.95E-02 -1.36E+08 1.201E+03
26   3   8  1s2_4p         1s2_9s         -1.75E-02 -9.32E+07 1.119E+03
27   3   9  1s2_4p         1s210s         -1.14E-02 -6.67E+07 1.067E+03
28   4   1  1s2_5p         1s2_2s          5.41E-02  7.25E+09 2.230E+02
29   4   2  1s2_5p         1s2_3s          1.31E-01  1.86E+09 6.855E+02
30   4   3  1s2_5p         1s2_4s          4.29E-01  6.45E+08 2.106E+03
31   4   4  1s2_5p         1s2_5s          1.67E+00  1.36E+07 2.862E+04
32   4   5  1s2_5p         1s2_6s         -1.05E+00 -2.78E+08 5.023E+03
33   4   6  1s2_5p         1s2_7s         -2.03E-01 -1.55E+08 2.957E+03
34   4   7  1s2_5p         1s2_8s         -7.93E-02 -9.67E+07 2.338E+03
35   4   8  1s2_5p         1s2_9s         -4.09E-02 -6.51E+07 2.047E+03
36   4   9  1s2_5p         1s210s         -2.44E-02 -4.60E+07 1.881E+03
37   5   1  1s2_6p         1s2_2s          2.90E-02  4.28E+09 2.126E+02
38   5   2  1s2_6p         1s2_3s          6.09E-02  1.14E+09 5.960E+02
39   5   3  1s2_6p         1s2_4s          1.41E-01  4.53E+08 1.441E+03
40   5   4  1s2_6p         1s2_5s          4.59E-01  1.97E+08 3.938E+03
41   5   5  1s2_6p         1s2_6s          2.02E+00  5.36E+06 5.014E+04
42   5   6  1s2_6p         1s2_7s         -1.34E+00 -1.27E+08 8.389E+03
43   5   7  1s2_6p         1s2_8s         -2.58E-01 -7.49E+07 4.793E+03
44   5   8  1s2_6p         1s2_9s         -1.01E-01 -4.89E+07 3.711E+03
45   5   9  1s2_6p         1s210s         -5.24E-02 -3.42E+07 3.198E+03
46   6   1  1s2_7p         1s2_2s          1.74E-02  2.71E+09 2.069E+02
47   6   2  1s2_7p         1s2_3s          3.39E-02  7.40E+08 5.526E+02
48   6   3  1s2_7p         1s2_4s          6.69E-02  3.04E+08 1.211E+03
49   6   4  1s2_7p         1s2_5s          1.52E-01  1.51E+08 2.593E+03
50   6   5  1s2_7p         1s2_6s          4.94E-01  7.57E+07 6.596E+03
51   6   6  1s2_7p         1s2_7s          2.36E+00  2.44E+06 8.035E+04
52   6   7  1s2_7p         1s2_8s         -1.63E+00 -6.44E+07 1.299E+04
53   6   8  1s2_7p         1s2_9s         -3.14E-01 -3.98E+07 7.257E+03
54   6   9  1s2_7p         1s210s         -1.23E-01 -2.69E+07 5.523E+03
55   7   1  1s2_8p         1s2_2s          1.13E-02  1.82E+09 2.033E+02
56   7   2  1s2_8p         1s2_3s          2.10E-02  5.03E+08 5.278E+02
57   7   3  1s2_8p         1s2_4s          3.80E-02  2.10E+08 1.098E+03
58   7   4  1s2_8p         1s2_5s          7.27E-02  1.08E+08 2.124E+03
59   7   5  1s2_8p         1s2_6s          1.63E-01  6.10E+07 4.222E+03
60   7   6  1s2_8p         1s2_7s          5.30E-01  3.37E+07 1.024E+04
61   7   7  1s2_8p         1s2_8s          2.70E+00  1.24E+06 1.208E+05
62   7   8  1s2_8p         1s2_9s         -1.92E+00 -3.54E+07 1.903E+04
63   7   9  1s2_8p         1s210s         -3.70E-01 -2.27E+07 1.044E+04
64   8   1  1s2_9p         1s2_2s          7.80E-03  1.29E+09 2.009E+02
65   8   2  1s2_9p         1s2_3s          1.40E-02  3.56E+08 5.120E+02
66   8   3  1s2_9p         1s2_4s          2.40E-02  1.50E+08 1.032E+03
67   8   4  1s2_9p         1s2_5s          4.17E-02  7.79E+07 1.890E+03
68   8   5  1s2_9p         1s2_6s          7.85E-02  4.56E+07 3.388E+03
69   8   6  1s2_9p         1s2_7s          1.75E-01  2.84E+07 6.409E+03
70   8   7  1s2_9p         1s2_8s          5.69E-01  1.68E+07 1.501E+04
71   8   8  1s2_9p         1s2_9s          3.04E+00  6.79E+05 1.728E+05
72   8   9  1s2_9p         1s210s         -2.21E+00 -2.07E+07 2.669E+04
73   9   1  1s210p         1s2_2s          5.60E-03  9.41E+08 1.992E+02
74   9   2  1s210p         1s2_3s          9.86E-03  2.62E+08 5.013E+02
75   9   3  1s210p         1s2_4s          1.62E-02  1.10E+08 9.893E+02
76   9   4  1s210p         1s2_5s          2.66E-02  5.78E+07 1.752E+03
77   9   5  1s210p         1s2_6s          4.52E-02  3.42E+07 2.969E+03
78   9   6  1s210p         1s2_7s          8.42E-02  2.20E+07 5.058E+03
79   9   7  1s210p         1s2_8s          1.87E-01  1.46E+07 9.234E+03
80   9   8  1s210p         1s2_9s          6.08E-01  9.14E+06 2.107E+04
81   9   9  1s210p         1s210s          3.38E+00  3.98E+05 2.379E+05
82   1   1  1s2_3d          1s2_2p          3.88E+00  1.75E+11 3.848E+02
83   1   2  1s2_3d          1s2_3p          3.65E-01  5.34E+06 2.135E+04
84   1   3  1s2_3d          1s2_4p         -1.66E-01 -7.71E+08 1.198E+03
85   1   4  1s2_3d          1s2_5p         -3.20E-02 -3.28E+08 8.066E+02
86   1   5  1s2_3d          1s2_6p         -1.21E-02 -1.72E+08 6.855E+02
87   1   6  1s2_3d          1s2_7p         -6.03E-03 -1.02E+08 6.287E+02
88   1   7  1s2_3d          1s2_8p         -3.50E-03 -6.56E+07 5.968E+02
89   1   8  1s2_3d          1s2_9p         -2.23E-03 -4.47E+07 5.767E+02
90   1   9  1s2_3d          1s210p         -1.52E-03 -3.20E+07 5.631E+02
91   2   1  1s2_4d          1s2_2p          7.35E-01  5.85E+10 2.896E+02
92   2   2  1s2_4d          1s2_3p          3.24E+00  1.76E+10 1.110E+03
93   2   3  1s2_4d          1s2_4p          6.49E-01  1.67E+06 5.091E+04
94   2   4  1s2_4d          1s2_5p         -4.04E-01 -4.00E+08 2.595E+03
95   2   5  1s2_4d          1s2_6p         -8.11E-02 -1.98E+08 1.654E+03
96   2   6  1s2_4d          1s2_7p         -3.12E-02 -1.13E+08 1.358E+03
97   2   7  1s2_4d          1s2_8p         -1.58E-02 -7.11E+07 1.217E+03
98   2   8  1s2_4d          1s2_9p         -9.28E-03 -4.79E+07 1.137E+03
99   2   9  1s2_4d          1s210p         -5.99E-03 -3.39E+07 1.085E+03
100   3   1  1s2_5d          1s2_2p          2.75E-01  2.72E+10 2.598E+02
101   3   2  1s2_5d          1s2_3p          7.92E-01  8.88E+09 7.712E+02
102   3   3  1s2_5d          1s2_4p          3.08E+00  3.54E+09 2.409E+03
103   3   4  1s2_5d          1s2_5p          9.04E-01  6.06E+05 9.974E+04
104   3   5  1s2_5d          1s2_6p         -6.82E-01 -1.99E+08 4.785E+03
105   3   6  1s2_5d          1s2_7p         -1.40E-01 -1.08E+08 2.936E+03
106   3   7  1s2_5d          1s2_8p         -5.46E-02 -6.61E+07 2.348E+03
107   3   8  1s2_5d          1s2_9p         -2.79E-02 -4.36E+07 2.065E+03
108   3   9  1s2_5d          1s210p         -1.65E-02 -3.04E+07 1.901E+03
109   4   1  1s2_6d          1s2_2p          1.36E-01  1.50E+10 2.461E+02
110   4   2  1s2_6d          1s2_3p          3.29E-01  5.01E+09 6.616E+02
111   4   3  1s2_6d          1s2_4p          8.15E-01  2.16E+09 1.588E+03
112   4   4  1s2_6d          1s2_5p          3.09E+00  1.04E+09 4.448E+03
113   4   5  1s2_6d          1s2_6p          1.14E+00  2.55E+05 1.727E+05
114   4   6  1s2_6d          1s2_7p         -9.83E-01 -1.04E+08 7.945E+03
115   4   7  1s2_6d          1s2_8p         -2.05E-01 -6.09E+07 4.737E+03
116   4   8  1s2_6d          1s2_9p         -8.05E-02 -3.90E+07 3.711E+03
117   4   9  1s2_6d          1s210p         -4.14E-02 -2.67E+07 3.214E+03
118   5   1  1s2_7d          1s2_2p          7.81E-02  9.16E+09 2.385E+02
119   5   2  1s2_7d          1s2_3p          1.73E-01  3.11E+09 6.094E+02
120   5   3  1s2_7d          1s2_4p          3.54E-01  1.36E+09 1.317E+03
121   5   4  1s2_7d          1s2_5p          8.42E-01  7.05E+08 2.822E+03
122   5   5  1s2_7d          1s2_6p          3.17E+00  3.87E+08 7.391E+03
123   5   6  1s2_7d          1s2_7p          1.38E+00  1.22E+05 2.746E+05
124   5   7  1s2_7d          1s2_8p         -1.30E+00 -5.77E+07 1.225E+04
125   5   8  1s2_7d          1s2_9p         -2.73E-01 -3.57E+07 7.146E+03
126   5   9  1s2_7d          1s210p         -1.08E-01 -2.38E+07 5.506E+03
127   6   1  1s2_8d          1s2_2p          4.94E-02  6.03E+09 2.338E+02
128   6   2  1s2_8d          1s2_3p          1.03E-01  2.04E+09 5.797E+02
129   6   3  1s2_8d          1s2_4p          1.92E-01  9.11E+08 1.186E+03
130   6   4  1s2_8d          1s2_5p          3.73E-01  4.78E+08 2.281E+03
131   6   5  1s2_8d          1s2_6p          8.74E-01  2.80E+08 4.559E+03
132   6   6  1s2_8d          1s2_7p          3.29E+00  1.69E+08 1.140E+04
133   6   7  1s2_8d          1s2_8p          1.60E+00  6.34E+04 4.101E+05
134   6   8  1s2_8d          1s2_9p         -1.63E+00 -3.40E+07 1.789E+04
135   6   9  1s2_8d          1s210p         -3.45E-01 -2.19E+07 1.025E+04
136   7   1  1s2_9d          1s2_2p          3.33E-02  4.17E+09 2.307E+02
137   7   2  1s2_9d          1s2_3p          6.73E-02  1.43E+09 5.610E+02
138   7   3  1s2_9d          1s2_4p          1.17E-01  6.34E+08 1.110E+03
139   7   4  1s2_9d          1s2_5p          2.06E-01  3.38E+08 2.016E+03
140   7   5  1s2_9d          1s2_6p          3.92E-01  2.01E+08 3.611E+03
141   7   6  1s2_9d          1s2_7p          9.12E-01  1.28E+08 6.882E+03
142   7   7  1s2_9d          1s2_8p          3.44E+00  8.27E+07 1.665E+04
143   7   8  1s2_9d          1s2_9p          1.82E+00  3.55E+04 5.846E+05
144   7   9  1s2_9d          1s210p         -1.96E+00 -2.09E+07 2.502E+04
145   8   1  1s210d          1s2_2p          2.36E-02  3.01E+09 2.285E+02
146   8   2  1s210d          1s2_3p          4.66E-02  1.03E+09 5.483E+02
147   8   3  1s210d          1s2_4p          7.79E-02  4.61E+08 1.061E+03
148   8   4  1s210d          1s2_5p          1.28E-01  2.46E+08 1.862E+03
149   8   5  1s210d          1s2_6p          2.18E-01  1.47E+08 3.143E+03
150   8   6  1s210d          1s2_7p          4.11E-01  9.54E+07 5.362E+03
151   8   7  1s210d          1s2_8p          9.53E-01  6.52E+07 9.875E+03
152   8   8  1s210d          1s2_9p          3.60E+00  4.42E+07 2.330E+04
153   8   9  1s210d          1s210p          2.04E+00  2.11E+04 8.022E+05
**iont**
6	4	1827
**lines**
 1   1   1  2s2p          2s2_             7.80E-01  5.64E+09 9.602E+02
 2   1   2  2s2p          2p2             -5.21E-01 -2.40E+09 1.204E+03
 3   1   3  2s2p          2s3s          -5.44E-02 -7.38E+08 7.011E+02
 4   1   4  2s2p          2s4s          -8.82E-03 -2.52E+08 4.836E+02
 5   1   5  2s2p          2s5s          -1.03E-04 -3.76E+06 4.274E+02
 6   1   6  2s2p          2p3p          -1.03E-02 -4.01E+08 4.140E+02
 7   1   7  2s2p          2s6s          -3.85E-03 -1.62E+08 3.987E+02
 8   1   8  2s2p          2s7s          -1.53E-03 -6.85E+07 3.861E+02
 9   1   9  2s2p          2s8s          -7.89E-04 -3.68E+07 3.782E+02
 10   1  10  2s2p          2s9s          -4.58E-04 -2.19E+07 3.731E+02
 11   1  11  2s2p          2s10s          -2.85E-04 -1.39E+07 3.696E+02
 12   2   1  2s3p          2s2_             2.32E-01  1.03E+10 3.869E+02
 13   2   2  2s3p          2p2              2.35E-02  7.95E+07 1.404E+03
 14   2   3  2s3p          2s3s           3.26E-01  2.96E+07 8.577E+03
 15   2   4  2s3p          2s4s          -2.89E-01 -5.31E+08 1.905E+03
 16   2   5  2s3p          2s5s          -7.66E-02 -3.24E+08 1.255E+03
 17   2   6  2s3p          2p3p          -5.01E-03 -2.54E+07 1.146E+03
 18   2   7  2s3p          2s6s          -1.11E-02 -6.90E+07 1.036E+03
 19   2   8  2s3p          2s7s          -7.93E-03 -5.80E+07 9.548E+02
 20   2   9  2s3p          2s8s          -5.12E-03 -4.14E+07 9.083E+02
 21   2  10  2s3p          2s9s          -3.45E-03 -2.98E+07 8.793E+02
 22   2  11  2s3p          2s10s          -2.44E-03 -2.20E+07 8.598E+02
 23   3   1  2s4p:          2s2_             4.51E-02  2.88E+09 3.230E+02
 24   3   2  2s4p:          2p2              1.41E-01  1.41E+09 8.170E+02
 25   3   3  2s4p:          2s3s           6.85E-01  1.80E+09 1.591E+03
 26   3   4  2s4p:          2s4s          -7.67E-02 -8.72E+04 7.659E+04
 27   3   5  2s4p:          2s5s          -1.05E-03 -5.69E+05 3.509E+03
 28   3   6  2s4p:          2p3p          -2.04E-01 -1.77E+08 2.772E+03
 29   3   7  2s4p:          2s6s          -5.79E-02 -7.94E+07 2.206E+03
 30   3   8  2s4p:          2s7s          -2.09E-02 -4.00E+07 1.868E+03
 31   3   9  2s4p:          2s8s          -1.10E-02 -2.55E+07 1.698E+03
 32   3  10  2s4p:          2s9s          -6.80E-03 -1.77E+07 1.599E+03
 33   3  11  2s4p:          2s10s          -4.62E-03 -1.31E+07 1.536E+03
 34   4   1  2p3s:          2s2_             2.84E-02  1.97E+09 3.104E+02
 35   4   2  2p3s:          2p2              6.83E-02  8.29E+08 7.413E+02
 36   4   3  2p3s:          2s3s           2.57E-02  9.73E+07 1.327E+03
 37   4   4  2p3s:          2s4s           8.11E-01  6.78E+07 8.933E+03
 38   4   5  2p3s:          2s5s          -7.46E-01 -1.27E+08 6.250E+03
 39   4   6  2p3s:          2p3p          -1.59E-02 -5.89E+06 4.243E+03
 40   4   7  2p3s:          2s6s          -3.26E-02 -2.34E+07 3.046E+03
 41   4   8  2p3s:          2s7s          -1.62E-02 -1.82E+07 2.436E+03
 42   4   9  2p3s:          2s8s          -8.86E-03 -1.27E+07 2.155E+03
 43   4  10  2p3s:          2s9s          -5.52E-03 -9.22E+06 1.998E+03
 44   4  11  2p3s:          2s10s          -3.76E-03 -6.94E+06 1.900E+03
 45   5   1  2s5p          2s2_             4.50E-02  3.52E+09 2.918E+02
 46   5   2  2s5p          2p2              7.12E-02  1.15E+09 6.432E+02
 47   5   3  2s5p          2s3s           3.50E-03  2.15E+07 1.043E+03
 48   5   4  2s5p          2s4s           1.03E-01  6.93E+07 3.148E+03
 49   5   5  2s5p          2s5s           1.11E+00  1.55E+07 2.187E+04
 50   5   6  2s5p          2p3p          -2.35E-01 -1.41E+06 3.336E+04
 51   5   7  2s5p          2s6s          -4.33E-01 -4.34E+07 8.157E+03
 52   5   8  2s5p          2s7s          -1.01E-01 -2.82E+07 4.885E+03
 53   5   9  2s5p          2s8s          -4.16E-02 -1.85E+07 3.871E+03
 54   5  10  2s5p          2s9s          -2.19E-02 -1.27E+07 3.393E+03
 55   5  11  2s5p          2s10s          -1.32E-02 -9.04E+06 3.120E+03
 56   6   1  2p3d           2s2_             3.25E-03  2.61E+08 2.884E+02
 57   6   2  2p3d           2p2              8.25E-01  1.40E+10 6.267E+02
 58   6   3  2p3d           2s3s           5.49E-02  3.66E+08 9.998E+02
 59   6   4  2p3d           2s4s           1.42E-02  1.22E+07 2.788E+03
 60   6   5  2p3d           2s5s           8.19E-02  4.11E+06 1.153E+04
 61   6   6  2p3d           2p3p           8.40E-02  6.82E+04 9.061E+04
 62   6   7  2p3d           2s6s          -1.05E-01 -4.66E+06 1.226E+04
 63   6   8  2p3d           2s7s          -5.91E-03 -1.06E+06 6.108E+03
 64   6   9  2p3d           2s8s          -1.03E-03 -3.24E+05 4.602E+03
 65   6  10  2p3d           2s9s          -2.50E-04 -1.07E+05 3.942E+03
 66   6  11  2p3d           2s10s          -6.33E-05 -3.30E+04 3.578E+03
 67   7   1  2s6p          2s2_             1.64E-02  1.39E+09 2.807E+02
 68   7   2  2s6p          2p2              1.27E-02  2.42E+08 5.915E+02
 69   7   3  2s6p          2s3s           1.93E-02  1.54E+08 9.132E+02
 70   7   4  2s6p          2s4s           7.41E-02  1.02E+08 2.205E+03
 71   7   5  2s6p          2s5s           4.18E-02  9.19E+06 5.508E+03
 72   7   6  2s6p          2p3p           2.88E-01  2.15E+07 9.446E+03
 73   7   7  2s6p          2s6s           1.01E+00  1.18E+06 7.548E+04
 74   7   8  2s6p          2s7s          -7.54E-01 -2.39E+07 1.452E+04
 75   7   9  2s6p          2s8s          -1.37E-01 -1.37E+07 8.164E+03
 76   7  10  2s6p          2s9s          -5.23E-02 -8.81E+06 6.294E+03
 77   7  11  2s6p          2s10s          -2.64E-02 -6.00E+06 5.415E+03
 78   8   1  2s7p          2s2_             1.13E-02  9.99E+08 2.747E+02
 79   8   2  2s7p          2p2              1.25E-03  2.61E+07 5.656E+02
 80   8   3  2s7p          2s3s           1.09E-02  1.00E+08 8.528E+02
 81   8   4  2s7p          2s4s           5.21E-02  9.80E+07 1.883E+03
 82   8   5  2s7p          2s5s           3.38E-02  1.51E+07 3.858E+03
 83   8   6  2s7p          2p3p           3.43E-02  7.70E+06 5.450E+03
 84   8   7  2s7p          2s6s           2.34E-01  1.29E+07 1.101E+04
 85   8   8  2s7p          2s7s           1.29E+00  6.55E+05 1.146E+05
 86   8   9  2s7p          2s8s          -8.93E-01 -1.20E+07 2.229E+04
 87   8  10  2s7p          2s9s          -1.65E-01 -7.27E+06 1.231E+04
 88   8  11  2s7p          2s10s          -6.32E-02 -4.83E+06 9.342E+03
 89   9   1  2s8p          2s2_             7.70E-03  7.00E+08 2.710E+02
 90   9   2  2s8p          2p2              2.18E-05  4.81E+05 5.499E+02
 91   9   3  2s8p          2s3s           7.11E-03  7.09E+07 8.177E+02
 92   9   4  2s8p          2s4s           4.43E-02  9.99E+07 1.720E+03
 93   9   5  2s8p          2s5s           2.59E-02  1.65E+07 3.232E+03
 94   9   6  2s8p          2p3p           6.24E-03  2.27E+06 4.278E+03
 95   9   7  2s8p          2s6s           8.13E-02  1.08E+07 7.086E+03
 96   9   8  2s8p          2s7s           2.48E-01  5.76E+06 1.695E+04
 97   9   9  2s8p          2s8s           1.38E+00  2.68E+05 1.853E+05
 98   9  10  2s8p          2s9s          -9.83E-01 -6.30E+06 3.225E+04
 99   9  11  2s8p          2s10s          -1.85E-01 -3.98E+06 1.761E+04
 100  10   1  2s9p          2s2_             5.40E-03  5.00E+08 2.685E+02
 101  10   2  2s9p          2p2              2.79E-04  6.39E+06 5.398E+02
 102  10   3  2s9p          2s3s           5.03E-03  5.30E+07 7.955E+02
 103  10   4  2s9p          2s4s           4.54E-02  1.15E+08 1.625E+03
 104  10   5  2s9p          2s5s           2.21E-02  1.74E+07 2.910E+03
 105  10   6  2s9p          2p3p           4.02E-04  1.92E+05 3.733E+03
 106  10   7  2s9p          2s6s           3.96E-02  8.12E+06 5.705E+03
 107  10   8  2s9p          2s7s           9.60E-02  5.56E+06 1.074E+04
 108  10   9  2s9p          2s8s           3.20E-01  3.34E+06 2.529E+04
 109  10  10  2s9p          2s9s           1.30E+00  8.60E+04 3.175E+05
 110  10  11  2s9p          2s10s          -9.91E-01 -3.39E+06 4.418E+04
 111  11   1  2s10p          2s2_             3.76E-03  3.52E+08 2.667E+02
 112  11   2  2s10p          2p2              1.51E-03  3.55E+07 5.329E+02
 113  11   3  2s10p          2s3s           3.77E-03  4.13E+07 7.806E+02
 114  11   4  2s10p          2s4s           5.69E-02  1.55E+08 1.564E+03
 115  11   5  2s10p          2s5s           2.16E-02  1.95E+07 2.720E+03
 116  11   6  2s10p          2p3p           9.43E-04  5.36E+05 3.426E+03
 117  11   7  2s10p          2s6s           2.21E-02  5.86E+06 5.017E+03
 118  11   8  2s10p          2s7s           5.31E-02  4.86E+06 8.534E+03
 119  11   9  2s10p          2s8s           1.31E-01  3.53E+06 1.573E+04
 120  11  10  2s10p          2s9s           4.90E-01  2.41E+06 3.679E+04
 121  11  11  2s10p          2s10s           8.66E-01  1.13E+04 7.153E+05
 122   1   1  2s2p          2p3p          -2.15E-01 -6.66E+09 4.642E+02
 123   1   2  2s2p          2p4p          -5.51E-02 -2.81E+09 3.614E+02
 124   1   3  2s2p          2p5p          -2.34E-02 -1.43E+09 3.301E+02
 125   1   4  2s2p          2p6p          -1.22E-02 -8.16E+08 3.158E+02
 126   1   5  2s2p          2p7p          -7.24E-03 -5.09E+08 3.079E+02
 127   1   6  2s2p          2p8p          -4.66E-03 -3.38E+08 3.031E+02
 128   1   7  2s2p          2p9p          -3.18E-03 -2.36E+08 2.999E+02
 129   1   8  2s2p          2p10p          -2.27E-03 -1.71E+08 2.977E+02
 130   2   1  2s3p          2p3p          -6.41E-01 -1.60E+09 1.635E+03
 131   2   2  2s3p          2p4p          -5.72E-05 -5.72E+05 8.170E+02
 132   2   3  2s3p          2p5p          -1.22E-04 -1.80E+06 6.726E+02
 133   2   4  2s3p          2p6p          -9.52E-05 -1.67E+06 6.158E+02
 134   2   5  2s3p          2p7p          -6.73E-05 -1.30E+06 5.866E+02
 135   2   6  2s3p          2p8p          -4.77E-05 -9.82E+05 5.693E+02
 136   2   7  2s3p          2p9p          -3.46E-05 -7.41E+05 5.582E+02
 137   2   8  2s3p          2p10p          -2.57E-05 -5.65E+05 5.506E+02
 138   3   1  2s4p:          2p3p          -1.74E-01 -1.15E+07 1.004E+04
 139   3   2  2s4p:          2p4p          -4.02E-04 -1.36E+06 1.404E+03
 140   3   3  2s4p:          2p5p          -1.95E-02 -1.24E+08 1.026E+03
 141   3   4  2s4p:          2p6p          -1.04E-02 -8.58E+07 8.993E+02
 142   3   5  2s4p:          2p7p          -6.08E-03 -5.77E+07 8.383E+02
 143   3   6  2s4p:          2p8p          -3.85E-03 -3.98E+07 8.035E+02
 144   3   7  2s4p:          2p9p          -2.59E-03 -2.83E+07 7.815E+02
 145   3   8  2s4p:          2p10p          -1.84E-03 -2.09E+07 7.666E+02
 146   4   1  2p3s:          2p3p           3.49E-02  1.50E+05 3.933E+04
 147   4   2  2p3s:          2p4p          -6.89E-01 -1.58E+09 1.703E+03
 148   4   3  2p3s:          2p5p          -1.31E-02 -6.31E+07 1.177E+03
 149   4   4  2p3s:          2p6p          -8.22E-03 -5.34E+07 1.013E+03
 150   4   5  2p3s:          2p7p          -4.77E-03 -3.63E+07 9.364E+02
 151   4   6  2p3s:          2p8p          -2.98E-03 -2.49E+07 8.932E+02
 152   4   7  2p3s:          2p9p          -1.99E-03 -1.77E+07 8.661E+02
 153   4   8  2p3s:          2p10p          -1.40E-03 -1.30E+07 8.479E+02
 154   5   1  2s5p          2p3p           1.26E-01  4.49E+07 4.326E+03
 155   5   2  2s5p          2p4p          -9.80E-02 -9.51E+07 2.622E+03
 156   5   3  2s5p          2p5p          -3.63E-01 -1.00E+09 1.553E+03
 157   5   4  2s5p          2p6p          -1.84E-03 -7.49E+06 1.280E+03
 158   5   5  2s5p          2p7p          -1.09E-03 -5.40E+06 1.160E+03
 159   5   6  2s5p          2p8p          -6.51E-04 -3.63E+06 1.094E+03
 160   5   7  2s5p          2p9p          -4.19E-04 -2.52E+06 1.054E+03
 161   5   8  2s5p          2p10p          -2.87E-04 -1.81E+06 1.027E+03
 162   6   1  2p3d           2p3p           3.67E-01  1.81E+08 3.674E+03
 163   6   2  2p3d           2p4p          -4.91E-02 -3.79E+07 2.938E+03
 164   6   3  2p3d           2p5p          -6.35E-03 -1.54E+07 1.658E+03
 165   6   4  2p3d           2p6p          -1.57E-02 -5.74E+07 1.351E+03
 166   6   5  2p3d           2p7p          -4.62E-03 -2.08E+07 1.218E+03
 167   6   6  2p3d           2p8p          -2.27E-03 -1.15E+07 1.146E+03
 168   6   7  2p3d           2p9p          -1.34E-03 -7.37E+06 1.101E+03
 169   6   8  2p3d           2p10p          -8.73E-04 -5.07E+06 1.072E+03
 170   7   1  2s6p          2p3p           5.31E-04  4.77E+05 2.725E+03
 171   7   2  2s6p          2p4p          -1.84E-02 -7.40E+06 4.073E+03
 172   7   3  2s6p          2p5p          -1.98E-03 -3.41E+06 1.967E+03
 173   7   4  2s6p          2p6p          -2.90E-01 -8.06E+08 1.549E+03
 174   7   5  2s6p          2p7p          -4.92E-04 -1.73E+06 1.377E+03
 175   7   6  2s6p          2p8p          -1.02E-04 -4.12E+05 1.285E+03
 176   7   7  2s6p          2p9p          -4.26E-05 -1.88E+05 1.230E+03
 177   7   8  2s6p          2p10p          -2.32E-05 -1.09E+05 1.193E+03
 178   8   1  2s7p          2p3p           2.95E-03  3.89E+06 2.249E+03
 179   8   2  2s7p          2p4p          -2.07E-02 -3.89E+06 5.956E+03
 180   8   3  2s7p          2p5p          -1.26E-04 -1.56E+05 2.322E+03
 181   8   4  2s7p          2p6p          -1.26E-04 -2.71E+05 1.761E+03
 182   8   5  2s7p          2p7p          -2.83E-01 -7.94E+08 1.541E+03
 183   8   6  2s7p          2p8p          -2.75E-04 -9.00E+05 1.428E+03
 184   8   7  2s7p          2p9p          -8.63E-05 -3.11E+05 1.360E+03
 185   8   8  2s7p          2p10p          -4.49E-05 -1.73E+05 1.315E+03
 186   9   1  2s8p          2p3p           4.61E-03  7.53E+06 2.021E+03
 187   9   2  2s8p          2p4p          -2.40E-02 -2.21E+06 8.501E+03
 188   9   3  2s8p          2p5p          -2.64E-04 -2.55E+05 2.629E+03
 189   9   4  2s8p          2p6p          -1.79E-04 -3.20E+05 1.932E+03
 190   9   5  2s8p          2p7p          -8.27E-05 -1.98E+05 1.671E+03
 191   9   6  2s8p          2p8p          -2.76E-01 -7.78E+08 1.538E+03
 192   9   7  2s8p          2p9p          -9.88E-05 -3.09E+05 1.460E+03
 193   9   8  2s8p          2p10p          -5.73E-05 -1.93E+05 1.408E+03
 194  10   1  2s9p          2p3p           7.23E-03  1.35E+07 1.890E+03
 195  10   2  2s9p          2p4p          -3.09E-02 -1.44E+06 1.198E+04
 196  10   3  2s9p          2p5p          -2.43E-03 -1.94E+06 2.888E+03
 197  10   4  2s9p          2p6p          -1.21E-03 -1.89E+06 2.069E+03
 198  10   5  2s9p          2p7p          -8.18E-04 -1.74E+06 1.772E+03
 199  10   6  2s9p          2p8p          -9.03E-04 -2.29E+06 1.623E+03
 200  10   7  2s9p          2p9p          -2.67E-01 -7.55E+08 1.536E+03
 201  10   8  2s9p          2p10p          -2.96E-07 -9.02E+02 1.480E+03
202  11   1  2s10p          2p3p           1.29E-02  2.63E+07 1.808E+03
203  11   2  2s10p          2p4p          -4.53E-02 -1.07E+06 1.682E+04
204  11   3  2s10p          2p5p          -9.73E-03 -6.74E+06 3.104E+03
205  11   4  2s10p          2p6p          -4.10E-03 -5.77E+06 2.177E+03
206  11   5  2s10p          2p7p          -2.58E-03 -5.02E+06 1.851E+03
207  11   6  2s10p          2p8p          -2.31E-03 -5.40E+06 1.689E+03
208  11   7  2s10p          2p9p          -3.90E-03 -1.02E+07 1.595E+03
209  11   8  2s10p          2p10p          -2.50E-01 -7.08E+08 1.534E+03
210   1   1  2p3d           2p3p           5.75E-01  6.34E+07 7.779E+03
211   1   2  2p3d           2p4p          -1.32E-01 -2.06E+08 2.066E+03
212   1   3  2p3d           2p5p          -2.19E-02 -8.14E+07 1.339E+03
213   1   4  2p3d           2p6p          -7.95E-03 -4.14E+07 1.131E+03
214   1   5  2p3d           2p7p          -3.88E-03 -2.41E+07 1.037E+03
215   1   6  2p3d           2p8p          -2.23E-03 -1.54E+07 9.838E+02
216   1   7  2p3d           2p9p          -1.41E-03 -1.04E+07 9.510E+02
217   1   8  2p3d           2p10p          -9.56E-04 -7.39E+06 9.291E+02
218   2   1  2p4d           2p3p           7.47E-01  2.16E+09 1.518E+03
219   2   2  2p4d           2p4p           9.25E-01  1.33E+07 2.152E+04
220   2   3  2p4d           2p5p          -3.04E-01 -9.49E+07 4.623E+03
221   2   4  2p4d           2p6p          -5.31E-02 -4.43E+07 2.829E+03
222   2   5  2p4d           2p7p          -1.97E-02 -2.48E+07 2.302E+03
223   2   6  2p4d           2p8p          -9.77E-03 -1.54E+07 2.057E+03
224   2   7  2p4d           2p9p          -5.68E-03 -1.03E+07 1.919E+03
225   2   8  2p4d           2p10p          -3.64E-03 -7.23E+06 1.832E+03
226   3   1  2p5d           2p3p           2.32E-01  1.25E+09 1.114E+03
227   3   2  2p5d           2p4p           6.47E-01  3.51E+08 3.508E+03
228   3   3  2p5d           2p5p           1.23E+00  4.09E+06 4.481E+04
229   3   4  2p5d           2p6p          -4.95E-01 -4.36E+07 8.705E+03
230   3   5  2p5d           2p7p          -8.82E-02 -2.25E+07 5.109E+03
231   3   6  2p5d           2p8p          -3.31E-02 -1.35E+07 4.042E+03
232   3   7  2p5d           2p9p          -1.66E-02 -8.83E+06 3.540E+03
233   3   8  2p5d           2p10p          -9.75E-03 -6.14E+06 3.254E+03
234   4   1  2p6d           2p3p           1.05E-01  7.36E+08 9.757E+02
235   4   2  2p6d           2p4p           2.14E-01  2.43E+08 2.425E+03
236   4   3  2p6d           2p5p           6.13E-01  9.16E+07 6.682E+03
237   4   4  2p6d           2p6p           1.52E+00  1.57E+06 8.027E+04
238   4   5  2p6d           2p7p          -6.96E-01 -2.17E+07 1.462E+04
239   4   6  2p6d           2p8p          -1.26E-01 -1.21E+07 8.327E+03
240   4   7  2p6d           2p9p          -4.76E-02 -7.64E+06 6.447E+03
241   4   8  2p6d           2p10p          -2.41E-02 -5.20E+06 5.557E+03
242   5   1  2p7d           2p3p           5.78E-02  4.67E+08 9.083E+02
243   5   2  2p7d           2p4p           1.01E-01  1.61E+08 2.047E+03
244   5   3  2p7d           2p5p           2.07E-01  7.04E+07 4.430E+03
245   5   4  2p7d           2p6p           6.04E-01  3.16E+07 1.129E+04
246   5   5  2p7d           2p7p           1.81E+00  7.10E+05 1.304E+05
247   5   6  2p7d           2p8p          -9.04E-01 -1.17E+07 2.272E+04
248   5   7  2p7d           2p9p          -1.65E-01 -6.87E+06 1.265E+04
249   5   8  2p7d           2p10p          -6.27E-02 -4.51E+06 9.628E+03
250   6   1  2p8d           2p3p           3.55E-02  3.13E+08 8.695E+02
251   6   2  2p8d           2p4p           5.70E-02  1.10E+08 1.860E+03
252   6   3  2p8d           2p5p           1.00E-01  5.04E+07 3.639E+03
253   6   4  2p8d           2p6p           2.06E-01  2.60E+07 7.267E+03
254   6   5  2p8d           2p7p           6.08E-01  1.31E+07 1.763E+04
255   6   6  2p8d           2p8p           2.08E+00  3.55E+05 1.976E+05
256   6   7  2p8d           2p9p          -1.12E+00 -6.71E+06 3.337E+04
257   6   8  2p8d           2p10p          -2.05E-01 -4.11E+06 1.825E+04
258   7   1  2p9d           2p3p           2.36E-02  2.20E+08 8.449E+02
259   7   2  2p9d           2p4p           3.58E-02  7.79E+07 1.751E+03
260   7   3  2p9d           2p5p           5.75E-02  3.64E+07 3.244E+03
261   7   4  2p9d           2p6p           1.01E-01  1.97E+07 5.845E+03
262   7   5  2p9d           2p7p           2.08E-01  1.13E+07 1.108E+04
263   7   6  2p9d           2p8p           6.18E-01  6.12E+06 2.595E+04
264   7   7  2p9d           2p9p           2.36E+00  1.94E+05 2.845E+05
265   7   8  2p9d           2p10p          -1.33E+00 -4.03E+06 4.691E+04
266   8   1  2p10d           2p3p           1.65E-02  1.60E+08 8.282E+02
267   8   2  2p10d           2p4p           2.42E-02  5.71E+07 1.681E+03
268   8   3  2p10d           2p5p           3.67E-02  2.70E+07 3.011E+03
269   8   4  2p10d           2p6p           5.85E-02  1.48E+07 5.130E+03
270   8   5  2p10d           2p7p           1.02E-01  8.85E+06 8.766E+03
271   8   6  2p10d           2p8p           2.12E-01  5.51E+06 1.603E+04
272   8   7  2p10d           2p9p           6.34E-01  3.17E+06 3.653E+04
273   8   8  2p10d           2p10p           2.63E+00  1.13E+05 3.937E+05
274   1   1  2s2p          2p3p          -2.15E-01 -6.66E+09 4.642E+02
275   1   2  2s2p          2p4p          -5.51E-02 -2.81E+09 3.614E+02
276   1   3  2s2p          2p5p          -2.34E-02 -1.43E+09 3.301E+02
277   1   4  2s2p          2p6p          -1.22E-02 -8.16E+08 3.158E+02
278   1   5  2s2p          2p7p          -7.24E-03 -5.09E+08 3.079E+02
279   1   6  2s2p          2p8p          -4.66E-03 -3.38E+08 3.031E+02
280   1   7  2s2p          2p9p          -3.18E-03 -2.36E+08 2.999E+02
281   1   8  2s2p          2p10p          -2.27E-03 -1.71E+08 2.977E+02
282   2   1  2s3p          2p3p          -6.41E-01 -1.60E+09 1.635E+03
283   2   2  2s3p          2p4p          -5.72E-05 -5.72E+05 8.170E+02
284   2   3  2s3p          2p5p          -1.22E-04 -1.80E+06 6.726E+02
285   2   4  2s3p          2p6p          -9.52E-05 -1.67E+06 6.158E+02
286   2   5  2s3p          2p7p          -6.73E-05 -1.30E+06 5.866E+02
287   2   6  2s3p          2p8p          -4.77E-05 -9.82E+05 5.693E+02
288   2   7  2s3p          2p9p          -3.46E-05 -7.41E+05 5.582E+02
289   2   8  2s3p          2p10p          -2.57E-05 -5.65E+05 5.506E+02
290   3   1  2s4p:          2p3p          -1.74E-01 -1.15E+07 1.004E+04
291   3   2  2s4p:          2p4p          -4.02E-04 -1.36E+06 1.404E+03
292   3   3  2s4p:          2p5p          -1.95E-02 -1.24E+08 1.026E+03
293   3   4  2s4p:          2p6p          -1.04E-02 -8.58E+07 8.993E+02
294   3   5  2s4p:          2p7p          -6.08E-03 -5.77E+07 8.383E+02
295   3   6  2s4p:          2p8p          -3.85E-03 -3.98E+07 8.035E+02
296   3   7  2s4p:          2p9p          -2.59E-03 -2.83E+07 7.815E+02
297   3   8  2s4p:          2p10p          -1.84E-03 -2.09E+07 7.666E+02
298   4   1  2p3s:          2p3p           3.49E-02  1.50E+05 3.933E+04
299   4   2  2p3s:          2p4p          -6.89E-01 -1.58E+09 1.703E+03
300   4   3  2p3s:          2p5p          -1.31E-02 -6.31E+07 1.177E+03
301   4   4  2p3s:          2p6p          -8.22E-03 -5.34E+07 1.013E+03
302   4   5  2p3s:          2p7p          -4.77E-03 -3.63E+07 9.364E+02
303   4   6  2p3s:          2p8p          -2.98E-03 -2.49E+07 8.932E+02
304   4   7  2p3s:          2p9p          -1.99E-03 -1.77E+07 8.661E+02
305   4   8  2p3s:          2p10p          -1.40E-03 -1.30E+07 8.479E+02
306   5   1  2s5p          2p3p           1.26E-01  4.49E+07 4.326E+03
307   5   2  2s5p          2p4p          -9.80E-02 -9.51E+07 2.622E+03
308   5   3  2s5p          2p5p          -3.63E-01 -1.00E+09 1.553E+03
309   5   4  2s5p          2p6p          -1.84E-03 -7.49E+06 1.280E+03
310   5   5  2s5p          2p7p          -1.09E-03 -5.40E+06 1.160E+03
311   5   6  2s5p          2p8p          -6.51E-04 -3.63E+06 1.094E+03
312   5   7  2s5p          2p9p          -4.19E-04 -2.52E+06 1.054E+03
313   5   8  2s5p          2p10p          -2.87E-04 -1.81E+06 1.027E+03
314   6   1  2p3d           2p3p           3.67E-01  1.81E+08 3.674E+03
315   6   2  2p3d           2p4p          -4.91E-02 -3.79E+07 2.938E+03
316   6   3  2p3d           2p5p          -6.35E-03 -1.54E+07 1.658E+03
317   6   4  2p3d           2p6p          -1.57E-02 -5.74E+07 1.351E+03
318   6   5  2p3d           2p7p          -4.62E-03 -2.08E+07 1.218E+03
319   6   6  2p3d           2p8p          -2.27E-03 -1.15E+07 1.146E+03
320   6   7  2p3d           2p9p          -1.34E-03 -7.37E+06 1.101E+03
321   6   8  2p3d           2p10p          -8.73E-04 -5.07E+06 1.072E+03
322   7   1  2s6p          2p3p           5.31E-04  4.77E+05 2.725E+03
323   7   2  2s6p          2p4p          -1.84E-02 -7.40E+06 4.073E+03
324   7   3  2s6p          2p5p          -1.98E-03 -3.41E+06 1.967E+03
325   7   4  2s6p          2p6p          -2.90E-01 -8.06E+08 1.549E+03
326   7   5  2s6p          2p7p          -4.92E-04 -1.73E+06 1.377E+03
327   7   6  2s6p          2p8p          -1.02E-04 -4.12E+05 1.285E+03
328   7   7  2s6p          2p9p          -4.26E-05 -1.88E+05 1.230E+03
329   7   8  2s6p          2p10p          -2.32E-05 -1.09E+05 1.193E+03
330   8   1  2s7p          2p3p           2.95E-03  3.89E+06 2.249E+03
331   8   2  2s7p          2p4p          -2.07E-02 -3.89E+06 5.956E+03
332   8   3  2s7p          2p5p          -1.26E-04 -1.56E+05 2.322E+03
333   8   4  2s7p          2p6p          -1.26E-04 -2.71E+05 1.761E+03
334   8   5  2s7p          2p7p          -2.83E-01 -7.94E+08 1.541E+03
335   8   6  2s7p          2p8p          -2.75E-04 -9.00E+05 1.428E+03
336   8   7  2s7p          2p9p          -8.63E-05 -3.11E+05 1.360E+03
337   8   8  2s7p          2p10p          -4.49E-05 -1.73E+05 1.315E+03
338   9   1  2s8p          2p3p           4.61E-03  7.53E+06 2.021E+03
339   9   2  2s8p          2p4p          -2.40E-02 -2.21E+06 8.501E+03
340   9   3  2s8p          2p5p          -2.64E-04 -2.55E+05 2.629E+03
341   9   4  2s8p          2p6p          -1.79E-04 -3.20E+05 1.932E+03
342   9   5  2s8p          2p7p          -8.27E-05 -1.98E+05 1.671E+03
343   9   6  2s8p          2p8p          -2.76E-01 -7.78E+08 1.538E+03
344   9   7  2s8p          2p9p          -9.88E-05 -3.09E+05 1.460E+03
345   9   8  2s8p          2p10p          -5.73E-05 -1.93E+05 1.408E+03
346  10   1  2s9p          2p3p           7.23E-03  1.35E+07 1.890E+03
347  10   2  2s9p          2p4p          -3.09E-02 -1.44E+06 1.198E+04
348  10   3  2s9p          2p5p          -2.43E-03 -1.94E+06 2.888E+03
349  10   4  2s9p          2p6p          -1.21E-03 -1.89E+06 2.069E+03
350  10   5  2s9p          2p7p          -8.18E-04 -1.74E+06 1.772E+03
351  10   6  2s9p          2p8p          -9.03E-04 -2.29E+06 1.623E+03
352  10   7  2s9p          2p9p          -2.67E-01 -7.55E+08 1.536E+03
353  10   8  2s9p          2p10p          -2.96E-07 -9.02E+02 1.480E+03
354  11   1  2s10p          2p3p           1.29E-02  2.63E+07 1.808E+03
355  11   2  2s10p          2p4p          -4.53E-02 -1.07E+06 1.682E+04
356  11   3  2s10p          2p5p          -9.73E-03 -6.74E+06 3.104E+03
357  11   4  2s10p          2p6p          -4.10E-03 -5.77E+06 2.177E+03
358  11   5  2s10p          2p7p          -2.58E-03 -5.02E+06 1.851E+03
359  11   6  2s10p          2p8p          -2.31E-03 -5.40E+06 1.689E+03
360  11   7  2s10p          2p9p          -3.90E-03 -1.02E+07 1.595E+03
361  11   8  2s10p          2p10p          -2.50E-01 -7.08E+08 1.534E+03
362   1   1  2p2             2s2p           5.40E-01  6.71E+08 2.317E+03
363   1   2  2p2             2s3p          -1.36E-01 -1.12E+09 8.998E+02
364   1   3  2p2             2s4p:          -2.75E-01 -4.83E+09 6.161E+02
365   1   4  2p2             2p3s:          -6.82E-02 -1.39E+09 5.720E+02
366   1   5  2p2             2s5p          -3.54E-03 -9.01E+07 5.118E+02
367   1   6  2p2             2p3d           -2.15E-02 -5.71E+08 5.013E+02
368   1   7  2p2             2s6p          -3.81E-04 -1.11E+07 4.785E+02
369   1   8  2p2             2s7p          -1.51E-03 -4.73E+07 4.614E+02
370   1   9  2p2             2s8p          -2.42E-03 -7.94E+07 4.509E+02
371   1  10  2p2             2s9p          -3.68E-03 -1.24E+08 4.441E+02
372   1  11  2p2             2s10p          -6.16E-03 -2.13E+08 4.394E+02
373   2   1  2s3d           2s2p           1.57E+00  3.09E+10 5.818E+02
374   2   2  2s3d           2s3p           1.04E+00  2.15E+08 5.686E+03
375   2   3  2s3d           2s4p:          -3.36E-01 -2.53E+08 2.976E+03
376   2   4  2s3d           2p3s:          -8.36E-02 -1.19E+08 2.169E+03
377   2   5  2s3d           2s5p          -1.49E-01 -4.42E+08 1.500E+03
378   2   6  2s3d           2p3d           -2.09E-01 -6.98E+08 1.413E+03
379   2   7  2s3d           2s6p          -5.93E-03 -2.55E+07 1.246E+03
380   2   8  2s3d           2s7p          -5.43E-03 -2.81E+07 1.136E+03
381   2   9  2s3d           2s8p          -3.95E-03 -2.28E+07 1.075E+03
382   2  10  2s3d           2s9p          -3.03E-03 -1.88E+07 1.037E+03
383   2  11  2s3d           2s10p          -2.51E-03 -1.64E+07 1.012E+03
384   3   1  2s4d           2s2p           4.86E-01  1.56E+10 4.559E+02
385   3   2  2s4d           2s3p           6.08E-01  1.72E+09 1.537E+03
386   3   3  2s4d           2s4p:           1.24E+00  1.59E+08 7.212E+03
387   3   4  2s4d           2p3s:           2.66E-01  3.31E+05 7.322E+04
388   3   5  2s4d           2s5p          -4.87E-01 -1.20E+08 5.207E+03
389   3   6  2s4d           2p3d           -7.44E-03 -2.70E+06 4.290E+03
390   3   7  2s4d           2s6p          -8.25E-02 -5.92E+07 3.050E+03
391   3   8  2s4d           2s7p          -3.20E-02 -3.51E+07 2.466E+03
392   3   9  2s4d           2s8p          -1.57E-02 -2.18E+07 2.194E+03
393   3  10  2s4d           2s9p          -8.45E-03 -1.35E+07 2.041E+03
394   3  11  2s4d           2s10p          -4.24E-03 -7.47E+06 1.946E+03
395   4   1  2p3p          2s2p           3.35E-01  1.17E+10 4.365E+02
396   4   2  2p3p          2s3p           9.10E-02  3.40E+08 1.337E+03
397   4   3  2p3p          2s4p:           1.51E+00  5.62E+08 4.233E+03
398   4   4  2p3p          2p3s:           8.38E-02  6.92E+06 8.989E+03
399   4   5  2p3p          2s5p          -1.04E-01 -6.19E+06 1.059E+04
400   4   6  2p3p          2p3d           -7.50E-02 -9.18E+06 7.381E+03
401   4   7  2p3p          2s6p          -5.48E-02 -1.94E+07 4.342E+03
402   4   8  2p3p          2s7p          -3.72E-02 -2.35E+07 3.248E+03
403   4   9  2p3p          2s8p          -3.46E-02 -2.96E+07 2.792E+03
404   4  10  2p3p          2s9p          -3.98E-02 -4.09E+07 2.549E+03
405   4  11  2p3p          2s10p          -5.62E-02 -6.50E+07 2.402E+03
406   5   1  2s5d           2s2p           1.21E-01  4.72E+09 4.136E+02
407   5   2  2s5d           2s3p           2.65E-01  1.35E+09 1.143E+03
408   5   3  2s5d           2s4p:           2.33E-04  2.05E+05 2.756E+03
409   5   4  2s5d           2p3s:           1.02E+00  3.85E+08 4.205E+03
410   5   5  2s5d           2s5p           2.10E+00  1.44E+07 3.117E+04
411   5   6  2s5d           2p3d           -9.06E-02 -4.82E+04 1.120E+05
412   5   7  2s5d           2s6p          -9.20E-01 -6.61E+07 9.638E+03
413   5   8  2s5d           2s7p          -1.74E-01 -3.82E+07 5.514E+03
414   5   9  2s5d           2s8p          -7.11E-02 -2.54E+07 4.317E+03
415   5  10  2s5d           2s9p          -3.95E-02 -1.86E+07 3.762E+03
416   5  11  2s5d           2s10p          -2.63E-02 -1.47E+07 3.450E+03
417   6   1  2s6d           2s2p           7.21E-02  3.10E+09 3.941E+02
418   6   2  2s6d           2s3p           1.25E-01  8.25E+08 1.005E+03
419   6   3  2s6d           2s4p:           3.55E-03  5.52E+06 2.071E+03
420   6   4  2s6d           2p3s:           2.82E-01  2.41E+08 2.794E+03
421   6   5  2s6d           2s5p           4.07E-01  6.29E+07 6.572E+03
422   6   6  2s6d           2p3d            3.65E-01  3.01E+07 8.997E+03
423   6   7  2s6d           2s6p           2.68E+00  4.76E+06 6.127E+04
424   6   8  2s6d           2s7p          -1.38E+00 -3.46E+07 1.631E+04
425   6   9  2s6d           2s8p          -2.41E-01 -2.00E+07 8.964E+03
426   6  10  2s6d           2s9p          -9.46E-02 -1.34E+07 6.863E+03
427   6  11  2s6d           2s10p          -5.03E-02 -9.67E+06 5.891E+03
428   7   1  2s7d           2s2p           4.45E-02  2.02E+09 3.831E+02
429   7   2  2s7d           2s3p           7.07E-02  5.37E+08 9.368E+02
430   7   3  2s7d           2s4p:           3.31E-03  6.81E+06 1.800E+03
431   7   4  2s7d           2p3s:           1.24E-01  1.53E+08 2.323E+03
432   7   5  2s7d           2s5p           1.66E-01  5.60E+07 4.448E+03
433   7   6  2s7d           2p3d            8.48E-02  1.91E+07 5.440E+03
434   7   7  2s7d           2s6p           5.23E-01  2.76E+07 1.124E+04
435   7   8  2s7d           2s7p           3.56E+00  3.08E+06 8.782E+04
436   7   9  2s7d           2s8p          -1.90E+00 -1.92E+07 2.572E+04
437   7  10  2s7d           2s9p          -3.20E-01 -1.14E+07 1.369E+04
438   7  11  2s7d           2s10p          -1.22E-01 -7.67E+06 1.030E+04
439   8   1  2s8d           2s2p           2.95E-02  1.39E+09 3.763E+02
440   8   2  2s8d           2s3p           4.42E-02  3.66E+08 8.971E+02
441   8   3  2s8d           2s4p:           2.33E-03  5.65E+06 1.659E+03
442   8   4  2s8d           2p3s:           6.72E-02  1.02E+08 2.093E+03
443   8   5  2s8d           2s5p           8.64E-02  4.27E+07 3.675E+03
444   8   6  2s8d           2p3d            3.67E-02  1.31E+07 4.328E+03
445   8   7  2s8d           2s6p           2.07E-01  2.56E+07 7.340E+03
446   8   8  2s8d           2s7p           3.98E-01  9.12E+06 1.706E+04
447   8   9  2s8d           2s8p           4.45E+00  2.07E+06 1.197E+05
448   8  10  2s8d           2s9p          -2.56E+00 -1.14E+07 3.876E+04
449   8  11  2s8d           2s10p          -4.04E-01 -6.69E+06 2.007E+04
450   9   1  2s9d           2s2p           2.07E-02  9.99E+08 3.718E+02
451   9   2  2s9d           2s3p           2.96E-02  2.60E+08 8.718E+02
452   9   3  2s9d           2s4p:           1.56E-03  4.20E+06 1.574E+03
453   9   4  2s9d           2p3s:           4.10E-02  7.12E+07 1.960E+03
454   9   5  2s9d           2s5p           5.18E-02  3.20E+07 3.284E+03
455   9   6  2s9d           2p3d            2.04E-02  9.44E+06 3.796E+03
456   9   7  2s9d           2s6p           1.08E-01  2.05E+07 5.930E+03
457   9   8  2s9d           2s7p           1.69E-01  9.34E+06 1.099E+04
458   9   9  2s9d           2s8p           2.90E-01  3.21E+06 2.454E+04
459   9  10  2s9d           2s9p           5.50E+00  1.60E+06 1.514E+05
460   9  11  2s9d           2s10p          -3.47E+00 -7.03E+06 5.739E+04
461  10   1  2s10d           2s2p           1.52E-02  7.46E+08 3.686E+02
462  10   2  2s10d           2s3p           2.09E-02  1.91E+08 8.545E+02
463  10   3  2s10d           2s4p:           1.02E-03  2.95E+06 1.519E+03
464  10   4  2s10d           2p3s:           2.70E-02  5.12E+07 1.875E+03
465  10   5  2s10d           2s5p           3.40E-02  2.43E+07 3.052E+03
466  10   6  2s10d           2p3d            1.31E-02  7.18E+06 3.489E+03
467  10   7  2s10d           2s6p           6.56E-02  1.61E+07 5.213E+03
468  10   8  2s10d           2s7p           9.11E-02  7.93E+06 8.756E+03
469  10   9  2s10d           2s8p           1.34E-01  3.65E+06 1.564E+04
470  10  10  2s10d           2s9p           1.69E-01  1.00E+06 3.357E+04
471  10  11  2s10d           2s10p           6.80E+00  1.50E+06 1.737E+05
472   1   1  2p3d           2p2              1.10E+00  2.51E+10 5.402E+02
473   1   2  2p3d           2s3d            3.51E-01  7.45E+08 1.773E+03
474   1   3  2p3d           2s4d            7.86E-04  4.20E+04 1.118E+04
475   1   4  2p3d           2p3p          -1.12E-02 -4.94E+03 1.230E+05
476   1   5  2p3d           2s5d           -1.97E-03 -2.38E+05 7.425E+03
477   1   6  2p3d           2s6d           -7.70E-04 -3.33E+05 3.925E+03
478   1   7  2p3d           2s7d           -4.10E-04 -2.93E+05 3.054E+03
479   1   8  2p3d           2s8d           -2.47E-04 -2.31E+05 2.669E+03
480   1   9  2p3d           2s9d           -1.60E-04 -1.77E+05 2.457E+03
481   1  10  2p3d           2s10d           -1.09E-04 -1.35E+05 2.324E+03
482   2   1  2p4d           2p2              2.24E-01  8.48E+09 4.199E+02
483   2   2  2p4d           2s3d            1.91E-02  1.53E+08 9.136E+02
484   2   3  2p4d           2s4d            5.54E-01  1.42E+09 1.613E+03
485   2   4  2p4d           2p3p           3.77E-01  6.86E+08 1.915E+03
486   2   5  2p4d           2s5d            2.40E-04  2.51E+05 2.527E+03
487   2   6  2p4d           2s6d            1.31E-04  6.64E+04 3.628E+03
488   2   7  2p4d           2s7d            1.46E-04  4.01E+04 4.927E+03
489   2   8  2p4d           2s8d            1.52E-04  2.46E+04 6.421E+03
490   2   9  2p4d           2s9d            1.51E-04  1.53E+04 8.107E+03
491   2  10  2p4d           2s10d            1.48E-04  9.90E+03 9.984E+03
492   3   1  2p5d           2p2              8.59E-02  3.93E+09 3.816E+02
493   3   2  2p5d           2s3d            5.12E-03  6.07E+07 7.501E+02
494   3   3  2p5d           2s4d            1.92E-03  9.44E+06 1.165E+03
495   3   4  2p5d           2p3p           1.58E-01  6.10E+08 1.314E+03
496   3   5  2p5d           2s5d            4.21E-01  1.13E+09 1.576E+03
497   3   6  2p5d           2s6d            1.95E-03  3.44E+06 1.945E+03
498   3   7  2p5d           2s7d            5.17E-04  6.72E+05 2.265E+03
499   3   8  2p5d           2s8d            2.92E-04  3.03E+05 2.536E+03
500   3   9  2p5d           2s9d            2.28E-04  1.99E+05 2.763E+03
501   3  10  2p5d           2s10d            2.09E-04  1.60E+05 2.952E+03
502   4   1  2p6d           2p2              4.30E-02  2.17E+09 3.639E+02
503   4   2  2p6d           2s3d            2.25E-03  3.20E+07 6.847E+02
504   4   3  2p6d           2s4d            3.23E-04  2.09E+06 1.014E+03
505   4   4  2p6d           2p3p           5.45E-02  2.87E+08 1.126E+03
506   4   5  2p6d           2s5d            9.35E-03  3.62E+07 1.313E+03
507   4   6  2p6d           2s6d            4.59E-01  1.26E+09 1.559E+03
508   4   7  2p6d           2s7d            2.77E-03  5.98E+06 1.758E+03
509   4   8  2p6d           2s8d            7.58E-04  1.38E+06 1.917E+03
510   4   9  2p6d           2s9d            3.83E-04  6.12E+05 2.044E+03
511   4  10  2p6d           2s10d            2.55E-04  3.70E+05 2.145E+03
512   5   1  2p7d           2p2              2.49E-02  1.32E+09 3.541E+02
513   5   2  2p7d           2s3d            1.22E-03  1.92E+07 6.508E+02
514   5   3  2p7d           2s4d            1.24E-04  9.33E+05 9.417E+02
515   5   4  2p7d           2p3p           2.71E-02  1.68E+08 1.037E+03
516   5   5  2p7d           2s5d            2.63E-03  1.23E+07 1.194E+03
517   5   6  2p7d           2s6d            5.89E-03  2.02E+07 1.393E+03
518   5   7  2p7d           2s7d            4.69E-01  1.30E+09 1.550E+03
519   5   8  2p7d           2s8d            2.99E-03  7.13E+06 1.673E+03
520   5   9  2p7d           2s9d            8.25E-04  1.76E+06 1.769E+03
521   5  10  2p7d           2s10d            4.03E-04  7.90E+05 1.844E+03
522   6   1  2p8d           2p2              1.58E-02  8.70E+08 3.481E+02
523   6   2  2p8d           2s3d            7.45E-04  1.25E+07 6.307E+02
524   6   3  2p8d           2s4d            6.37E-05  5.24E+05 9.001E+02
525   6   4  2p8d           2p3p           1.58E-02  1.08E+08 9.868E+02
526   6   5  2p8d           2s5d            1.25E-03  6.56E+06 1.128E+03
527   6   6  2p8d           2s6d            1.47E-03  5.76E+06 1.304E+03
528   6   7  2p8d           2s7d            4.99E-03  1.60E+07 1.441E+03
529   6   8  2p8d           2s8d            4.72E-01  1.32E+09 1.546E+03
530   6   9  2p8d           2s9d            3.04E-03  7.66E+06 1.628E+03
531   6  10  2p8d           2s10d            8.42E-04  1.96E+06 1.691E+03
532   7   1  2p9d           2p2              1.07E-02  6.03E+08 3.441E+02
533   7   2  2p9d           2s3d            4.91E-04  8.59E+06 6.176E+02
534   7   3  2p9d           2s4d            3.82E-05  3.34E+05 8.738E+02
535   7   4  2p9d           2p3p           1.02E-02  7.46E+07 9.552E+02
536   7   5  2p9d           2s5d            7.24E-04  4.09E+06 1.087E+03
537   7   6  2p9d           2s6d            6.65E-04  2.84E+06 1.250E+03
538   7   7  2p9d           2s7d            1.18E-03  4.17E+06 1.374E+03
539   7   8  2p9d           2s8d            4.57E-03  1.41E+07 1.470E+03
540   7   9  2p9d           2s9d            4.74E-01  1.33E+09 1.543E+03
541   7  10  2p9d           2s10d            3.03E-03  7.89E+06 1.601E+03
542   8   1  2p10d           2p2              7.59E-03  4.35E+08 3.413E+02
543   8   2  2p10d           2s3d            3.43E-04  6.18E+06 6.087E+02
544   8   3  2p10d           2s4d            2.50E-05  2.28E+05 8.559E+02
545   8   4  2p10d           2p3p           6.97E-03  5.33E+07 9.340E+02
546   8   5  2p10d           2s5d            4.67E-04  2.78E+06 1.059E+03
547   8   6  2p10d           2s6d            3.76E-04  1.70E+06 1.213E+03
548   8   7  2p10d           2s7d            5.19E-04  1.95E+06 1.331E+03
549   8   8  2p10d           2s8d            1.05E-03  3.47E+06 1.420E+03
550   8   9  2p10d           2s9d            4.32E-03  1.30E+07 1.489E+03
551   8  10  2p10d           2s10d            4.75E-01  1.33E+09 1.542E+03
552   1   1  2s4f           2p2              4.27E-01  8.68E+09 5.729E+02
553   1   2  2s4f           2s3d            3.98E+00  5.57E+09 2.183E+03
554   1   3  2s4f           2s4d           -3.47E-01 -6.30E+05 6.061E+04
555   1   4  2s4f           2p3p          -2.32E-03 -2.01E+05 8.765E+03
556   1   5  2s4f           2s5d           -2.63E-02 -1.02E+07 4.155E+03
557   1   6  2s4f           2s6d           -5.21E-03 -4.52E+06 2.772E+03
558   1   7  2s4f           2s7d           -1.88E-03 -2.36E+06 2.307E+03
559   1   8  2s4f           2s8d           -8.95E-04 -1.38E+06 2.081E+03
560   1   9  2s4f           2s9d           -4.97E-04 -8.73E+05 1.949E+03
561   1  10  2s4f           2s10d           -3.05E-04 -5.85E+05 1.865E+03
562   2   1  2p3d:          2p2              2.01E+00  5.02E+10 5.166E+02
563   2   2  2p3d:          2s3d            3.43E-01  9.62E+08 1.542E+03
564   2   3  2p3d:          2s4d            2.64E+00  5.32E+08 5.752E+03
565   2   4  2p3d:          2p3p           8.06E-01  3.13E+07 1.312E+04
566   2   5  2p3d:          2s5d           -9.59E-01 -1.62E+07 1.988E+04
567   2   6  2p3d:          2s6d           -9.72E-03 -1.88E+06 5.869E+03
568   2   7  2p3d:          2s7d           -1.77E-03 -6.97E+05 4.114E+03
569   2   8  2p3d:          2s8d           -5.37E-04 -3.02E+05 3.445E+03
570   2   9  2p3d:          2s9d           -1.91E-04 -1.33E+05 3.099E+03
571   2  10  2p3d:          2s10d           -6.81E-05 -5.43E+04 2.891E+03
572   3   1  2s5f:          2p2              7.40E-01  1.99E+10 4.976E+02
573   3   2  2s5f:          2s3d            1.73E+00  6.02E+09 1.384E+03
574   3   3  2s5f:          2s4d            1.85E+00  7.57E+08 4.038E+03
575   3   4  2s5f:          2p3p           1.25E-01  1.88E+07 6.664E+03
576   3   5  2s5f:          2s5d            1.89E+00  6.96E+06 4.255E+04
577   3   6  2s5f:          2s6d           -4.90E-01 -3.05E+07 1.035E+04
578   3   7  2s5f:          2s7d           -7.17E-02 -1.37E+07 5.908E+03
579   3   8  2s5f:          2s8d           -2.37E-02 -7.41E+06 4.619E+03
580   3   9  2s5f:          2s9d           -1.07E-02 -4.42E+06 4.018E+03
581   3  10  2s5f:          2s10d           -5.71E-03 -2.82E+06 3.675E+03
582   4   1  2s6f           2p2              3.14E-02  9.32E+08 4.740E+02
583   4   2  2s6f           2s3d            5.04E-01  2.27E+09 1.216E+03
584   4   3  2s6f           2s4d            8.99E-01  7.26E+08 2.874E+03
585   4   4  2s6f           2p3p           7.11E-02  2.97E+07 3.995E+03
586   4   5  2s6f           2s5d            3.36E+00  3.43E+08 8.079E+03
587   4   6  2s6f           2s6d            8.27E-01  7.54E+04 2.705E+05
588   4   7  2s6f           2s7d           -4.36E-01 -1.38E+07 1.450E+04
589   4   8  2s6f           2s8d           -8.09E-02 -7.29E+06 8.604E+03
590   4   9  2s6f           2s9d           -2.94E-02 -4.33E+06 6.729E+03
591   4  10  2s6f           2s10d           -1.42E-02 -2.80E+06 5.821E+03
592   5   1  2s7f           2p2              1.38E-03  4.37E+07 4.588E+02
593   5   2  2s7f           2s3d            2.04E-01  1.08E+09 1.120E+03
594   5   3  2s7f           2s4d            3.50E-01  4.08E+08 2.393E+03
595   5   4  2s7f           2p3p           5.13E-02  3.51E+07 3.122E+03
596   5   5  2s7f           2s5d            8.97E-01  2.25E+08 5.160E+03
597   5   6  2s7f           2s6d            3.77E+00  1.37E+08 1.356E+04
598   5   7  2s7f           2s7d            4.63E-01  3.31E+03 9.654E+05
599   5   8  2s7f           2s8d           -5.22E-01 -7.43E+06 2.165E+04
600   5   9  2s7f           2s9d           -1.03E-01 -4.24E+06 1.272E+04
601   5  10  2s7f           2s10d           -3.88E-02 -2.68E+06 9.825E+03
602   6   1  2s8f           2p2              1.15E-04  3.80E+06 4.492E+02
603   6   2  2s8f           2s3d            1.04E-01  6.12E+08 1.065E+03
604   6   3  2s8f           2s4d            1.67E-01  2.40E+08 2.153E+03
605   6   4  2s8f           2p3p           3.97E-02  3.56E+07 2.726E+03
606   6   5  2s8f           2s5d            3.68E-01  1.42E+08 4.162E+03
607   6   6  2s8f           2s6d            9.82E-01  9.46E+07 8.319E+03
608   6   7  2s8f           2s7d            4.01E+00  6.04E+07 2.104E+04
609   6   8  2s8f           2s8d            2.28E-01  1.24E+02 3.505E+06
610   6   9  2s8f           2s9d           -6.36E-01 -4.38E+06 3.114E+04
611   6  10  2s8f           2s10d           -1.31E-01 -2.67E+06 1.808E+04
612   7   1  2s9f           2p2              1.02E-03  3.47E+07 4.428E+02
613   7   2  2s9f           2s3d            6.06E-02  3.81E+08 1.030E+03
614   7   3  2s9f           2s4d            9.07E-02  1.49E+08 2.014E+03
615   7   4  2s9f           2p3p           3.20E-02  3.40E+07 2.507E+03
616   7   5  2s9f           2s5d            1.88E-01  9.30E+07 3.671E+03
617   7   6  2s9f           2s6d            4.17E-01  6.45E+07 6.565E+03
618   7   7  2s9f           2s7d            1.04E+00  4.40E+07 1.256E+04
619   7   8  2s9f           2s8d            4.25E+00  2.98E+07 3.085E+04
620   7   9  2s9f           2s9d            1.38E-02  8.98E-03 1.013E+08
621   7  10  2s9f           2s10d           -7.57E-01 -2.71E+06 4.315E+04
622   8   1  2s10f           2p2              1.79E-03  6.21E+07 4.383E+02
623   8   2  2s10f           2s3d            3.84E-02  2.53E+08 1.006E+03
624   8   3  2s10f           2s4d            5.38E-02  9.69E+07 1.924E+03
625   8   4  2s10f           2p3p           2.66E-02  3.16E+07 2.370E+03
626   8   5  2s10f           2s5d            1.10E-01  6.41E+07 3.384E+03
627   8   6  2s10f           2s6d            2.21E-01  4.54E+07 5.701E+03
628   8   7  2s10f           2s7d            4.48E-01  3.15E+07 9.735E+03
629   8   8  2s10f           2s8d            1.09E+00  2.24E+07 1.802E+04
630   8   9  2s10f           2s9d            4.50E+00  1.60E+07 4.332E+04
631   8  10  2s10f           2s10d           -2.03E-01 -1.33E+01 1.010E+07
632   1   1  2p3d           2p2              1.10E+00  2.51E+10 5.402E+02
633   1   2  2p3d           2s3d            3.51E-01  7.45E+08 1.773E+03
634   1   3  2p3d           2s4d            7.86E-04  4.20E+04 1.118E+04
635   1   4  2p3d           2p3p          -1.12E-02 -4.94E+03 1.230E+05
636   1   5  2p3d           2s5d           -1.97E-03 -2.38E+05 7.425E+03
637   1   6  2p3d           2s6d           -7.70E-04 -3.33E+05 3.925E+03
638   1   7  2p3d           2s7d           -4.10E-04 -2.93E+05 3.054E+03
639   1   8  2p3d           2s8d           -2.47E-04 -2.31E+05 2.669E+03
640   1   9  2p3d           2s9d           -1.60E-04 -1.77E+05 2.457E+03
641   1  10  2p3d           2s10d           -1.09E-04 -1.35E+05 2.324E+03
642   2   1  2p4d           2p2              2.24E-01  8.48E+09 4.199E+02
643   2   2  2p4d           2s3d            1.91E-02  1.53E+08 9.136E+02
644   2   3  2p4d           2s4d            5.54E-01  1.42E+09 1.613E+03
645   2   4  2p4d           2p3p           3.77E-01  6.86E+08 1.915E+03
646   2   5  2p4d           2s5d            2.40E-04  2.51E+05 2.527E+03
647   2   6  2p4d           2s6d            1.31E-04  6.64E+04 3.628E+03
648   2   7  2p4d           2s7d            1.46E-04  4.01E+04 4.927E+03
649   2   8  2p4d           2s8d            1.52E-04  2.46E+04 6.421E+03
650   2   9  2p4d           2s9d            1.51E-04  1.53E+04 8.107E+03
651   2  10  2p4d           2s10d            1.48E-04  9.90E+03 9.984E+03
652   3   1  2p5d           2p2              8.59E-02  3.93E+09 3.816E+02
653   3   2  2p5d           2s3d            5.12E-03  6.07E+07 7.501E+02
654   3   3  2p5d           2s4d            1.92E-03  9.44E+06 1.165E+03
655   3   4  2p5d           2p3p           1.58E-01  6.10E+08 1.314E+03
656   3   5  2p5d           2s5d            4.21E-01  1.13E+09 1.576E+03
657   3   6  2p5d           2s6d            1.95E-03  3.44E+06 1.945E+03
658   3   7  2p5d           2s7d            5.17E-04  6.72E+05 2.265E+03
659   3   8  2p5d           2s8d            2.92E-04  3.03E+05 2.536E+03
660   3   9  2p5d           2s9d            2.28E-04  1.99E+05 2.763E+03
661   3  10  2p5d           2s10d            2.09E-04  1.60E+05 2.952E+03
662   4   1  2p6d           2p2              4.30E-02  2.17E+09 3.639E+02
663   4   2  2p6d           2s3d            2.25E-03  3.20E+07 6.847E+02
664   4   3  2p6d           2s4d            3.23E-04  2.09E+06 1.014E+03
665   4   4  2p6d           2p3p           5.45E-02  2.87E+08 1.126E+03
666   4   5  2p6d           2s5d            9.35E-03  3.62E+07 1.313E+03
667   4   6  2p6d           2s6d            4.59E-01  1.26E+09 1.559E+03
668   4   7  2p6d           2s7d            2.77E-03  5.98E+06 1.758E+03
669   4   8  2p6d           2s8d            7.58E-04  1.38E+06 1.917E+03
670   4   9  2p6d           2s9d            3.83E-04  6.12E+05 2.044E+03
671   4  10  2p6d           2s10d            2.55E-04  3.70E+05 2.145E+03
672   5   1  2p7d           2p2              2.49E-02  1.32E+09 3.541E+02
673   5   2  2p7d           2s3d            1.22E-03  1.92E+07 6.508E+02
674   5   3  2p7d           2s4d            1.24E-04  9.33E+05 9.417E+02
675   5   4  2p7d           2p3p           2.71E-02  1.68E+08 1.037E+03
676   5   5  2p7d           2s5d            2.63E-03  1.23E+07 1.194E+03
677   5   6  2p7d           2s6d            5.89E-03  2.02E+07 1.393E+03
678   5   7  2p7d           2s7d            4.69E-01  1.30E+09 1.550E+03
679   5   8  2p7d           2s8d            2.99E-03  7.13E+06 1.673E+03
680   5   9  2p7d           2s9d            8.25E-04  1.76E+06 1.769E+03
681   5  10  2p7d           2s10d            4.03E-04  7.90E+05 1.844E+03
682   6   1  2p8d           2p2              1.58E-02  8.70E+08 3.481E+02
683   6   2  2p8d           2s3d            7.45E-04  1.25E+07 6.307E+02
684   6   3  2p8d           2s4d            6.37E-05  5.24E+05 9.001E+02
685   6   4  2p8d           2p3p           1.58E-02  1.08E+08 9.868E+02
686   6   5  2p8d           2s5d            1.25E-03  6.56E+06 1.128E+03
687   6   6  2p8d           2s6d            1.47E-03  5.76E+06 1.304E+03
688   6   7  2p8d           2s7d            4.99E-03  1.60E+07 1.441E+03
689   6   8  2p8d           2s8d            4.72E-01  1.32E+09 1.546E+03
690   6   9  2p8d           2s9d            3.04E-03  7.66E+06 1.628E+03
691   6  10  2p8d           2s10d            8.42E-04  1.96E+06 1.691E+03
692   7   1  2p9d           2p2              1.07E-02  6.03E+08 3.441E+02
693   7   2  2p9d           2s3d            4.91E-04  8.59E+06 6.176E+02
694   7   3  2p9d           2s4d            3.82E-05  3.34E+05 8.738E+02
695   7   4  2p9d           2p3p           1.02E-02  7.46E+07 9.552E+02
696   7   5  2p9d           2s5d            7.24E-04  4.09E+06 1.087E+03
697   7   6  2p9d           2s6d            6.65E-04  2.84E+06 1.250E+03
698   7   7  2p9d           2s7d            1.18E-03  4.17E+06 1.374E+03
699   7   8  2p9d           2s8d            4.57E-03  1.41E+07 1.470E+03
700   7   9  2p9d           2s9d            4.74E-01  1.33E+09 1.543E+03
701   7  10  2p9d           2s10d            3.03E-03  7.89E+06 1.601E+03
702   8   1  2p10d           2p2              7.59E-03  4.35E+08 3.413E+02
703   8   2  2p10d           2s3d            3.43E-04  6.18E+06 6.087E+02
704   8   3  2p10d           2s4d            2.50E-05  2.28E+05 8.559E+02
705   8   4  2p10d           2p3p           6.97E-03  5.33E+07 9.340E+02
706   8   5  2p10d           2s5d            4.67E-04  2.78E+06 1.059E+03
707   8   6  2p10d           2s6d            3.76E-04  1.70E+06 1.213E+03
708   8   7  2p10d           2s7d            5.19E-04  1.95E+06 1.331E+03
709   8   8  2p10d           2s8d            1.05E-03  3.47E+06 1.420E+03
710   8   9  2p10d           2s9d            4.32E-03  1.30E+07 1.489E+03
711   8  10  2p10d           2s10d            4.75E-01  1.33E+09 1.542E+03
712   1   1  2p4f           2p3d            4.04E+00  8.25E+09 1.807E+03
713   1   2  2p4f           2p4d            5.29E-01  1.84E+06 4.374E+04
714   1   3  2p4f           2p5d           -1.19E-01 -3.69E+07 4.635E+03
715   1   4  2p4f           2p6d           -1.98E-02 -1.55E+07 2.915E+03
716   1   5  2p4f           2p7d           -6.95E-03 -8.14E+06 2.386E+03
717   1   6  2p4f           2p8d           -3.33E-03 -4.87E+06 2.136E+03
718   1   7  2p4f           2p9d           -1.89E-03 -3.17E+06 1.993E+03
719   1   8  2p4f           2p10d           -1.19E-03 -2.19E+06 1.903E+03
720   2   1  2p5f           2p3d            7.57E-01  3.07E+09 1.282E+03
721   2   2  2p5f           2p4d            3.18E+00  1.32E+09 4.005E+03
722   2   3  2p5f           2p5d            9.07E-01  7.42E+05 9.029E+04
723   2   4  2p5f           2p6d           -2.89E-01 -2.61E+07 8.601E+03
724   2   5  2p5f           2p7d           -5.08E-02 -1.25E+07 5.199E+03
725   2   6  2p5f           2p8d           -1.84E-02 -7.15E+06 4.142E+03
726   2   7  2p5f           2p9d           -8.97E-03 -4.52E+06 3.638E+03
727   2   8  2p5f           2p10d           -5.15E-03 -3.07E+06 3.347E+03
728   3   1  2p6f           2p3d            2.81E-01  1.53E+09 1.108E+03
729   3   2  2p6f           2p4d            7.93E-01  7.33E+08 2.687E+03
730   3   3  2p6f           2p5d            2.83E+00  3.37E+08 7.488E+03
731   3   4  2p6f           2p6d            1.23E+00  3.17E+05 1.609E+05
732   3   5  2p6f           2p7d           -4.91E-01 -1.60E+07 1.431E+04
733   3   6  2p6f           2p8d           -8.97E-02 -8.46E+06 8.408E+03
734   3   7  2p6f           2p9d           -3.31E-02 -5.13E+06 6.561E+03
735   3   8  2p6f           2p10d           -1.63E-02 -3.38E+06 5.673E+03
736   4   1  2p7f           2p3d            1.38E-01  8.77E+08 1.024E+03
737   4   2  2p7f           2p4d            3.29E-01  4.36E+08 2.243E+03
738   4   3  2p7f           2p5d            7.79E-01  2.23E+08 4.825E+03
739   4   4  2p7f           2p6d            2.68E+00  1.14E+08 1.251E+04
740   4   5  2p7f           2p7d            1.53E+00  1.51E+05 2.596E+05
741   4   6  2p7f           2p8d           -7.14E-01 -9.74E+06 2.212E+04
742   4   7  2p7f           2p9d           -1.34E-01 -5.53E+06 1.271E+04
743   4   8  2p7f           2p10d           -4.99E-02 -3.50E+06 9.751E+03
744   5   1  2p8f           2p3d            7.98E-02  5.58E+08 9.765E+02
745   5   2  2p8f           2p4d            1.73E-01  2.81E+08 2.026E+03
746   5   3  2p8f           2p5d            3.42E-01  1.48E+08 3.921E+03
747   5   4  2p8f           2p6d            7.70E-01  8.37E+07 7.831E+03
748   5   5  2p8f           2p7d            2.62E+00  4.66E+07 1.937E+04
749   5   6  2p8f           2p8d            1.82E+00  7.90E+04 3.920E+05
750   5   7  2p8f           2p9d           -9.51E-01 -6.07E+06 3.233E+04
751   5   8  2p8f           2p10d           -1.81E-01 -3.62E+06 1.825E+04
752   6   1  2p9f           2p3d            5.07E-02  3.78E+08 9.463E+02
753   6   2  2p9f           2p4d            1.04E-01  1.92E+08 1.900E+03
754   6   3  2p9f           2p5d            1.86E-01  1.03E+08 3.475E+03
755   6   4  2p9f           2p6d            3.48E-01  5.97E+07 6.234E+03
756   6   5  2p9f           2p7d            7.68E-01  3.64E+07 1.186E+04
757   6   6  2p9f           2p8d            2.61E+00  2.16E+07 2.836E+04
758   6   7  2p9f           2p9d            2.10E+00  4.43E+04 5.625E+05
759   6   8  2p9f           2p10d           -1.20E+00 -3.90E+06 4.529E+04
760   7   1  2p10f           2p3d            3.45E-02  2.68E+08 9.258E+02
761   7   2  2p10f           2p4d            6.80E-02  1.37E+08 1.819E+03
762   7   3  2p10f           2p5d            1.15E-01  7.42E+07 3.214E+03
763   7   4  2p10f           2p6d            1.93E-01  4.35E+07 5.442E+03
764   7   5  2p10f           2p7d            3.52E-01  2.72E+07 9.286E+03
765   7   6  2p10f           2p8d            7.72E-01  1.77E+07 1.706E+04
766   7   7  2p10f           2p9d            2.63E+00  1.11E+07 3.977E+04
767   7   8  2p10f           2p10d            2.37E+00  2.62E+04 7.763E+05
768   1   1  2s4f           2p4f           -9.92E-01 -2.88E+09 1.517E+03
769   1   2  2s4f           2p5f           -1.12E-02 -5.87E+07 1.129E+03
770   1   3  2s4f           2p6f           -3.73E-03 -2.53E+07 9.915E+02
771   1   4  2s4f           2p7f           -1.76E-03 -1.37E+07 9.240E+02
772   1   5  2s4f           2p8f           -9.93E-04 -8.46E+06 8.849E+02
773   1   6  2s4f           2p9f           -6.23E-04 -5.62E+06 8.600E+02
774   1   7  2s4f           2p10f           -4.20E-04 -3.94E+06 8.431E+02
775   2   1  2p3d:          2p4f           -1.70E-01 -2.49E+08 2.133E+03
776   2   2  2p3d:          2p5f           -5.31E-01 -1.71E+09 1.437E+03
777   2   3  2p3d:          2p6f           -5.45E-02 -2.43E+08 1.222E+03
778   2   4  2p3d:          2p7f           -2.12E-02 -1.12E+08 1.121E+03
779   2   5  2p3d:          2p8f           -1.10E-02 -6.48E+07 1.064E+03
780   2   6  2p3d:          2p9f           -6.59E-03 -4.16E+07 1.028E+03
781   2   7  2p3d:          2p10f           -4.32E-03 -2.86E+07 1.004E+03
782   3   1  2s5f:          2p4f           -1.24E-01 -1.29E+08 2.531E+03
783   3   2  2s5f:          2p5f           -2.55E-01 -6.58E+08 1.608E+03
784   3   3  2s5f:          2p6f           -5.21E-02 -1.93E+08 1.343E+03
785   3   4  2s5f:          2p7f           -1.41E-02 -6.29E+07 1.222E+03
786   3   5  2s5f:          2p8f           -6.54E-03 -3.27E+07 1.155E+03
787   3   6  2s5f:          2p9f           -3.71E-03 -2.00E+07 1.113E+03
788   3   7  2s5f:          2p10f           -2.35E-03 -1.33E+07 1.085E+03
789   4   1  2s6f           2p4f           -2.00E-02 -1.16E+07 3.392E+03
790   4   2  2s6f           2p5f           -5.18E-04 -9.40E+05 1.917E+03
791   4   3  2s6f           2p6f           -6.26E-01 -1.73E+09 1.552E+03
792   4   4  2s6f           2p7f           -4.23E-03 -1.45E+07 1.393E+03
793   4   5  2s6f           2p8f           -1.05E-03 -4.11E+06 1.306E+03
794   4   6  2s6f           2p9f           -4.65E-04 -1.98E+06 1.253E+03
795   4   7  2s6f           2p10f           -2.57E-04 -1.16E+06 1.217E+03
796   5   1  2s7f           2p4f           -7.84E-03 -2.64E+06 4.448E+03
797   5   2  2s7f           2p5f           -3.11E-04 -4.23E+05 2.214E+03
798   5   3  2s7f           2p6f           -1.44E-03 -3.17E+06 1.742E+03
799   5   4  2s7f           2p7f           -6.73E-01 -1.88E+09 1.544E+03
800   5   5  2s7f           2p8f           -1.13E-03 -3.65E+06 1.438E+03
801   5   6  2s7f           2p9f           -2.30E-04 -8.14E+05 1.373E+03
802   5   7  2s7f           2p10f           -8.86E-05 -3.34E+05 1.330E+03
803   6   1  2s8f           2p4f           -4.41E-03 -9.35E+05 5.608E+03
804   6   2  2s8f           2p5f           -4.39E-04 -4.81E+05 2.468E+03
805   6   3  2s8f           2p6f           -5.31E-04 -9.86E+05 1.895E+03
806   6   4  2s8f           2p7f           -1.08E-03 -2.60E+06 1.663E+03
807   6   5  2s8f           2p8f           -6.83E-01 -1.92E+09 1.541E+03
808   6   6  2s8f           2p9f           -4.61E-04 -1.43E+06 1.467E+03
809   6   7  2s8f           2p10f           -7.75E-05 -2.57E+05 1.418E+03
810   7   1  2s9f           2p4f           -2.91E-03 -4.15E+05 6.840E+03
811   7   2  2s9f           2p5f           -5.71E-04 -5.30E+05 2.681E+03
812   7   3  2s9f           2p6f           -3.93E-04 -6.44E+05 2.018E+03
813   7   4  2s9f           2p7f           -3.70E-04 -8.00E+05 1.757E+03
814   7   5  2s9f           2p8f           -6.88E-04 -1.75E+06 1.621E+03
815   7   6  2s9f           2p9f           -6.86E-01 -1.93E+09 1.539E+03
816   7   7  2s9f           2p10f           -2.13E-04 -6.44E+05 1.486E+03
817   8   1  2s10f           2p4f           -2.09E-03 -2.11E+05 8.122E+03
818   8   2  2s10f           2p5f           -6.74E-04 -5.51E+05 2.858E+03
819   8   3  2s10f           2p6f           -3.48E-04 -5.18E+05 2.117E+03
820   8   4  2s10f           2p7f           -2.36E-04 -4.70E+05 1.831E+03
821   8   5  2s10f           2p8f           -2.28E-04 -5.36E+05 1.684E+03
822   8   6  2s10f           2p9f           -4.11E-04 -1.08E+06 1.596E+03
823   8   7  2s10f           2p10f           -6.86E-01 -1.93E+09 1.539E+03
824   1   1  2s4f           2p4f           -9.92E-01 -2.88E+09 1.517E+03
825   1   2  2s4f           2p5f           -1.12E-02 -5.87E+07 1.129E+03
826   1   3  2s4f           2p6f           -3.73E-03 -2.53E+07 9.915E+02
827   1   4  2s4f           2p7f           -1.76E-03 -1.37E+07 9.240E+02
828   1   5  2s4f           2p8f           -9.93E-04 -8.46E+06 8.849E+02
829   1   6  2s4f           2p9f           -6.23E-04 -5.62E+06 8.600E+02
830   1   7  2s4f           2p10f           -4.20E-04 -3.94E+06 8.431E+02
831   2   1  2p3d:          2p4f           -1.70E-01 -2.49E+08 2.133E+03
832   2   2  2p3d:          2p5f           -5.31E-01 -1.71E+09 1.437E+03
833   2   3  2p3d:          2p6f           -5.45E-02 -2.43E+08 1.222E+03
834   2   4  2p3d:          2p7f           -2.12E-02 -1.12E+08 1.121E+03
835   2   5  2p3d:          2p8f           -1.10E-02 -6.48E+07 1.064E+03
836   2   6  2p3d:          2p9f           -6.59E-03 -4.16E+07 1.028E+03
837   2   7  2p3d:          2p10f           -4.32E-03 -2.86E+07 1.004E+03
838   3   1  2s5f:          2p4f           -1.24E-01 -1.29E+08 2.531E+03
839   3   2  2s5f:          2p5f           -2.55E-01 -6.58E+08 1.608E+03
840   3   3  2s5f:          2p6f           -5.21E-02 -1.93E+08 1.343E+03
841   3   4  2s5f:          2p7f           -1.41E-02 -6.29E+07 1.222E+03
842   3   5  2s5f:          2p8f           -6.54E-03 -3.27E+07 1.155E+03
843   3   6  2s5f:          2p9f           -3.71E-03 -2.00E+07 1.113E+03
844   3   7  2s5f:          2p10f           -2.35E-03 -1.33E+07 1.085E+03
845   4   1  2s6f           2p4f           -2.00E-02 -1.16E+07 3.392E+03
846   4   2  2s6f           2p5f           -5.18E-04 -9.40E+05 1.917E+03
847   4   3  2s6f           2p6f           -6.26E-01 -1.73E+09 1.552E+03
848   4   4  2s6f           2p7f           -4.23E-03 -1.45E+07 1.393E+03
849   4   5  2s6f           2p8f           -1.05E-03 -4.11E+06 1.306E+03
850   4   6  2s6f           2p9f           -4.65E-04 -1.98E+06 1.253E+03
851   4   7  2s6f           2p10f           -2.57E-04 -1.16E+06 1.217E+03
852   5   1  2s7f           2p4f           -7.84E-03 -2.64E+06 4.448E+03
853   5   2  2s7f           2p5f           -3.11E-04 -4.23E+05 2.214E+03
854   5   3  2s7f           2p6f           -1.44E-03 -3.17E+06 1.742E+03
855   5   4  2s7f           2p7f           -6.73E-01 -1.88E+09 1.544E+03
856   5   5  2s7f           2p8f           -1.13E-03 -3.65E+06 1.438E+03
857   5   6  2s7f           2p9f           -2.30E-04 -8.14E+05 1.373E+03
858   5   7  2s7f           2p10f           -8.86E-05 -3.34E+05 1.330E+03
859   6   1  2s8f           2p4f           -4.41E-03 -9.35E+05 5.608E+03
860   6   2  2s8f           2p5f           -4.39E-04 -4.81E+05 2.468E+03
861   6   3  2s8f           2p6f           -5.31E-04 -9.86E+05 1.895E+03
862   6   4  2s8f           2p7f           -1.08E-03 -2.60E+06 1.663E+03
863   6   5  2s8f           2p8f           -6.83E-01 -1.92E+09 1.541E+03
864   6   6  2s8f           2p9f           -4.61E-04 -1.43E+06 1.467E+03
865   6   7  2s8f           2p10f           -7.75E-05 -2.57E+05 1.418E+03
866   7   1  2s9f           2p4f           -2.91E-03 -4.15E+05 6.840E+03
867   7   2  2s9f           2p5f           -5.71E-04 -5.30E+05 2.681E+03
868   7   3  2s9f           2p6f           -3.93E-04 -6.44E+05 2.018E+03
869   7   4  2s9f           2p7f           -3.70E-04 -8.00E+05 1.757E+03
870   7   5  2s9f           2p8f           -6.88E-04 -1.75E+06 1.621E+03
871   7   6  2s9f           2p9f           -6.86E-01 -1.93E+09 1.539E+03
872   7   7  2s9f           2p10f           -2.13E-04 -6.44E+05 1.486E+03
873   8   1  2s10f           2p4f           -2.09E-03 -2.11E+05 8.122E+03
874   8   2  2s10f           2p5f           -6.74E-04 -5.51E+05 2.858E+03
875   8   3  2s10f           2p6f           -3.48E-04 -5.18E+05 2.117E+03
876   8   4  2s10f           2p7f           -2.36E-04 -4.70E+05 1.831E+03
877   8   5  2s10f           2p8f           -2.28E-04 -5.36E+05 1.684E+03
878   8   6  2s10f           2p9f           -4.11E-04 -1.08E+06 1.596E+03
879   8   7  2s10f           2p10f           -6.86E-01 -1.93E+09 1.539E+03
880   1   1  2s5g           2s4f            8.26E+00  3.14E+09 4.190E+03
881   1   2  2s5g           2p3d:           1.80E+00  2.80E+07 2.070E+04
882   1   3  2s5g           2s5f:          -9.38E-01 -4.07E+06 3.920E+04
883   1   4  2s5g           2s6f           -2.29E-02 -2.42E+06 7.951E+03
884   1   5  2s5g           2s7f           -5.64E-03 -1.44E+06 5.107E+03
885   1   6  2s5g           2s8f           -2.13E-03 -8.34E+05 4.127E+03
886   1   7  2s5g           2s9f           -1.03E-03 -5.17E+05 3.644E+03
887   1   8  2s5g           2s10f           -5.79E-04 -3.42E+05 3.362E+03
888   2   1  2s6g           2s4f            1.28E+00  1.10E+09 2.780E+03
889   2   2  2s6g           2p3d:           1.47E+00  2.81E+08 5.905E+03
890   2   3  2s6g           2s5f:           7.53E+00  4.58E+08 1.047E+04
891   2   4  2s6g           2s6f           -9.35E-01 -1.40E+05 2.109E+05
892   2   5  2s6g           2s7f           -1.11E-01 -4.14E+06 1.338E+04
893   2   6  2s6g           2s8f           -2.24E-02 -2.20E+06 8.248E+03
894   2   7  2s6g           2s9f           -8.26E-03 -1.30E+06 6.520E+03
895   2   8  2s6g           2s10f           -4.03E-03 -8.37E+05 5.667E+03
896   3   1  2s7g           2s4f            4.25E-01  5.31E+08 2.311E+03
897   3   2  2s7g           2p3d:           6.31E-01  2.47E+08 4.126E+03
898   3   3  2s7g           2s5f:           6.58E-01  1.25E+08 5.932E+03
899   3   4  2s7g           2s6f            8.68E+00  2.70E+08 1.464E+04
900   3   5  2s7g           2s7f           -8.04E-01 -1.59E+04 5.812E+05
901   3   6  2s7g           2s8f           -2.45E-01 -3.80E+06 2.075E+04
902   3   7  2s7g           2s9f           -4.93E-02 -2.12E+06 1.245E+04
903   3   8  2s7g           2s10f           -1.84E-02 -1.31E+06 9.671E+03
904   4   1  2s8g           2s4f            1.95E-01  3.00E+08 2.083E+03
905   4   2  2s8g           2p3d:           3.45E-01  1.93E+08 3.451E+03
906   4   3  2s8g           2s5f:           1.44E-01  4.48E+07 4.630E+03
907   4   4  2s8g           2s6f            1.60E+00  1.43E+08 8.641E+03
908   4   5  2s8g           2s7f            8.28E+00  1.15E+08 2.188E+04
909   4   6  2s8g           2s8f           -7.05E-01 -2.87E+03 1.280E+06
910   4   7  2s8g           2s9f           -4.12E-01 -2.98E+06 3.039E+04
911   4   8  2s8g           2s10f           -8.41E-02 -1.76E+06 1.786E+04
912   5   1  2s9g           2s4f            1.06E-01  1.86E+08 1.951E+03
913   5   2  2s9g           2p3d:           2.20E-01  1.52E+08 3.103E+03
914   5   3  2s9g           2s5f:           4.39E-02  1.81E+07 4.024E+03
915   5   4  2s9g           2s6f            5.70E-01  8.35E+07 6.746E+03
916   5   5  2s9g           2s7f            1.77E+00  7.22E+07 1.278E+04
917   5   6  2s9g           2s8f            8.06E+00  5.41E+07 3.151E+04
918   5   7  2s9g           2s9f           -6.08E-01 -6.15E+02 2.567E+06
919   5   8  2s9g           2s10f           -6.05E-01 -2.22E+06 4.262E+04
920   6   1  2s10g           2s4f            6.40E-02  1.23E+08 1.866E+03
921   6   2  2s10g           2p3d:           1.54E-01  1.23E+08 2.894E+03
922   6   3  2s10g           2s5f:           1.53E-02  7.54E+06 3.680E+03
923   6   4  2s10g           2s6f            2.70E-01  5.30E+07 5.831E+03
924   6   5  2s10g           2s7f            6.95E-01  4.77E+07 9.854E+03
925   6   6  2s10g           2s8f            1.85E+00  3.73E+07 1.818E+04
926   6   7  2s10g           2s9f            7.95E+00  2.77E+07 4.372E+04
927   6   8  2s10g           2s10f           -5.03E-01 -1.37E+02 4.950E+06
928   1   1  2s2p          2s3s          -4.81E-01 -1.10E+10 5.406E+02
929   1   2  2s2p          2s4s          -1.17E-01 -5.12E+09 3.904E+02
930   1   3  2s2p          2p3p          -8.68E-02 -4.37E+09 3.641E+02
931   1   4  2s2p          2s5s          -1.74E-02 -9.53E+08 3.490E+02
932   1   5  2s2p          2s6s          -1.40E-02 -8.49E+08 3.317E+02
933   1   6  2s2p          2s7s          -9.20E-03 -5.90E+08 3.224E+02
934   1   7  2s2p          2s8s          -6.38E-03 -4.24E+08 3.167E+02
935   1   8  2s2p          2s9s          -4.68E-03 -3.19E+08 3.130E+02
936   1   9  2s2p          2s10s          -3.61E-03 -2.50E+08 3.105E+02
937   2   1  2s3p          2s3s           2.11E+00  6.58E+08 4.626E+03
938   2   2  2s3p          2s4s          -1.25E+00 -2.04E+09 2.019E+03
939   2   3  2s3p          2p3p          -2.16E-01 -6.67E+08 1.470E+03
940   2   4  2s3p          2s5s          -1.10E-01 -4.69E+08 1.250E+03
941   2   5  2s3p          2s6s          -5.29E-02 -3.17E+08 1.054E+03
942   2   6  2s3p          2s7s          -2.76E-02 -1.98E+08 9.652E+02
943   2   7  2s3p          2s8s          -1.63E-02 -1.30E+08 9.162E+02
944   2   8  2s3p          2s9s          -1.05E-02 -8.92E+07 8.860E+02
945   2   9  2s3p          2s10s          -7.26E-03 -6.46E+07 8.658E+02
946   3   1  2p3s          2s3s           8.88E-01  2.95E+09 1.417E+03
947   3   2  2p3s          2s4s          -1.54E-03 -3.52E+02 1.709E+05
948   3   3  2p3s          2p3p          -5.91E-01 -1.44E+08 5.233E+03
949   3   4  2p3s          2s5s          -3.77E-02 -2.42E+07 3.222E+03
950   3   5  2p3s          2s6s          -7.58E-03 -1.07E+07 2.178E+03
951   3   6  2p3s          2s7s          -3.77E-03 -7.51E+06 1.829E+03
952   3   7  2p3s          2s8s          -2.47E-03 -5.97E+06 1.661E+03
953   3   8  2p3s          2s9s          -1.86E-03 -5.07E+06 1.564E+03
954   3   9  2p3s          2s10s          -1.54E-03 -4.55E+06 1.502E+03
955   4   1  2s4p          2s3s           2.30E-01  9.70E+08 1.257E+03
956   4   2  2s4p          2s4s           3.13E+00  1.47E+08 1.192E+04
957   4   3  2s4p          2p3p          -1.92E-01 -1.32E+07 9.866E+03
958   4   4  2s4p          2s5s          -1.57E+00 -5.10E+08 4.532E+03
959   4   5  2s4p          2s6s          -2.99E-01 -2.72E+08 2.707E+03
960   4   6  2s4p          2s7s          -1.19E-01 -1.66E+08 2.189E+03
961   4   7  2s4p          2s8s          -6.43E-02 -1.13E+08 1.952E+03
962   4   8  2s4p          2s9s          -4.07E-02 -8.20E+07 1.820E+03
963   4   9  2s4p          2s10s          -2.86E-02 -6.33E+07 1.737E+03
964   5   1  2p3d           2s3s           4.85E-02  3.39E+08 9.761E+02
965   5   2  2p3d           2s4s           7.16E-02  4.68E+07 3.195E+03
966   5   3  2p3d           2p3p           1.43E+00  1.56E+08 7.826E+03
967   5   4  2p3d           2s5s           1.90E-01  9.11E+04 1.179E+05
968   5   5  2p3d           2s6s          -3.23E-01 -4.24E+07 7.127E+03
969   5   6  2p3d           2s7s          -8.54E-02 -2.96E+07 4.390E+03
970   5   7  2p3d           2s8s          -4.06E-02 -2.17E+07 3.531E+03
971   5   8  2p3d           2s9s          -2.45E-02 -1.68E+07 3.121E+03
972   5   9  2p3d           2s10s          -1.70E-02 -1.36E+07 2.884E+03
973   6   1  2s5p          2s3s           5.41E-02  4.06E+08 9.427E+02
974   6   2  2s5p          2s4s           1.33E-01  1.08E+08 2.862E+03
975   6   3  2s5p          2p3p           8.46E-03  1.52E+06 6.091E+03
976   6   4  2s5p          2s5s           3.65E+00  4.90E+07 2.228E+04
977   6   5  2s5p          2s6s          -2.10E+00 -1.51E+08 9.624E+03
978   6   6  2s5p          2s7s          -2.98E-01 -7.28E+07 5.225E+03
979   6   7  2s5p          2s8s          -1.03E-01 -4.18E+07 4.052E+03
980   6   8  2s5p          2s9s          -4.89E-02 -2.63E+07 3.520E+03
981   6   9  2s5p          2s10s          -2.69E-02 -1.73E+07 3.223E+03
982   7   1  2s6p          2s3s           4.97E-02  4.67E+08 8.426E+02
983   7   2  2s6p          2s4s           9.74E-02  1.47E+08 2.103E+03
984   7   3  2s6p          2p3p           3.02E-03  1.70E+06 3.446E+03
985   7   4  2s6p          2s5s           2.10E-01  4.09E+07 5.852E+03
986   7   5  2s6p          2s6s           4.97E+00  1.62E+07 4.524E+04
987   7   6  2s6p          2s7s          -3.07E+00 -8.75E+07 1.530E+04
988   7   7  2s6p          2s8s          -4.96E-01 -4.83E+07 8.280E+03
989   7   8  2s6p          2s9s          -1.84E-01 -3.07E+07 6.328E+03
990   7   9  2s6p          2s10s          -9.22E-02 -2.09E+07 5.426E+03
991   8   1  2s7p          2s3s           3.00E-02  3.21E+08 7.900E+02
992   8   2  2s7p          2s4s           5.64E-02  1.16E+08 1.804E+03
993   8   3  2s7p          2p3p           2.09E-04  1.90E+05 2.709E+03
994   8   4  2s7p          2s5s           9.49E-02  3.95E+07 4.002E+03
995   8   5  2s7p          2s6s           2.04E-01  1.39E+07 9.896E+03
996   8   6  2s7p          2s7s           5.83E+00  7.18E+06 7.361E+04
997   8   7  2s7p          2s8s          -3.73E+00 -4.35E+07 2.391E+04
998   8   8  2s7p          2s9s          -6.01E-01 -2.51E+07 1.264E+04
999   8   9  2s7p          2s10s          -2.23E-01 -1.65E+07 9.492E+03
1000   9   1  2s8p          2s3s           1.95E-02  2.25E+08 7.595E+02
1001   9   2  2s8p          2s4s           3.80E-02  9.28E+07 1.652E+03
1002   9   3  2s8p          2p3p           1.88E-05  2.21E+04 2.381E+03
1003   9   4  2s8p          2s5s           4.99E-02  3.01E+07 3.326E+03
1004   9   5  2s8p          2s6s           9.33E-02  1.43E+07 6.585E+03
1005   9   6  2s8p          2s7s           2.03E-01  5.61E+06 1.553E+04
1006   9   7  2s8p          2s8s           6.70E+00  3.60E+06 1.114E+05
1007   9   8  2s8p          2s9s          -4.40E+00 -2.35E+07 3.535E+04
1008   9   9  2s8p          2s10s          -7.06E-01 -1.40E+07 1.833E+04
1009  10   1  2s9p          2s3s           1.35E-02  1.64E+08 7.401E+02
1010  10   2  2s9p          2s4s           3.09E-02  8.43E+07 1.563E+03
1011  10   3  2s9p          2p3p           2.59E-04  3.57E+05 2.200E+03
1012  10   4  2s9p          2s5s           2.94E-02  2.20E+07 2.983E+03
1013  10   5  2s9p          2s6s           5.03E-02  1.17E+07 5.365E+03
1014  10   6  2s9p          2s7s           9.41E-02  6.14E+06 1.011E+04
1015  10   7  2s9p          2s8s           2.06E-01  2.60E+06 2.298E+04
1016  10   8  2s9p          2s9s           7.57E+00  1.97E+06 1.601E+05
1017  10   9  2s9p          2s10s          -5.08E+00 -1.36E+07 4.996E+04
1018  11   1  2s10p          2s3s           1.01E-02  1.27E+08 7.269E+02
1019  11   2  2s10p          2s4s           4.66E-02  1.37E+08 1.506E+03
1020  11   3  2s10p          2p3p           1.22E-03  1.87E+06 2.088E+03
1021  11   4  2s10p          2s5s           1.73E-02  1.49E+07 2.780E+03
1022  11   5  2s10p          2s6s           2.99E-02  8.87E+06 4.742E+03
1023  11   6  2s10p          2s7s           5.12E-02  5.20E+06 8.103E+03
1024  11   7  2s10p          2s8s           9.78E-02  3.02E+06 1.470E+04
1025  11   8  2s10p          2s9s           2.18E-01  1.37E+06 3.253E+04
1026  11   9  2s10p          2s10s           8.29E+00  1.11E+06 2.234E+05
1027   1   1  2s2p          2p2             -2.53E+00 -1.26E+10 1.157E+03
1028   1   2  2s2p          2p3p          -2.17E-01 -1.11E+10 3.605E+02
1029   1   3  2s2p          2p4p          -8.93E-02 -6.55E+09 3.015E+02
1030   1   4  2s2p          2p5p          -4.37E-02 -3.70E+09 2.808E+02
1031   1   5  2s2p          2p6p          -2.45E-02 -2.23E+09 2.709E+02
1032   1   6  2s2p          2p7p          -1.51E-02 -1.43E+09 2.653E+02
1033   1   7  2s2p          2p8p          -9.97E-03 -9.70E+08 2.619E+02
1034   1   8  2s2p          2p9p          -6.92E-03 -6.85E+08 2.596E+02
1035   1   9  2s2p          2p10p          -5.00E-03 -5.01E+08 2.579E+02
1036   2   1  2s3p          2p2              1.72E-03  1.66E+07 8.321E+02
1037   2   2  2s3p          2p3p          -9.86E-01 -3.30E+09 1.412E+03
1038   2   3  2s3p          2p4p          -3.76E-03 -3.92E+07 7.994E+02
1039   2   4  2s3p          2p5p          -1.06E-03 -1.58E+07 6.688E+02
1040   2   5  2s3p          2p6p          -5.22E-04 -9.20E+06 6.153E+02
1041   2   6  2s3p          2p7p          -3.11E-04 -6.01E+06 5.873E+02
1042   2   7  2s3p          2p8p          -2.04E-04 -4.18E+06 5.705E+02
1043   2   8  2s3p          2p9p          -1.42E-04 -3.02E+06 5.597E+02
1044   2   9  2s3p          2p10p          -1.03E-04 -2.25E+06 5.522E+02
1045   3   1  2p3s          2p2              1.20E+00  2.29E+10 5.913E+02
1046   3   2  2p3s          2p3p          -2.71E+00 -8.65E+08 4.571E+03
1047   3   3  2p3s          2p4p          -1.56E-01 -6.03E+08 1.313E+03
1048   3   4  2p3s          2p5p          -7.76E-02 -5.24E+08 9.943E+02
1049   3   5  2p3s          2p6p          -4.10E-02 -3.53E+08 8.804E+02
1050   3   6  2p3s          2p7p          -2.43E-02 -2.39E+08 8.241E+02
1051   3   7  2p3s          2p8p          -1.56E-02 -1.66E+08 7.916E+02
1052   3   8  2p3s          2p9p          -1.06E-02 -1.19E+08 7.708E+02
1053   3   9  2p3s          2p10p          -7.59E-03 -8.84E+07 7.567E+02
1054   4   1  2s4p          2p2              3.30E-02  6.98E+08 5.615E+02
1055   4   2  2s4p          2p3p          -1.29E-02 -1.43E+06 7.751E+03
1056   4   3  2s4p          2p4p          -9.52E-01 -2.87E+09 1.489E+03
1057   4   4  2s4p          2p5p          -5.69E-03 -3.18E+07 1.092E+03
1058   4   5  2s4p          2p6p          -1.68E-03 -1.23E+07 9.559E+02
1059   4   6  2s4p          2p7p          -7.82E-04 -6.59E+06 8.899E+02
1060   4   7  2s4p          2p8p          -4.43E-04 -4.07E+06 8.521E+02
1061   4   8  2s4p          2p9p          -2.80E-04 -2.72E+06 8.281E+02
1062   4   9  2s4p          2p10p          -1.91E-04 -1.93E+06 8.118E+02
1063   5   1  2p3d           2p2              1.53E+00  4.12E+10 4.975E+02
1064   5   2  2p3d           2p3p           2.54E-01  1.70E+07 9.988E+03
1065   5   3  2p3d           2p4p          -3.25E-03 -4.25E+06 2.259E+03
1066   5   4  2p3d           2p5p          -2.80E-01 -8.81E+08 1.456E+03
1067   5   5  2p3d           2p6p          -1.47E-02 -6.54E+07 1.224E+03
1068   5   6  2p3d           2p7p          -5.41E-03 -2.89E+07 1.118E+03
1069   5   7  2p3d           2p8p          -2.80E-03 -1.67E+07 1.059E+03
1070   5   8  2p3d           2p9p          -1.69E-03 -1.08E+07 1.022E+03
1071   5   9  2p3d           2p10p          -1.11E-03 -7.44E+06 9.974E+02
1072   6   1  2s5p          2p2              4.75E-01  1.33E+10 4.886E+02
1073   6   2  2s5p          2p3p           1.10E-01  1.37E+07 7.325E+03
1074   6   3  2s5p          2p4p          -6.86E-03 -7.55E+06 2.462E+03
1075   6   4  2s5p          2p5p          -6.08E-01 -1.72E+09 1.537E+03
1076   6   5  2s5p          2p6p          -4.41E-04 -1.79E+06 1.281E+03
1077   6   6  2s5p          2p7p          -2.37E-04 -1.16E+06 1.165E+03
1078   6   7  2s5p          2p8p          -1.44E-04 -7.92E+05 1.101E+03
1079   6   8  2s5p          2p9p          -9.47E-05 -5.61E+05 1.062E+03
1080   6   9  2s5p          2p10p          -6.61E-05 -4.12E+05 1.035E+03
1081   7   1  2s6p          2p2              7.76E-03  2.44E+08 4.603E+02
1082   7   2  2s6p          2p3p           4.97E-03  2.28E+06 3.809E+03
1083   7   3  2s6p          2p4p          -4.44E-04 -2.33E+05 3.568E+03
1084   7   4  2s6p          2p5p          -1.79E-03 -3.28E+06 1.907E+03
1085   7   5  2s6p          2p6p          -8.65E-01 -2.47E+09 1.528E+03
1086   7   6  2s6p          2p7p          -1.41E-03 -5.04E+06 1.366E+03
1087   7   7  2s6p          2p8p          -3.49E-04 -1.42E+06 1.279E+03
1088   7   8  2s6p          2p9p          -1.50E-04 -6.66E+05 1.225E+03
1089   7   9  2s6p          2p10p          -8.11E-05 -3.82E+05 1.190E+03
1090   8   1  2s7p          2p2              1.29E-03  4.36E+07 4.442E+02
1091   8   2  2s7p          2p3p           1.66E-03  1.29E+06 2.928E+03
1092   8   3  2s7p          2p4p          -1.18E-05 -3.19E+03 4.968E+03
1093   8   4  2s7p          2p5p          -4.19E-04 -5.55E+05 2.244E+03
1094   8   5  2s7p          2p6p          -2.02E-03 -4.46E+06 1.737E+03
1095   8   6  2s7p          2p7p          -8.68E-01 -2.47E+09 1.531E+03
1096   8   7  2s7p          2p8p          -1.65E-03 -5.44E+06 1.422E+03
1097   8   8  2s7p          2p9p          -4.19E-04 -1.52E+06 1.357E+03
1098   8   9  2s7p          2p10p          -1.83E-04 -7.07E+05 1.314E+03
1099   9   1  2s8p          2p2              3.72E-04  1.32E+07 4.344E+02
1100   9   2  2s8p          2p3p           5.53E-04  5.68E+05 2.549E+03
1101   9   3  2s8p          2p4p          -1.78E-04 -2.69E+04 6.645E+03
1102   9   4  2s8p          2p5p          -2.14E-04 -2.22E+05 2.533E+03
1103   9   5  2s8p          2p6p          -5.60E-04 -1.03E+06 1.905E+03
1104   9   6  2s8p          2p7p          -2.28E-03 -5.52E+06 1.660E+03
1105   9   7  2s8p          2p8p          -8.66E-01 -2.46E+09 1.533E+03
1106   9   8  2s8p          2p9p          -1.71E-03 -5.37E+06 1.457E+03
1107   9   9  2s8p          2p10p          -4.29E-04 -1.44E+06 1.408E+03
1108  10   1  2s9p          2p2              2.39E-04  8.70E+06 4.279E+02
1109  10   2  2s9p          2p3p           6.94E-07  8.43E+02 2.343E+03
1110  10   3  2s9p          2p4p          -1.87E-03 -1.68E+05 8.624E+03
1111  10   4  2s9p          2p5p          -2.60E-04 -2.25E+05 2.776E+03
1112  10   5  2s9p          2p6p          -4.01E-04 -6.43E+05 2.040E+03
1113  10   6  2s9p          2p7p          -7.45E-04 -1.60E+06 1.761E+03
1114  10   7  2s9p          2p8p          -2.65E-03 -6.74E+06 1.619E+03
1115  10   8  2s9p          2p9p          -8.63E-01 -2.44E+09 1.534E+03
1116  10   9  2s9p          2p10p          -1.72E-03 -5.24E+06 1.479E+03
1117  11   1  2s10p          2p2              1.42E-03  5.28E+07 4.235E+02
1118  11   2  2s10p          2p3p           7.73E-03  1.05E+07 2.216E+03
1119  11   3  2s10p          2p4p          -3.07E-02 -1.71E+06 1.093E+04
1120  11   4  2s10p          2p5p          -1.74E-03 -1.31E+06 2.979E+03
1121  11   5  2s10p          2p6p          -1.28E-03 -1.85E+06 2.147E+03
1122  11   6  2s10p          2p7p          -1.18E-03 -2.32E+06 1.840E+03
1123  11   7  2s10p          2p8p          -1.54E-03 -3.62E+06 1.686E+03
1124  11   8  2s10p          2p9p          -4.06E-03 -1.07E+07 1.594E+03
1125  11   9  2s10p          2p10p          -8.41E-01 -2.38E+09 1.535E+03
1126   1   1  2p3d           2p2              6.60E+00  1.74E+11 5.037E+02
1127   1   2  2p3d           2p3p           1.11E+00  4.21E+07 1.327E+04
1128   1   3  2p3d           2p4p          -3.32E-01 -4.84E+08 2.140E+03
1129   1   4  2p3d           2p5p          -6.26E-02 -2.11E+08 1.405E+03
1130   1   5  2p3d           2p6p          -2.40E-02 -1.13E+08 1.188E+03
1131   1   6  2p3d           2p7p          -1.21E-02 -6.82E+07 1.088E+03
1132   1   7  2p3d           2p8p          -7.11E-03 -4.45E+07 1.032E+03
1133   1   8  2p3d           2p9p          -4.58E-03 -3.07E+07 9.968E+02
1134   1   9  2p3d           2p10p          -3.14E-03 -2.21E+07 9.734E+02
1135   2   1  2p4d           2p2              1.64E+00  6.75E+10 4.025E+02
1136   2   2  2p4d           2p3p           2.81E+00  6.18E+09 1.741E+03
1137   2   3  2p4d           2p4p           1.99E+00  1.31E+07 3.178E+04
1138   2   4  2p4d           2p5p          -7.58E-01 -2.29E+08 4.700E+03
1139   2   5  2p4d           2p6p          -1.42E-01 -1.11E+08 2.917E+03
1140   2   6  2p4d           2p7p          -5.40E-02 -6.37E+07 2.379E+03
1141   2   7  2p4d           2p8p          -2.72E-02 -4.01E+07 2.126E+03
1142   2   8  2p4d           2p9p          -1.60E-02 -2.71E+07 1.983E+03
1143   2   9  2p4d           2p10p          -1.03E-02 -1.92E+07 1.892E+03
1144   3   1  2p5d           2p2              6.76E-01  3.32E+10 3.686E+02
1145   3   2  2p5d           2p3p           7.73E-01  3.32E+09 1.245E+03
1146   3   3  2p5d           2p4p           2.48E+00  1.12E+09 3.843E+03
1147   3   4  2p5d           2p5p           2.78E+00  4.72E+06 6.271E+04
1148   3   5  2p5d           2p6p          -1.24E+00 -1.08E+08 8.761E+03
1149   3   6  2p5d           2p7p          -2.34E-01 -5.73E+07 5.217E+03
1150   3   7  2p5d           2p8p          -8.96E-02 -3.49E+07 4.139E+03
1151   3   8  2p5d           2p9p          -4.54E-02 -2.30E+07 3.629E+03
1152   3   9  2p5d           2p10p          -2.68E-02 -1.61E+07 3.336E+03
1153   4   1  2p6d           2p2              3.49E-01  1.87E+10 3.526E+02
1154   4   2  2p6d           2p3p           3.33E-01  1.91E+09 1.080E+03
1155   4   3  2p6d           2p4p           7.53E-01  7.39E+08 2.608E+03
1156   4   4  2p6d           2p5p           2.36E+00  3.05E+08 7.182E+03
1157   4   5  2p6d           2p6p           3.50E+00  1.95E+06 1.093E+05
1158   4   6  2p6d           2p7p          -1.76E+00 -5.49E+07 1.462E+04
1159   4   7  2p6d           2p8p          -3.35E-01 -3.13E+07 8.454E+03
1160   4   8  2p6d           2p9p          -1.29E-01 -2.00E+07 6.567E+03
1161   4   9  2p6d           2p10p          -6.56E-02 -1.36E+07 5.666E+03
1162   5   1  2p7d           2p2              2.06E-01  1.16E+10 3.436E+02
1163   5   2  2p7d           2p3p           1.78E-01  1.19E+09 9.996E+02
1164   5   3  2p7d           2p4p           3.44E-01  4.80E+08 2.185E+03
1165   5   4  2p7d           2p5p           7.40E-01  2.25E+08 4.687E+03
1166   5   5  2p7d           2p6p           2.34E+00  1.08E+08 1.201E+04
1167   5   6  2p7d           2p7p           4.20E+00  9.18E+05 1.746E+05
1168   5   7  2p7d           2p8p          -2.30E+00 -2.99E+07 2.264E+04
1169   5   8  2p7d           2p9p          -4.41E-01 -1.80E+07 1.279E+04
1170   5   9  2p7d           2p10p          -1.70E-01 -1.19E+07 9.769E+03
1171   6   1  2p8d           2p2              1.32E-01  7.71E+09 3.380E+02
1172   6   2  2p8d           2p3p           1.07E-01  7.84E+08 9.539E+02
1173   6   3  2p8d           2p4p           1.91E-01  3.26E+08 1.978E+03
1174   6   4  2p8d           2p5p           3.46E-01  1.58E+08 3.826E+03
1175   6   5  2p8d           2p6p           7.42E-01  8.53E+07 7.619E+03
1176   6   6  2p8d           2p7p           2.36E+00  4.54E+07 1.861E+04
1177   6   7  2p8d           2p8p           4.88E+00  4.75E+05 2.619E+05
1178   6   8  2p8d           2p9p          -2.85E+00 -1.73E+07 3.314E+04
1179   6   9  2p8d           2p10p          -5.49E-01 -1.08E+07 1.839E+04
1180   7   1  2p9d           2p2              8.99E-02  5.37E+09 3.343E+02
1181   7   2  2p9d           2p3p           7.00E-02  5.46E+08 9.249E+02
1182   7   3  2p9d           2p4p           1.19E-01  2.30E+08 1.857E+03
1183   7   4  2p9d           2p5p           1.96E-01  1.13E+08 3.399E+03
1184   7   5  2p9d           2p6p           3.52E-01  6.32E+07 6.094E+03
1185   7   6  2p9d           2p7p           7.53E-01  3.76E+07 1.155E+04
1186   7   7  2p9d           2p8p           2.42E+00  2.17E+07 2.727E+04
1187   7   8  2p9d           2p9p           5.55E+00  2.65E+05 3.741E+05
1188   7   9  2p9d           2p10p          -3.41E+00 -1.05E+07 4.647E+04
1189   8   1  2p10d           2p2              6.42E-02  3.89E+09 3.317E+02
1190   8   2  2p10d           2p3p           4.86E-02  3.96E+08 9.052E+02
1191   8   3  2p10d           2p4p           7.95E-02  1.67E+08 1.780E+03
1192   8   4  2p10d           2p5p           1.24E-01  8.35E+07 3.148E+03
1193   8   5  2p10d           2p6p           2.01E-01  4.72E+07 5.331E+03
1194   8   6  2p10d           2p7p           3.59E-01  2.90E+07 9.089E+03
1195   8   7  2p10d           2p8p           7.71E-01  1.86E+07 1.663E+04
1196   8   8  2p10d           2p9p           2.49E+00  1.13E+07 3.826E+04
1197   8   9  2p10d           2p10p           6.22E+00  1.57E+05 5.149E+05
1198   1   1  2s2p          2p2             -2.53E+00 -1.26E+10 1.157E+03
1199   1   2  2s2p          2p3p          -2.17E-01 -1.11E+10 3.605E+02
1200   1   3  2s2p          2p4p          -8.93E-02 -6.55E+09 3.015E+02
1201   1   4  2s2p          2p5p          -4.37E-02 -3.70E+09 2.808E+02
1202   1   5  2s2p          2p6p          -2.45E-02 -2.23E+09 2.709E+02
1203   1   6  2s2p          2p7p          -1.51E-02 -1.43E+09 2.653E+02
1204   1   7  2s2p          2p8p          -9.97E-03 -9.70E+08 2.619E+02
1205   1   8  2s2p          2p9p          -6.92E-03 -6.85E+08 2.596E+02
1206   1   9  2s2p          2p10p          -5.00E-03 -5.01E+08 2.579E+02
1207   2   1  2s3p          2p2              1.72E-03  1.66E+07 8.321E+02
1208   2   2  2s3p          2p3p          -9.86E-01 -3.30E+09 1.412E+03
1209   2   3  2s3p          2p4p          -3.76E-03 -3.92E+07 7.994E+02
1210   2   4  2s3p          2p5p          -1.06E-03 -1.58E+07 6.688E+02
1211   2   5  2s3p          2p6p          -5.22E-04 -9.20E+06 6.153E+02
1212   2   6  2s3p          2p7p          -3.11E-04 -6.01E+06 5.873E+02
1213   2   7  2s3p          2p8p          -2.04E-04 -4.18E+06 5.705E+02
1214   2   8  2s3p          2p9p          -1.42E-04 -3.02E+06 5.597E+02
1215   2   9  2s3p          2p10p          -1.03E-04 -2.25E+06 5.522E+02
1216   3   1  2p3s          2p2              1.20E+00  2.29E+10 5.913E+02
1217   3   2  2p3s          2p3p          -2.71E+00 -8.65E+08 4.571E+03
1218   3   3  2p3s          2p4p          -1.56E-01 -6.03E+08 1.313E+03
1219   3   4  2p3s          2p5p          -7.76E-02 -5.24E+08 9.943E+02
1220   3   5  2p3s          2p6p          -4.10E-02 -3.53E+08 8.804E+02
1221   3   6  2p3s          2p7p          -2.43E-02 -2.39E+08 8.241E+02
1222   3   7  2p3s          2p8p          -1.56E-02 -1.66E+08 7.916E+02
1223   3   8  2p3s          2p9p          -1.06E-02 -1.19E+08 7.708E+02
1224   3   9  2p3s          2p10p          -7.59E-03 -8.84E+07 7.567E+02
1225   4   1  2s4p          2p2              3.30E-02  6.98E+08 5.615E+02
1226   4   2  2s4p          2p3p          -1.29E-02 -1.43E+06 7.751E+03
1227   4   3  2s4p          2p4p          -9.52E-01 -2.87E+09 1.489E+03
1228   4   4  2s4p          2p5p          -5.69E-03 -3.18E+07 1.092E+03
1229   4   5  2s4p          2p6p          -1.68E-03 -1.23E+07 9.559E+02
1230   4   6  2s4p          2p7p          -7.82E-04 -6.59E+06 8.899E+02
1231   4   7  2s4p          2p8p          -4.43E-04 -4.07E+06 8.521E+02
1232   4   8  2s4p          2p9p          -2.80E-04 -2.72E+06 8.281E+02
1233   4   9  2s4p          2p10p          -1.91E-04 -1.93E+06 8.118E+02
1234   5   1  2p3d           2p2              1.53E+00  4.12E+10 4.975E+02
1235   5   2  2p3d           2p3p           2.54E-01  1.70E+07 9.988E+03
1236   5   3  2p3d           2p4p          -3.25E-03 -4.25E+06 2.259E+03
1237   5   4  2p3d           2p5p          -2.80E-01 -8.81E+08 1.456E+03
1238   5   5  2p3d           2p6p          -1.47E-02 -6.54E+07 1.224E+03
1239   5   6  2p3d           2p7p          -5.41E-03 -2.89E+07 1.118E+03
1240   5   7  2p3d           2p8p          -2.80E-03 -1.67E+07 1.059E+03
1241   5   8  2p3d           2p9p          -1.69E-03 -1.08E+07 1.022E+03
1242   5   9  2p3d           2p10p          -1.11E-03 -7.44E+06 9.974E+02
1243   6   1  2s5p          2p2              4.75E-01  1.33E+10 4.886E+02
1244   6   2  2s5p          2p3p           1.10E-01  1.37E+07 7.325E+03
1245   6   3  2s5p          2p4p          -6.86E-03 -7.55E+06 2.462E+03
1246   6   4  2s5p          2p5p          -6.08E-01 -1.72E+09 1.537E+03
1247   6   5  2s5p          2p6p          -4.41E-04 -1.79E+06 1.281E+03
1248   6   6  2s5p          2p7p          -2.37E-04 -1.16E+06 1.165E+03
1249   6   7  2s5p          2p8p          -1.44E-04 -7.92E+05 1.101E+03
1250   6   8  2s5p          2p9p          -9.47E-05 -5.61E+05 1.062E+03
1251   6   9  2s5p          2p10p          -6.61E-05 -4.12E+05 1.035E+03
1252   7   1  2s6p          2p2              7.76E-03  2.44E+08 4.603E+02
1253   7   2  2s6p          2p3p           4.97E-03  2.28E+06 3.809E+03
1254   7   3  2s6p          2p4p          -4.44E-04 -2.33E+05 3.568E+03
1255   7   4  2s6p          2p5p          -1.79E-03 -3.28E+06 1.907E+03
1256   7   5  2s6p          2p6p          -8.65E-01 -2.47E+09 1.528E+03
1257   7   6  2s6p          2p7p          -1.41E-03 -5.04E+06 1.366E+03
1258   7   7  2s6p          2p8p          -3.49E-04 -1.42E+06 1.279E+03
1259   7   8  2s6p          2p9p          -1.50E-04 -6.66E+05 1.225E+03
1260   7   9  2s6p          2p10p          -8.11E-05 -3.82E+05 1.190E+03
1261   8   1  2s7p          2p2              1.29E-03  4.36E+07 4.442E+02
1262   8   2  2s7p          2p3p           1.66E-03  1.29E+06 2.928E+03
1263   8   3  2s7p          2p4p          -1.18E-05 -3.19E+03 4.968E+03
1264   8   4  2s7p          2p5p          -4.19E-04 -5.55E+05 2.244E+03
1265   8   5  2s7p          2p6p          -2.02E-03 -4.46E+06 1.737E+03
1266   8   6  2s7p          2p7p          -8.68E-01 -2.47E+09 1.531E+03
1267   8   7  2s7p          2p8p          -1.65E-03 -5.44E+06 1.422E+03
1268   8   8  2s7p          2p9p          -4.19E-04 -1.52E+06 1.357E+03
1269   8   9  2s7p          2p10p          -1.83E-04 -7.07E+05 1.314E+03
1270   9   1  2s8p          2p2              3.72E-04  1.32E+07 4.344E+02
1271   9   2  2s8p          2p3p           5.53E-04  5.68E+05 2.549E+03
1272   9   3  2s8p          2p4p          -1.78E-04 -2.69E+04 6.645E+03
1273   9   4  2s8p          2p5p          -2.14E-04 -2.22E+05 2.533E+03
1274   9   5  2s8p          2p6p          -5.60E-04 -1.03E+06 1.905E+03
1275   9   6  2s8p          2p7p          -2.28E-03 -5.52E+06 1.660E+03
1276   9   7  2s8p          2p8p          -8.66E-01 -2.46E+09 1.533E+03
1277   9   8  2s8p          2p9p          -1.71E-03 -5.37E+06 1.457E+03
1278   9   9  2s8p          2p10p          -4.29E-04 -1.44E+06 1.408E+03
1279  10   1  2s9p          2p2              2.39E-04  8.70E+06 4.279E+02
1280  10   2  2s9p          2p3p           6.94E-07  8.43E+02 2.343E+03
1281  10   3  2s9p          2p4p          -1.87E-03 -1.68E+05 8.624E+03
1282  10   4  2s9p          2p5p          -2.60E-04 -2.25E+05 2.776E+03
1283  10   5  2s9p          2p6p          -4.01E-04 -6.43E+05 2.040E+03
1284  10   6  2s9p          2p7p          -7.45E-04 -1.60E+06 1.761E+03
1285  10   7  2s9p          2p8p          -2.65E-03 -6.74E+06 1.619E+03
1286  10   8  2s9p          2p9p          -8.63E-01 -2.44E+09 1.534E+03
1287  10   9  2s9p          2p10p          -1.72E-03 -5.24E+06 1.479E+03
1288  11   1  2s10p          2p2              1.42E-03  5.28E+07 4.235E+02
1289  11   2  2s10p          2p3p           7.73E-03  1.05E+07 2.216E+03
1290  11   3  2s10p          2p4p          -3.07E-02 -1.71E+06 1.093E+04
1291  11   4  2s10p          2p5p          -1.74E-03 -1.31E+06 2.979E+03
1292  11   5  2s10p          2p6p          -1.28E-03 -1.85E+06 2.147E+03
1293  11   6  2s10p          2p7p          -1.18E-03 -2.32E+06 1.840E+03
1294  11   7  2s10p          2p8p          -1.54E-03 -3.62E+06 1.686E+03
1295  11   8  2s10p          2p9p          -4.06E-03 -1.07E+07 1.594E+03
1296  11   9  2s10p          2p10p          -8.41E-01 -2.38E+09 1.535E+03
1297   1   1  2s3d           2s2p           5.07E+00  1.59E+11 4.615E+02
1298   1   2  2s3d           2s3p           1.62E+00  1.10E+08 9.917E+03
1299   1   3  2s3d           2p3s          -4.24E-02 -4.27E+07 2.574E+03
1300   1   4  2s3d           2s4p          -6.45E-01 -9.84E+08 2.091E+03
1301   1   5  2s3d           2p3d           -9.20E-01 -3.07E+09 1.414E+03
1302   1   6  2s3d           2s5p          -4.59E-02 -1.69E+08 1.344E+03
1303   1   7  2s3d           2s6p          -1.26E-02 -6.36E+07 1.150E+03
1304   1   8  2s3d           2s7p          -8.98E-03 -5.39E+07 1.054E+03
1305   1   9  2s3d           2s8p          -6.01E-03 -4.01E+07 1.000E+03
1306   1  10  2s3d           2s9p          -4.29E-03 -3.06E+07 9.670E+02
1307   1  11  2s3d           2s10p          -3.73E-03 -2.79E+07 9.446E+02
1308   2   1  2s4d           2s2p           1.41E+00  6.77E+10 3.728E+02
1309   2   2  2s4d           2s3p           4.90E+00  1.24E+10 1.623E+03
1310   2   3  2s4d           2p3s           5.83E-01  6.26E+07 7.881E+03
1311   2   4  2s4d           2s4p           2.34E+00  2.15E+07 2.692E+04
1312   2   5  2s4d           2p3d           -2.61E-01 -6.42E+07 5.209E+03
1313   2   6  2s4d           2s5p          -6.68E-01 -2.32E+08 4.378E+03
1314   2   7  2s4d           2s6p          -2.00E-01 -1.68E+08 2.822E+03
1315   2   8  2s4d           2s7p          -8.50E-02 -1.06E+08 2.308E+03
1316   2   9  2s4d           2s8p          -4.82E-02 -7.54E+07 2.065E+03
1317   2  10  2s4d           2s9p          -3.28E-02 -5.89E+07 1.928E+03
1318   2  11  2s4d           2s10p          -3.06E-02 -6.02E+07 1.841E+03
1319   3   1  2p3p          2s2p           7.96E-04  3.88E+07 3.700E+02
1320   3   2  2p3p          2s3p           1.15E-01  3.11E+08 1.570E+03
1321   3   3  2p3p          2p3s           2.03E+00  2.95E+08 6.778E+03
1322   3   4  2p3p          2s4p           9.07E-01  2.02E+07 1.730E+04
1323   3   5  2p3p          2p3d           -6.24E-01 -1.22E+08 5.837E+03
1324   3   6  2p3p          2s5p          -1.57E-02 -4.52E+06 4.814E+03
1325   3   7  2p3p          2s6p          -2.12E-02 -1.58E+07 2.996E+03
1326   3   8  2p3p          2s7p          -6.69E-03 -7.60E+06 2.423E+03
1327   3   9  2p3p          2s8p          -2.24E-03 -3.21E+06 2.158E+03
1328   3  10  2p3p          2s9p          -3.11E-04 -5.15E+05 2.008E+03
1329   3  11  2p3p          2s10p          -3.63E-03 -6.61E+06 1.914E+03
1330   4   1  2s5d           2s2p           4.64E-01  2.64E+10 3.424E+02
1331   4   2  2s5d           2s3p           9.47E-01  4.62E+09 1.170E+03
1332   4   3  2s5d           2p3s           2.99E-03  2.67E+06 2.735E+03
1333   4   4  2s5d           2s4p           2.86E+00  1.45E+09 3.625E+03
1334   4   5  2s5d           2p3d            2.60E+00  3.78E+07 2.141E+04
1335   4   6  2s5d           2s5p           1.76E+00  1.25E+06 9.697E+04
1336   4   7  2s5d           2s6p          -1.74E+00 -1.55E+08 8.643E+03
1337   4   8  2s5d           2s7p          -3.36E-01 -8.49E+07 5.137E+03
1338   4   9  2s5d           2s8p          -1.31E-01 -5.26E+07 4.074E+03
1339   4  10  2s5d           2s9p          -6.66E-02 -3.48E+07 3.572E+03
1340   4  11  2s5d           2s10p          -3.80E-02 -2.35E+07 3.284E+03
1341   5   1  2s6d           2s2p           2.42E-01  1.50E+10 3.282E+02
1342   5   2  2s6d           2s3p           4.27E-01  2.74E+09 1.020E+03
1343   5   3  2s6d           2p3s           9.14E-04  1.47E+06 2.035E+03
1344   5   4  2s6d           2s4p           9.32E-01  1.00E+09 2.489E+03
1345   5   5  2s6d           2p3d            1.57E-01  3.12E+07 5.795E+03
1346   5   6  2s6d           2s5p           3.01E+00  3.72E+08 7.344E+03
1347   5   7  2s6d           2s6p           5.01E+00  3.44E+06 9.857E+04
1348   5   8  2s6d           2s7p          -2.52E+00 -7.96E+07 1.453E+04
1349   5   9  2s6d           2s8p          -4.78E-01 -4.56E+07 8.361E+03
1350   5  10  2s6d           2s9p          -1.84E-01 -2.92E+07 6.488E+03
1351   5  11  2s6d           2s10p          -9.31E-02 -1.98E+07 5.598E+03
1352   6   1  2s7d           2s2p           1.43E-01  9.30E+09 3.203E+02
1353   6   2  2s7d           2s3p           2.32E-01  1.73E+09 9.468E+02
1354   6   3  2s7d           2p3s           4.66E-04  9.99E+05 1.764E+03
1355   6   4  2s7d           2s4p           4.40E-01  6.68E+08 2.096E+03
1356   6   5  2s7d           2p3d            8.51E-02  3.49E+07 4.033E+03
1357   6   6  2s7d           2s5p           8.70E-01  2.60E+08 4.728E+03
1358   6   7  2s7d           2s6p           2.90E+00  1.41E+08 1.169E+04
1359   6   8  2s7d           2s7p           6.25E+00  1.79E+06 1.525E+05
1360   6   9  2s7d           2s8p          -3.32E+00 -4.33E+07 2.261E+04
1361   6  10  2s7d           2s9p          -6.29E-01 -2.60E+07 1.269E+04
1362   6  11  2s7d           2s10p          -2.42E-01 -1.72E+07 9.684E+03
1363   7   1  2s8d           2s2p           9.19E-02  6.16E+09 3.154E+02
1364   7   2  2s8d           2s3p           1.42E-01  1.16E+09 9.051E+02
1365   7   3  2s8d           2p3s           3.10E-04  7.83E+05 1.625E+03
1366   7   4  2s8d           2s4p           2.50E-01  4.61E+08 1.902E+03
1367   7   5  2s8d           2p3d            4.97E-02  2.92E+07 3.372E+03
1368   7   6  2s8d           2s5p           3.95E-01  1.78E+08 3.843E+03
1369   7   7  2s8d           2s6p           9.42E-01  1.13E+08 7.452E+03
1370   7   8  2s8d           2s7p           2.84E+00  5.78E+07 1.810E+04
1371   7   9  2s8d           2s8p           7.40E+00  9.73E+05 2.252E+05
1372   7  10  2s8d           2s9p          -4.16E+00 -2.51E+07 3.323E+04
1373   7  11  2s8d           2s10p          -7.88E-01 -1.57E+07 1.832E+04
1374   8   1  2s9d           2s2p           6.29E-02  4.31E+09 3.121E+02
1375   8   2  2s9d           2s3p           9.36E-02  8.09E+08 8.786E+02
1376   8   3  2s9d           2p3s           2.47E-04  6.93E+05 1.541E+03
1377   8   4  2s9d           2s4p           1.59E-01  3.31E+08 1.789E+03
1378   8   5  2s9d           2p3d            3.20E-02  2.32E+07 3.032E+03
1379   8   6  2s9d           2s5p           2.19E-01  1.26E+08 3.408E+03
1380   8   7  2s9d           2s6p           4.50E-01  8.41E+07 5.972E+03
1381   8   8  2s9d           2s7p           9.32E-01  4.87E+07 1.130E+04
1382   8   9  2s9d           2s8p           2.84E+00  2.69E+07 2.653E+04
1383   8  10  2s9d           2s9p           8.54E+00  5.67E+05 3.171E+05
1384   8  11  2s9d           2s10p          -5.06E+00 -1.54E+07 4.686E+04
1385   9   1  2s10d           2s2p           4.52E-02  3.14E+09 3.098E+02
1386   9   2  2s10d           2s3p           6.53E-02  5.88E+08 8.607E+02
1387   9   3  2s10d           2p3s           2.26E-04  6.82E+05 1.487E+03
1388   9   4  2s10d           2s4p           1.09E-01  2.47E+08 1.716E+03
1389   9   5  2s10d           2p3d            2.21E-02  1.84E+07 2.828E+03
1390   9   6  2s10d           2s5p           1.36E-01  9.13E+07 3.153E+03
1391   9   7  2s10d           2s6p           2.59E-01  6.31E+07 5.231E+03
1392   9   8  2s10d           2s7p           4.50E-01  3.78E+07 8.913E+03
1393   9   9  2s10d           2s8p           9.37E-01  2.36E+07 1.628E+04
1394   9  10  2s10d           2s9p           2.85E+00  1.37E+07 3.722E+04
1395   9  11  2s10d           2s10p           9.84E+00  3.71E+05 4.205E+05
1396   1   1  2p3d           2s3d            1.85E+00  5.75E+09 1.465E+03
1397   1   2  2p3d           2s4d            1.29E-01  2.41E+07 5.979E+03
1398   1   3  2p3d           2p3p           5.37E-01  7.70E+07 6.822E+03
1399   1   4  2p3d           2s5d           -2.45E-04 -8.34E+03 1.400E+04
1400   1   5  2p3d           2s6d           -1.44E-04 -3.74E+04 5.069E+03
1401   1   6  2p3d           2s7d           -7.75E-05 -3.84E+04 3.668E+03
1402   1   7  2p3d           2s8d           -4.83E-05 -3.33E+04 3.112E+03
1403   1   8  2p3d           2s9d           -3.51E-05 -2.94E+04 2.820E+03
1404   1   9  2p3d           2s10d           -3.00E-05 -2.86E+04 2.643E+03
1405   2   1  2p4d           2s3d            8.85E-04  8.24E+06 8.463E+02
1406   2   2  2p4d           2s4d            6.11E-01  1.81E+09 1.501E+03
1407   2   3  2p4d           2p3p           1.59E+00  4.42E+09 1.549E+03
1408   2   4  2p4d           2s5d            1.32E-05  1.61E+04 2.340E+03
1409   2   5  2p4d           2s6d            1.10E-04  6.67E+04 3.316E+03
1410   2   6  2p4d           2s7d            1.31E-04  4.47E+04 4.421E+03
1411   2   7  2p4d           2s8d            1.39E-04  2.92E+04 5.633E+03
1412   2   8  2p4d           2s9d            1.51E-04  2.10E+04 6.931E+03
1413   2   9  2p4d           2s10d            1.73E-04  1.68E+04 8.295E+03
1414   3   1  2p5d           2s3d            2.19E-05  2.91E+05 7.091E+02
1415   3   2  2p5d           2s4d            2.12E-02  1.13E+08 1.118E+03
1416   3   3  2p5d           2p3p           1.77E-01  9.02E+08 1.144E+03
1417   3   4  2p5d           2s5d            1.50E+00  4.31E+09 1.524E+03
1418   3   5  2p5d           2s6d            1.05E-03  1.97E+06 1.886E+03
1419   3   6  2p5d           2s7d            1.77E-04  2.44E+05 2.198E+03
1420   3   7  2p5d           2s8d            7.18E-05  7.90E+04 2.462E+03
1421   3   8  2p5d           2s9d            4.87E-05  4.52E+04 2.681E+03
1422   3   9  2p5d           2s10d            4.65E-05  3.78E+04 2.863E+03
1423   4   1  2p6d           2s3d            8.13E-08  1.28E+03 6.521E+02
1424   4   2  2p6d           2s4d            1.29E-02  8.92E+07 9.822E+02
1425   4   3  2p6d           2p3p           8.41E-02  5.58E+08 1.003E+03
1426   4   4  2p6d           2s5d            2.59E-03  1.05E+07 1.283E+03
1427   4   5  2p6d           2s6d            1.47E+00  4.19E+09 1.530E+03
1428   4   6  2p6d           2s7d            1.54E-03  3.43E+06 1.729E+03
1429   4   7  2p6d           2s8d            3.49E-04  6.53E+05 1.888E+03
1430   4   8  2p6d           2s9d            1.63E-04  2.68E+05 2.015E+03
1431   4   9  2p6d           2s10d            1.07E-04  1.59E+05 2.116E+03
1432   5   1  2p7d           2s3d            6.15E-07  1.06E+04 6.220E+02
1433   5   2  2p7d           2s4d            7.92E-03  6.30E+07 9.155E+02
1434   5   3  2p7d           2p3p           4.73E-02  3.62E+08 9.332E+02
1435   5   4  2p7d           2s5d            7.25E-04  3.52E+06 1.172E+03
1436   5   5  2p7d           2s6d            1.89E-03  6.68E+06 1.374E+03
1437   5   6  2p7d           2s7d            1.46E+00  4.14E+09 1.533E+03
1438   5   7  2p7d           2s8d            1.71E-03  4.16E+06 1.657E+03
1439   5   8  2p7d           2s9d            4.20E-04  9.11E+05 1.753E+03
1440   5   9  2p7d           2s10d            2.01E-04  4.01E+05 1.829E+03
1441   6   1  2p8d           2s3d            1.08E-06  1.97E+04 6.040E+02
1442   6   2  2p8d           2s4d            5.15E-03  4.47E+07 8.770E+02
1443   6   3  2p8d           2p3p           2.95E-02  2.47E+08 8.932E+02
1444   6   4  2p8d           2s5d            3.27E-04  1.77E+06 1.109E+03
1445   6   5  2p8d           2s6d            5.02E-04  2.01E+06 1.289E+03
1446   6   6  2p8d           2s7d            1.67E-03  5.46E+06 1.428E+03
1447   6   7  2p8d           2s8d            1.46E+00  4.14E+09 1.535E+03
1448   6   8  2p8d           2s9d            1.78E-03  4.54E+06 1.617E+03
1449   6   9  2p8d           2s10d            4.51E-04  1.06E+06 1.682E+03
1450   7   1  2p9d           2s3d            1.11E-06  2.11E+04 5.922E+02
1451   7   2  2p9d           2s4d            3.54E-03  3.25E+07 8.524E+02
1452   7   3  2p9d           2p3p           1.97E-02  1.75E+08 8.677E+02
1453   7   4  2p9d           2s5d            1.81E-04  1.05E+06 1.070E+03
1454   7   5  2p9d           2s6d            2.24E-04  9.77E+05 1.237E+03
1455   7   6  2p9d           2s7d            4.32E-04  1.55E+06 1.364E+03
1456   7   7  2p9d           2s8d            1.57E-03  4.91E+06 1.461E+03
1457   7   8  2p9d           2s9d            1.45E+00  4.10E+09 1.536E+03
1458   7   9  2p9d           2s10d            1.81E-03  4.75E+06 1.594E+03
1459   8   1  2p10d           2s3d            9.84E-07  1.92E+04 5.841E+02
1460   8   2  2p10d           2s4d            2.53E-03  2.42E+07 8.357E+02
1461   8   3  2p10d           2p3p           1.39E-02  1.28E+08 8.504E+02
1462   8   4  2p10d           2s5d            1.13E-04  6.92E+05 1.044E+03
1463   8   5  2p10d           2s6d            1.24E-04  5.73E+05 1.202E+03
1464   8   6  2p10d           2s7d            1.92E-04  7.33E+05 1.322E+03
1465   8   7  2p10d           2s8d            4.00E-04  1.34E+06 1.413E+03
1466   8   8  2p10d           2s9d            1.52E-03  4.62E+06 1.482E+03
1467   8   9  2p10d           2s10d            1.45E+00  4.10E+09 1.536E+03
1468   1   1  2s4f           2s3d            9.44E+00  1.70E+10 1.925E+03
1469   1   2  2s4f           2s4d            1.48E-01  1.65E+04 2.444E+05
1470   1   3  2s4f           2p3p          -3.93E-01 -7.20E+05 6.035E+04
1471   1   4  2s4f           2s5d           -1.26E-01 -4.63E+07 4.262E+03
1472   1   5  2s4f           2s6d           -2.17E-02 -1.88E+07 2.774E+03
1473   1   6  2s4f           2s7d           -7.50E-03 -9.50E+06 2.295E+03
1474   1   7  2s4f           2s8d           -3.52E-03 -5.51E+06 2.064E+03
1475   1   8  2s4f           2s9d           -1.95E-03 -3.49E+06 1.931E+03
1476   1   9  2s4f           2s10d           -1.20E-03 -2.35E+06 1.847E+03
1477   2   1  2p3d           2s3d            3.73E+00  1.01E+10 1.568E+03
1478   2   2  2p3d           2s4d            6.01E+00  5.99E+08 8.184E+03
1479   2   3  2p3d           2p3p           2.47E-01  1.70E+07 9.849E+03
1480   2   4  2p3d           2s5d           -1.11E+00 -1.01E+08 8.583E+03
1481   2   5  2p3d           2s6d           -1.12E-01 -4.39E+07 4.126E+03
1482   2   6  2p3d           2s7d           -3.76E-02 -2.53E+07 3.147E+03
1483   2   7  2p3d           2s8d           -1.83E-02 -1.64E+07 2.729E+03
1484   2   8  2p3d           2s9d           -1.08E-02 -1.15E+07 2.502E+03
1485   2   9  2p3d           2s10d           -7.17E-03 -8.57E+06 2.362E+03
1486   3   1  2s5f           2s3d            3.44E+00  1.36E+10 1.297E+03
1487   3   2  2s5f           2s4d            5.37E+00  2.34E+09 3.912E+03
1488   3   3  2s5f           2p3p           3.77E+00  1.39E+09 4.255E+03
1489   3   4  2s5f           2s5d            4.75E+00  9.10E+06 5.899E+04
1490   3   5  2s5f           2s6d           -1.36E+00 -1.08E+08 9.183E+03
1491   3   6  2s5f           2s7d           -2.34E-01 -5.30E+07 5.427E+03
1492   3   7  2s5f           2s8d           -8.56E-02 -3.10E+07 4.293E+03
1493   3   8  2s5f           2s9d           -4.26E-02 -2.01E+07 3.757E+03
1494   3   9  2s5f           2s10d           -2.50E-02 -1.40E+07 3.449E+03
1495   4   1  2s6f           2s3d            1.22E+00  6.41E+09 1.127E+03
1496   4   2  2s6f           2s4d            1.56E+00  1.44E+09 2.687E+03
1497   4   3  2s6f           2p3p           1.07E+00  8.82E+08 2.845E+03
1498   4   4  2s6f           2s5d            8.79E+00  1.04E+09 7.495E+03
1499   4   5  2s6f           2s6d            5.15E+00  1.97E+06 1.321E+05
1500   4   6  2s6f           2s7d           -1.91E+00 -5.86E+07 1.475E+04
1501   4   7  2s6f           2s8d           -3.45E-01 -3.12E+07 8.586E+03
1502   4   8  2s6f           2s9d           -1.28E-01 -1.91E+07 6.679E+03
1503   4   9  2s6f           2s10d           -6.36E-02 -1.28E+07 5.766E+03
1504   5   1  2s7f           2s3d            5.82E-01  3.57E+09 1.042E+03
1505   5   2  2s7f           2s4d            6.04E-01  7.95E+08 2.251E+03
1506   5   3  2s7f           2p3p           4.86E-01  5.81E+08 2.361E+03
1507   5   4  2s7f           2s5d            2.58E+00  7.26E+08 4.867E+03
1508   5   5  2s7f           2s6d            8.63E+00  3.65E+08 1.256E+04
1509   5   6  2s7f           2s7d            5.79E+00  7.00E+05 2.348E+05
1510   5   7  2s7f           2s8d           -2.58E+00 -3.40E+07 2.251E+04
1511   5   8  2s7f           2s9d           -4.81E-01 -1.94E+07 1.288E+04
1512   5   9  2s7f           2s10d           -1.80E-01 -1.23E+07 9.863E+03
1513   6   1  2s8f           2s3d            3.29E-01  2.22E+09 9.934E+02
1514   6   2  2s8f           2s4d            2.81E-01  4.52E+08 2.036E+03
1515   6   3  2s8f           2p3p           2.81E-01  4.15E+08 2.125E+03
1516   6   4  2s8f           2s5d            1.15E+00  4.89E+08 3.960E+03
1517   6   5  2s8f           2s6d            2.57E+00  2.75E+08 7.894E+03
1518   6   6  2s8f           2s7d            8.67E+00  1.52E+08 1.949E+04
1519   6   7  2s8f           2s8d            6.40E+00  2.98E+05 3.788E+05
1520   6   8  2s8f           2s9d           -3.29E+00 -2.06E+07 3.267E+04
1521   6   9  2s8f           2s10d           -6.27E-01 -1.23E+07 1.841E+04
1522   7   1  2s9f           2s3d            2.06E-01  1.48E+09 9.624E+02
1523   7   2  2s9f           2s4d            1.44E-01  2.63E+08 1.910E+03
1524   7   3  2s9f           2p3p           1.86E-01  3.14E+08 1.988E+03
1525   7   4  2s9f           2s5d            6.26E-01  3.39E+08 3.510E+03
1526   7   5  2s9f           2s6d            1.18E+00  1.99E+08 6.288E+03
1527   7   6  2s9f           2s7d            2.60E+00  1.21E+08 1.195E+04
1528   7   7  2s9f           2s8d            8.85E+00  7.23E+07 2.858E+04
1529   7   8  2s9f           2s9d            6.94E+00  1.39E+05 5.760E+05
1530   7   9  2s9f           2s10d           -4.01E+00 -1.29E+07 4.550E+04
1531   8   1  2s10f           2s3d            1.38E-01  1.04E+09 9.415E+02
1532   8   2  2s10f           2s4d            7.77E-02  1.55E+08 1.829E+03
1533   8   3  2s10f           2p3p           1.35E-01  2.49E+08 1.901E+03
1534   8   4  2s10f           2s5d            3.85E-01  2.44E+08 3.246E+03
1535   8   5  2s10f           2s6d            6.56E-01  1.45E+08 5.489E+03
1536   8   6  2s10f           2s7d            1.20E+00  9.14E+07 9.360E+03
1537   8   7  2s10f           2s8d            2.65E+00  5.98E+07 1.720E+04
1538   8   8  2s10f           2s9d            9.15E+00  3.79E+07 4.015E+04
1539   8   9  2s10f           2s10d            7.39E+00  6.95E+04 8.419E+05
1540   1   1  2p3d           2s3d            1.85E+00  5.75E+09 1.465E+03
1541   1   2  2p3d           2s4d            1.29E-01  2.41E+07 5.979E+03
1542   1   3  2p3d           2p3p           5.37E-01  7.70E+07 6.822E+03
1543   1   4  2p3d           2s5d           -2.45E-04 -8.34E+03 1.400E+04
1544   1   5  2p3d           2s6d           -1.44E-04 -3.74E+04 5.069E+03
1545   1   6  2p3d           2s7d           -7.75E-05 -3.84E+04 3.668E+03
1546   1   7  2p3d           2s8d           -4.83E-05 -3.33E+04 3.112E+03
1547   1   8  2p3d           2s9d           -3.51E-05 -2.94E+04 2.820E+03
1548   1   9  2p3d           2s10d           -3.00E-05 -2.86E+04 2.643E+03
1549   2   1  2p4d           2s3d            8.85E-04  8.24E+06 8.463E+02
1550   2   2  2p4d           2s4d            6.11E-01  1.81E+09 1.501E+03
1551   2   3  2p4d           2p3p           1.59E+00  4.42E+09 1.549E+03
1552   2   4  2p4d           2s5d            1.32E-05  1.61E+04 2.340E+03
1553   2   5  2p4d           2s6d            1.10E-04  6.67E+04 3.316E+03
1554   2   6  2p4d           2s7d            1.31E-04  4.47E+04 4.421E+03
1555   2   7  2p4d           2s8d            1.39E-04  2.92E+04 5.633E+03
1556   2   8  2p4d           2s9d            1.51E-04  2.10E+04 6.931E+03
1557   2   9  2p4d           2s10d            1.73E-04  1.68E+04 8.295E+03
1558   3   1  2p5d           2s3d            2.19E-05  2.91E+05 7.091E+02
1559   3   2  2p5d           2s4d            2.12E-02  1.13E+08 1.118E+03
1560   3   3  2p5d           2p3p           1.77E-01  9.02E+08 1.144E+03
1561   3   4  2p5d           2s5d            1.50E+00  4.31E+09 1.524E+03
1562   3   5  2p5d           2s6d            1.05E-03  1.97E+06 1.886E+03
1563   3   6  2p5d           2s7d            1.77E-04  2.44E+05 2.198E+03
1564   3   7  2p5d           2s8d            7.18E-05  7.90E+04 2.462E+03
1565   3   8  2p5d           2s9d            4.87E-05  4.52E+04 2.681E+03
1566   3   9  2p5d           2s10d            4.65E-05  3.78E+04 2.863E+03
1567   4   1  2p6d           2s3d            8.13E-08  1.28E+03 6.521E+02
1568   4   2  2p6d           2s4d            1.29E-02  8.92E+07 9.822E+02
1569   4   3  2p6d           2p3p           8.41E-02  5.58E+08 1.003E+03
1570   4   4  2p6d           2s5d            2.59E-03  1.05E+07 1.283E+03
1571   4   5  2p6d           2s6d            1.47E+00  4.19E+09 1.530E+03
1572   4   6  2p6d           2s7d            1.54E-03  3.43E+06 1.729E+03
1573   4   7  2p6d           2s8d            3.49E-04  6.53E+05 1.888E+03
1574   4   8  2p6d           2s9d            1.63E-04  2.68E+05 2.015E+03
1575   4   9  2p6d           2s10d            1.07E-04  1.59E+05 2.116E+03
1576   5   1  2p7d           2s3d            6.15E-07  1.06E+04 6.220E+02
1577   5   2  2p7d           2s4d            7.92E-03  6.30E+07 9.155E+02
1578   5   3  2p7d           2p3p           4.73E-02  3.62E+08 9.332E+02
1579   5   4  2p7d           2s5d            7.25E-04  3.52E+06 1.172E+03
1580   5   5  2p7d           2s6d            1.89E-03  6.68E+06 1.374E+03
1581   5   6  2p7d           2s7d            1.46E+00  4.14E+09 1.533E+03
1582   5   7  2p7d           2s8d            1.71E-03  4.16E+06 1.657E+03
1583   5   8  2p7d           2s9d            4.20E-04  9.11E+05 1.753E+03
1584   5   9  2p7d           2s10d            2.01E-04  4.01E+05 1.829E+03
1585   6   1  2p8d           2s3d            1.08E-06  1.97E+04 6.040E+02
1586   6   2  2p8d           2s4d            5.15E-03  4.47E+07 8.770E+02
1587   6   3  2p8d           2p3p           2.95E-02  2.47E+08 8.932E+02
1588   6   4  2p8d           2s5d            3.27E-04  1.77E+06 1.109E+03
1589   6   5  2p8d           2s6d            5.02E-04  2.01E+06 1.289E+03
1590   6   6  2p8d           2s7d            1.67E-03  5.46E+06 1.428E+03
1591   6   7  2p8d           2s8d            1.46E+00  4.14E+09 1.535E+03
1592   6   8  2p8d           2s9d            1.78E-03  4.54E+06 1.617E+03
1593   6   9  2p8d           2s10d            4.51E-04  1.06E+06 1.682E+03
1594   7   1  2p9d           2s3d            1.11E-06  2.11E+04 5.922E+02
1595   7   2  2p9d           2s4d            3.54E-03  3.25E+07 8.524E+02
1596   7   3  2p9d           2p3p           1.97E-02  1.75E+08 8.677E+02
1597   7   4  2p9d           2s5d            1.81E-04  1.05E+06 1.070E+03
1598   7   5  2p9d           2s6d            2.24E-04  9.77E+05 1.237E+03
1599   7   6  2p9d           2s7d            4.32E-04  1.55E+06 1.364E+03
1600   7   7  2p9d           2s8d            1.57E-03  4.91E+06 1.461E+03
1601   7   8  2p9d           2s9d            1.45E+00  4.10E+09 1.536E+03
1602   7   9  2p9d           2s10d            1.81E-03  4.75E+06 1.594E+03
1603   8   1  2p10d           2s3d            9.84E-07  1.92E+04 5.841E+02
1604   8   2  2p10d           2s4d            2.53E-03  2.42E+07 8.357E+02
1605   8   3  2p10d           2p3p           1.39E-02  1.28E+08 8.504E+02
1606   8   4  2p10d           2s5d            1.13E-04  6.92E+05 1.044E+03
1607   8   5  2p10d           2s6d            1.24E-04  5.73E+05 1.202E+03
1608   8   6  2p10d           2s7d            1.92E-04  7.33E+05 1.322E+03
1609   8   7  2p10d           2s8d            4.00E-04  1.34E+06 1.413E+03
1610   8   8  2p10d           2s9d            1.52E-03  4.62E+06 1.482E+03
1611   8   9  2p10d           2s10d            1.45E+00  4.10E+09 1.536E+03
1612   1   1  2p4f           2p3d            1.31E+01  2.21E+10 1.988E+03
1613   1   2  2p4f           2p4d            2.82E-01  3.40E+04 2.352E+05
1614   1   3  2p4f           2p5d           -1.94E-01 -6.52E+07 4.455E+03
1615   1   4  2p4f           2p6d           -3.43E-02 -2.77E+07 2.876E+03
1616   1   5  2p4f           2p7d           -1.22E-02 -1.45E+07 2.370E+03
1617   1   6  2p4f           2p8d           -5.84E-03 -8.60E+06 2.128E+03
1618   1   7  2p4f           2p9d           -3.30E-03 -5.56E+06 1.989E+03
1619   1   8  2p4f           2p10d           -2.08E-03 -3.84E+06 1.900E+03
1620   2   1  2p5f           2p3d            2.01E+00  7.14E+09 1.370E+03
1621   2   2  2p5f           2p4d            1.14E+01  4.05E+09 4.330E+03
1622   2   3  2p5f           2p5d            5.25E-01  1.69E+04 4.547E+05
1623   2   4  2p5f           2p6d           -5.04E-01 -4.93E+07 8.258E+03
1624   2   5  2p5f           2p7d           -9.45E-02 -2.40E+07 5.123E+03
1625   2   6  2p5f           2p8d           -3.47E-02 -1.37E+07 4.112E+03
1626   2   7  2p5f           2p9d           -1.70E-02 -8.64E+06 3.622E+03
1627   2   8  2p5f           2p10d           -9.77E-03 -5.85E+06 3.339E+03
1628   3   1  2p6f           2p3d            6.83E-01  3.31E+09 1.173E+03
1629   3   2  2p6f           2p4d            2.44E+00  2.03E+09 2.830E+03
1630   3   3  2p6f           2p5d            1.07E+01  1.11E+09 8.027E+03
1631   3   4  2p6f           2p6d            7.46E-01  8.17E+03 7.802E+05
1632   3   5  2p6f           2p7d           -8.94E-01 -3.16E+07 1.373E+04
1633   3   6  2p6f           2p8d           -1.74E-01 -1.69E+07 8.276E+03
1634   3   7  2p6f           2p9d           -6.54E-02 -1.03E+07 6.507E+03
1635   3   8  2p6f           2p10d           -3.24E-02 -6.78E+06 5.645E+03
1636   4   1  2p7f           2p3d            3.20E-01  1.83E+09 1.080E+03
1637   4   2  2p7f           2p4d            9.54E-01  1.16E+09 2.342E+03
1638   4   3  2p7f           2p5d            2.56E+00  6.71E+08 5.045E+03
1639   4   4  2p7f           2p6d            1.04E+01  3.90E+08 1.334E+04
1640   4   5  2p7f           2p7d            9.67E-01  4.35E+03 1.218E+06
1641   4   6  2p7f           2p8d           -1.34E+00 -1.99E+07 2.120E+04
1642   4   7  2p7f           2p9d           -2.68E-01 -1.14E+07 1.250E+04
1643   4   8  2p7f           2p10d           -1.02E-01 -7.29E+06 9.664E+03
1644   5   1  2p8f           2p3d            1.79E-01  1.13E+09 1.027E+03
1645   5   2  2p8f           2p4d            4.84E-01  7.27E+08 2.107E+03
1646   5   3  2p8f           2p5d            1.06E+00  4.28E+08 4.066E+03
1647   5   4  2p8f           2p6d            2.64E+00  2.65E+08 8.152E+03
1648   5   5  2p8f           2p7d            1.04E+01  1.64E+08 2.060E+04
1649   5   6  2p8f           2p8d            1.18E+00  2.44E+03 1.797E+06
1650   5   7  2p8f           2p9d           -1.82E+00 -1.27E+07 3.097E+04
1651   5   8  2p8f           2p10d           -3.72E-01 -7.71E+06 1.794E+04
1652   6   1  2p9f           2p3d            1.11E-01  7.50E+08 9.938E+02
1653   6   2  2p9f           2p4d            2.85E-01  4.89E+08 1.971E+03
1654   6   3  2p9f           2p5d            5.62E-01  2.91E+08 3.589E+03
1655   6   4  2p9f           2p6d            1.13E+00  1.82E+08 6.437E+03
1656   6   5  2p9f           2p7d            2.70E+00  1.19E+08 1.231E+04
1657   6   6  2p9f           2p8d            1.06E+01  7.81E+07 3.008E+04
1658   6   7  2p9f           2p9d            1.38E+00  1.42E+03 2.546E+06
1659   6   8  2p9f           2p10d           -2.32E+00 -8.23E+06 4.335E+04
1660   7   1  2p10f           2p3d            7.44E-02  5.26E+08 9.713E+02
1661   7   2  2p10f           2p4d            1.83E-01  3.44E+08 1.884E+03
1662   7   3  2p10f           2p5d            3.39E-01  2.06E+08 3.311E+03
1663   7   4  2p10f           2p6d            6.09E-01  1.30E+08 5.596E+03
1664   7   5  2p10f           2p7d            1.18E+00  8.61E+07 9.561E+03
1665   7   6  2p10f           2p8d            2.77E+00  5.92E+07 1.767E+04
1666   7   7  2p10f           2p9d            1.08E+01  4.06E+07 4.211E+04
1667   7   8  2p10f           2p10d            1.58E+00  8.78E+02 3.465E+06
1668   1   1  2s4f           2p4f           -3.33E+00 -9.86E+09 1.501E+03
1669   1   2  2s4f           2p5f           -9.13E-02 -4.86E+08 1.120E+03
1670   1   3  2s4f           2p6f           -3.30E-02 -2.27E+08 9.849E+02
1671   1   4  2s4f           2p7f           -1.64E-02 -1.30E+08 9.183E+02
1672   1   5  2s4f           2p8f           -9.54E-03 -8.22E+07 8.797E+02
1673   1   6  2s4f           2p9f           -6.12E-03 -5.58E+07 8.551E+02
1674   1   7  2s4f           2p10f           -4.19E-03 -3.98E+07 8.384E+02
1675   2   1  2p3d           2p4f           -2.91E-01 -5.83E+08 1.824E+03
1676   2   2  2p3d           2p5f           -7.11E-01 -2.85E+09 1.291E+03
1677   2   3  2p3d           2p6f           -2.00E-01 -1.07E+09 1.115E+03
1678   2   4  2p3d           2p7f           -9.34E-02 -5.87E+08 1.030E+03
1679   2   5  2p3d           2p8f           -5.30E-02 -3.67E+08 9.817E+02
1680   2   6  2p3d           2p9f           -3.36E-02 -2.48E+08 9.512E+02
1681   2   7  2p3d           2p10f           -2.28E-02 -1.76E+08 9.305E+02
1682   3   1  2s5f           2p4f           -4.93E-02 -5.66E+07 2.411E+03
1683   3   2  2s5f           2p5f           -1.63E+00 -4.47E+09 1.559E+03
1684   3   3  2s5f           2p6f           -2.19E-02 -8.52E+07 1.309E+03
1685   3   4  2s5f           2p7f           -7.36E-03 -3.44E+07 1.194E+03
1686   3   5  2s5f           2p8f           -3.74E-03 -1.95E+07 1.130E+03
1687   3   6  2s5f           2p9f           -2.25E-03 -1.26E+07 1.090E+03
1688   3   7  2s5f           2p10f           -1.48E-03 -8.74E+06 1.062E+03
1689   4   1  2s6f           2p4f           -1.49E-02 -8.84E+06 3.353E+03
1690   4   2  2s6f           2p5f           -3.48E-04 -6.40E+05 1.905E+03
1691   4   3  2s6f           2p6f           -1.98E+00 -5.53E+09 1.545E+03
1692   4   4  2s6f           2p7f           -3.28E-03 -1.14E+07 1.387E+03
1693   4   5  2s6f           2p8f           -9.25E-04 -3.65E+06 1.301E+03
1694   4   6  2s6f           2p9f           -4.41E-04 -1.89E+06 1.248E+03
1695   4   7  2s6f           2p10f           -2.57E-04 -1.17E+06 1.213E+03
1696   5   1  2s7f           2p4f           -8.39E-03 -2.86E+06 4.421E+03
1697   5   2  2s7f           2p5f           -3.00E-04 -4.10E+05 2.208E+03
1698   5   3  2s7f           2p6f           -1.37E-03 -3.02E+06 1.738E+03
1699   5   4  2s7f           2p7f           -2.03E+00 -5.70E+09 1.541E+03
1700   5   5  2s7f           2p8f           -1.14E-03 -3.69E+06 1.435E+03
1701   5   6  2s7f           2p9f           -2.57E-04 -9.12E+05 1.371E+03
1702   5   7  2s7f           2p10f           -1.07E-04 -4.04E+05 1.329E+03
1703   6   1  2s8f           2p4f           -5.98E-03 -1.28E+06 5.582E+03
1704   6   2  2s8f           2p5f           -5.66E-04 -6.22E+05 2.464E+03
1705   6   3  2s8f           2p6f           -6.30E-04 -1.17E+06 1.893E+03
1706   6   4  2s8f           2p7f           -1.25E-03 -3.02E+06 1.662E+03
1707   6   5  2s8f           2p8f           -2.05E+00 -5.77E+09 1.539E+03
1708   6   6  2s8f           2p9f           -5.26E-04 -1.63E+06 1.466E+03
1709   6   7  2s8f           2p10f           -9.31E-05 -3.09E+05 1.417E+03
1710   7   1  2s9f           2p4f           -4.79E-03 -6.88E+05 6.812E+03
1711   7   2  2s9f           2p5f           -9.06E-04 -8.43E+05 2.678E+03
1712   7   3  2s9f           2p6f           -5.82E-04 -9.54E+05 2.017E+03
1713   7   4  2s9f           2p7f           -5.19E-04 -1.12E+06 1.756E+03
1714   7   5  2s9f           2p8f           -9.24E-04 -2.35E+06 1.620E+03
1715   7   6  2s9f           2p9f           -2.06E+00 -5.80E+09 1.539E+03
1716   7   7  2s9f           2p10f           -2.53E-04 -7.65E+05 1.485E+03
1717   8   1  2s10f           2p4f           -4.09E-03 -4.17E+05 8.089E+03
1718   8   2  2s10f           2p5f           -1.28E-03 -1.05E+06 2.855E+03
1719   8   3  2s10f           2p6f           -6.27E-04 -9.34E+05 2.116E+03
1720   8   4  2s10f           2p7f           -4.03E-04 -8.02E+05 1.830E+03
1721   8   5  2s10f           2p8f           -3.66E-04 -8.62E+05 1.683E+03
1722   8   6  2s10f           2p9f           -6.12E-04 -1.60E+06 1.596E+03
1723   8   7  2s10f           2p10f           -2.06E+00 -5.81E+09 1.538E+03
1724   1   1  2s4f           2p4f           -3.33E+00 -9.86E+09 1.501E+03
1725   1   2  2s4f           2p5f           -9.13E-02 -4.86E+08 1.120E+03
1726   1   3  2s4f           2p6f           -3.30E-02 -2.27E+08 9.849E+02
1727   1   4  2s4f           2p7f           -1.64E-02 -1.30E+08 9.183E+02
1728   1   5  2s4f           2p8f           -9.54E-03 -8.22E+07 8.797E+02
1729   1   6  2s4f           2p9f           -6.12E-03 -5.58E+07 8.551E+02
1730   1   7  2s4f           2p10f           -4.19E-03 -3.98E+07 8.384E+02
1731   2   1  2p3d           2p4f           -2.91E-01 -5.83E+08 1.824E+03
1732   2   2  2p3d           2p5f           -7.11E-01 -2.85E+09 1.291E+03
1733   2   3  2p3d           2p6f           -2.00E-01 -1.07E+09 1.115E+03
1734   2   4  2p3d           2p7f           -9.34E-02 -5.87E+08 1.030E+03
1735   2   5  2p3d           2p8f           -5.30E-02 -3.67E+08 9.817E+02
1736   2   6  2p3d           2p9f           -3.36E-02 -2.48E+08 9.512E+02
1737   2   7  2p3d           2p10f           -2.28E-02 -1.76E+08 9.305E+02
1738   3   1  2s5f           2p4f           -4.93E-02 -5.66E+07 2.411E+03
1739   3   2  2s5f           2p5f           -1.63E+00 -4.47E+09 1.559E+03
1740   3   3  2s5f           2p6f           -2.19E-02 -8.52E+07 1.309E+03
1741   3   4  2s5f           2p7f           -7.36E-03 -3.44E+07 1.194E+03
1742   3   5  2s5f           2p8f           -3.74E-03 -1.95E+07 1.130E+03
1743   3   6  2s5f           2p9f           -2.25E-03 -1.26E+07 1.090E+03
1744   3   7  2s5f           2p10f           -1.48E-03 -8.74E+06 1.062E+03
1745   4   1  2s6f           2p4f           -1.49E-02 -8.84E+06 3.353E+03
1746   4   2  2s6f           2p5f           -3.48E-04 -6.40E+05 1.905E+03
1747   4   3  2s6f           2p6f           -1.98E+00 -5.53E+09 1.545E+03
1748   4   4  2s6f           2p7f           -3.28E-03 -1.14E+07 1.387E+03
1749   4   5  2s6f           2p8f           -9.25E-04 -3.65E+06 1.301E+03
1750   4   6  2s6f           2p9f           -4.41E-04 -1.89E+06 1.248E+03
1751   4   7  2s6f           2p10f           -2.57E-04 -1.17E+06 1.213E+03
1752   5   1  2s7f           2p4f           -8.39E-03 -2.86E+06 4.421E+03
1753   5   2  2s7f           2p5f           -3.00E-04 -4.10E+05 2.208E+03
1754   5   3  2s7f           2p6f           -1.37E-03 -3.02E+06 1.738E+03
1755   5   4  2s7f           2p7f           -2.03E+00 -5.70E+09 1.541E+03
1756   5   5  2s7f           2p8f           -1.14E-03 -3.69E+06 1.435E+03
1757   5   6  2s7f           2p9f           -2.57E-04 -9.12E+05 1.371E+03
1758   5   7  2s7f           2p10f           -1.07E-04 -4.04E+05 1.329E+03
1759   6   1  2s8f           2p4f           -5.98E-03 -1.28E+06 5.582E+03
1760   6   2  2s8f           2p5f           -5.66E-04 -6.22E+05 2.464E+03
1761   6   3  2s8f           2p6f           -6.30E-04 -1.17E+06 1.893E+03
1762   6   4  2s8f           2p7f           -1.25E-03 -3.02E+06 1.662E+03
1763   6   5  2s8f           2p8f           -2.05E+00 -5.77E+09 1.539E+03
1764   6   6  2s8f           2p9f           -5.26E-04 -1.63E+06 1.466E+03
1765   6   7  2s8f           2p10f           -9.31E-05 -3.09E+05 1.417E+03
1766   7   1  2s9f           2p4f           -4.79E-03 -6.88E+05 6.812E+03
1767   7   2  2s9f           2p5f           -9.06E-04 -8.43E+05 2.678E+03
1768   7   3  2s9f           2p6f           -5.82E-04 -9.54E+05 2.017E+03
1769   7   4  2s9f           2p7f           -5.19E-04 -1.12E+06 1.756E+03
1770   7   5  2s9f           2p8f           -9.24E-04 -2.35E+06 1.620E+03
1771   7   6  2s9f           2p9f           -2.06E+00 -5.80E+09 1.539E+03
1772   7   7  2s9f           2p10f           -2.53E-04 -7.65E+05 1.485E+03
1773   8   1  2s10f           2p4f           -4.09E-03 -4.17E+05 8.089E+03
1774   8   2  2s10f           2p5f           -1.28E-03 -1.05E+06 2.855E+03
1775   8   3  2s10f           2p6f           -6.27E-04 -9.34E+05 2.116E+03
1776   8   4  2s10f           2p7f           -4.03E-04 -8.02E+05 1.830E+03
1777   8   5  2s10f           2p8f           -3.66E-04 -8.62E+05 1.683E+03
1778   8   6  2s10f           2p9f           -6.12E-04 -1.60E+06 1.596E+03
1779   8   7  2s10f           2p10f           -2.06E+00 -5.81E+09 1.538E+03
1780   1   1  2s5g           2s4f            2.19E+01  8.79E+09 4.078E+03
1781   1   2  2s5g           2p3d            6.73E+00  7.26E+08 7.865E+03
1782   1   3  2s5g           2s5f           -1.16E+00 -3.09E+05 1.583E+05
1783   1   4  2s5g           2s6f           -1.43E-01 -1.44E+07 8.145E+03
1784   1   5  2s5g           2s7f           -2.49E-02 -6.30E+06 5.133E+03
1785   1   6  2s5g           2s8f           -8.43E-03 -3.29E+06 4.134E+03
1786   1   7  2s5g           2s9f           -3.84E-03 -1.93E+06 3.646E+03
1787   1   8  2s5g           2s10f           -2.06E-03 -1.22E+06 3.362E+03
1788   2   1  2s6g           2s4f            3.68E+00  3.29E+09 2.730E+03
1789   2   2  2s6g           2p3d            8.68E-03  3.57E+06 4.029E+03
1790   2   3  2s6g           2s5f            2.56E+01  2.25E+09 8.717E+03
1791   2   4  2s6g           2s6f           -1.10E+00 -2.24E+04 5.728E+05
1792   2   5  2s6g           2s7f           -4.42E-01 -1.61E+07 1.355E+04
1793   2   6  2s6g           2s8f           -8.00E-02 -7.79E+06 8.274E+03
1794   2   7  2s6g           2s9f           -2.80E-02 -4.38E+06 6.527E+03
1795   2   8  2s6g           2s10f           -1.32E-02 -2.74E+06 5.670E+03
1796   3   1  2s7g           2s4f            1.29E+00  1.66E+09 2.276E+03
1797   3   2  2s7g           2p3d            9.50E-02  6.54E+07 3.113E+03
1798   3   3  2s7g           2s5f            4.13E+00  9.71E+08 5.326E+03
1799   3   4  2s7g           2s6f            2.45E+01  8.31E+08 1.403E+04
1800   3   5  2s7g           2s7f           -1.08E+00 -4.11E+03 1.325E+06
1801   3   6  2s7g           2s8f           -8.52E-01 -1.30E+07 2.091E+04
1802   3   7  2s7g           2s9f           -1.62E-01 -6.94E+06 1.247E+04
1803   3   8  2s7g           2s10f           -5.87E-02 -4.18E+06 9.678E+03
1804   4   1  2s8g           2s4f            6.19E-01  9.78E+08 2.054E+03
1805   4   2  2s8g           2p3d            1.13E-01  1.02E+08 2.713E+03
1806   4   3  2s8g           2s5f            1.36E+00  5.02E+08 4.252E+03
1807   4   4  2s8g           2s6f            5.02E+00  4.72E+08 8.423E+03
1808   4   5  2s8g           2s7f            2.37E+01  3.44E+08 2.143E+04
1809   4   6  2s8g           2s8f           -1.07E+00 -1.10E+03 2.553E+06
1810   4   7  2s8g           2s9f           -1.35E+00 -9.65E+06 3.054E+04
1811   4   8  2s8g           2s10f           -2.65E-01 -5.52E+06 1.789E+04
1812   5   1  2s9g           2s4f            3.50E-01  6.29E+08 1.926E+03
1813   5   2  2s9g           2p3d            1.09E-01  1.17E+08 2.493E+03
1814   5   3  2s9g           2s5f            6.03E-01  2.88E+08 3.736E+03
1815   5   4  2s9g           2s6f            1.90E+00  2.90E+08 6.612E+03
1816   5   5  2s9g           2s7f            5.33E+00  2.23E+08 1.263E+04
1817   5   6  2s9g           2s8f            2.33E+01  1.60E+08 3.113E+04
1818   5   7  2s9g           2s9f           -1.04E+00 -3.41E+02 4.511E+06
1819   5   8  2s9g           2s10f           -1.90E+00 -6.93E+06 4.275E+04
1820   6   1  2s10g           2s4f            2.20E-01  4.32E+08 1.843E+03
1821   6   2  2s10g           2p3d            9.99E-02  1.20E+08 2.356E+03
1822   6   3  2s10g           2s5f            3.17E-01  1.79E+08 3.437E+03
1823   6   4  2s10g           2s6f            9.37E-01  1.90E+08 5.731E+03
1824   6   5  2s10g           2s7f            2.14E+00  1.50E+08 9.761E+03
1825   6   6  2s10g           2s8f            5.52E+00  1.13E+08 1.805E+04
1826   6   7  2s10g           2s9f            2.33E+01  8.25E+07 4.340E+04
1827   6   8  2s10g           2s10f           -9.57E-01 -1.03E+02 7.856E+06
**iont**
6	5	2920
**lines**
1   1   1  2s2_2p         2s2p2          -7.47E-01 -4.79E+09 1.020E+03
2   1   2  2s2_2p         2s2_3s         -7.81E-02 -7.08E+08 8.578E+02
3   1   3  2s2_2p         2s2_4s         -3.67E-02 -6.02E+08 6.377E+02
4   1   4  2s2_2p         2s2_5s         -1.40E-02 -2.79E+08 5.784E+02
5   1   5  2s2_2p         2s2_6s         -6.72E-03 -1.47E+08 5.531E+02
6   1   6  2s2_2p         2s2_7s         -3.62E-03 -8.29E+07 5.398E+02
7   1   7  2s2_2p         2s2_8s         -2.07E-03 -4.88E+07 5.319E+02
8   1   8  2s2_2p         2s2_9s         -1.19E-03 -2.86E+07 5.267E+02
9   1   9  2s2_2p         2s210s         -6.40E-04 -1.56E+07 5.232E+02
10   2   1  2s2_3p         2s2p2           2.72E-01  2.02E+08 2.999E+03
11   2   2  2s2_3p         2s2_3s          1.38E+00  2.03E+08 6.742E+03
12   2   3  2s2_3p         2s2_4s         -8.75E-01 -3.77E+08 3.936E+03
13   2   4  2s2_3p         2s2_5s         -1.33E-01 -1.53E+08 2.411E+03
14   2   5  2s2_3p         2s2_6s         -4.82E-02 -7.84E+07 2.025E+03
15   2   6  2s2_3p         2s2_7s         -2.32E-02 -4.48E+07 1.858E+03
16   2   7  2s2_3p         2s2_8s         -1.28E-02 -2.74E+07 1.767E+03
17   2   8  2s2_3p         2s2_9s         -7.48E-03 -1.70E+07 1.711E+03
18   2   9  2s2_3p         2s210s         -4.37E-03 -1.04E+07 1.675E+03
19   3   1  2s2_4p         2s2p2           9.72E-04  2.66E+06 1.561E+03
20   3   2  2s2_4p         2s2_3s          9.71E-02  1.34E+08 2.195E+03
21   3   3  2s2_4p         2s2_4s          2.24E+00  4.22E+07 1.881E+04
22   3   4  2s2_4p         2s2_5s         -1.18E+00 -9.10E+07 9.302E+03
23   3   5  2s2_4p         2s2_6s         -1.76E-01 -4.08E+07 5.362E+03
24   3   6  2s2_4p         2s2_7s         -6.18E-02 -2.20E+07 4.327E+03
25   3   7  2s2_4p         2s2_8s         -2.88E-02 -1.29E+07 3.864E+03
26   3   8  2s2_4p         2s2_9s         -1.50E-02 -7.68E+06 3.609E+03
27   3   9  2s2_4p         2s210s         -7.90E-03 -4.43E+06 3.450E+03
28   4   1  2p3             2s2p2           1.85E-03  6.30E+06 1.399E+03
29   4   2  2p3             2s2_3s          1.30E-02  2.43E+07 1.888E+03
30   4   3  2p3             2s2_4s          3.11E-01  3.36E+07 7.857E+03
31   4   4  2p3             2s2_5s         -2.99E-01 -2.22E+06 2.994E+04
32   4   5  2p3             2s2_6s         -3.71E-03 -3.13E+05 8.898E+03
33   4   6  2p3             2s2_7s         -2.25E-03 -3.70E+05 6.369E+03
34   4   7  2p3             2s2_8s         -2.47E-03 -5.62E+05 5.415E+03
35   4   8  2p3             2s2_9s         -3.33E-03 -9.15E+05 4.927E+03
36   4   9  2p3             2s210s         -5.17E-03 -1.60E+06 4.636E+03
37   5   1  2s2_5p         2s2p2           5.41E-02  2.16E+08 1.294E+03
38   5   2  2s2_5p         2s2_3s          2.56E-02  5.90E+07 1.701E+03
39   5   3  2s2_5p         2s2_4s          4.95E-02  1.14E+07 5.390E+03
40   5   4  2s2_5p         2s2_5s          2.40E+00  9.89E+06 4.023E+04
41   5   5  2s2_5p         2s2_6s         -1.41E+00 -2.76E+07 1.847E+04
42   5   6  2s2_5p         2s2_7s         -2.11E-01 -1.37E+07 1.013E+04
43   5   7  2s2_5p         2s2_8s         -7.69E-02 -8.20E+06 7.910E+03
44   5   8  2s2_5p         2s2_9s         -3.82E-02 -5.34E+06 6.910E+03
45   5   9  2s2_5p         2s210s         -2.21E-02 -3.66E+06 6.351E+03
46   6   1  2s2p(3PO)3s   2s2p2           2.42E-01  1.04E+09 1.247E+03
47   6   2  2s2p(3PO)3s   2s2_3s          1.02E-03  2.59E+06 1.622E+03
48   6   3  2s2p(3PO)3s   2s2_4s          5.18E-02  1.58E+07 4.670E+03
49   6   4  2s2p(3PO)3s   2s2_5s          1.01E+00  1.93E+07 1.870E+04
50   6   5  2s2p(3PO)3s   2s2_6s         -8.91E-01 -3.87E+06 3.921E+04
51   6   6  2s2p(3PO)3s   2s2_7s         -3.10E-02 -1.02E+06 1.426E+04
52   6   7  2s2p(3PO)3s   2s2_8s         -1.01E-02 -6.44E+05 1.023E+04
53   6   8  2s2p(3PO)3s   2s2_9s         -5.85E-03 -5.26E+05 8.613E+03
54   6   9  2s2p(3PO)3s   2s210s         -4.65E-03 -5.15E+05 7.762E+03
55   7   1  2s2_6p         2s2p2           8.88E-03  4.23E+07 1.184E+03
56   7   2  2s2_6p         2s2_3s          1.72E-02  4.99E+07 1.516E+03
57   7   3  2s2_6p         2s2_4s          5.40E-03  2.38E+06 3.887E+03
58   7   4  2s2_6p         2s2_5s          1.34E-04  8.34E+03 1.035E+04
59   7   5  2s2_6p         2s2_6s          4.37E+00  9.03E+06 5.682E+04
60   7   6  2s2_6p         2s2_7s         -2.93E+00 -1.43E+07 3.700E+04
61   7   7  2s2_6p         2s2_8s         -3.53E-01 -7.04E+06 1.829E+04
62   7   8  2s2_6p         2s2_9s         -1.24E-01 -4.41E+06 1.370E+04
63   7   9  2s2_6p         2s210s         -6.19E-02 -3.03E+06 1.166E+04
64   8   1  2s2_7p         2s2p2           1.11E-03  5.76E+06 1.134E+03
65   8   2  2s2_7p         2s2_3s          1.17E-02  3.79E+07 1.435E+03
66   8   3  2s2_7p         2s2_4s          6.91E-03  4.00E+06 3.396E+03
67   8   4  2s2_7p         2s2_5s          5.45E-03  6.51E+05 7.474E+03
68   8   5  2s2_7p         2s2_6s          3.22E-05  6.45E+02 1.824E+04
69   8   6  2s2_7p         2s2_7s          5.13E+00  3.55E+06 9.818E+04
70   8   7  2s2_7p         2s2_8s         -3.50E+00 -7.13E+06 5.724E+04
71   8   8  2s2_7p         2s2_9s         -4.33E-01 -3.70E+06 2.794E+04
72   8   9  2s2_7p         2s210s         -1.51E-01 -2.37E+06 2.061E+04
73   9   1  2s2_8p         2s2p2           2.52E-04  1.38E+06 1.104E+03
74   9   2  2s2_8p         2s2_3s          7.89E-03  2.74E+07 1.387E+03
75   9   3  2s2_8p         2s2_4s          5.29E-03  3.58E+06 3.140E+03
76   9   4  2s2_8p         2s2_5s          5.30E-03  8.81E+05 6.335E+03
77   9   5  2s2_8p         2s2_6s          4.43E-03  1.84E+05 1.268E+04
78   9   6  2s2_8p         2s2_7s          1.74E-05  1.36E+02 2.921E+04
79   9   7  2s2_8p         2s2_8s          5.87E+00  1.69E+06 1.521E+05
80   9   8  2s2_8p         2s2_9s         -4.11E+00 -3.78E+06 8.520E+04
81   9   9  2s2_8p         2s210s         -5.05E-01 -2.02E+06 4.086E+04
82  10   1  2s2_9p         2s2p2           7.08E-05  4.02E+05 1.084E+03
83  10   2  2s2_9p         2s2_3s          5.55E-03  2.01E+07 1.357E+03
84  10   3  2s2_9p         2s2_4s          3.87E-03  2.89E+06 2.987E+03
85  10   4  2s2_9p         2s2_5s          4.08E-03  8.25E+05 5.743E+03
86  10   5  2s2_9p         2s2_6s          4.31E-03  2.60E+05 1.051E+04
87  10   6  2s2_9p         2s2_7s          3.35E-03  5.70E+04 1.980E+04
88  10   7  2s2_9p         2s2_8s          4.62E-04  1.61E+03 4.376E+04
89  10   8  2s2_9p         2s2_9s          6.64E+00  9.13E+05 2.202E+05
90  10   9  2s2_9p         2s210s         -4.77E+00 -2.14E+06 1.220E+05
91  11   1  2s210p         2s2p2           2.14E-05  1.24E+05 1.071E+03
92  11   2  2s210p         2s2_3s          4.04E-03  1.51E+07 1.336E+03
93  11   3  2s210p         2s2_4s          2.87E-03  2.30E+06 2.888E+03
94  11   4  2s210p         2s2_5s          3.06E-03  7.03E+05 5.387E+03
95  11   5  2s210p         2s2_6s          3.39E-03  2.57E+05 9.377E+03
96  11   6  2s210p         2s2_7s          3.48E-03  8.93E+04 1.612E+04
97  11   7  2s210p         2s2_8s          2.26E-03  1.78E+04 2.910E+04
98  11   8  2s210p         2s2_9s          2.09E-03  3.59E+03 6.231E+04
99  11   9  2s210p         2s210s          7.43E+00  5.43E+05 3.022E+05
100   1   1  2s2p2          2p2(3PE)3p    -5.42E-02 -8.51E+08 6.517E+02
101   1   2  2s2p2          2p2(3PE)4p    -1.87E-02 -4.39E+08 5.330E+02
102   1   3  2s2p2          2p2(3PE)5p    -8.24E-03 -2.23E+08 4.968E+02
103   1   4  2s2p2          2p2(3PE)6p    -4.39E-03 -1.27E+08 4.803E+02
104   1   5  2s2p2          2p2(3PE)7p    -2.63E-03 -7.90E+07 4.713E+02
105   1   6  2s2p2          2p2(3PE)8p    -1.70E-03 -5.23E+07 4.657E+02
106   1   7  2s2p2          2p2(3PE)9p    -1.17E-03 -3.65E+07 4.621E+02
107   1   8  2s2p2          2p2(3PE)10p    -8.35E-04 -2.64E+07 4.596E+02
108   2   1  2s2p(3PO)3p   2p2(3PE)3p    -7.93E-01 -3.71E+09 1.195E+03
109   2   2  2s2p(3PO)3p   2p2(3PE)4p    -6.04E-04 -5.60E+06 8.483E+02
110   2   3  2s2p(3PO)3p   2p2(3PE)5p    -2.26E-04 -2.61E+06 7.601E+02
111   2   4  2s2p(3PO)3p   2p2(3PE)6p    -1.09E-04 -1.39E+06 7.221E+02
112   2   5  2s2p(3PO)3p   2p2(3PE)7p    -6.18E-05 -8.37E+05 7.019E+02
113   2   6  2s2p(3PO)3p   2p2(3PE)8p    -3.87E-05 -5.43E+05 6.898E+02
114   2   7  2s2p(3PO)3p   2p2(3PE)9p    -2.59E-05 -3.72E+05 6.819E+02
115   2   8  2s2p(3PO)3p   2p2(3PE)10p    -1.82E-05 -2.65E+05 6.764E+02
116   3   1  2s2p(3PO)4p   2p2(3PE)3p    -9.55E-03 -1.69E+07 1.943E+03
117   3   2  2s2p(3PO)4p   2p2(3PE)4p    -5.90E-01 -2.89E+09 1.168E+03
118   3   3  2s2p(3PO)4p   2p2(3PE)5p    -4.53E-05 -2.98E+05 1.007E+03
119   3   4  2s2p(3PO)4p   2p2(3PE)6p    -2.49E-05 -1.87E+05 9.412E+02
120   3   5  2s2p(3PO)4p   2p2(3PE)7p    -1.37E-05 -1.11E+05 9.072E+02
121   3   6  2s2p(3PO)4p   2p2(3PE)8p    -8.30E-06 -7.04E+04 8.870E+02
122   3   7  2s2p(3PO)4p   2p2(3PE)9p    -5.41E-06 -4.72E+04 8.740E+02
123   3   8  2s2p(3PO)4p   2p2(3PE)10p    -3.73E-06 -3.32E+04 8.650E+02
124   4   1  2s2p(3PO)5p   2p2(3PE)3p    -3.28E-03 -3.17E+06 2.629E+03
125   4   2  2s2p(3PO)5p   2p2(3PE)4p    -1.94E-05 -6.75E+04 1.385E+03
126   4   3  2s2p(3PO)5p   2p2(3PE)5p    -5.60E-01 -2.76E+09 1.164E+03
127   4   4  2s2p(3PO)5p   2p2(3PE)6p    -8.58E-05 -4.93E+05 1.078E+03
128   4   5  2s2p(3PO)5p   2p2(3PE)7p    -2.60E-05 -1.62E+05 1.033E+03
129   4   6  2s2p(3PO)5p   2p2(3PE)8p    -1.20E-05 -7.89E+04 1.007E+03
130   4   7  2s2p(3PO)5p   2p2(3PE)9p    -6.69E-06 -4.55E+04 9.902E+02
131   4   8  2s2p(3PO)5p   2p2(3PE)10p    -4.17E-06 -2.90E+04 9.788E+02
132   5   1  2s2p(3PO)6p   2p2(3PE)3p    -1.35E-03 -8.84E+05 3.192E+03
133   5   2  2s2p(3PO)6p   2p2(3PE)4p    -3.67E-04 -1.05E+06 1.527E+03
134   5   3  2s2p(3PO)6p   2p2(3PE)5p    -1.51E-03 -6.31E+06 1.263E+03
135   5   4  2s2p(3PO)6p   2p2(3PE)6p    -4.62E-01 -2.28E+09 1.161E+03
136   5   5  2s2p(3PO)6p   2p2(3PE)7p    -1.29E-03 -6.98E+06 1.110E+03
137   5   6  2s2p(3PO)6p   2p2(3PE)8p    -3.41E-04 -1.95E+06 1.080E+03
138   5   7  2s2p(3PO)6p   2p2(3PE)9p    -1.53E-04 -9.07E+05 1.061E+03
139   5   8  2s2p(3PO)6p   2p2(3PE)10p    -8.50E-05 -5.17E+05 1.048E+03
140   6   1  2s2p(1PO)3p   2p2(3PE)3p    -5.03E-02 -3.01E+07 3.336E+03
141   6   2  2s2p(1PO)3p   2p2(3PE)4p    -1.89E-03 -5.19E+06 1.559E+03
142   6   3  2s2p(1PO)3p   2p2(3PE)5p    -3.45E-03 -1.39E+07 1.285E+03
143   6   4  2s2p(1PO)3p   2p2(3PE)6p    -9.91E-02 -4.75E+08 1.180E+03
144   6   5  2s2p(1PO)3p   2p2(3PE)7p    -8.22E-03 -4.32E+07 1.127E+03
145   6   6  2s2p(1PO)3p   2p2(3PE)8p    -1.60E-03 -8.88E+06 1.096E+03
146   6   7  2s2p(1PO)3p   2p2(3PE)9p    -6.62E-04 -3.81E+06 1.076E+03
147   6   8  2s2p(1PO)3p   2p2(3PE)10p    -3.57E-04 -2.11E+06 1.063E+03
148   7   1  2s2p(3PO)7p   2p2(3PE)3p    -6.65E-03 -3.25E+06 3.697E+03
149   7   2  2s2p(3PO)7p   2p2(3PE)4p    -1.40E-05 -3.50E+04 1.633E+03
150   7   3  2s2p(3PO)7p   2p2(3PE)5p    -4.81E-08 -1.80E+02 1.335E+03
151   7   4  2s2p(3PO)7p   2p2(3PE)6p    -4.56E-07 -2.04E+03 1.222E+03
152   7   5  2s2p(3PO)7p   2p2(3PE)7p    -5.49E-01 -2.70E+09 1.165E+03
153   7   6  2s2p(3PO)7p   2p2(3PE)8p    -5.96E-06 -3.10E+04 1.132E+03
154   7   7  2s2p(3PO)7p   2p2(3PE)9p    -2.26E-06 -1.22E+04 1.111E+03
155   7   8  2s2p(3PO)7p   2p2(3PE)10p    -1.34E-06 -7.43E+03 1.097E+03
156   8   1  2s2p(3PO)8p   2p2(3PE)3p    -3.40E-03 -1.37E+06 4.070E+03
157   8   2  2s2p(3PO)8p   2p2(3PE)4p    -1.68E-06 -3.87E+03 1.702E+03
158   8   3  2s2p(3PO)8p   2p2(3PE)5p    -1.55E-05 -5.42E+04 1.381E+03
159   8   4  2s2p(3PO)8p   2p2(3PE)6p    -2.63E-05 -1.10E+05 1.260E+03
160   8   5  2s2p(3PO)8p   2p2(3PE)7p    -7.08E-05 -3.28E+05 1.200E+03
161   8   6  2s2p(3PO)8p   2p2(3PE)8p    -5.57E-01 -2.74E+09 1.165E+03
162   8   7  2s2p(3PO)8p   2p2(3PE)9p    -3.69E-05 -1.89E+05 1.143E+03
163   8   8  2s2p(3PO)8p   2p2(3PE)10p    -7.49E-06 -3.93E+04 1.127E+03
164   9   1  2s2p(3PO)9p   2p2(3PE)3p    -2.27E-03 -7.93E+05 4.369E+03
165   9   2  2s2p(3PO)9p   2p2(3PE)4p    -9.20E-06 -2.00E+04 1.753E+03
166   9   3  2s2p(3PO)9p   2p2(3PE)5p    -2.27E-05 -7.58E+04 1.414E+03
167   9   4  2s2p(3PO)9p   2p2(3PE)6p    -3.00E-05 -1.21E+05 1.288E+03
168   9   5  2s2p(3PO)9p   2p2(3PE)7p    -4.96E-05 -2.21E+05 1.225E+03
169   9   6  2s2p(3PO)9p   2p2(3PE)8p    -1.53E-04 -7.23E+05 1.188E+03
170   9   7  2s2p(3PO)9p   2p2(3PE)9p    -5.58E-01 -2.74E+09 1.165E+03
171   9   8  2s2p(3PO)9p   2p2(3PE)10p    -9.97E-05 -5.04E+05 1.149E+03
172  10   1  2s2p(3PO)10p   2p2(3PE)3p    -1.64E-03 -5.15E+05 4.607E+03
173  10   2  2s2p(3PO)10p   2p2(3PE)4p    -1.42E-05 -2.96E+04 1.790E+03
174  10   3  2s2p(3PO)10p   2p2(3PE)5p    -2.37E-05 -7.65E+04 1.438E+03
175  10   4  2s2p(3PO)10p   2p2(3PE)6p    -2.74E-05 -1.07E+05 1.308E+03
176  10   5  2s2p(3PO)10p   2p2(3PE)7p    -3.67E-05 -1.58E+05 1.243E+03
177  10   6  2s2p(3PO)10p   2p2(3PE)8p    -6.57E-05 -3.02E+05 1.205E+03
178  10   7  2s2p(3PO)10p   2p2(3PE)9p    -2.21E-04 -1.06E+06 1.181E+03
179  10   8  2s2p(3PO)10p   2p2(3PE)10p    -5.59E-01 -2.75E+09 1.165E+03
180   1   1  2s2_2p         2s2p2          -3.06E+00 -2.56E+10 8.924E+02
181   1   2  2s2_2p         2s2p(3PO)3p   -1.09E-01 -2.40E+09 5.501E+02
182   1   3  2s2_2p         2s2p(3PO)4p   -5.32E-02 -1.63E+09 4.672E+02
183   1   4  2s2_2p         2s2p(3PO)5p   -2.31E-02 -7.97E+08 4.396E+02
184   1   5  2s2_2p         2s2p(3PO)6p   -2.39E-03 -8.74E+07 4.270E+02
185   1   6  2s2_2p         2s2p(1PO)3p   -3.24E-02 -1.20E+09 4.246E+02
186   1   7  2s2_2p         2s2p(3PO)7p   -1.35E-02 -5.12E+08 4.194E+02
187   1   8  2s2_2p         2s2p(3PO)8p   -7.74E-03 -3.00E+08 4.151E+02
188   1   9  2s2_2p         2s2p(3PO)9p   -5.13E-03 -2.01E+08 4.122E+02
189   1  10  2s2_2p         2s2p(3PO)10p   -3.63E-03 -1.44E+08 4.102E+02
190   2   1  2s2_3p         2s2p2           1.28E-03  3.20E+05 5.166E+03
191   2   2  2s2_3p         2s2p(3PO)3p   -6.80E-02 -1.15E+08 1.985E+03
192   2   3  2s2_3p         2s2p(3PO)4p   -1.35E-02 -6.15E+07 1.210E+03
193   2   4  2s2_3p         2s2p(3PO)5p   -2.04E-02 -1.26E+08 1.041E+03
194   2   5  2s2_3p         2s2p(3PO)6p   -2.97E-01 -2.09E+09 9.732E+02
195   2   6  2s2_3p         2s2p(1PO)3p   -1.30E+00 -9.40E+09 9.605E+02
196   2   7  2s2_3p         2s2p(3PO)7p   -2.32E-02 -1.77E+08 9.343E+02
197   2   8  2s2_3p         2s2p(3PO)8p   -4.14E-03 -3.31E+07 9.131E+02
198   2   9  2s2_3p         2s2p(3PO)9p   -1.52E-03 -1.25E+07 8.993E+02
199   2  10  2s2_3p         2s2p(3PO)10p   -7.48E-04 -6.30E+06 8.898E+02
200   3   1  2s2_4p         2s2p2           3.74E-02  6.26E+07 1.997E+03
201   3   2  2s2_4p         2s2p(3PO)3p   -1.14E-01 -2.94E+07 5.089E+03
202   3   3  2s2_4p         2s2p(3PO)4p   -4.54E-03 -8.15E+06 1.927E+03
203   3   4  2s2_4p         2s2p(3PO)5p   -3.24E-03 -9.22E+06 1.531E+03
204   3   5  2s2_4p         2s2p(3PO)6p   -8.33E-04 -2.88E+06 1.388E+03
205   3   6  2s2_4p         2s2p(1PO)3p   -3.00E-03 -1.08E+07 1.363E+03
206   3   7  2s2_4p         2s2p(3PO)7p   -2.35E-03 -9.13E+06 1.310E+03
207   3   8  2s2_4p         2s2p(3PO)8p   -1.61E-03 -6.67E+06 1.269E+03
208   3   9  2s2_4p         2s2p(3PO)9p   -1.20E-03 -5.18E+06 1.243E+03
209   3  10  2s2_4p         2s2p(3PO)10p   -9.27E-04 -4.12E+06 1.225E+03
210   4   1  2p3             2s2p2           8.72E-01  1.92E+09 1.739E+03
211   4   2  2p3             2s2p(3PO)3p   -4.27E-01 -4.27E+07 8.171E+03
212   4   3  2p3             2s2p(3PO)4p   -1.70E-01 -2.24E+08 2.248E+03
213   4   4  2p3             2s2p(3PO)5p   -8.25E-02 -1.85E+08 1.727E+03
214   4   5  2p3             2s2p(3PO)6p   -2.39E-02 -6.66E+07 1.547E+03
215   4   6  2p3             2s2p(1PO)3p   -4.15E-02 -1.20E+08 1.516E+03
216   4   7  2p3             2s2p(3PO)7p   -4.30E-02 -1.36E+08 1.451E+03
217   4   8  2p3             2s2p(3PO)8p   -2.84E-02 -9.65E+07 1.401E+03
218   4   9  2p3             2s2p(3PO)9p   -2.03E-02 -7.23E+07 1.369E+03
219   4  10  2p3             2s2p(3PO)10p   -1.52E-02 -5.59E+07 1.347E+03
220   5   1  2s2_5p         2s2p2           1.13E-01  3.02E+08 1.579E+03
221   5   2  2s2_5p         2s2p(3PO)3p   -4.01E-02 -1.10E+06 1.559E+04
222   5   3  2s2_5p         2s2p(3PO)4p   -6.07E-03 -6.05E+06 2.587E+03
223   5   4  2s2_5p         2s2p(3PO)5p   -1.50E-03 -2.71E+06 1.920E+03
224   5   5  2s2_5p         2s2p(3PO)6p   -1.15E-03 -2.65E+06 1.701E+03
225   5   6  2s2_5p         2s2p(1PO)3p   -6.34E-04 -1.53E+06 1.662E+03
226   5   7  2s2_5p         2s2p(3PO)7p   -8.58E-05 -2.28E+05 1.585E+03
227   5   8  2s2_5p         2s2p(3PO)8p   -6.62E-05 -1.90E+05 1.525E+03
228   5   9  2s2_5p         2s2p(3PO)9p   -4.33E-05 -1.31E+05 1.487E+03
229   5  10  2s2_5p         2s2p(3PO)10p   -2.91E-05 -9.09E+04 1.462E+03
230   6   1  2s2p(3PO)3s   2s2p2           7.35E-02  2.15E+08 1.511E+03
231   6   2  2s2p(3PO)3s   2s2p(3PO)3p   -2.43E-01 -2.04E+06 2.817E+04
232   6   3  2s2p(3PO)3s   2s2p(3PO)4p   -2.60E-01 -2.22E+08 2.794E+03
233   6   4  2s2p(3PO)3s   2s2p(3PO)5p   -7.78E-02 -1.26E+08 2.031E+03
234   6   5  2s2p(3PO)3s   2s2p(3PO)6p   -3.56E-02 -7.43E+07 1.788E+03
235   6   6  2s2p(3PO)3s   2s2p(1PO)3p   -4.99E-04 -1.09E+06 1.746E+03
236   6   7  2s2p(3PO)3s   2s2p(3PO)7p   -1.79E-02 -4.33E+07 1.661E+03
237   6   8  2s2p(3PO)3s   2s2p(3PO)8p   -1.19E-02 -3.12E+07 1.595E+03
238   6   9  2s2p(3PO)3s   2s2p(3PO)9p   -8.21E-03 -2.27E+07 1.553E+03
239   6  10  2s2p(3PO)3s   2s2p(3PO)10p   -5.90E-03 -1.69E+07 1.525E+03
240   7   1  2s2_6p         2s2p2           1.77E-05  5.87E+04 1.419E+03
241   7   2  2s2_6p         2s2p(3PO)3p    3.56E-03  1.37E+03 1.315E+05
242   7   3  2s2_6p         2s2p(3PO)4p   -3.82E-02 -2.52E+07 3.177E+03
243   7   4  2s2_6p         2s2p(3PO)5p   -1.02E-02 -1.37E+07 2.226E+03
244   7   5  2s2_6p         2s2p(3PO)6p   -4.44E-03 -7.89E+06 1.937E+03
245   7   6  2s2_6p         2s2p(1PO)3p   -9.16E-05 -1.71E+05 1.888E+03
246   7   7  2s2_6p         2s2p(3PO)7p   -2.27E-03 -4.73E+06 1.789E+03
247   7   8  2s2_6p         2s2p(3PO)8p   -1.49E-03 -3.39E+06 1.713E+03
248   7   9  2s2_6p         2s2p(3PO)9p   -1.02E-03 -2.45E+06 1.665E+03
249   7  10  2s2_6p         2s2p(3PO)10p   -7.31E-04 -1.83E+06 1.633E+03
250   8   1  2s2_7p         2s2p2           2.19E-04  8.04E+05 1.348E+03
251   8   2  2s2_7p         2s2p(3PO)3p    5.78E-03  7.74E+04 2.232E+04
252   8   3  2s2_7p         2s2p(3PO)4p   -1.47E-02 -7.55E+06 3.603E+03
253   8   4  2s2_7p         2s2p(3PO)5p   -3.35E-03 -3.79E+06 2.428E+03
254   8   5  2s2_7p         2s2p(3PO)6p   -1.48E-03 -2.27E+06 2.087E+03
255   8   6  2s2_7p         2s2p(1PO)3p   -4.81E-06 -7.78E+03 2.030E+03
256   8   7  2s2_7p         2s2p(3PO)7p   -6.57E-04 -1.19E+06 1.916E+03
257   8   8  2s2_7p         2s2p(3PO)8p   -4.33E-04 -8.63E+05 1.829E+03
258   8   9  2s2_7p         2s2p(3PO)9p   -2.94E-04 -6.23E+05 1.775E+03
259   8  10  2s2_7p         2s2p(3PO)10p   -2.09E-04 -4.61E+05 1.738E+03
260   9   1  2s2_8p         2s2p2           1.73E-04  6.77E+05 1.305E+03
261   9   2  2s2_8p         2s2p(3PO)3p    3.94E-03  1.25E+05 1.452E+04
262   9   3  2s2_8p         2s2p(3PO)4p   -8.48E-03 -3.64E+06 3.944E+03
263   9   4  2s2_8p         2s2p(3PO)5p   -1.72E-03 -1.73E+06 2.578E+03
264   9   5  2s2_8p         2s2p(3PO)6p   -7.69E-04 -1.06E+06 2.198E+03
265   9   6  2s2_8p         2s2p(1PO)3p   -1.83E-07 -2.68E+02 2.134E+03
266   9   7  2s2_8p         2s2p(3PO)7p   -3.02E-04 -4.99E+05 2.009E+03
267   9   8  2s2_8p         2s2p(3PO)8p   -1.99E-04 -3.62E+05 1.914E+03
268   9   9  2s2_8p         2s2p(3PO)9p   -1.35E-04 -2.62E+05 1.854E+03
269   9  10  2s2_8p         2s2p(3PO)10p   -9.51E-05 -1.93E+05 1.814E+03
270  10   1  2s2_9p         2s2p2           1.24E-04  5.06E+05 1.278E+03
271  10   2  2s2_9p         2s2p(3PO)3p    2.77E-03  1.34E+05 1.175E+04
272  10   3  2s2_9p         2s2p(3PO)4p   -5.63E-03 -2.11E+06 4.215E+03
273  10   4  2s2_9p         2s2p(3PO)5p   -1.04E-03 -9.58E+05 2.691E+03
274  10   5  2s2_9p         2s2p(3PO)6p   -4.63E-04 -5.94E+05 2.279E+03
275  10   6  2s2_9p         2s2p(1PO)3p   -2.32E-06 -3.16E+03 2.211E+03
276  10   7  2s2_9p         2s2p(3PO)7p   -1.68E-04 -2.60E+05 2.077E+03
277  10   8  2s2_9p         2s2p(3PO)8p   -1.11E-04 -1.90E+05 1.975E+03
278  10   9  2s2_9p         2s2p(3PO)9p   -7.46E-05 -1.36E+05 1.912E+03
279  10  10  2s2_9p         2s2p(3PO)10p   -5.26E-05 -1.00E+05 1.869E+03
280  11   1  2s210p         2s2p2           8.92E-05  3.75E+05 1.260E+03
281  11   2  2s210p         2s2p(3PO)3p    2.02E-03  1.26E+05 1.035E+04
282  11   3  2s210p         2s2p(3PO)4p   -4.02E-03 -1.37E+06 4.430E+03
283  11   4  2s210p         2s2p(3PO)5p   -6.85E-04 -5.92E+05 2.777E+03
284  11   5  2s210p         2s2p(3PO)6p   -3.09E-04 -3.76E+05 2.341E+03
285  11   6  2s210p         2s2p(1PO)3p   -4.03E-06 -5.22E+03 2.269E+03
286  11   7  2s210p         2s2p(3PO)7p   -1.04E-04 -1.53E+05 2.128E+03
287  11   8  2s210p         2s2p(3PO)8p   -6.87E-05 -1.12E+05 2.021E+03
288  11   9  2s210p         2s2p(3PO)9p   -4.62E-05 -8.07E+04 1.955E+03
289  11  10  2s210p         2s2p(3PO)10p   -3.24E-05 -5.92E+04 1.910E+03
290   1   1  2p3             2s2p2           5.03E-01  5.12E+08 2.561E+03
291   1   2  2p3             2s2p(3PO)3p   -2.09E-01 -1.31E+08 3.259E+03
292   1   3  2p3             2s2p(3PO)4p   -2.86E-02 -7.55E+07 1.589E+03
293   1   4  2p3             2s2p(3PO)5p   -9.16E-03 -3.56E+07 1.310E+03
294   1   5  2p3             2s2p(3PO)6p   -3.18E-03 -1.46E+07 1.204E+03
295   1   6  2p3             2s2p(1PO)3p   -1.24E-01 -5.89E+08 1.185E+03
296   1   7  2p3             2s2p(3PO)7p   -1.62E-02 -8.24E+07 1.145E+03
297   1   8  2p3             2s2p(3PO)8p   -8.10E-03 -4.36E+07 1.113E+03
298   1   9  2p3             2s2p(3PO)9p   -5.31E-03 -2.97E+07 1.093E+03
299   1  10  2p3             2s2p(3PO)10p   -3.81E-03 -2.18E+07 1.079E+03
300   2   1  2s2p(3PO)3d    2s2p2           9.62E-01  4.76E+09 1.161E+03
301   2   2  2s2p(3PO)3d    2s2p(3PO)3p    2.80E+00  5.01E+08 6.106E+03
302   2   3  2s2p(3PO)3d    2s2p(3PO)4p   -9.53E-01 -1.60E+08 6.304E+03
303   2   4  2s2p(3PO)3d    2s2p(3PO)5p   -1.03E-01 -5.90E+07 3.413E+03
304   2   5  2s2p(3PO)3d    2s2p(3PO)6p   -2.00E-02 -1.73E+07 2.777E+03
305   2   6  2s2p(3PO)3d    2s2p(1PO)3p   -1.92E-02 -1.79E+07 2.677E+03
306   2   7  2s2p(3PO)3d    2s2p(3PO)7p   -2.08E-02 -2.25E+07 2.482E+03
307   2   8  2s2p(3PO)3d    2s2p(3PO)8p   -1.12E-02 -1.37E+07 2.338E+03
308   2   9  2s2p(3PO)3d    2s2p(3PO)9p   -7.17E-03 -9.45E+06 2.250E+03
309   2  10  2s2p(3PO)3d    2s2p(3PO)10p   -4.85E-03 -6.74E+06 2.192E+03
310   3   1  2s2p(3PO)4d    2s2p2           1.82E-01  1.42E+09 9.245E+02
311   3   2  2s2p(3PO)4d    2s2p(3PO)3p    2.46E-01  2.42E+08 2.602E+03
312   3   3  2s2p(3PO)4d    2s2p(3PO)4p    4.62E+00  1.18E+08 1.614E+04
313   3   4  2s2p(3PO)4d    2s2p(3PO)5p   -1.87E+00 -6.54E+07 1.381E+04
314   3   5  2s2p(3PO)4d    2s2p(3PO)6p   -1.48E-01 -1.92E+07 7.167E+03
315   3   6  2s2p(3PO)4d    2s2p(1PO)3p   -4.72E-02 -7.37E+06 6.534E+03
316   3   7  2s2p(3PO)4d    2s2p(3PO)7p   -7.42E-02 -1.64E+07 5.486E+03
317   3   8  2s2p(3PO)4d    2s2p(3PO)8p   -3.55E-02 -1.02E+07 4.828E+03
318   3   9  2s2p(3PO)4d    2s2p(3PO)9p   -2.03E-02 -6.79E+06 4.466E+03
319   3  10  2s2p(3PO)4d    2s2p(3PO)10p   -1.29E-02 -4.78E+06 4.242E+03
320   4   1  2s2p(3PO)5d    2s2p2           4.74E-02  4.43E+08 8.445E+02
321   4   2  2s2p(3PO)5d    2s2p(3PO)3p    1.45E-01  2.29E+08 2.054E+03
322   4   3  2s2p(3PO)5d    2s2p(3PO)4p    7.32E-02  1.32E+07 6.081E+03
323   4   4  2s2p(3PO)5d    2s2p(3PO)5p    6.03E+00  3.64E+07 3.324E+04
324   4   5  2s2p(3PO)5d    2s2p(3PO)6p   -2.55E+00 -2.33E+07 2.700E+04
325   4   6  2s2p(3PO)5d    2s2p(1PO)3p   -2.61E-01 -4.45E+06 1.978E+04
326   4   7  2s2p(3PO)5d    2s2p(3PO)7p   -3.19E-01 -1.35E+07 1.253E+04
327   4   8  2s2p(3PO)5d    2s2p(3PO)8p   -1.10E-01 -8.03E+06 9.559E+03
328   4   9  2s2p(3PO)5d    2s2p(3PO)9p   -5.32E-02 -5.23E+06 8.237E+03
329   4  10  2s2p(3PO)5d    2s2p(3PO)10p   -3.06E-02 -3.62E+06 7.505E+03
330   5   1  2s2p(3PO)6d    2s2p2           1.19E-02  1.22E+08 8.066E+02
331   5   2  2s2p(3PO)6d    2s2p(3PO)3p    8.00E-02  1.57E+08 1.843E+03
332   5   3  2s2p(3PO)6d    2s2p(3PO)4p    6.96E-02  2.25E+07 4.542E+03
333   5   4  2s2p(3PO)6d    2s2p(3PO)5p    2.05E-02  1.01E+06 1.166E+04
334   5   5  2s2p(3PO)6d    2s2p(3PO)6p    6.59E+00  1.53E+07 5.354E+04
335   5   6  2s2p(3PO)6d    2s2p(1PO)3p    5.67E-01  1.01E+05 1.937E+05
336   5   7  2s2p(3PO)6d    2s2p(3PO)7p   -3.55E+00 -1.37E+07 4.151E+04
337   5   8  2s2p(3PO)6d    2s2p(3PO)8p   -4.29E-01 -6.84E+06 2.045E+04
338   5   9  2s2p(3PO)6d    2s2p(3PO)9p   -1.47E-01 -4.23E+06 1.522E+04
339   5  10  2s2p(3PO)6d    2s2p(3PO)10p   -7.12E-02 -2.85E+06 1.290E+04
340   6   1  2s2p(3PO)7d    2s2p2           1.61E-03  1.74E+07 7.853E+02
341   6   2  2s2p(3PO)7d    2s2p(3PO)3p    4.72E-02  1.04E+08 1.736E+03
342   6   3  2s2p(3PO)7d    2s2p(3PO)4p    4.66E-02  2.00E+07 3.943E+03
343   6   4  2s2p(3PO)7d    2s2p(3PO)5p    3.66E-02  3.47E+06 8.384E+03
344   6   5  2s2p(3PO)7d    2s2p(3PO)6p    7.98E-03  1.45E+05 1.917E+04
345   6   6  2s2p(3PO)7d    2s2p(1PO)3p    3.57E-01  3.56E+06 2.587E+04
346   6   7  2s2p(3PO)7d    2s2p(3PO)7p    8.12E+00  4.78E+06 1.065E+05
347   6   8  2s2p(3PO)7d    2s2p(3PO)8p   -4.57E+00 -7.25E+06 6.485E+04
348   6   9  2s2p(3PO)7d    2s2p(3PO)9p   -5.39E-01 -3.73E+06 3.105E+04
349   6  10  2s2p(3PO)7d    2s2p(3PO)10p   -1.84E-01 -2.38E+06 2.270E+04
350   7   1  2s2p(3PO)8d    2s2p2           1.06E-04  1.19E+06 7.722E+02
351   7   2  2s2p(3PO)8d    2s2p(3PO)3p    2.94E-02  7.01E+07 1.673E+03
352   7   3  2s2p(3PO)8d    2s2p(3PO)4p    3.14E-02  1.59E+07 3.632E+03
353   7   4  2s2p(3PO)8d    2s2p(3PO)5p    2.87E-02  3.80E+06 7.095E+03
354   7   5  2s2p(3PO)8d    2s2p(3PO)6p    1.10E-03  4.00E+04 1.355E+04
355   7   6  2s2p(3PO)8d    2s2p(1PO)3p    1.55E-01  3.76E+06 1.658E+04
356   7   7  2s2p(3PO)8d    2s2p(3PO)7p    2.69E-02  1.73E+05 3.220E+04
357   7   8  2s2p(3PO)8d    2s2p(3PO)8p    9.46E+00  2.46E+06 1.602E+05
358   7   9  2s2p(3PO)8d    2s2p(3PO)9p   -5.47E+00 -4.06E+06 9.482E+04
359   7  10  2s2p(3PO)8d    2s2p(3PO)10p   -6.48E-01 -2.17E+06 4.468E+04
360   8   1  2s2p(3PO)9d    2s2p2           2.66E-03  3.04E+07 7.635E+02
361   8   2  2s2p(3PO)9d    2s2p(3PO)3p    1.90E-02  4.75E+07 1.633E+03
362   8   3  2s2p(3PO)9d    2s2p(3PO)4p    2.20E-02  1.23E+07 3.447E+03
363   8   4  2s2p(3PO)9d    2s2p(3PO)5p    2.13E-02  3.45E+06 6.421E+03
364   8   5  2s2p(3PO)9d    2s2p(3PO)6p    2.05E-03  1.07E+05 1.128E+04
365   8   6  2s2p(3PO)9d    2s2p(1PO)3p    1.02E-01  3.84E+06 1.331E+04
366   8   7  2s2p(3PO)9d    2s2p(3PO)7p    4.79E-02  6.72E+05 2.180E+04
367   8   8  2s2p(3PO)9d    2s2p(3PO)8p    1.43E-02  4.23E+04 4.751E+04
368   8   9  2s2p(3PO)9d    2s2p(3PO)9p    1.05E+01  1.27E+06 2.347E+05
369   8  10  2s2p(3PO)9d    2s2p(3PO)10p   -6.18E+00 -2.36E+06 1.320E+05
370   9   1  2s2p(3PO)10d    2s2p2           7.85E-03  9.13E+07 7.574E+02
371   9   2  2s2p(3PO)10d    2s2p(3PO)3p    1.26E-02  3.26E+07 1.605E+03
372   9   3  2s2p(3PO)10d    2s2p(3PO)4p    1.60E-02  9.65E+06 3.326E+03
373   9   4  2s2p(3PO)10d    2s2p(3PO)5p    1.60E-02  2.95E+06 6.013E+03
374   9   5  2s2p(3PO)10d    2s2p(3PO)6p    1.48E-03  9.71E+04 1.008E+04
375   9   6  2s2p(3PO)10d    2s2p(1PO)3p    8.32E-02  4.07E+06 1.167E+04
376   9   7  2s2p(3PO)10d    2s2p(3PO)7p    4.29E-02  9.11E+05 1.772E+04
377   9   8  2s2p(3PO)10d    2s2p(3PO)8p    3.89E-02  2.59E+05 3.163E+04
378   9   9  2s2p(3PO)10d    2s2p(3PO)9p    1.54E-02  2.26E+04 6.746E+04
379   9  10  2s2p(3PO)10d    2s2p(3PO)10p    1.14E+01  6.79E+05 3.345E+05
380   1   1  2s2_2p         2s2p2          -3.06E+00 -2.56E+10 8.924E+02
381   1   2  2s2_2p         2s2p(3PO)3p   -1.09E-01 -2.40E+09 5.501E+02
382   1   3  2s2_2p         2s2p(3PO)4p   -5.32E-02 -1.63E+09 4.672E+02
383   1   4  2s2_2p         2s2p(3PO)5p   -2.31E-02 -7.97E+08 4.396E+02
384   1   5  2s2_2p         2s2p(3PO)6p   -2.39E-03 -8.74E+07 4.270E+02
385   1   6  2s2_2p         2s2p(1PO)3p   -3.24E-02 -1.20E+09 4.246E+02
386   1   7  2s2_2p         2s2p(3PO)7p   -1.35E-02 -5.12E+08 4.194E+02
387   1   8  2s2_2p         2s2p(3PO)8p   -7.74E-03 -3.00E+08 4.151E+02
388   1   9  2s2_2p         2s2p(3PO)9p   -5.13E-03 -2.01E+08 4.122E+02
389   1  10  2s2_2p         2s2p(3PO)10p   -3.63E-03 -1.44E+08 4.102E+02
390   2   1  2s2_3p         2s2p2           1.28E-03  3.20E+05 5.166E+03
391   2   2  2s2_3p         2s2p(3PO)3p   -6.80E-02 -1.15E+08 1.985E+03
392   2   3  2s2_3p         2s2p(3PO)4p   -1.35E-02 -6.15E+07 1.210E+03
393   2   4  2s2_3p         2s2p(3PO)5p   -2.04E-02 -1.26E+08 1.041E+03
394   2   5  2s2_3p         2s2p(3PO)6p   -2.97E-01 -2.09E+09 9.732E+02
395   2   6  2s2_3p         2s2p(1PO)3p   -1.30E+00 -9.40E+09 9.605E+02
396   2   7  2s2_3p         2s2p(3PO)7p   -2.32E-02 -1.77E+08 9.343E+02
397   2   8  2s2_3p         2s2p(3PO)8p   -4.14E-03 -3.31E+07 9.131E+02
398   2   9  2s2_3p         2s2p(3PO)9p   -1.52E-03 -1.25E+07 8.993E+02
399   2  10  2s2_3p         2s2p(3PO)10p   -7.48E-04 -6.30E+06 8.898E+02
400   3   1  2s2_4p         2s2p2           3.74E-02  6.26E+07 1.997E+03
401   3   2  2s2_4p         2s2p(3PO)3p   -1.14E-01 -2.94E+07 5.089E+03
402   3   3  2s2_4p         2s2p(3PO)4p   -4.54E-03 -8.15E+06 1.927E+03
403   3   4  2s2_4p         2s2p(3PO)5p   -3.24E-03 -9.22E+06 1.531E+03
404   3   5  2s2_4p         2s2p(3PO)6p   -8.33E-04 -2.88E+06 1.388E+03
405   3   6  2s2_4p         2s2p(1PO)3p   -3.00E-03 -1.08E+07 1.363E+03
406   3   7  2s2_4p         2s2p(3PO)7p   -2.35E-03 -9.13E+06 1.310E+03
407   3   8  2s2_4p         2s2p(3PO)8p   -1.61E-03 -6.67E+06 1.269E+03
408   3   9  2s2_4p         2s2p(3PO)9p   -1.20E-03 -5.18E+06 1.243E+03
409   3  10  2s2_4p         2s2p(3PO)10p   -9.27E-04 -4.12E+06 1.225E+03
410   4   1  2p3             2s2p2           8.72E-01  1.92E+09 1.739E+03
411   4   2  2p3             2s2p(3PO)3p   -4.27E-01 -4.27E+07 8.171E+03
412   4   3  2p3             2s2p(3PO)4p   -1.70E-01 -2.24E+08 2.248E+03
413   4   4  2p3             2s2p(3PO)5p   -8.25E-02 -1.85E+08 1.727E+03
414   4   5  2p3             2s2p(3PO)6p   -2.39E-02 -6.66E+07 1.547E+03
415   4   6  2p3             2s2p(1PO)3p   -4.15E-02 -1.20E+08 1.516E+03
416   4   7  2p3             2s2p(3PO)7p   -4.30E-02 -1.36E+08 1.451E+03
417   4   8  2p3             2s2p(3PO)8p   -2.84E-02 -9.65E+07 1.401E+03
418   4   9  2p3             2s2p(3PO)9p   -2.03E-02 -7.23E+07 1.369E+03
419   4  10  2p3             2s2p(3PO)10p   -1.52E-02 -5.59E+07 1.347E+03
420   5   1  2s2_5p         2s2p2           1.13E-01  3.02E+08 1.579E+03
421   5   2  2s2_5p         2s2p(3PO)3p   -4.01E-02 -1.10E+06 1.559E+04
422   5   3  2s2_5p         2s2p(3PO)4p   -6.07E-03 -6.05E+06 2.587E+03
423   5   4  2s2_5p         2s2p(3PO)5p   -1.50E-03 -2.71E+06 1.920E+03
424   5   5  2s2_5p         2s2p(3PO)6p   -1.15E-03 -2.65E+06 1.701E+03
425   5   6  2s2_5p         2s2p(1PO)3p   -6.34E-04 -1.53E+06 1.662E+03
426   5   7  2s2_5p         2s2p(3PO)7p   -8.58E-05 -2.28E+05 1.585E+03
427   5   8  2s2_5p         2s2p(3PO)8p   -6.62E-05 -1.90E+05 1.525E+03
428   5   9  2s2_5p         2s2p(3PO)9p   -4.33E-05 -1.31E+05 1.487E+03
429   5  10  2s2_5p         2s2p(3PO)10p   -2.91E-05 -9.09E+04 1.462E+03
430   6   1  2s2p(3PO)3s   2s2p2           7.35E-02  2.15E+08 1.511E+03
431   6   2  2s2p(3PO)3s   2s2p(3PO)3p   -2.43E-01 -2.04E+06 2.817E+04
432   6   3  2s2p(3PO)3s   2s2p(3PO)4p   -2.60E-01 -2.22E+08 2.794E+03
433   6   4  2s2p(3PO)3s   2s2p(3PO)5p   -7.78E-02 -1.26E+08 2.031E+03
434   6   5  2s2p(3PO)3s   2s2p(3PO)6p   -3.56E-02 -7.43E+07 1.788E+03
435   6   6  2s2p(3PO)3s   2s2p(1PO)3p   -4.99E-04 -1.09E+06 1.746E+03
436   6   7  2s2p(3PO)3s   2s2p(3PO)7p   -1.79E-02 -4.33E+07 1.661E+03
437   6   8  2s2p(3PO)3s   2s2p(3PO)8p   -1.19E-02 -3.12E+07 1.595E+03
438   6   9  2s2p(3PO)3s   2s2p(3PO)9p   -8.21E-03 -2.27E+07 1.553E+03
439   6  10  2s2p(3PO)3s   2s2p(3PO)10p   -5.90E-03 -1.69E+07 1.525E+03
440   7   1  2s2_6p         2s2p2           1.77E-05  5.87E+04 1.419E+03
441   7   2  2s2_6p         2s2p(3PO)3p    3.56E-03  1.37E+03 1.315E+05
442   7   3  2s2_6p         2s2p(3PO)4p   -3.82E-02 -2.52E+07 3.177E+03
443   7   4  2s2_6p         2s2p(3PO)5p   -1.02E-02 -1.37E+07 2.226E+03
444   7   5  2s2_6p         2s2p(3PO)6p   -4.44E-03 -7.89E+06 1.937E+03
445   7   6  2s2_6p         2s2p(1PO)3p   -9.16E-05 -1.71E+05 1.888E+03
446   7   7  2s2_6p         2s2p(3PO)7p   -2.27E-03 -4.73E+06 1.789E+03
447   7   8  2s2_6p         2s2p(3PO)8p   -1.49E-03 -3.39E+06 1.713E+03
448   7   9  2s2_6p         2s2p(3PO)9p   -1.02E-03 -2.45E+06 1.665E+03
449   7  10  2s2_6p         2s2p(3PO)10p   -7.31E-04 -1.83E+06 1.633E+03
450   8   1  2s2_7p         2s2p2           2.19E-04  8.04E+05 1.348E+03
451   8   2  2s2_7p         2s2p(3PO)3p    5.78E-03  7.74E+04 2.232E+04
452   8   3  2s2_7p         2s2p(3PO)4p   -1.47E-02 -7.55E+06 3.603E+03
453   8   4  2s2_7p         2s2p(3PO)5p   -3.35E-03 -3.79E+06 2.428E+03
454   8   5  2s2_7p         2s2p(3PO)6p   -1.48E-03 -2.27E+06 2.087E+03
455   8   6  2s2_7p         2s2p(1PO)3p   -4.81E-06 -7.78E+03 2.030E+03
456   8   7  2s2_7p         2s2p(3PO)7p   -6.57E-04 -1.19E+06 1.916E+03
457   8   8  2s2_7p         2s2p(3PO)8p   -4.33E-04 -8.63E+05 1.829E+03
458   8   9  2s2_7p         2s2p(3PO)9p   -2.94E-04 -6.23E+05 1.775E+03
459   8  10  2s2_7p         2s2p(3PO)10p   -2.09E-04 -4.61E+05 1.738E+03
460   9   1  2s2_8p         2s2p2           1.73E-04  6.77E+05 1.305E+03
461   9   2  2s2_8p         2s2p(3PO)3p    3.94E-03  1.25E+05 1.452E+04
462   9   3  2s2_8p         2s2p(3PO)4p   -8.48E-03 -3.64E+06 3.944E+03
463   9   4  2s2_8p         2s2p(3PO)5p   -1.72E-03 -1.73E+06 2.578E+03
464   9   5  2s2_8p         2s2p(3PO)6p   -7.69E-04 -1.06E+06 2.198E+03
465   9   6  2s2_8p         2s2p(1PO)3p   -1.83E-07 -2.68E+02 2.134E+03
466   9   7  2s2_8p         2s2p(3PO)7p   -3.02E-04 -4.99E+05 2.009E+03
467   9   8  2s2_8p         2s2p(3PO)8p   -1.99E-04 -3.62E+05 1.914E+03
468   9   9  2s2_8p         2s2p(3PO)9p   -1.35E-04 -2.62E+05 1.854E+03
469   9  10  2s2_8p         2s2p(3PO)10p   -9.51E-05 -1.93E+05 1.814E+03
470  10   1  2s2_9p         2s2p2           1.24E-04  5.06E+05 1.278E+03
471  10   2  2s2_9p         2s2p(3PO)3p    2.77E-03  1.34E+05 1.175E+04
472  10   3  2s2_9p         2s2p(3PO)4p   -5.63E-03 -2.11E+06 4.215E+03
473  10   4  2s2_9p         2s2p(3PO)5p   -1.04E-03 -9.58E+05 2.691E+03
474  10   5  2s2_9p         2s2p(3PO)6p   -4.63E-04 -5.94E+05 2.279E+03
475  10   6  2s2_9p         2s2p(1PO)3p   -2.32E-06 -3.16E+03 2.211E+03
476  10   7  2s2_9p         2s2p(3PO)7p   -1.68E-04 -2.60E+05 2.077E+03
477  10   8  2s2_9p         2s2p(3PO)8p   -1.11E-04 -1.90E+05 1.975E+03
478  10   9  2s2_9p         2s2p(3PO)9p   -7.46E-05 -1.36E+05 1.912E+03
479  10  10  2s2_9p         2s2p(3PO)10p   -5.26E-05 -1.00E+05 1.869E+03
480  11   1  2s210p         2s2p2           8.92E-05  3.75E+05 1.260E+03
481  11   2  2s210p         2s2p(3PO)3p    2.02E-03  1.26E+05 1.035E+04
482  11   3  2s210p         2s2p(3PO)4p   -4.02E-03 -1.37E+06 4.430E+03
483  11   4  2s210p         2s2p(3PO)5p   -6.85E-04 -5.92E+05 2.777E+03
484  11   5  2s210p         2s2p(3PO)6p   -3.09E-04 -3.76E+05 2.341E+03
485  11   6  2s210p         2s2p(1PO)3p   -4.03E-06 -5.22E+03 2.269E+03
486  11   7  2s210p         2s2p(3PO)7p   -1.04E-04 -1.53E+05 2.128E+03
487  11   8  2s210p         2s2p(3PO)8p   -6.87E-05 -1.12E+05 2.021E+03
488  11   9  2s210p         2s2p(3PO)9p   -4.62E-05 -8.07E+04 1.955E+03
489  11  10  2s210p         2s2p(3PO)10p   -3.24E-05 -5.92E+04 1.910E+03
490   1   1  2s2p2          2s2_2p          7.67E-01  2.92E+09 1.325E+03
491   1   2  2s2p2          2s2_3p         -1.18E-01 -2.46E+08 1.788E+03
492   1   3  2s2p2          2s2_4p         -1.85E-01 -9.26E+08 1.154E+03
493   1   4  2s2p2          2p3             -1.68E+00 -9.91E+09 1.063E+03
494   1   5  2s2p2          2s2_5p         -7.73E-02 -5.14E+08 1.001E+03
495   1   6  2s2p2          2s2p(3PO)3s   -3.29E-02 -2.32E+08 9.732E+02
496   1   7  2s2p2          2s2_6p         -2.87E-04 -2.19E+06 9.341E+02
497   1   8  2s2p2          2s2_7p         -2.60E-04 -2.13E+06 9.027E+02
498   1   9  2s2p2          2s2_8p         -2.76E-04 -2.36E+06 8.835E+02
499   1  10  2s2p2          2s2_9p         -2.53E-04 -2.22E+06 8.710E+02
500   1  11  2s2p2          2s210p         -2.19E-04 -1.96E+06 8.623E+02
501   2   1  2s2_3d          2s2_2p          2.01E+00  2.83E+10 6.884E+02
502   2   2  2s2_3d          2s2_3p          3.32E+00  4.24E+08 7.227E+03
503   2   3  2s2_3d          2s2_4p         -1.09E+00 -2.07E+08 5.922E+03
504   2   4  2s2_3d          2p3             -2.21E-03 -8.70E+05 4.116E+03
505   2   5  2s2_3d          2s2_5p         -1.17E-01 -7.08E+07 3.320E+03
506   2   6  2s2_3d          2s2p(3PO)3s   -6.60E-06 -4.79E+03 3.032E+03
507   2   7  2s2_3d          2s2_6p         -3.25E-02 -3.02E+07 2.681E+03
508   2   8  2s2_3d          2s2_7p         -1.82E-02 -2.04E+07 2.438E+03
509   2   9  2s2_3d          2s2_8p         -1.08E-02 -1.36E+07 2.303E+03
510   2  10  2s2_3d          2s2_9p         -7.04E-03 -9.53E+06 2.220E+03
511   2  11  2s2_3d          2s210p         -4.83E-03 -6.88E+06 2.165E+03
512   3   1  2s2_4d          2s2_2p          7.04E-01  1.32E+10 5.963E+02
513   3   2  2s2_4d          2s2_3p          5.90E-01  5.18E+08 2.755E+03
514   3   3  2s2_4d          2s2_4p          5.48E+00  1.14E+08 1.795E+04
515   3   4  2s2_4d          2p3             -2.58E-01 -5.81E+05 5.441E+04
516   3   5  2s2_4d          2s2_5p         -1.76E+00 -6.89E+07 1.305E+04
517   3   6  2s2_4d          2s2p(3PO)3s   -3.21E-02 -2.37E+06 9.500E+03
518   3   7  2s2_4d          2s2_6p         -2.09E-01 -3.07E+07 6.740E+03
519   3   8  2s2_4d          2s2_7p         -8.04E-02 -1.85E+07 5.389E+03
520   3   9  2s2_4d          2s2_8p         -4.00E-02 -1.17E+07 4.770E+03
521   3  10  2s2_4d          2s2_9p         -2.32E-02 -7.90E+06 4.427E+03
522   3  11  2s2_4d          2s210p         -1.49E-02 -5.60E+06 4.212E+03
523   4   1  2s2_5d          2s2_2p          3.42E-01  7.23E+09 5.617E+02
524   4   2  2s2_5d          2s2_3p          3.05E-01  4.42E+08 2.145E+03
525   4   3  2s2_5d          2s2_4p          2.05E-01  3.46E+07 6.290E+03
526   4   4  2s2_5d          2p3              6.04E-01  2.90E+07 1.178E+04
527   4   5  2s2_5d          2s2_5p          5.99E+00  2.83E+07 3.755E+04
528   4   6  2s2_5d          2s2p(3PO)3s   -1.71E-01 -4.56E+03 4.999E+05
529   4   7  2s2_5d          2s2_6p         -2.32E+00 -3.15E+07 2.217E+04
530   4   8  2s2_5d          2s2_7p         -3.62E-01 -1.64E+07 1.215E+04
531   4   9  2s2_5d          2s2_8p         -1.30E-01 -9.81E+06 9.402E+03
532   4  10  2s2_5d          2s2_9p         -6.37E-02 -6.39E+06 8.154E+03
533   4  11  2s2_5d          2s210p         -3.69E-02 -4.43E+06 7.455E+03
534   5   1  2s2_6d          2s2_2p          2.09E-01  4.70E+09 5.446E+02
535   5   2  2s2_6d          2s2_3p          1.83E-01  3.32E+08 1.916E+03
536   5   3  2s2_6d          2s2_4p          1.76E-01  5.41E+07 4.658E+03
537   5   4  2s2_6d          2p3              4.76E-02  6.27E+06 7.114E+03
538   5   5  2s2_6d          2s2_5p          1.05E-01  4.74E+06 1.215E+04
539   5   6  2s2_6d          2s2p(3PO)3s    9.51E-01  1.83E+07 1.863E+04
540   5   7  2s2_6d          2s2_6p          6.97E+00  5.20E+06 9.455E+04
541   5   8  2s2_6d          2s2_7p         -3.43E+00 -1.62E+07 3.755E+04
542   5   9  2s2_6d          2s2_8p         -4.97E-01 -8.51E+06 1.973E+04
543   5  10  2s2_6d          2s2_9p         -1.77E-01 -5.29E+06 1.493E+04
544   5  11  2s2_6d          2s210p         -8.69E-02 -3.57E+06 1.274E+04
545   6   1  2s2_7d          2s2_2p          1.79E-01  4.17E+09 5.350E+02
546   6   2  2s2_7d          2s2_3p          1.54E-01  3.16E+08 1.802E+03
547   6   3  2s2_7d          2s2_4p          1.93E-01  7.90E+07 4.038E+03
548   6   4  2s2_7d          2p3              1.13E-02  2.27E+06 5.762E+03
549   6   5  2s2_7d          2s2_5p          1.43E-01  1.27E+07 8.674E+03
550   6   6  2s2_7d          2s2p(3PO)3s    9.12E-02  4.57E+06 1.154E+04
551   6   7  2s2_7d          2s2_6p          5.46E-01  6.91E+06 2.296E+04
552   6   8  2s2_7d          2s2_7p          7.81E+00  2.10E+06 1.575E+05
553   6   9  2s2_7d          2s2_8p         -3.84E+00 -8.02E+06 5.651E+04
554   6  10  2s2_7d          2s2_9p         -5.71E-01 -4.40E+06 2.943E+04
555   6  11  2s2_7d          2s210p         -2.05E-01 -2.83E+06 2.199E+04
556   7   1  2s2p(3PO)3p   2s2_2p          2.17E-01  5.14E+09 5.305E+02
557   7   2  2s2p(3PO)3p   2s2_3p          1.83E-01  3.98E+08 1.751E+03
558   7   3  2s2p(3PO)3p   2s2_4p          4.54E-01  2.11E+08 3.791E+03
559   7   4  2s2p(3PO)3p   2p3              1.14E+00  2.74E+08 5.272E+03
560   7   5  2s2p(3PO)3p   2s2_5p          2.57E-01  2.96E+07 7.609E+03
561   7   6  2s2p(3PO)3p   2s2p(3PO)3s    4.06E-01  2.86E+07 9.728E+03
562   7   7  2s2p(3PO)3p   2s2_6p          1.78E-01  4.23E+06 1.675E+04
563   7   8  2s2p(3PO)3p   2s2_7p          1.68E+00  5.67E+06 4.447E+04
564   7   9  2s2p(3PO)3p   2s2_8p         -9.75E-01 -1.58E+04 6.408E+05
565   7  10  2s2p(3PO)3p   2s2_9p         -1.12E-01 -2.38E+05 5.606E+04
566   7  11  2s2p(3PO)3p   2s210p         -2.44E-02 -1.40E+05 3.408E+04
567   8   1  2s2_8d          2s2_2p          3.46E-04  8.27E+06 5.281E+02
568   8   2  2s2_8d          2s2_3p          3.12E-04  6.98E+05 1.726E+03
569   8   3  2s2_8d          2s2_4p          1.62E-02  8.00E+06 3.676E+03
570   8   4  2s2_8d          2p3              4.80E-01  1.25E+08 5.053E+03
571   8   5  2s2_8d          2s2_5p          2.58E-03  3.36E+05 7.160E+03
572   8   6  2s2_8d          2s2p(3PO)3s    4.33E-01  3.56E+07 9.007E+03
573   8   7  2s2_8d          2s2_6p          6.53E-02  2.01E+06 1.472E+04
574   8   8  2s2_8d          2s2_7p          3.47E-06  2.18E+01 3.256E+04
575   8   9  2s2_8d          2s2_8p          1.12E+01  3.32E+06 1.500E+05
576   8  10  2s2_8d          2s2_9p         -6.73E+00 -4.15E+06 1.041E+05
577   8  11  2s2_8d          2s210p         -7.36E-01 -2.19E+06 4.735E+04
578   9   1  2s2_9d          2s2_2p          2.04E-02  4.95E+08 5.244E+02
579   9   2  2s2_9d          2s2_3p          1.71E-02  4.01E+07 1.687E+03
580   9   3  2s2_9d          2s2_4p          5.11E-03  2.78E+06 3.502E+03
581   9   4  2s2_9d          2p3              9.13E-02  2.72E+07 4.729E+03
582   9   5  2s2_9d          2s2_5p          8.47E-03  1.33E+06 6.527E+03
583   9   6  2s2_9d          2s2p(3PO)3s    1.35E-01  1.40E+07 8.027E+03
584   9   7  2s2_9d          2s2_6p          9.10E-02  4.03E+06 1.227E+04
585   9   8  2s2_9d          2s2_7p          7.78E-02  1.02E+06 2.259E+04
586   9   9  2s2_9d          2s2_8p          4.48E-02  1.22E+05 4.948E+04
587   9  10  2s2_9d          2s2_9p          1.36E+01  1.40E+06 2.542E+05
588   9  11  2s2_9d          2s210p         -7.85E+00 -3.00E+06 1.320E+05
589  10   1  2s210d          2s2_2p          2.00E-02  4.90E+08 5.216E+02
590  10   2  2s210d          2s2_3p          1.66E-02  4.03E+07 1.658E+03
591  10   3  2s210d          2s2_4p          8.04E-03  4.70E+06 3.380E+03
592  10   4  2s210d          2p3              4.06E-02  1.33E+07 4.509E+03
593  10   5  2s210d          2s2_5p          9.76E-03  1.74E+06 6.115E+03
594  10   6  2s210d          2s2p(3PO)3s    7.05E-02  8.56E+06 7.412E+03
595  10   7  2s210d          2s2_6p          6.42E-02  3.61E+06 1.089E+04
596  10   8  2s210d          2s2_7p          6.27E-02  1.25E+06 1.832E+04
597  10   9  2s210d          2s2_8p          7.01E-02  4.36E+05 3.274E+04
598  10  10  2s210d          2s2_9p          4.94E-02  6.71E+04 7.008E+04
599  10  11  2s210d          2s210p          1.49E+01  7.58E+05 3.621E+05
600   1   1  2p3             2s2p2           1.27E+00  4.84E+09 1.322E+03
601   1   2  2p3             2s2_3d           5.45E-05  1.25E+03 1.708E+04
602   1   3  2p3             2s2_4d          -2.70E-08 -4.96E+00 6.023E+03
603   1   4  2p3             2s2_5d          -8.61E-05 -4.16E+04 3.713E+03
604   1   5  2p3             2s2_6d          -5.31E-04 -3.74E+05 3.077E+03
605   1   6  2p3             2s2_7d          -3.90E-03 -3.33E+06 2.794E+03
606   1   7  2p3             2s2p(3PO)3p   -5.45E-02 -5.09E+07 2.673E+03
607   1   8  2p3             2s2_8d          -1.49E-02 -1.45E+07 2.616E+03
608   1   9  2p3             2s2_9d          -1.83E-03 -1.91E+06 2.526E+03
609   1  10  2p3             2s210d          -6.56E-04 -7.22E+05 2.462E+03
610   2   1  2s2p(3PO)3d    2s2p2           1.41E+00  1.42E+10 8.152E+02
611   2   2  2s2p(3PO)3d    2s2_3d           3.69E-03  6.89E+06 1.890E+03
612   2   3  2s2p(3PO)3d    2s2_4d           4.34E-03  2.68E+06 3.284E+03
613   2   4  2s2p(3PO)3d    2s2_5d           5.81E-03  1.57E+06 4.968E+03
614   2   5  2s2p(3PO)3d    2s2_6d           1.09E-02  1.54E+06 6.868E+03
615   2   6  2s2p(3PO)3d    2s2_7d           4.35E-02  3.68E+06 8.880E+03
616   2   7  2s2p(3PO)3d    2s2p(3PO)3p    4.52E-01  2.81E+07 1.037E+04
617   2   8  2s2p(3PO)3d    2s2_8d           1.06E-01  5.51E+06 1.133E+04
618   2   9  2s2p(3PO)3d    2s2_9d           1.00E-02  3.72E+05 1.339E+04
619   2  10  2s2p(3PO)3d    2s210d           2.91E-03  8.04E+04 1.554E+04
620   3   1  2s2p(3PO)4d    2s2p2           4.83E-01  6.75E+09 6.909E+02
621   3   2  2s2p(3PO)4d    2s2_3d           1.07E-03  4.01E+06 1.334E+03
622   3   3  2s2p(3PO)4d    2s2_4d           1.15E-04  2.11E+05 1.904E+03
623   3   4  2s2p(3PO)4d    2s2_5d           4.25E-04  5.04E+05 2.371E+03
624   3   5  2s2p(3PO)4d    2s2_6d           1.96E-03  1.75E+06 2.731E+03
625   3   6  2s2p(3PO)4d    2s2_7d           1.44E-02  1.07E+07 3.001E+03
626   3   7  2s2p(3PO)4d    2s2p(3PO)3p    2.09E-01  1.40E+08 3.154E+03
627   3   8  2s2p(3PO)4d    2s2_8d           5.85E-02  3.72E+07 3.238E+03
628   3   9  2s2p(3PO)4d    2s2_9d           7.54E-03  4.38E+06 3.387E+03
629   3  10  2s2p(3PO)4d    2s210d           2.83E-03  1.53E+06 3.510E+03
630   4   1  2s2p(3PO)5d    2s2p2           2.30E-01  3.68E+09 6.452E+02
631   4   2  2s2p(3PO)5d    2s2_3d           4.70E-03  2.28E+07 1.173E+03
632   4   3  2s2p(3PO)5d    2s2_4d           3.57E-04  9.38E+05 1.593E+03
633   4   4  2s2p(3PO)5d    2s2_5d           4.44E-04  8.14E+05 1.907E+03
634   4   5  2s2p(3PO)5d    2s2_6d           1.18E-03  1.73E+06 2.134E+03
635   4   6  2s2p(3PO)5d    2s2_7d           6.44E-03  8.15E+06 2.295E+03
636   4   7  2s2p(3PO)5d    2s2p(3PO)3p    8.24E-02  9.67E+07 2.384E+03
637   4   8  2s2p(3PO)5d    2s2_8d           2.17E-02  2.45E+07 2.431E+03
638   4   9  2s2p(3PO)5d    2s2_9d           2.51E-03  2.65E+06 2.514E+03
639   4  10  2s2p(3PO)5d    2s210d           8.70E-04  8.71E+05 2.581E+03
640   5   1  2s2p(3PO)6d    2s2p2           1.34E-01  2.30E+09 6.228E+02
641   5   2  2s2p(3PO)6d    2s2_3d           8.57E-03  4.71E+07 1.101E+03
642   5   3  2s2p(3PO)6d    2s2_4d           3.93E-04  1.22E+06 1.463E+03
643   5   4  2s2p(3PO)6d    2s2_5d           3.41E-04  7.65E+05 1.724E+03
644   5   5  2s2p(3PO)6d    2s2_6d           7.15E-04  1.31E+06 1.907E+03
645   5   6  2s2p(3PO)6d    2s2_7d           3.45E-03  5.56E+06 2.035E+03
646   5   7  2s2p(3PO)6d    2s2p(3PO)3p    4.09E-02  6.16E+07 2.104E+03
647   5   8  2s2p(3PO)6d    2s2_8d           1.04E-02  1.51E+07 2.141E+03
648   5   9  2s2p(3PO)6d    2s2_9d           1.14E-03  1.56E+06 2.205E+03
649   5  10  2s2p(3PO)6d    2s210d           3.80E-04  4.98E+05 2.257E+03
650   6   1  2s2p(3PO)7d    2s2p2           8.84E-02  1.58E+09 6.101E+02
651   6   2  2s2p(3PO)7d    2s2_3d           1.27E-02  7.51E+07 1.062E+03
652   6   3  2s2p(3PO)7d    2s2_4d           3.67E-04  1.26E+06 1.395E+03
653   6   4  2s2p(3PO)7d    2s2_5d           2.61E-04  6.55E+05 1.630E+03
654   6   5  2s2p(3PO)7d    2s2_6d           4.75E-04  9.86E+05 1.793E+03
655   6   6  2s2p(3PO)7d    2s2_7d           2.10E-03  3.86E+06 1.905E+03
656   6   7  2s2p(3PO)7d    2s2p(3PO)3p    2.39E-02  4.13E+07 1.966E+03
657   6   8  2s2p(3PO)7d    2s2_8d           5.94E-03  9.92E+06 1.998E+03
658   6   9  2s2p(3PO)7d    2s2_9d           6.30E-04  9.96E+05 2.054E+03
659   6  10  2s2p(3PO)7d    2s210d           2.03E-04  3.08E+05 2.098E+03
660   7   1  2s2p(3PO)8d    2s2p2           6.42E-02  1.18E+09 6.022E+02
661   7   2  2s2p(3PO)8d    2s2_3d           1.75E-02  1.08E+08 1.038E+03
662   7   3  2s2p(3PO)8d    2s2_4d           3.28E-04  1.19E+06 1.354E+03
663   7   4  2s2p(3PO)8d    2s2_5d           2.04E-04  5.49E+05 1.574E+03
664   7   5  2s2p(3PO)8d    2s2_6d           3.39E-04  7.59E+05 1.726E+03
665   7   6  2s2p(3PO)8d    2s2_7d           1.41E-03  2.81E+06 1.830E+03
666   7   7  2s2p(3PO)8d    2s2p(3PO)3p    1.55E-02  2.91E+07 1.885E+03
667   7   8  2s2p(3PO)8d    2s2_8d           3.80E-03  6.91E+06 1.915E+03
668   7   9  2s2p(3PO)8d    2s2_9d           3.92E-04  6.76E+05 1.966E+03
669   7  10  2s2p(3PO)8d    2s210d           1.24E-04  2.05E+05 2.007E+03
670   8   1  2s2p(3PO)9d    2s2p2           5.01E-02  9.38E+08 5.968E+02
671   8   2  2s2p(3PO)9d    2s2_3d           2.33E-02  1.49E+08 1.023E+03
672   8   3  2s2p(3PO)9d    2s2_4d           2.93E-04  1.11E+06 1.328E+03
673   8   4  2s2p(3PO)9d    2s2_5d           1.66E-04  4.68E+05 1.538E+03
674   8   5  2s2p(3PO)9d    2s2_6d           2.57E-04  6.05E+05 1.683E+03
675   8   6  2s2p(3PO)9d    2s2_7d           1.02E-03  2.14E+06 1.781E+03
676   8   7  2s2p(3PO)9d    2s2p(3PO)3p    1.09E-02  2.16E+07 1.834E+03
677   8   8  2s2p(3PO)9d    2s2_8d           2.64E-03  5.08E+06 1.862E+03
678   8   9  2s2p(3PO)9d    2s2_9d           2.66E-04  4.86E+05 1.910E+03
679   8  10  2s2p(3PO)9d    2s210d           8.26E-05  1.45E+05 1.949E+03
680   9   1  2s2p(3PO)10d    2s2p2           4.16E-02  7.89E+08 5.931E+02
681   9   2  2s2p(3PO)10d    2s2_3d           3.05E-02  1.99E+08 1.012E+03
682   9   3  2s2p(3PO)10d    2s2_4d           2.66E-04  1.04E+06 1.309E+03
683   9   4  2s2p(3PO)10d    2s2_5d           1.40E-04  4.07E+05 1.514E+03
684   9   5  2s2p(3PO)10d    2s2_6d           2.05E-04  5.00E+05 1.653E+03
685   9   6  2s2p(3PO)10d    2s2_7d           7.79E-04  1.70E+06 1.749E+03
686   9   7  2s2p(3PO)10d    2s2p(3PO)3p    8.18E-03  1.69E+07 1.799E+03
687   9   8  2s2p(3PO)10d    2s2_8d           1.95E-03  3.90E+06 1.826E+03
688   9   9  2s2p(3PO)10d    2s2_9d           1.93E-04  3.67E+05 1.873E+03
689   9  10  2s2p(3PO)10d    2s210d           5.89E-05  1.08E+05 1.910E+03
690   1   1  2s2_4f          2s2p2           3.67E-02  2.12E+08 1.075E+03
691   1   2  2s2_4f          2s2_3d           9.05E+00  3.26E+09 4.300E+03
692   1   3  2s2_4f          2s2_4d           9.24E-01  3.91E+05 1.256E+05
693   1   4  2s2_4f          2s2_5d          -2.41E-01 -1.46E+07 1.049E+04
694   1   5  2s2_4f          2s2_6d          -4.34E-02 -6.60E+06 6.624E+03
695   1   6  2s2_4f          2s2_7d          -1.80E-02 -4.06E+06 5.436E+03
696   1   7  2s2_4f          2s2p(3PO)3p   -6.72E-03 -1.79E+06 4.998E+03
697   1   8  2s2_4f          2s2_8d          -1.64E-03 -4.75E+05 4.800E+03
698   1   9  2s2_4f          2s2_9d          -2.66E-03 -8.73E+05 4.507E+03
699   1  10  2s2_4f          2s210d          -1.92E-03 -6.91E+05 4.307E+03
700   2   1  2s2_5f          2s2p2           2.45E-02  1.73E+08 9.710E+02
701   2   2  2s2_5f          2s2_3d           1.51E+00  1.11E+09 3.010E+03
702   2   3  2s2_5f          2s2_4d           7.39E+00  5.71E+08 9.291E+03
703   2   4  2s2_5f          2s2_5d           1.80E+00  2.29E+05 2.289E+05
704   2   5  2s2_5f          2s2_6d          -6.52E-01 -1.14E+07 1.949E+04
705   2   6  2s2_5f          2s2_7d          -1.33E-01 -6.30E+06 1.186E+04
706   2   7  2s2_5f          2s2p(3PO)3p   -3.39E-02 -2.28E+06 9.957E+03
707   2   8  2s2_5f          2s2_8d          -1.11E-02 -8.74E+05 9.203E+03
708   2   9  2s2_5f          2s2_9d          -1.37E-02 -1.36E+06 8.183E+03
709   2  10  2s2_5f          2s210d          -8.87E-03 -1.04E+06 7.545E+03
710   3   1  2s2_6f          2s2p2           1.61E-02  1.26E+08 9.225E+02
711   3   2  2s2_6f          2s2_3d           5.24E-01  5.22E+08 2.588E+03
712   3   3  2s2_6f          2s2_4d           1.76E+00  3.07E+08 6.181E+03
713   3   4  2s2_6f          2s2_5d           6.52E+00  1.49E+08 1.709E+04
714   3   5  2s2_6f          2s2_6d           2.82E+00  1.51E+05 3.525E+05
715   3   6  2s2_6f          2s2_7d          -1.32E+00 -8.00E+06 3.317E+04
716   3   7  2s2_6f          2s2p(3PO)3p   -1.72E-01 -2.46E+06 2.161E+04
717   3   8  2s2_6f          2s2_8d          -5.75E-02 -1.14E+06 1.834E+04
718   3   9  2s2_6f          2s2_9d          -5.17E-02 -1.60E+06 1.469E+04
719   3  10  2s2_6f          2s210d          -2.87E-02 -1.18E+06 1.276E+04
720   4   1  2s2_7f          2s2p2           1.10E-02  9.15E+07 8.955E+02
721   4   2  2s2_7f          2s2_3d           2.47E-01  2.89E+08 2.387E+03
722   4   3  2s2_7f          2s2_4d           7.17E-01  1.81E+08 5.144E+03
723   4   4  2s2_7f          2s2_5d           1.76E+00  9.75E+07 1.097E+04
724   4   5  2s2_7f          2s2_6d           5.89E+00  4.94E+07 2.819E+04
725   4   6  2s2_7f          2s2_7d           4.74E+00  1.95E+05 4.024E+05
726   4   7  2s2_7f          2s2p(3PO)3p   -2.48E+00 -3.08E+06 7.325E+04
727   4   8  2s2_7f          2s2_8d          -4.25E-01 -1.36E+06 4.570E+04
728   4   9  2s2_7f          2s2_9d          -2.10E-01 -1.76E+06 2.823E+04
729   4  10  2s2_7f          2s210d          -8.86E-02 -1.24E+06 2.185E+04
730   5   1  2s2_8f          2s2p2           7.84E-03  6.77E+07 8.789E+02
731   5   2  2s2_8f          2s2_3d           1.38E-01  1.78E+08 2.272E+03
732   5   3  2s2_8f          2s2_4d           3.72E-01  1.15E+08 4.639E+03
733   5   4  2s2_8f          2s2_5d           7.66E-01  6.45E+07 8.904E+03
734   5   5  2s2_8f          2s2_6d           1.70E+00  3.64E+07 1.766E+04
735   5   6  2s2_8f          2s2_7d           4.61E+00  1.72E+07 4.228E+04
736   5   7  2s2_8f          2s2p(3PO)3p    6.59E+00  2.48E+06 1.331E+05
737   5   8  2s2_8f          2s2_8d          -2.05E+00 -6.96E+03 1.402E+06
738   5   9  2s2_8f          2s2_9d          -1.42E+00 -1.93E+06 7.014E+04
739   5  10  2s2_8f          2s210d          -3.21E-01 -1.29E+06 4.066E+04
740   6   1  2s2_9f          2s2p2           5.77E-03  5.11E+07 8.678E+02
741   6   2  2s2_9f          2s2_3d           8.60E-02  1.19E+08 2.199E+03
742   6   3  2s2_9f          2s2_4d           2.21E-01  7.80E+07 4.346E+03
743   6   4  2s2_9f          2s2_5d           4.14E-01  4.44E+07 7.885E+03
744   6   5  2s2_9f          2s2_6d           7.68E-01  2.59E+07 1.406E+04
745   6   6  2s2_9f          2s2_7d           1.45E+00  1.41E+07 2.621E+04
746   6   7  2s2_9f          2s2p(3PO)3p    3.25E-03  1.05E+04 4.542E+04
747   6   8  2s2_9f          2s2_8d           8.63E+00  1.09E+07 7.252E+04
748   6   9  2s2_9f          2s2_9d           1.42E+00  5.70E+02 4.077E+06
749   6  10  2s2_9f          2s210d          -2.03E+00 -1.38E+06 9.911E+04
750   7   1  2s210f          2s2p2           4.37E-03  3.94E+07 8.601E+02
751   7   2  2s210f          2s2_3d           5.75E-02  8.29E+07 2.150E+03
752   7   3  2s210f          2s2_4d           1.44E-01  5.55E+07 4.159E+03
753   7   4  2s210f          2s2_5d           2.54E-01  3.19E+07 7.289E+03
754   7   5  2s210f          2s2_6d           4.27E-01  1.89E+07 1.227E+04
755   7   6  2s210f          2s2_7d           6.85E-01  1.08E+07 2.061E+04
756   7   7  2s210f          2s2p(3PO)3p    4.74E-03  3.32E+04 3.088E+04
757   7   8  2s210f          2s2_8d           1.98E+00  7.71E+06 4.139E+04
758   7   9  2s210f          2s2_9d           7.69E+00  5.78E+06 9.422E+04
759   7  10  2s210f          2s210d           1.41E+00  7.26E+02 3.599E+06
760   1   1  2p3             2s2p2           1.27E+00  4.84E+09 1.322E+03
761   1   2  2p3             2s2_3d           5.45E-05  1.25E+03 1.708E+04
762   1   3  2p3             2s2_4d          -2.70E-08 -4.96E+00 6.023E+03
763   1   4  2p3             2s2_5d          -8.61E-05 -4.16E+04 3.713E+03
764   1   5  2p3             2s2_6d          -5.31E-04 -3.74E+05 3.077E+03
765   1   6  2p3             2s2_7d          -3.90E-03 -3.33E+06 2.794E+03
766   1   7  2p3             2s2p(3PO)3p   -5.45E-02 -5.09E+07 2.673E+03
767   1   8  2p3             2s2_8d          -1.49E-02 -1.45E+07 2.616E+03
768   1   9  2p3             2s2_9d          -1.83E-03 -1.91E+06 2.526E+03
769   1  10  2p3             2s210d          -6.56E-04 -7.22E+05 2.462E+03
770   2   1  2s2p(3PO)3d    2s2p2           1.41E+00  1.42E+10 8.152E+02
771   2   2  2s2p(3PO)3d    2s2_3d           3.69E-03  6.89E+06 1.890E+03
772   2   3  2s2p(3PO)3d    2s2_4d           4.34E-03  2.68E+06 3.284E+03
773   2   4  2s2p(3PO)3d    2s2_5d           5.81E-03  1.57E+06 4.968E+03
774   2   5  2s2p(3PO)3d    2s2_6d           1.09E-02  1.54E+06 6.868E+03
775   2   6  2s2p(3PO)3d    2s2_7d           4.35E-02  3.68E+06 8.880E+03
776   2   7  2s2p(3PO)3d    2s2p(3PO)3p    4.52E-01  2.81E+07 1.037E+04
777   2   8  2s2p(3PO)3d    2s2_8d           1.06E-01  5.51E+06 1.133E+04
778   2   9  2s2p(3PO)3d    2s2_9d           1.00E-02  3.72E+05 1.339E+04
779   2  10  2s2p(3PO)3d    2s210d           2.91E-03  8.04E+04 1.554E+04
780   3   1  2s2p(3PO)4d    2s2p2           4.83E-01  6.75E+09 6.909E+02
781   3   2  2s2p(3PO)4d    2s2_3d           1.07E-03  4.01E+06 1.334E+03
782   3   3  2s2p(3PO)4d    2s2_4d           1.15E-04  2.11E+05 1.904E+03
783   3   4  2s2p(3PO)4d    2s2_5d           4.25E-04  5.04E+05 2.371E+03
784   3   5  2s2p(3PO)4d    2s2_6d           1.96E-03  1.75E+06 2.731E+03
785   3   6  2s2p(3PO)4d    2s2_7d           1.44E-02  1.07E+07 3.001E+03
786   3   7  2s2p(3PO)4d    2s2p(3PO)3p    2.09E-01  1.40E+08 3.154E+03
787   3   8  2s2p(3PO)4d    2s2_8d           5.85E-02  3.72E+07 3.238E+03
788   3   9  2s2p(3PO)4d    2s2_9d           7.54E-03  4.38E+06 3.387E+03
789   3  10  2s2p(3PO)4d    2s210d           2.83E-03  1.53E+06 3.510E+03
790   4   1  2s2p(3PO)5d    2s2p2           2.30E-01  3.68E+09 6.452E+02
791   4   2  2s2p(3PO)5d    2s2_3d           4.70E-03  2.28E+07 1.173E+03
792   4   3  2s2p(3PO)5d    2s2_4d           3.57E-04  9.38E+05 1.593E+03
793   4   4  2s2p(3PO)5d    2s2_5d           4.44E-04  8.14E+05 1.907E+03
794   4   5  2s2p(3PO)5d    2s2_6d           1.18E-03  1.73E+06 2.134E+03
795   4   6  2s2p(3PO)5d    2s2_7d           6.44E-03  8.15E+06 2.295E+03
796   4   7  2s2p(3PO)5d    2s2p(3PO)3p    8.24E-02  9.67E+07 2.384E+03
797   4   8  2s2p(3PO)5d    2s2_8d           2.17E-02  2.45E+07 2.431E+03
798   4   9  2s2p(3PO)5d    2s2_9d           2.51E-03  2.65E+06 2.514E+03
799   4  10  2s2p(3PO)5d    2s210d           8.70E-04  8.71E+05 2.581E+03
800   5   1  2s2p(3PO)6d    2s2p2           1.34E-01  2.30E+09 6.228E+02
801   5   2  2s2p(3PO)6d    2s2_3d           8.57E-03  4.71E+07 1.101E+03
802   5   3  2s2p(3PO)6d    2s2_4d           3.93E-04  1.22E+06 1.463E+03
803   5   4  2s2p(3PO)6d    2s2_5d           3.41E-04  7.65E+05 1.724E+03
804   5   5  2s2p(3PO)6d    2s2_6d           7.15E-04  1.31E+06 1.907E+03
805   5   6  2s2p(3PO)6d    2s2_7d           3.45E-03  5.56E+06 2.035E+03
806   5   7  2s2p(3PO)6d    2s2p(3PO)3p    4.09E-02  6.16E+07 2.104E+03
807   5   8  2s2p(3PO)6d    2s2_8d           1.04E-02  1.51E+07 2.141E+03
808   5   9  2s2p(3PO)6d    2s2_9d           1.14E-03  1.56E+06 2.205E+03
809   5  10  2s2p(3PO)6d    2s210d           3.80E-04  4.98E+05 2.257E+03
810   6   1  2s2p(3PO)7d    2s2p2           8.84E-02  1.58E+09 6.101E+02
811   6   2  2s2p(3PO)7d    2s2_3d           1.27E-02  7.51E+07 1.062E+03
812   6   3  2s2p(3PO)7d    2s2_4d           3.67E-04  1.26E+06 1.395E+03
813   6   4  2s2p(3PO)7d    2s2_5d           2.61E-04  6.55E+05 1.630E+03
814   6   5  2s2p(3PO)7d    2s2_6d           4.75E-04  9.86E+05 1.793E+03
815   6   6  2s2p(3PO)7d    2s2_7d           2.10E-03  3.86E+06 1.905E+03
816   6   7  2s2p(3PO)7d    2s2p(3PO)3p    2.39E-02  4.13E+07 1.966E+03
817   6   8  2s2p(3PO)7d    2s2_8d           5.94E-03  9.92E+06 1.998E+03
818   6   9  2s2p(3PO)7d    2s2_9d           6.30E-04  9.96E+05 2.054E+03
819   6  10  2s2p(3PO)7d    2s210d           2.03E-04  3.08E+05 2.098E+03
820   7   1  2s2p(3PO)8d    2s2p2           6.42E-02  1.18E+09 6.022E+02
821   7   2  2s2p(3PO)8d    2s2_3d           1.75E-02  1.08E+08 1.038E+03
822   7   3  2s2p(3PO)8d    2s2_4d           3.28E-04  1.19E+06 1.354E+03
823   7   4  2s2p(3PO)8d    2s2_5d           2.04E-04  5.49E+05 1.574E+03
824   7   5  2s2p(3PO)8d    2s2_6d           3.39E-04  7.59E+05 1.726E+03
825   7   6  2s2p(3PO)8d    2s2_7d           1.41E-03  2.81E+06 1.830E+03
826   7   7  2s2p(3PO)8d    2s2p(3PO)3p    1.55E-02  2.91E+07 1.885E+03
827   7   8  2s2p(3PO)8d    2s2_8d           3.80E-03  6.91E+06 1.915E+03
828   7   9  2s2p(3PO)8d    2s2_9d           3.92E-04  6.76E+05 1.966E+03
829   7  10  2s2p(3PO)8d    2s210d           1.24E-04  2.05E+05 2.007E+03
830   8   1  2s2p(3PO)9d    2s2p2           5.01E-02  9.38E+08 5.968E+02
831   8   2  2s2p(3PO)9d    2s2_3d           2.33E-02  1.49E+08 1.023E+03
832   8   3  2s2p(3PO)9d    2s2_4d           2.93E-04  1.11E+06 1.328E+03
833   8   4  2s2p(3PO)9d    2s2_5d           1.66E-04  4.68E+05 1.538E+03
834   8   5  2s2p(3PO)9d    2s2_6d           2.57E-04  6.05E+05 1.683E+03
835   8   6  2s2p(3PO)9d    2s2_7d           1.02E-03  2.14E+06 1.781E+03
836   8   7  2s2p(3PO)9d    2s2p(3PO)3p    1.09E-02  2.16E+07 1.834E+03
837   8   8  2s2p(3PO)9d    2s2_8d           2.64E-03  5.08E+06 1.862E+03
838   8   9  2s2p(3PO)9d    2s2_9d           2.66E-04  4.86E+05 1.910E+03
839   8  10  2s2p(3PO)9d    2s210d           8.26E-05  1.45E+05 1.949E+03
840   9   1  2s2p(3PO)10d    2s2p2           4.16E-02  7.89E+08 5.931E+02
841   9   2  2s2p(3PO)10d    2s2_3d           3.05E-02  1.99E+08 1.012E+03
842   9   3  2s2p(3PO)10d    2s2_4d           2.66E-04  1.04E+06 1.309E+03
843   9   4  2s2p(3PO)10d    2s2_5d           1.40E-04  4.07E+05 1.514E+03
844   9   5  2s2p(3PO)10d    2s2_6d           2.05E-04  5.00E+05 1.653E+03
845   9   6  2s2p(3PO)10d    2s2_7d           7.79E-04  1.70E+06 1.749E+03
846   9   7  2s2p(3PO)10d    2s2p(3PO)3p    8.18E-03  1.69E+07 1.799E+03
847   9   8  2s2p(3PO)10d    2s2_8d           1.95E-03  3.90E+06 1.826E+03
848   9   9  2s2p(3PO)10d    2s2_9d           1.93E-04  3.67E+05 1.873E+03
849   9  10  2s2p(3PO)10d    2s210d           5.89E-05  1.08E+05 1.910E+03
850   1   1  2s2p(3PO)4f    2p3              2.05E-01  6.61E+08 1.438E+03
851   1   2  2s2p(3PO)4f    2s2p(3PO)3d     8.26E+00  2.78E+09 4.452E+03
852   1   3  2s2p(3PO)4f    2s2p(3PO)4d     3.91E-01  4.26E+04 2.476E+05
853   1   4  2s2p(3PO)4f    2s2p(3PO)5d    -1.69E-01 -1.09E+07 1.016E+04
854   1   5  2s2p(3PO)4f    2s2p(3PO)6d    -3.06E-02 -4.85E+06 6.486E+03
855   1   6  2s2p(3PO)4f    2s2p(3PO)7d    -1.15E-02 -2.70E+06 5.329E+03
856   1   7  2s2p(3PO)4f    2s2p(3PO)8d    -5.90E-03 -1.72E+06 4.778E+03
857   1   8  2s2p(3PO)4f    2s2p(3PO)9d    -3.63E-03 -1.22E+06 4.462E+03
858   1   9  2s2p(3PO)4f    2s2p(3PO)10d    -2.52E-03 -9.26E+05 4.261E+03
859   2   1  2s2p(3PO)5f    2p3              1.13E-01  4.78E+08 1.255E+03
860   2   2  2s2p(3PO)5f    2s2p(3PO)3d     1.19E+00  8.43E+08 3.068E+03
861   2   3  2s2p(3PO)5f    2s2p(3PO)4d     7.14E+00  5.29E+08 9.491E+03
862   2   4  2s2p(3PO)5f    2s2p(3PO)5d     1.02E+00  5.58E+04 3.490E+05
863   2   5  2s2p(3PO)5f    2s2p(3PO)6d    -4.80E-01 -8.94E+06 1.892E+04
864   2   6  2s2p(3PO)5f    2s2p(3PO)7d    -9.22E-02 -4.58E+06 1.158E+04
865   2   7  2s2p(3PO)5f    2s2p(3PO)8d    -3.58E-02 -2.78E+06 9.260E+03
866   2   8  2s2p(3PO)5f    2s2p(3PO)9d    -1.88E-02 -1.89E+06 8.143E+03
867   2   9  2s2p(3PO)5f    2s2p(3PO)10d    -1.18E-02 -1.40E+06 7.498E+03
868   3   1  2s2p(3PO)6f    2p3              6.77E-02  3.27E+08 1.175E+03
869   3   2  2s2p(3PO)6f    2s2p(3PO)3d     3.89E-01  3.76E+08 2.627E+03
870   3   3  2s2p(3PO)6f    2s2p(3PO)4d     1.58E+00  2.70E+08 6.244E+03
871   3   4  2s2p(3PO)6f    2s2p(3PO)5d     6.37E+00  1.41E+08 1.734E+04
872   3   5  2s2p(3PO)6f    2s2p(3PO)6d     1.69E+00  4.27E+04 5.140E+05
873   3   6  2s2p(3PO)6f    2s2p(3PO)7d    -8.82E-01 -5.85E+06 3.171E+04
874   3   7  2s2p(3PO)6f    2s2p(3PO)8d    -1.75E-01 -3.30E+06 1.880E+04
875   3   8  2s2p(3PO)6f    2s2p(3PO)9d    -6.91E-02 -2.13E+06 1.470E+04
876   3   9  2s2p(3PO)6f    2s2p(3PO)10d    -3.68E-02 -1.52E+06 1.273E+04
877   4   1  2s2p(3PO)7f    2p3              4.35E-02  2.27E+08 1.131E+03
878   4   2  2s2p(3PO)7f    2s2p(3PO)3d     1.77E-01  2.02E+08 2.417E+03
879   4   3  2s2p(3PO)7f    2s2p(3PO)4d     6.21E-01  1.54E+08 5.179E+03
880   4   4  2s2p(3PO)7f    2s2p(3PO)5d     1.63E+00  8.92E+07 1.104E+04
881   4   5  2s2p(3PO)7f    2s2p(3PO)6d     5.92E+00  4.80E+07 2.867E+04
882   4   6  2s2p(3PO)7f    2s2p(3PO)7d     2.45E+00  3.18E+04 7.164E+05
883   4   7  2s2p(3PO)7f    2s2p(3PO)8d    -1.38E+00 -3.78E+06 4.934E+04
884   4   8  2s2p(3PO)7f    2s2p(3PO)9d    -2.78E-01 -2.28E+06 2.851E+04
885   4   9  2s2p(3PO)7f    2s2p(3PO)10d    -1.12E-01 -1.56E+06 2.191E+04
886   5   1  2s2p(3PO)8f    2p3              2.95E-02  1.61E+08 1.104E+03
887   5   2  2s2p(3PO)8f    2s2p(3PO)3d     9.50E-02  1.20E+08 2.299E+03
888   5   3  2s2p(3PO)8f    2s2p(3PO)4d     3.16E-01  9.69E+07 4.664E+03
889   5   4  2s2p(3PO)8f    2s2p(3PO)5d     6.92E-01  5.78E+07 8.935E+03
890   5   5  2s2p(3PO)8f    2s2p(3PO)6d     1.62E+00  3.41E+07 1.779E+04
891   5   6  2s2p(3PO)8f    2s2p(3PO)7d     5.61E+00  1.93E+07 4.399E+04
892   5   7  2s2p(3PO)8f    2s2p(3PO)8d     3.36E+00  2.55E+04 9.366E+05
893   5   8  2s2p(3PO)8f    2s2p(3PO)9d    -1.98E+00 -2.49E+06 7.278E+04
894   5   9  2s2p(3PO)8f    2s2p(3PO)10d    -4.03E-01 -1.59E+06 4.115E+04
895   6   1  2s2p(3PO)9f    2p3              2.09E-02  1.18E+08 1.087E+03
896   6   2  2s2p(3PO)9f    2s2p(3PO)3d     5.86E-02  7.90E+07 2.224E+03
897   6   3  2s2p(3PO)9f    2s2p(3PO)4d     1.86E-01  6.51E+07 4.366E+03
898   6   4  2s2p(3PO)9f    2s2p(3PO)5d     3.69E-01  3.94E+07 7.903E+03
899   6   5  2s2p(3PO)9f    2s2p(3PO)6d     7.15E-01  2.39E+07 1.412E+04
900   6   6  2s2p(3PO)9f    2s2p(3PO)7d     1.60E+00  1.49E+07 2.679E+04
901   6   7  2s2p(3PO)9f    2s2p(3PO)8d     5.33E+00  8.73E+06 6.381E+04
902   6   8  2s2p(3PO)9f    2s2p(3PO)9d     4.51E+00  2.25E+04 1.156E+06
903   6   9  2s2p(3PO)9f    2s2p(3PO)10d    -2.72E+00 -1.71E+06 1.031E+05
904   7   1  2s2p(3PO)10f    2p3              1.53E-02  8.84E+07 1.075E+03
905   7   2  2s2p(3PO)10f    2s2p(3PO)3d     3.86E-02  5.45E+07 2.174E+03
906   7   3  2s2p(3PO)10f    2s2p(3PO)4d     1.20E-01  4.59E+07 4.176E+03
907   7   4  2s2p(3PO)10f    2s2p(3PO)5d     2.24E-01  2.80E+07 7.301E+03
908   7   5  2s2p(3PO)10f    2s2p(3PO)6d     3.92E-01  1.73E+07 1.231E+04
909   7   6  2s2p(3PO)10f    2s2p(3PO)7d     7.22E-01  1.10E+07 2.093E+04
910   7   7  2s2p(3PO)10f    2s2p(3PO)8d     1.56E+00  7.09E+06 3.830E+04
911   7   8  2s2p(3PO)10f    2s2p(3PO)9d     5.02E+00  4.27E+06 8.850E+04
912   7   9  2s2p(3PO)10f    2s2p(3PO)10d     5.62E+00  2.03E+04 1.358E+06
913   1   1  2s2_4f          2s2p(3PO)4f    -6.18E-06 -1.12E+04 1.919E+03
914   1   2  2s2_4f          2s2p(3PO)5f    -2.95E-06 -7.62E+03 1.606E+03
915   1   3  2s2_4f          2s2p(3PO)6f    -1.71E-06 -5.23E+03 1.476E+03
916   1   4  2s2_4f          2s2p(3PO)7f    -1.11E-06 -3.73E+03 1.408E+03
917   1   5  2s2_4f          2s2p(3PO)8f    -7.65E-07 -2.73E+03 1.367E+03
918   1   6  2s2_4f          2s2p(3PO)9f    -5.53E-07 -2.05E+03 1.340E+03
919   1   7  2s2_4f          2s2p(3PO)10f    -4.13E-07 -1.58E+03 1.322E+03
920   2   1  2s2_5f          2s2p(3PO)4f    -9.95E-06 -1.18E+04 2.372E+03
921   2   2  2s2_5f          2s2p(3PO)5f    -3.74E-06 -6.82E+03 1.913E+03
922   2   3  2s2_5f          2s2p(3PO)6f    -1.90E-06 -4.23E+03 1.731E+03
923   2   4  2s2_5f          2s2p(3PO)7f    -1.12E-06 -2.78E+03 1.638E+03
924   2   5  2s2_5f          2s2p(3PO)8f    -7.27E-07 -1.94E+03 1.583E+03
925   2   6  2s2_5f          2s2p(3PO)9f    -5.02E-07 -1.40E+03 1.547E+03
926   2   7  2s2_5f          2s2p(3PO)10f    -3.62E-07 -1.04E+03 1.522E+03
927   3   1  2s2_6f          2s2p(3PO)4f    -1.24E-05 -1.12E+04 2.722E+03
928   3   2  2s2_6f          2s2p(3PO)5f    -3.96E-06 -5.80E+03 2.134E+03
929   3   3  2s2_6f          2s2p(3PO)6f    -1.85E-06 -3.38E+03 1.910E+03
930   3   4  2s2_6f          2s2p(3PO)7f    -1.04E-06 -2.15E+03 1.797E+03
931   3   5  2s2_6f          2s2p(3PO)8f    -6.51E-07 -1.45E+03 1.731E+03
932   3   6  2s2_6f          2s2p(3PO)9f    -4.38E-07 -1.03E+03 1.688E+03
933   3   7  2s2_6f          2s2p(3PO)10f    -3.10E-07 -7.51E+02 1.659E+03
934   4   1  2s2_7f          2s2p(3PO)4f    -1.38E-05 -1.03E+04 2.987E+03
935   4   2  2s2_7f          2s2p(3PO)5f    -3.86E-06 -4.90E+03 2.293E+03
936   4   3  2s2_7f          2s2p(3PO)6f    -1.71E-06 -2.75E+03 2.037E+03
937   4   4  2s2_7f          2s2p(3PO)7f    -9.28E-07 -1.70E+03 1.909E+03
938   4   5  2s2_7f          2s2p(3PO)8f    -5.68E-07 -1.13E+03 1.834E+03
939   4   6  2s2_7f          2s2p(3PO)9f    -3.75E-07 -7.84E+02 1.787E+03
940   4   7  2s2_7f          2s2p(3PO)10f    -2.63E-07 -5.70E+02 1.754E+03
941   5   1  2s2_8f          2s2p(3PO)4f    -1.43E-05 -9.38E+03 3.189E+03
942   5   2  2s2_8f          2s2p(3PO)5f    -3.67E-06 -4.21E+03 2.410E+03
943   5   3  2s2_8f          2s2p(3PO)6f    -1.54E-06 -2.27E+03 2.129E+03
944   5   4  2s2_8f          2s2p(3PO)7f    -8.16E-07 -1.37E+03 1.990E+03
945   5   5  2s2_8f          2s2p(3PO)8f    -4.90E-07 -8.97E+02 1.909E+03
946   5   6  2s2_8f          2s2p(3PO)9f    -3.20E-07 -6.19E+02 1.857E+03
947   5   7  2s2_8f          2s2p(3PO)10f    -2.22E-07 -4.46E+02 1.822E+03
948   6   1  2s2_9f          2s2p(3PO)4f    -1.41E-05 -8.41E+03 3.344E+03
949   6   2  2s2_9f          2s2p(3PO)5f    -3.38E-06 -3.61E+03 2.498E+03
950   6   3  2s2_9f          2s2p(3PO)6f    -1.37E-06 -1.89E+03 2.197E+03
951   6   4  2s2_9f          2s2p(3PO)7f    -7.11E-07 -1.13E+03 2.049E+03
952   6   5  2s2_9f          2s2p(3PO)8f    -4.21E-07 -7.29E+02 1.963E+03
953   6   6  2s2_9f          2s2p(3PO)9f    -2.73E-07 -5.00E+02 1.908E+03
954   6   7  2s2_9f          2s2p(3PO)10f    -1.88E-07 -3.58E+02 1.871E+03
955   7   1  2s210f          2s2p(3PO)4f    -1.35E-05 -7.50E+03 3.464E+03
956   7   2  2s210f          2s2p(3PO)5f    -3.06E-06 -3.10E+03 2.564E+03
957   7   3  2s210f          2s2p(3PO)6f    -1.21E-06 -1.60E+03 2.248E+03
958   7   4  2s210f          2s2p(3PO)7f    -6.18E-07 -9.41E+02 2.093E+03
959   7   5  2s210f          2s2p(3PO)8f    -3.62E-07 -6.01E+02 2.004E+03
960   7   6  2s210f          2s2p(3PO)9f    -2.33E-07 -4.10E+02 1.947E+03
961   7   7  2s210f          2s2p(3PO)10f    -1.59E-07 -2.91E+02 1.908E+03
962   1   1  2s2p(3PO)5g    2s2p(3PO)4f     1.71E+01  1.22E+09 9.672E+03
963   1   2  2s2p(3PO)5g    2s2p(3PO)5f     6.06E-01  1.73E+04 4.829E+05
964   1   3  2s2p(3PO)5g    2s2p(3PO)6f    -1.85E-01 -3.43E+06 1.897E+04
965   1   4  2s2p(3PO)5g    2s2p(3PO)7f    -2.94E-02 -1.44E+06 1.167E+04
966   1   5  2s2p(3PO)5g    2s2p(3PO)8f    -9.93E-03 -7.58E+05 9.347E+03
967   1   6  2s2p(3PO)5g    2s2p(3PO)9f    -4.63E-03 -4.57E+05 8.224E+03
968   1   7  2s2p(3PO)5g    2s2p(3PO)10f    -2.58E-03 -3.00E+05 7.574E+03
969   2   1  2s2p(3PO)6g    2s2p(3PO)4f     2.51E+00  4.14E+08 6.360E+03
970   2   2  2s2p(3PO)6g    2s2p(3PO)5f     1.45E+01  3.02E+08 1.788E+04
971   2   3  2s2p(3PO)6g    2s2p(3PO)6f     1.05E+00  8.89E+03 8.873E+05
972   2   4  2s2p(3PO)6g    2s2p(3PO)7f    -4.78E-01 -3.23E+06 3.144E+04
973   2   5  2s2p(3PO)6g    2s2p(3PO)8f    -8.17E-02 -1.54E+06 1.882E+04
974   2   6  2s2p(3PO)6g    2s2p(3PO)9f    -2.84E-02 -8.69E+05 1.476E+04
975   2   7  2s2p(3PO)6g    2s2p(3PO)10f    -1.35E-02 -5.50E+05 1.279E+04
976   3   1  2s2p(3PO)7g    2s2p(3PO)4f     8.28E-01  1.99E+08 5.270E+03
977   3   2  2s2p(3PO)7g    2s2p(3PO)5f     3.01E+00  1.57E+08 1.131E+04
978   3   3  2s2p(3PO)7g    2s2p(3PO)6f     1.33E+01  1.00E+08 2.972E+04
979   3   4  2s2p(3PO)7g    2s2p(3PO)7f     1.48E+00  4.98E+03 1.408E+06
980   3   5  2s2p(3PO)7g    2s2p(3PO)8f    -8.51E-01 -2.41E+06 4.849E+04
981   3   6  2s2p(3PO)7g    2s2p(3PO)9f    -1.53E-01 -1.27E+06 2.839E+04
982   3   7  2s2p(3PO)7g    2s2p(3PO)10f    -5.45E-02 -7.58E+05 2.190E+04
983   4   1  2s2p(3PO)8g    2s2p(3PO)4f     3.82E-01  1.13E+08 4.742E+03
984   4   2  2s2p(3PO)8g    2s2p(3PO)5f     1.14E+00  9.12E+07 9.129E+03
985   4   3  2s2p(3PO)8g    2s2p(3PO)6f     3.15E+00  6.30E+07 1.826E+04
986   4   4  2s2p(3PO)8g    2s2p(3PO)7f     1.27E+01  4.03E+07 4.584E+04
987   4   5  2s2p(3PO)8g    2s2p(3PO)8f     1.91E+00  2.97E+03 2.071E+06
988   4   6  2s2p(3PO)8g    2s2p(3PO)9f    -1.28E+00 -1.70E+06 7.081E+04
989   4   7  2s2p(3PO)8g    2s2p(3PO)10f    -2.38E-01 -9.57E+05 4.072E+04
990   5   1  2s2p(3PO)9g    2s2p(3PO)4f     2.12E-01  7.18E+07 4.438E+03
991   5   2  2s2p(3PO)9g    2s2p(3PO)5f     5.70E-01  5.85E+07 8.064E+03
992   5   3  2s2p(3PO)9g    2s2p(3PO)6f     1.29E+00  4.12E+07 1.445E+04
993   5   4  2s2p(3PO)9g    2s2p(3PO)7f     3.20E+00  2.81E+07 2.756E+04
994   5   5  2s2p(3PO)9g    2s2p(3PO)8f     1.24E+01  1.85E+07 6.689E+04
995   5   6  2s2p(3PO)9g    2s2p(3PO)9f     2.32E+00  1.84E+03 2.902E+06
996   5   7  2s2p(3PO)9g    2s2p(3PO)10f    -1.76E+00 -1.20E+06 9.911E+04
997   6   1  2s2p(3PO)10g    2s2p(3PO)4f     1.31E-01  4.85E+07 4.243E+03
998   6   2  2s2p(3PO)10g    2s2p(3PO)5f     3.31E-01  3.99E+07 7.443E+03
999   6   3  2s2p(3PO)10g    2s2p(3PO)6f     6.70E-01  2.83E+07 1.257E+04
1000   6   4  2s2p(3PO)10g    2s2p(3PO)7f     1.36E+00  1.97E+07 2.145E+04
1001   6   5  2s2p(3PO)10g    2s2p(3PO)8f     3.24E+00  1.38E+07 3.954E+04
1002   6   6  2s2p(3PO)10g    2s2p(3PO)9f     1.22E+01  9.30E+06 9.355E+04
1003   6   7  2s2p(3PO)10g    2s2p(3PO)10f     1.76E+00  7.61E+02 3.928E+06
1004   1   1  2s2_4f          2s2p(3PO)4f    -6.18E-06 -1.12E+04 1.919E+03
1005   1   2  2s2_4f          2s2p(3PO)5f    -2.95E-06 -7.62E+03 1.606E+03
1006   1   3  2s2_4f          2s2p(3PO)6f    -1.71E-06 -5.23E+03 1.476E+03
1007   1   4  2s2_4f          2s2p(3PO)7f    -1.11E-06 -3.73E+03 1.408E+03
1008   1   5  2s2_4f          2s2p(3PO)8f    -7.65E-07 -2.73E+03 1.367E+03
1009   1   6  2s2_4f          2s2p(3PO)9f    -5.53E-07 -2.05E+03 1.340E+03
1010   1   7  2s2_4f          2s2p(3PO)10f    -4.13E-07 -1.58E+03 1.322E+03
1011   2   1  2s2_5f          2s2p(3PO)4f    -9.95E-06 -1.18E+04 2.372E+03
1012   2   2  2s2_5f          2s2p(3PO)5f    -3.74E-06 -6.82E+03 1.913E+03
1013   2   3  2s2_5f          2s2p(3PO)6f    -1.90E-06 -4.23E+03 1.731E+03
1014   2   4  2s2_5f          2s2p(3PO)7f    -1.12E-06 -2.78E+03 1.638E+03
1015   2   5  2s2_5f          2s2p(3PO)8f    -7.27E-07 -1.94E+03 1.583E+03
1016   2   6  2s2_5f          2s2p(3PO)9f    -5.02E-07 -1.40E+03 1.547E+03
1017   2   7  2s2_5f          2s2p(3PO)10f    -3.62E-07 -1.04E+03 1.522E+03
1018   3   1  2s2_6f          2s2p(3PO)4f    -1.24E-05 -1.12E+04 2.722E+03
1019   3   2  2s2_6f          2s2p(3PO)5f    -3.96E-06 -5.80E+03 2.134E+03
1020   3   3  2s2_6f          2s2p(3PO)6f    -1.85E-06 -3.38E+03 1.910E+03
1021   3   4  2s2_6f          2s2p(3PO)7f    -1.04E-06 -2.15E+03 1.797E+03
1022   3   5  2s2_6f          2s2p(3PO)8f    -6.51E-07 -1.45E+03 1.731E+03
1023   3   6  2s2_6f          2s2p(3PO)9f    -4.38E-07 -1.03E+03 1.688E+03
1024   3   7  2s2_6f          2s2p(3PO)10f    -3.10E-07 -7.51E+02 1.659E+03
1025   4   1  2s2_7f          2s2p(3PO)4f    -1.38E-05 -1.03E+04 2.987E+03
1026   4   2  2s2_7f          2s2p(3PO)5f    -3.86E-06 -4.90E+03 2.293E+03
1027   4   3  2s2_7f          2s2p(3PO)6f    -1.71E-06 -2.75E+03 2.037E+03
1028   4   4  2s2_7f          2s2p(3PO)7f    -9.28E-07 -1.70E+03 1.909E+03
1029   4   5  2s2_7f          2s2p(3PO)8f    -5.68E-07 -1.13E+03 1.834E+03
1030   4   6  2s2_7f          2s2p(3PO)9f    -3.75E-07 -7.84E+02 1.787E+03
1031   4   7  2s2_7f          2s2p(3PO)10f    -2.63E-07 -5.70E+02 1.754E+03
1032   5   1  2s2_8f          2s2p(3PO)4f    -1.43E-05 -9.38E+03 3.189E+03
1033   5   2  2s2_8f          2s2p(3PO)5f    -3.67E-06 -4.21E+03 2.410E+03
1034   5   3  2s2_8f          2s2p(3PO)6f    -1.54E-06 -2.27E+03 2.129E+03
1035   5   4  2s2_8f          2s2p(3PO)7f    -8.16E-07 -1.37E+03 1.990E+03
1036   5   5  2s2_8f          2s2p(3PO)8f    -4.90E-07 -8.97E+02 1.909E+03
1037   5   6  2s2_8f          2s2p(3PO)9f    -3.20E-07 -6.19E+02 1.857E+03
1038   5   7  2s2_8f          2s2p(3PO)10f    -2.22E-07 -4.46E+02 1.822E+03
1039   6   1  2s2_9f          2s2p(3PO)4f    -1.41E-05 -8.41E+03 3.344E+03
1040   6   2  2s2_9f          2s2p(3PO)5f    -3.38E-06 -3.61E+03 2.498E+03
1041   6   3  2s2_9f          2s2p(3PO)6f    -1.37E-06 -1.89E+03 2.197E+03
1042   6   4  2s2_9f          2s2p(3PO)7f    -7.11E-07 -1.13E+03 2.049E+03
1043   6   5  2s2_9f          2s2p(3PO)8f    -4.21E-07 -7.29E+02 1.963E+03
1044   6   6  2s2_9f          2s2p(3PO)9f    -2.73E-07 -5.00E+02 1.908E+03
1045   6   7  2s2_9f          2s2p(3PO)10f    -1.88E-07 -3.58E+02 1.871E+03
1046   7   1  2s210f          2s2p(3PO)4f    -1.35E-05 -7.50E+03 3.464E+03
1047   7   2  2s210f          2s2p(3PO)5f    -3.06E-06 -3.10E+03 2.564E+03
1048   7   3  2s210f          2s2p(3PO)6f    -1.21E-06 -1.60E+03 2.248E+03
1049   7   4  2s210f          2s2p(3PO)7f    -6.18E-07 -9.41E+02 2.093E+03
1050   7   5  2s210f          2s2p(3PO)8f    -3.62E-07 -6.01E+02 2.004E+03
1051   7   6  2s210f          2s2p(3PO)9f    -2.33E-07 -4.10E+02 1.947E+03
1052   7   7  2s210f          2s2p(3PO)10f    -1.59E-07 -2.91E+02 1.908E+03
1053   1   1  2s2_5g          2s2_4f           1.85E+01  1.25E+09 9.919E+03
1054   1   2  2s2_5g          2s2_5f           3.59E-01  3.18E+03 8.679E+05
1055   1   3  2s2_5g          2s2_6f          -1.72E-01 -3.22E+06 1.887E+04
1056   1   4  2s2_5g          2s2_7f          -2.70E-02 -1.32E+06 1.168E+04
1057   1   5  2s2_5g          2s2_8f          -8.94E-03 -6.80E+05 9.364E+03
1058   1   6  2s2_5g          2s2_9f          -4.11E-03 -4.03E+05 8.244E+03
1059   1   7  2s2_5g          2s210f          -2.26E-03 -2.61E+05 7.595E+03
1060   2   1  2s2_6g          2s2_4f           2.61E+00  4.16E+08 6.473E+03
1061   2   2  2s2_6g          2s2_5f           1.60E+01  3.21E+08 1.824E+04
1062   2   3  2s2_6g          2s2_6f           6.81E-01  2.14E+03 1.458E+06
1063   2   4  2s2_6g          2s2_7f          -4.49E-01 -3.06E+06 3.130E+04
1064   2   5  2s2_6g          2s2_8f          -7.67E-02 -1.44E+06 1.883E+04
1065   2   6  2s2_6g          2s2_9f          -2.65E-02 -8.08E+05 1.479E+04
1066   2   7  2s2_6g          2s210f          -1.25E-02 -5.07E+05 1.282E+04
1067   3   1  2s2_7g          2s2_4f           8.45E-01  1.97E+08 5.351E+03
1068   3   2  2s2_7g          2s2_5f           3.22E+00  1.63E+08 1.146E+04
1069   3   3  2s2_7g          2s2_6f           1.47E+01  1.07E+08 3.023E+04
1070   3   4  2s2_7g          2s2_7f           9.91E-01  1.31E+03 2.248E+06
1071   3   5  2s2_7g          2s2_8f          -7.96E-01 -2.28E+06 4.826E+04
1072   3   6  2s2_7g          2s2_9f          -1.44E-01 -1.19E+06 2.839E+04
1073   3   7  2s2_7g          2s210f          -5.14E-02 -7.13E+05 2.193E+04
1074   4   1  2s2_8g          2s2_4f           3.86E-01  1.11E+08 4.810E+03
1075   4   2  2s2_8g          2s2_5f           1.21E+00  9.46E+07 9.238E+03
1076   4   3  2s2_8g          2s2_6f           3.40E+00  6.64E+07 1.848E+04
1077   4   4  2s2_8g          2s2_7f           1.41E+01  4.34E+07 4.657E+04
1078   4   5  2s2_8g          2s2_8f           1.29E+00  8.01E+02 3.277E+06
1079   4   6  2s2_8g          2s2_9f          -1.20E+00 -1.61E+06 7.043E+04
1080   4   7  2s2_8g          2s210f          -2.26E-01 -9.10E+05 4.071E+04
1081   5   1  2s2_9g          2s2_4f           2.12E-01  6.99E+07 4.498E+03
1082   5   2  2s2_9g          2s2_5f           5.98E-01  6.00E+07 8.152E+03
1083   5   3  2s2_9g          2s2_6f           1.37E+00  4.29E+07 1.459E+04
1084   5   4  2s2_9g          2s2_7f           3.47E+00  2.98E+07 2.786E+04
1085   5   5  2s2_9g          2s2_8f           1.38E+01  1.99E+07 6.793E+04
1086   5   6  2s2_9g          2s2_9f           1.57E+00  4.99E+02 4.579E+06
1087   5   7  2s2_9g          2s210f          -1.65E+00 -1.13E+06 9.853E+04
1088   6   1  2s210g          2s2_4f           1.31E-01  4.73E+07 4.298E+03
1089   6   2  2s210g          2s2_5f           3.46E-01  4.08E+07 7.520E+03
1090   6   3  2s210g          2s2_6f           7.11E-01  2.95E+07 1.269E+04
1091   6   4  2s210g          2s2_7f           1.46E+00  2.08E+07 2.165E+04
1092   6   5  2s210g          2s2_8f           3.52E+00  1.47E+07 3.995E+04
1093   6   6  2s210g          2s2_9f           1.37E+01  1.01E+07 9.497E+04
1094   6   7  2s210g          2s210f           4.02E-01  6.99E+01 6.195E+06
1095   1   1  2s2p(3PO)5g    2s2_5g           2.60E-10  4.76E-01 1.909E+03
1096   1   2  2s2p(3PO)5g    2s2_6g           3.47E-10  5.11E-01 2.127E+03
1097   1   3  2s2p(3PO)5g    2s2_7g           3.46E-10  4.42E-01 2.285E+03
1098   1   4  2s2p(3PO)5g    2s2_8g           3.07E-10  3.55E-01 2.400E+03
1099   1   5  2s2p(3PO)5g    2s2_9g           2.63E-10  2.84E-01 2.486E+03
1100   1   6  2s2p(3PO)5g    2s210g           2.21E-10  2.26E-01 2.552E+03
1101   2   1  2s2p(3PO)6g    2s2_5g           2.21E-10  4.92E-01 1.731E+03
1102   2   2  2s2p(3PO)6g    2s2_6g           2.78E-10  5.09E-01 1.909E+03
1103   2   3  2s2p(3PO)6g    2s2_7g           2.66E-10  4.29E-01 2.034E+03
1104   2   4  2s2p(3PO)6g    2s2_8g           2.31E-10  3.41E-01 2.125E+03
1105   2   5  2s2p(3PO)6g    2s2_9g           1.94E-10  2.69E-01 2.193E+03
1106   2   6  2s2p(3PO)6g    2s210g           1.61E-10  2.13E-01 2.243E+03
1107   3   1  2s2p(3PO)7g    2s2_5g           1.66E-10  4.12E-01 1.639E+03
1108   3   2  2s2p(3PO)7g    2s2_6g           2.01E-10  4.15E-01 1.797E+03
1109   3   3  2s2p(3PO)7g    2s2_7g           1.88E-10  3.44E-01 1.908E+03
1110   3   4  2s2p(3PO)7g    2s2_8g           1.61E-10  2.72E-01 1.988E+03
1111   3   5  2s2p(3PO)7g    2s2_9g           1.34E-10  2.13E-01 2.047E+03
1112   3   6  2s2p(3PO)7g    2s210g           1.10E-10  1.68E-01 2.091E+03
1113   4   1  2s2p(3PO)8g    2s2_5g           1.23E-10  3.27E-01 1.584E+03
1114   4   2  2s2p(3PO)8g    2s2_6g           1.46E-10  3.25E-01 1.731E+03
1115   4   3  2s2p(3PO)8g    2s2_7g           1.34E-10  2.66E-01 1.834E+03
1116   4   4  2s2p(3PO)8g    2s2_8g           1.14E-10  2.09E-01 1.908E+03
1117   4   5  2s2p(3PO)8g    2s2_9g           9.43E-11  1.63E-01 1.962E+03
1118   4   6  2s2p(3PO)8g    2s210g           7.71E-11  1.28E-01 2.002E+03
1119   5   1  2s2p(3PO)9g    2s2_5g           9.21E-11  2.56E-01 1.549E+03
1120   5   2  2s2p(3PO)9g    2s2_6g           1.08E-10  2.52E-01 1.689E+03
1121   5   3  2s2p(3PO)9g    2s2_7g           9.84E-11  2.06E-01 1.787E+03
1122   5   4  2s2p(3PO)9g    2s2_8g           8.32E-11  1.61E-01 1.857E+03
1123   5   5  2s2p(3PO)9g    2s2_9g           6.83E-11  1.25E-01 1.908E+03
1124   5   6  2s2p(3PO)9g    2s210g           5.56E-11  9.79E-02 1.946E+03
1125   6   1  2s2p(3PO)10g    2s2_5g           7.01E-11  2.01E-01 1.524E+03
1126   6   2  2s2p(3PO)10g    2s2_6g           8.12E-11  1.97E-01 1.660E+03
1127   6   3  2s2p(3PO)10g    2s2_7g           7.36E-11  1.59E-01 1.755E+03
1128   6   4  2s2p(3PO)10g    2s2_8g           6.19E-11  1.24E-01 1.822E+03
1129   6   5  2s2p(3PO)10g    2s2_9g           5.07E-11  9.66E-02 1.871E+03
1130   6   6  2s2p(3PO)10g    2s210g           4.12E-11  7.55E-02 1.908E+03
1131   1   1  2s2p(3PO)5g    2s2_5g           2.60E-10  4.76E-01 1.909E+03
1132   1   2  2s2p(3PO)5g    2s2_6g           3.47E-10  5.11E-01 2.127E+03
1133   1   3  2s2p(3PO)5g    2s2_7g           3.46E-10  4.42E-01 2.285E+03
1134   1   4  2s2p(3PO)5g    2s2_8g           3.07E-10  3.55E-01 2.400E+03
1135   1   5  2s2p(3PO)5g    2s2_9g           2.63E-10  2.84E-01 2.486E+03
1136   1   6  2s2p(3PO)5g    2s210g           2.21E-10  2.26E-01 2.552E+03
1137   2   1  2s2p(3PO)6g    2s2_5g           2.21E-10  4.92E-01 1.731E+03
1138   2   2  2s2p(3PO)6g    2s2_6g           2.78E-10  5.09E-01 1.909E+03
1139   2   3  2s2p(3PO)6g    2s2_7g           2.66E-10  4.29E-01 2.034E+03
1140   2   4  2s2p(3PO)6g    2s2_8g           2.31E-10  3.41E-01 2.125E+03
1141   2   5  2s2p(3PO)6g    2s2_9g           1.94E-10  2.69E-01 2.193E+03
1142   2   6  2s2p(3PO)6g    2s210g           1.61E-10  2.13E-01 2.243E+03
1143   3   1  2s2p(3PO)7g    2s2_5g           1.66E-10  4.12E-01 1.639E+03
1144   3   2  2s2p(3PO)7g    2s2_6g           2.01E-10  4.15E-01 1.797E+03
1145   3   3  2s2p(3PO)7g    2s2_7g           1.88E-10  3.44E-01 1.908E+03
1146   3   4  2s2p(3PO)7g    2s2_8g           1.61E-10  2.72E-01 1.988E+03
1147   3   5  2s2p(3PO)7g    2s2_9g           1.34E-10  2.13E-01 2.047E+03
1148   3   6  2s2p(3PO)7g    2s210g           1.10E-10  1.68E-01 2.091E+03
1149   4   1  2s2p(3PO)8g    2s2_5g           1.23E-10  3.27E-01 1.584E+03
1150   4   2  2s2p(3PO)8g    2s2_6g           1.46E-10  3.25E-01 1.731E+03
1151   4   3  2s2p(3PO)8g    2s2_7g           1.34E-10  2.66E-01 1.834E+03
1152   4   4  2s2p(3PO)8g    2s2_8g           1.14E-10  2.09E-01 1.908E+03
1153   4   5  2s2p(3PO)8g    2s2_9g           9.43E-11  1.63E-01 1.962E+03
1154   4   6  2s2p(3PO)8g    2s210g           7.71E-11  1.28E-01 2.002E+03
1155   5   1  2s2p(3PO)9g    2s2_5g           9.21E-11  2.56E-01 1.549E+03
1156   5   2  2s2p(3PO)9g    2s2_6g           1.08E-10  2.52E-01 1.689E+03
1157   5   3  2s2p(3PO)9g    2s2_7g           9.84E-11  2.06E-01 1.787E+03
1158   5   4  2s2p(3PO)9g    2s2_8g           8.32E-11  1.61E-01 1.857E+03
1159   5   5  2s2p(3PO)9g    2s2_9g           6.83E-11  1.25E-01 1.908E+03
1160   5   6  2s2p(3PO)9g    2s210g           5.56E-11  9.79E-02 1.946E+03
1161   6   1  2s2p(3PO)10g    2s2_5g           7.01E-11  2.01E-01 1.524E+03
1162   6   2  2s2p(3PO)10g    2s2_6g           8.12E-11  1.97E-01 1.660E+03
1163   6   3  2s2p(3PO)10g    2s2_7g           7.36E-11  1.59E-01 1.755E+03
1164   6   4  2s2p(3PO)10g    2s2_8g           6.19E-11  1.24E-01 1.822E+03
1165   6   5  2s2p(3PO)10g    2s2_9g           5.07E-11  9.66E-02 1.871E+03
1166   6   6  2s2p(3PO)10g    2s210g           4.12E-11  7.55E-02 1.908E+03
1167   1   1  2s2p(3PO)3s   2s2p(3PO)3p   -1.14E+00 -2.41E+08 5.612E+03
1168   1   2  2s2p(3PO)3s   2s2p(3PO)4p   -1.65E-02 -2.59E+07 2.060E+03
1169   1   3  2s2p(3PO)3s   2s2p(3PO)5p   -1.03E-02 -2.59E+07 1.629E+03
1170   1   4  2s2p(3PO)3s   2s2p(3PO)6p   -5.91E-03 -1.82E+07 1.471E+03
1171   1   5  2s2p(3PO)3s   2s2p(3PO)7p   -3.63E-03 -1.25E+07 1.393E+03
1172   1   6  2s2p(3PO)3s   2s2p(3PO)8p   -2.38E-03 -8.75E+06 1.347E+03
1173   1   7  2s2p(3PO)3s   2s2p(3PO)9p   -1.64E-03 -6.30E+06 1.318E+03
1174   1   8  2s2p(3PO)3s   2s2p(3PO)10p   -1.18E-03 -4.67E+06 1.298E+03
1175   2   1  2s2p(3PO)3d    2s2p(3PO)3p    2.83E+00  3.74E+08 7.103E+03
1176   2   2  2s2p(3PO)3d    2s2p(3PO)4p   -9.30E-01 -1.72E+08 6.004E+03
1177   2   3  2s2p(3PO)3d    2s2p(3PO)5p   -1.07E-01 -6.21E+07 3.390E+03
1178   2   4  2s2p(3PO)3d    2s2p(3PO)6p   -3.57E-02 -3.10E+07 2.772E+03
1179   2   5  2s2p(3PO)3d    2s2p(3PO)7p   -1.69E-02 -1.80E+07 2.505E+03
1180   2   6  2s2p(3PO)3d    2s2p(3PO)8p   -9.50E-03 -1.14E+07 2.362E+03
1181   2   7  2s2p(3PO)3d    2s2p(3PO)9p   -5.95E-03 -7.68E+06 2.274E+03
1182   2   8  2s2p(3PO)3d    2s2p(3PO)10p   -4.00E-03 -5.43E+06 2.216E+03
1183   3   1  2s2p(3PO)4s   2s2p(3PO)3p    2.75E-01  1.10E+08 4.075E+03
1184   3   2  2s2p(3PO)4s   2s2p(3PO)4p   -1.28E+00 -3.28E+07 1.614E+04
1185   3   3  2s2p(3PO)4s   2s2p(3PO)5p   -1.14E-02 -2.76E+06 5.253E+03
1186   3   4  2s2p(3PO)4s   2s2p(3PO)6p   -8.68E-03 -3.80E+06 3.904E+03
1187   3   5  2s2p(3PO)4s   2s2p(3PO)7p   -5.34E-03 -3.09E+06 3.395E+03
1188   3   6  2s2p(3PO)4s   2s2p(3PO)8p   -3.43E-03 -2.33E+06 3.137E+03
1189   3   7  2s2p(3PO)4s   2s2p(3PO)9p   -2.32E-03 -1.74E+06 2.984E+03
1190   3   8  2s2p(3PO)4s   2s2p(3PO)10p   -1.64E-03 -1.31E+06 2.884E+03
1191   4   1  2s2p(3PO)4d    2s2p(3PO)3p    2.92E-01  2.49E+08 2.797E+03
1192   4   2  2s2p(3PO)4d    2s2p(3PO)4p    4.60E+00  7.71E+07 1.995E+04
1193   4   3  2s2p(3PO)4d    2s2p(3PO)5p   -1.73E+00 -7.07E+07 1.277E+04
1194   4   4  2s2p(3PO)4d    2s2p(3PO)6p   -2.21E-01 -3.06E+07 6.939E+03
1195   4   5  2s2p(3PO)4d    2s2p(3PO)7p   -7.68E-02 -1.71E+07 5.481E+03
1196   4   6  2s2p(3PO)4d    2s2p(3PO)8p   -3.72E-02 -1.06E+07 4.837E+03
1197   4   7  2s2p(3PO)4d    2s2p(3PO)9p   -2.14E-02 -7.10E+06 4.482E+03
1198   4   8  2s2p(3PO)4d    2s2p(3PO)10p   -1.36E-02 -4.99E+06 4.262E+03
1199   5   1  2s2p(3PO)5s   2s2p(3PO)3p    4.70E-02  5.19E+07 2.458E+03
1200   5   2  2s2p(3PO)5s   2s2p(3PO)4p    5.30E-01  3.50E+07 1.004E+04
1201   5   3  2s2p(3PO)5s   2s2p(3PO)5p   -1.67E+00 -9.28E+06 3.465E+04
1202   5   4  2s2p(3PO)5s   2s2p(3PO)6p   -8.09E-03 -4.84E+05 1.056E+04
1203   5   5  2s2p(3PO)5s   2s2p(3PO)7p   -7.61E-03 -8.98E+05 7.518E+03
1204   5   6  2s2p(3PO)5s   2s2p(3PO)8p   -4.97E-03 -8.20E+05 6.357E+03
1205   5   7  2s2p(3PO)5s   2s2p(3PO)9p   -3.30E-03 -6.64E+05 5.758E+03
1206   5   8  2s2p(3PO)5s   2s2p(3PO)10p   -2.29E-03 -5.24E+05 5.399E+03
1207   6   1  2s2p(3PO)5d    2s2p(3PO)3p    1.55E-01  2.18E+08 2.176E+03
1208   6   2  2s2p(3PO)5d    2s2p(3PO)4p    1.66E-01  2.57E+07 6.570E+03
1209   6   3  2s2p(3PO)5d    2s2p(3PO)5p    5.97E+00  2.25E+07 4.204E+04
1210   6   4  2s2p(3PO)5d    2s2p(3PO)6p   -2.54E+00 -2.99E+07 2.380E+04
1211   6   5  2s2p(3PO)5d    2s2p(3PO)7p   -3.31E-01 -1.43E+07 1.244E+04
1212   6   6  2s2p(3PO)5d    2s2p(3PO)8p   -1.15E-01 -8.40E+06 9.555E+03
1213   6   7  2s2p(3PO)5d    2s2p(3PO)9p   -5.62E-02 -5.49E+06 8.264E+03
1214   6   8  2s2p(3PO)5d    2s2p(3PO)10p   -3.25E-02 -3.81E+06 7.544E+03
1215   7   1  2s2p(3PO)6s   2s2p(3PO)3p    1.76E-02  2.77E+07 2.058E+03
1216   7   2  2s2p(3PO)6s   2s2p(3PO)4p    8.29E-02  1.76E+07 5.601E+03
1217   7   3  2s2p(3PO)6s   2s2p(3PO)5p    8.19E-01  1.37E+07 1.995E+04
1218   7   4  2s2p(3PO)6s   2s2p(3PO)6p   -2.04E+00 -3.35E+06 6.376E+04
1219   7   5  2s2p(3PO)6s   2s2p(3PO)7p   -5.96E-03 -1.16E+05 1.851E+04
1220   7   6  2s2p(3PO)6s   2s2p(3PO)8p   -6.83E-03 -2.79E+05 1.277E+04
1221   7   7  2s2p(3PO)6s   2s2p(3PO)9p   -4.70E-03 -2.81E+05 1.056E+04
1222   7   8  2s2p(3PO)6s   2s2p(3PO)10p   -3.22E-03 -2.42E+05 9.414E+03
1223   8   1  2s2p(3PO)6d    2s2p(3PO)3p    8.55E-02  1.51E+08 1.942E+03
1224   8   2  2s2p(3PO)6d    2s2p(3PO)4p    1.05E-01  3.01E+07 4.820E+03
1225   8   3  2s2p(3PO)6d    2s2p(3PO)5p    1.11E-01  4.63E+06 1.265E+04
1226   8   4  2s2p(3PO)6d    2s2p(3PO)6p    7.21E+00  8.44E+06 7.550E+04
1227   8   5  2s2p(3PO)6d    2s2p(3PO)7p   -3.35E+00 -1.41E+07 3.985E+04
1228   8   6  2s2p(3PO)6d    2s2p(3PO)8p   -4.42E-01 -7.19E+06 2.025E+04
1229   8   7  2s2p(3PO)6d    2s2p(3PO)9p   -1.55E-01 -4.47E+06 1.521E+04
1230   8   8  2s2p(3PO)6d    2s2p(3PO)10p   -7.57E-02 -3.02E+06 1.294E+04
1231   9   1  2s2p(3PO)7s   2s2p(3PO)3p    8.58E-03  1.61E+07 1.885E+03
1232   9   2  2s2p(3PO)7s   2s2p(3PO)4p    3.11E-02  1.03E+07 4.482E+03
1233   9   3  2s2p(3PO)7s   2s2p(3PO)5p    1.19E-01  7.12E+06 1.056E+04
1234   9   4  2s2p(3PO)7s   2s2p(3PO)6p    1.10E+00  6.12E+06 3.463E+04
1235   9   5  2s2p(3PO)7s   2s2p(3PO)7p   -2.40E+00 -1.43E+06 1.057E+05
1236   9   6  2s2p(3PO)7s   2s2p(3PO)8p   -4.33E-03 -3.29E+04 2.962E+04
1237   9   7  2s2p(3PO)7s   2s2p(3PO)9p   -6.08E-03 -1.02E+05 1.995E+04
1238   9   8  2s2p(3PO)7s   2s2p(3PO)10p   -4.37E-03 -1.11E+05 1.622E+04
1239  10   1  2s2p(3PO)7d    2s2p(3PO)3p    5.17E-02  1.04E+08 1.825E+03
1240  10   2  2s2p(3PO)7d    2s2p(3PO)4p    6.27E-02  2.42E+07 4.155E+03
1241  10   3  2s2p(3PO)7d    2s2p(3PO)5p    7.96E-02  6.69E+06 8.906E+03
1242  10   4  2s2p(3PO)7d    2s2p(3PO)6p    7.90E-02  1.14E+06 2.152E+04
1243  10   5  2s2p(3PO)7d    2s2p(3PO)7p    8.43E+00  3.72E+06 1.229E+05
1244  10   6  2s2p(3PO)7d    2s2p(3PO)8p   -4.17E+00 -7.26E+06 6.188E+04
1245  10   7  2s2p(3PO)7d    2s2p(3PO)9p   -5.52E-01 -3.89E+06 3.075E+04
1246  10   8  2s2p(3PO)7d    2s2p(3PO)10p   -1.94E-01 -2.51E+06 2.270E+04
1247  11   1  2s2p(3PO)8s   2s2p(3PO)3p    4.87E-03  1.01E+07 1.792E+03
1248  11   2  2s2p(3PO)8s   2s2p(3PO)4p    1.57E-02  6.58E+06 3.989E+03
1249  11   3  2s2p(3PO)8s   2s2p(3PO)5p    4.37E-02  4.36E+06 8.177E+03
1250  11   4  2s2p(3PO)8s   2s2p(3PO)6p    1.55E-01  3.30E+06 1.770E+04
1251  11   5  2s2p(3PO)8s   2s2p(3PO)7p    1.39E+00  3.05E+06 5.510E+04
1252  11   6  2s2p(3PO)8s   2s2p(3PO)8p   -2.75E+00 -6.93E+05 1.627E+05
1253  11   7  2s2p(3PO)8s   2s2p(3PO)9p   -3.12E-03 -1.05E+04 4.443E+04
1254  11   8  2s2p(3PO)8s   2s2p(3PO)10p   -5.44E-03 -4.21E+04 2.937E+04
1255  12   1  2s2p(3PO)8d    2s2p(3PO)3p    3.36E-02  7.27E+07 1.756E+03
1256  12   2  2s2p(3PO)8d    2s2p(3PO)4p    3.98E-02  1.83E+07 3.814E+03
1257  12   3  2s2p(3PO)8d    2s2p(3PO)5p    4.96E-02  5.92E+06 7.474E+03
1258  12   4  2s2p(3PO)8d    2s2p(3PO)6p    6.38E-02  1.97E+06 1.471E+04
1259  12   5  2s2p(3PO)8d    2s2p(3PO)7p    5.91E-02  3.47E+05 3.373E+04
1260  12   6  2s2p(3PO)8d    2s2p(3PO)8p    9.65E+00  1.84E+06 1.868E+05
1261  12   7  2s2p(3PO)8d    2s2p(3PO)9p   -4.98E+00 -4.02E+06 9.086E+04
1262  12   8  2s2p(3PO)8d    2s2p(3PO)10p   -6.62E-01 -2.24E+06 4.435E+04
1263  13   1  2s2p(3PO)9s   2s2p(3PO)3p    3.04E-03  6.74E+06 1.735E+03
1264  13   2  2s2p(3PO)9s   2s2p(3PO)4p    9.25E-03  4.46E+06 3.717E+03
1265  13   3  2s2p(3PO)9s   2s2p(3PO)5p    2.19E-02  2.89E+06 7.113E+03
1266  13   4  2s2p(3PO)9s   2s2p(3PO)6p    5.64E-02  2.10E+06 1.337E+04
1267  13   5  2s2p(3PO)9s   2s2p(3PO)7p    1.91E-01  1.69E+06 2.744E+04
1268  13   6  2s2p(3PO)9s   2s2p(3PO)8p    1.67E+00  1.64E+06 8.234E+04
1269  13   7  2s2p(3PO)9s   2s2p(3PO)9p   -3.10E+00 -3.68E+05 2.372E+05
1270  13   8  2s2p(3PO)9s   2s2p(3PO)10p   -2.24E-03 -3.71E+03 6.347E+04
1271  14   1  2s2p(3PO)9d    2s2p(3PO)3p    2.31E-02  5.26E+07 1.712E+03
1272  14   2  2s2p(3PO)9d    2s2p(3PO)4p    2.68E-02  1.37E+07 3.611E+03
1273  14   3  2s2p(3PO)9d    2s2p(3PO)5p    3.25E-02  4.78E+06 6.733E+03
1274  14   4  2s2p(3PO)9d    2s2p(3PO)6p    4.14E-02  1.89E+06 1.209E+04
1275  14   5  2s2p(3PO)9d    2s2p(3PO)7p    5.33E-02  7.00E+05 2.254E+04
1276  14   6  2s2p(3PO)9d    2s2p(3PO)8p    4.56E-02  1.23E+05 4.982E+04
1277  14   7  2s2p(3PO)9d    2s2p(3PO)9p    1.09E+01  1.00E+06 2.695E+05
1278  14   8  2s2p(3PO)9d    2s2p(3PO)10p   -5.80E+00 -2.37E+06 1.277E+05
1279  15   1  2s2p(3PO)10s   2s2p(3PO)3p    2.04E-03  4.72E+06 1.698E+03
1280  15   2  2s2p(3PO)10s   2s2p(3PO)4p    5.97E-03  3.16E+06 3.549E+03
1281  15   3  2s2p(3PO)10s   2s2p(3PO)5p    1.29E-02  2.02E+06 6.522E+03
1282  15   4  2s2p(3PO)10s   2s2p(3PO)6p    2.83E-02  1.45E+06 1.143E+04
1283  15   5  2s2p(3PO)10s   2s2p(3PO)7p    6.89E-02  1.11E+06 2.033E+04
1284  15   6  2s2p(3PO)10s   2s2p(3PO)8p    2.26E-01  9.33E+05 4.019E+04
1285  15   7  2s2p(3PO)10s   2s2p(3PO)9p    1.95E+00  9.45E+05 1.173E+05
1286  15   8  2s2p(3PO)10s   2s2p(3PO)10p   -3.44E+00 -2.09E+05 3.314E+05
1287  16   1  2s2p(3PO)10d    2s2p(3PO)3p    1.66E-02  3.92E+07 1.681E+03
1288  16   2  2s2p(3PO)10d    2s2p(3PO)4p    1.89E-02  1.04E+07 3.479E+03
1289  16   3  2s2p(3PO)10d    2s2p(3PO)5p    2.24E-02  3.78E+06 6.289E+03
1290  16   4  2s2p(3PO)10d    2s2p(3PO)6p    2.78E-02  1.61E+06 1.073E+04
1291  16   5  2s2p(3PO)10d    2s2p(3PO)7p    3.57E-02  7.17E+05 1.822E+04
1292  16   6  2s2p(3PO)10d    2s2p(3PO)8p    4.59E-02  2.86E+05 3.270E+04
1293  16   7  2s2p(3PO)10d    2s2p(3PO)9p    3.60E-02  4.85E+04 7.033E+04
1294  16   8  2s2p(3PO)10d    2s2p(3PO)10p    1.21E+01  5.79E+05 3.735E+05
1295   1   1  2s2p2          2p3             -2.12E+00 -1.41E+10 9.998E+02
1296   1   2  2s2p2          2p2(3PE)3p    -1.17E-02 -4.20E+08 4.309E+02
1297   1   3  2s2p2          2p2(3PE)4p    -7.26E-03 -3.28E+08 3.843E+02
1298   1   4  2s2p2          2p2(3PE)5p    -4.00E-03 -1.98E+08 3.674E+02
1299   1   5  2s2p2          2p2(3PE)6p    -2.36E-03 -1.22E+08 3.591E+02
1300   1   6  2s2p2          2p2(3PE)7p    -1.49E-03 -7.91E+07 3.545E+02
1301   1   7  2s2p2          2p2(3PE)8p    -1.00E-03 -5.40E+07 3.515E+02
1302   1   8  2s2p2          2p2(3PE)9p    -7.04E-04 -3.84E+07 3.496E+02
1303   1   9  2s2p2          2p2(3PE)10p    -5.12E-04 -2.82E+07 3.482E+02
1304   2   1  2s2p(3PO)3p   2p3              8.60E-06  1.09E+04 2.291E+03
1305   2   2  2s2p(3PO)3p   2p2(3PE)3p    -1.18E+00 -6.15E+09 1.131E+03
1306   2   3  2s2p(3PO)3p   2p2(3PE)4p    -4.09E-03 -3.71E+07 8.581E+02
1307   2   4  2s2p(3PO)3p   2p2(3PE)5p    -9.23E-04 -1.02E+07 7.782E+02
1308   2   5  2s2p(3PO)3p   2p2(3PE)6p    -3.68E-04 -4.46E+06 7.420E+02
1309   2   6  2s2p(3PO)3p   2p2(3PE)7p    -1.89E-04 -2.42E+06 7.223E+02
1310   2   7  2s2p(3PO)3p   2p2(3PE)8p    -1.12E-04 -1.48E+06 7.102E+02
1311   2   8  2s2p(3PO)3p   2p2(3PE)9p    -7.23E-05 -9.78E+05 7.023E+02
1312   2   9  2s2p(3PO)3p   2p2(3PE)10p    -4.98E-05 -6.84E+05 6.968E+02
1313   3   1  2s2p(3PO)4p   2p3              4.90E-05  1.76E+05 1.362E+03
1314   3   2  2s2p(3PO)4p   2p2(3PE)3p    -2.37E-03 -5.44E+06 1.705E+03
1315   3   3  2s2p(3PO)4p   2p2(3PE)4p    -1.14E+00 -5.73E+09 1.152E+03
1316   3   4  2s2p(3PO)4p   2p2(3PE)5p    -3.67E-03 -2.39E+07 1.013E+03
1317   3   5  2s2p(3PO)4p   2p2(3PE)6p    -9.70E-04 -7.13E+06 9.523E+02
1318   3   6  2s2p(3PO)4p   2p2(3PE)7p    -4.28E-04 -3.37E+06 9.200E+02
1319   3   7  2s2p(3PO)4p   2p2(3PE)8p    -2.35E-04 -1.93E+06 9.006E+02
1320   3   8  2s2p(3PO)4p   2p2(3PE)9p    -1.45E-04 -1.23E+06 8.879E+02
1321   3   9  2s2p(3PO)4p   2p2(3PE)10p    -9.72E-05 -8.39E+05 8.792E+02
1322   4   1  2s2p(3PO)5p   2p3              5.54E-05  2.73E+05 1.164E+03
1323   4   2  2s2p(3PO)5p   2p2(3PE)3p    -3.43E-04 -4.87E+05 2.166E+03
1324   4   3  2s2p(3PO)5p   2p2(3PE)4p    -3.04E-03 -1.12E+07 1.346E+03
1325   4   4  2s2p(3PO)5p   2p2(3PE)5p    -1.13E+00 -5.61E+09 1.159E+03
1326   4   5  2s2p(3PO)5p   2p2(3PE)6p    -3.22E-03 -1.84E+07 1.081E+03
1327   4   6  2s2p(3PO)5p   2p2(3PE)7p    -8.66E-04 -5.35E+06 1.039E+03
1328   4   7  2s2p(3PO)5p   2p2(3PE)8p    -3.89E-04 -2.52E+06 1.015E+03
1329   4   8  2s2p(3PO)5p   2p2(3PE)9p    -2.16E-04 -1.44E+06 9.986E+02
1330   4   9  2s2p(3PO)5p   2p2(3PE)10p    -1.35E-04 -9.23E+05 9.875E+02
1331   5   1  2s2p(3PO)6p   2p3              3.69E-05  2.10E+05 1.083E+03
1332   5   2  2s2p(3PO)6p   2p2(3PE)3p    -7.47E-05 -7.85E+04 2.519E+03
1333   5   3  2s2p(3PO)6p   2p2(3PE)4p    -5.79E-04 -1.78E+06 1.474E+03
1334   5   4  2s2p(3PO)6p   2p2(3PE)5p    -3.16E-03 -1.34E+07 1.253E+03
1335   5   5  2s2p(3PO)6p   2p2(3PE)6p    -1.12E+00 -5.53E+09 1.162E+03
1336   5   6  2s2p(3PO)6p   2p2(3PE)7p    -3.00E-03 -1.61E+07 1.114E+03
1337   5   7  2s2p(3PO)6p   2p2(3PE)8p    -8.07E-04 -4.56E+06 1.086E+03
1338   5   8  2s2p(3PO)6p   2p2(3PE)9p    -3.64E-04 -2.13E+06 1.068E+03
1339   5   9  2s2p(3PO)6p   2p2(3PE)10p    -2.04E-04 -1.22E+06 1.055E+03
1340   6   1  2s2p(3PO)7p   2p3              2.12E-05  1.31E+05 1.040E+03
1341   6   2  2s2p(3PO)7p   2p2(3PE)3p    -1.54E-05 -1.33E+04 2.784E+03
1342   6   3  2s2p(3PO)7p   2p2(3PE)4p    -2.13E-04 -5.83E+05 1.561E+03
1343   6   4  2s2p(3PO)7p   2p2(3PE)5p    -6.85E-04 -2.64E+06 1.315E+03
1344   6   5  2s2p(3PO)7p   2p2(3PE)6p    -3.26E-03 -1.47E+07 1.215E+03
1345   6   6  2s2p(3PO)7p   2p2(3PE)7p    -1.12E+00 -5.52E+09 1.163E+03
1346   6   7  2s2p(3PO)7p   2p2(3PE)8p    -2.90E-03 -1.51E+07 1.132E+03
1347   6   8  2s2p(3PO)7p   2p2(3PE)9p    -7.75E-04 -4.18E+06 1.112E+03
1348   6   9  2s2p(3PO)7p   2p2(3PE)10p    -3.50E-04 -1.93E+06 1.099E+03
1349   7   1  2s2p(3PO)8p   2p3              1.15E-05  7.45E+04 1.015E+03
1350   7   2  2s2p(3PO)8p   2p2(3PE)3p    -1.81E-06 -1.36E+03 2.983E+03
1351   7   3  2s2p(3PO)8p   2p2(3PE)4p    -1.04E-04 -2.64E+05 1.622E+03
1352   7   4  2s2p(3PO)8p   2p2(3PE)5p    -2.78E-04 -1.01E+06 1.358E+03
1353   7   5  2s2p(3PO)8p   2p2(3PE)6p    -7.36E-04 -3.13E+06 1.252E+03
1354   7   6  2s2p(3PO)8p   2p2(3PE)7p    -3.32E-03 -1.55E+07 1.197E+03
1355   7   7  2s2p(3PO)8p   2p2(3PE)8p    -1.12E+00 -5.51E+09 1.164E+03
1356   7   8  2s2p(3PO)8p   2p2(3PE)9p    -2.85E-03 -1.46E+07 1.143E+03
1357   7   9  2s2p(3PO)8p   2p2(3PE)10p    -7.58E-04 -3.97E+06 1.128E+03
1358   8   1  2s2p(3PO)9p   2p3              6.14E-06  4.11E+04 9.986E+02
1359   8   2  2s2p(3PO)9p   2p2(3PE)3p    -2.16E-08 -1.47E+01 3.134E+03
1360   8   3  2s2p(3PO)9p   2p2(3PE)4p    -5.87E-05 -1.41E+05 1.666E+03
1361   8   4  2s2p(3PO)9p   2p2(3PE)5p    -1.46E-04 -5.05E+05 1.389E+03
1362   8   5  2s2p(3PO)9p   2p2(3PE)6p    -3.08E-04 -1.26E+06 1.278E+03
1363   8   6  2s2p(3PO)9p   2p2(3PE)7p    -7.64E-04 -3.42E+06 1.220E+03
1364   8   7  2s2p(3PO)9p   2p2(3PE)8p    -3.36E-03 -1.59E+07 1.186E+03
1365   8   8  2s2p(3PO)9p   2p2(3PE)9p    -1.12E+00 -5.51E+09 1.164E+03
1366   8   9  2s2p(3PO)9p   2p2(3PE)10p    -2.83E-03 -1.43E+07 1.149E+03
1367   9   1  2s2p(3PO)10p   2p3              3.23E-06  2.21E+04 9.873E+02
1368   9   2  2s2p(3PO)10p   2p2(3PE)3p    -1.06E-06 -6.69E+02 3.251E+03
1369   9   3  2s2p(3PO)10p   2p2(3PE)4p    -3.68E-05 -8.52E+04 1.698E+03
1370   9   4  2s2p(3PO)10p   2p2(3PE)5p    -8.77E-05 -2.94E+05 1.411E+03
1371   9   5  2s2p(3PO)10p   2p2(3PE)6p    -1.65E-04 -6.55E+05 1.296E+03
1372   9   6  2s2p(3PO)10p   2p2(3PE)7p    -3.24E-04 -1.41E+06 1.237E+03
1373   9   7  2s2p(3PO)10p   2p2(3PE)8p    -7.80E-04 -3.60E+06 1.203E+03
1374   9   8  2s2p(3PO)10p   2p2(3PE)9p    -3.38E-03 -1.62E+07 1.180E+03
1375   9   9  2s2p(3PO)10p   2p2(3PE)10p    -1.12E+00 -5.51E+09 1.165E+03
1376   1   1  2s2p(3PO)3s   2s2p2           1.62E+00  1.67E+10 8.049E+02
1377   1   2  2s2p(3PO)3s   2s2p(3PO)3p   -4.41E+00 -1.11E+09 5.149E+03
1378   1   3  2s2p(3PO)3s   2s2p(3PO)4p   -1.13E-02 -1.82E+07 2.033E+03
1379   1   4  2s2p(3PO)3s   2s2p(3PO)5p   -1.67E-02 -4.24E+07 1.622E+03
1380   1   5  2s2p(3PO)3s   2s2p(3PO)6p   -1.21E-02 -3.75E+07 1.468E+03
1381   1   6  2s2p(3PO)3s   2s2p(3PO)7p   -8.48E-03 -2.92E+07 1.391E+03
1382   1   7  2s2p(3PO)3s   2s2p(3PO)8p   -6.09E-03 -2.24E+07 1.346E+03
1383   1   8  2s2p(3PO)3s   2s2p(3PO)9p   -4.50E-03 -1.73E+07 1.317E+03
1384   1   9  2s2p(3PO)3s   2s2p(3PO)10p   -3.42E-03 -1.35E+07 1.298E+03
1385   2   1  2s2p(3PO)3d    2s2p2           1.63E+00  2.65E+10 6.404E+02
1386   2   2  2s2p(3PO)3d    2s2p(3PO)3p    1.19E+00  1.24E+08 8.016E+03
1387   2   3  2s2p(3PO)3d    2s2p(3PO)4p   -1.53E-01 -3.05E+07 5.785E+03
1388   2   4  2s2p(3PO)3d    2s2p(3PO)5p   -1.93E-02 -1.14E+07 3.359E+03
1389   2   5  2s2p(3PO)3d    2s2p(3PO)6p   -6.25E-03 -5.47E+06 2.760E+03
1390   2   6  2s2p(3PO)3d    2s2p(3PO)7p   -2.85E-03 -3.04E+06 2.499E+03
1391   2   7  2s2p(3PO)3d    2s2p(3PO)8p   -1.55E-03 -1.86E+06 2.358E+03
1392   2   8  2s2p(3PO)3d    2s2p(3PO)9p   -9.47E-04 -1.22E+06 2.272E+03
1393   2   9  2s2p(3PO)3d    2s2p(3PO)10p   -6.23E-04 -8.48E+05 2.214E+03
1394   3   1  2s2p(3PO)4s   2s2p2           2.36E-01  4.37E+09 6.002E+02
1395   3   2  2s2p(3PO)4s   2s2p(3PO)3p    2.80E+00  9.82E+08 4.360E+03
1396   3   3  2s2p(3PO)4s   2s2p(3PO)4p   -6.74E+00 -2.09E+08 1.465E+04
1397   3   4  2s2p(3PO)4s   2s2p(3PO)5p   -9.99E-05 -2.48E+04 5.179E+03
1398   3   5  2s2p(3PO)4s   2s2p(3PO)6p   -5.57E-03 -2.47E+06 3.880E+03
1399   3   6  2s2p(3PO)4s   2s2p(3PO)7p   -5.09E-03 -2.96E+06 3.384E+03
1400   3   7  2s2p(3PO)4s   2s2p(3PO)8p   -3.83E-03 -2.61E+06 3.130E+03
1401   3   8  2s2p(3PO)4s   2s2p(3PO)9p   -2.82E-03 -2.12E+06 2.980E+03
1402   3   9  2s2p(3PO)4s   2s2p(3PO)10p   -2.11E-03 -1.69E+06 2.882E+03
1403   4   1  2s2p(3PO)4d    2s2p2           5.96E-01  1.26E+10 5.624E+02
1404   4   2  2s2p(3PO)4d    2s2p(3PO)3p    3.86E-01  3.00E+08 2.929E+03
1405   4   3  2s2p(3PO)4d    2s2p(3PO)4p    1.56E+00  2.00E+07 2.282E+04
1406   4   4  2s2p(3PO)4d    2s2p(3PO)5p   -4.06E-01 -1.78E+07 1.235E+04
1407   4   5  2s2p(3PO)4d    2s2p(3PO)6p   -5.47E-02 -7.74E+06 6.865E+03
1408   4   6  2s2p(3PO)4d    2s2p(3PO)7p   -1.88E-02 -4.22E+06 5.452E+03
1409   4   7  2s2p(3PO)4d    2s2p(3PO)8p   -9.02E-03 -2.59E+06 4.822E+03
1410   4   8  2s2p(3PO)4d    2s2p(3PO)9p   -5.13E-03 -1.71E+06 4.473E+03
1411   4   9  2s2p(3PO)4d    2s2p(3PO)10p   -3.24E-03 -1.19E+06 4.256E+03
1412   5   1  2s2p(3PO)5s   2s2p2           7.77E-02  1.73E+09 5.472E+02
1413   5   2  2s2p(3PO)5s   2s2p(3PO)3p    3.32E-01  3.38E+08 2.558E+03
1414   5   3  2s2p(3PO)5s   2s2p(3PO)4p    4.27E+00  2.48E+08 1.072E+04
1415   5   4  2s2p(3PO)5s   2s2p(3PO)5p   -8.54E+00 -5.68E+07 3.168E+04
1416   5   5  2s2p(3PO)5s   2s2p(3PO)6p   -1.51E-03 -9.33E+04 1.039E+04
1417   5   6  2s2p(3PO)5s   2s2p(3PO)7p   -2.51E-03 -3.01E+05 7.463E+03
1418   5   7  2s2p(3PO)5s   2s2p(3PO)8p   -3.16E-03 -5.26E+05 6.331E+03
1419   5   8  2s2p(3PO)5s   2s2p(3PO)9p   -2.67E-03 -5.40E+05 5.743E+03
1420   5   9  2s2p(3PO)5s   2s2p(3PO)10p   -2.10E-03 -4.82E+05 5.390E+03
1421   6   1  2s2p(3PO)5d    2s2p2           2.77E-01  6.53E+09 5.319E+02
1422   6   2  2s2p(3PO)5d    2s2p(3PO)3p    1.70E-01  2.23E+08 2.255E+03
1423   6   3  2s2p(3PO)5d    2s2p(3PO)4p    2.49E-01  3.54E+07 6.854E+03
1424   6   4  2s2p(3PO)5d    2s2p(3PO)5p    2.09E+00  6.19E+06 4.744E+04
1425   6   5  2s2p(3PO)5d    2s2p(3PO)6p   -7.19E-01 -9.10E+06 2.295E+04
1426   6   6  2s2p(3PO)5d    2s2p(3PO)7p   -1.00E-01 -4.41E+06 1.229E+04
1427   6   7  2s2p(3PO)5d    2s2p(3PO)8p   -3.51E-02 -2.60E+06 9.496E+03
1428   6   8  2s2p(3PO)5d    2s2p(3PO)9p   -1.71E-02 -1.68E+06 8.232E+03
1429   6   9  2s2p(3PO)5d    2s2p(3PO)10p   -9.85E-03 -1.16E+06 7.525E+03
1430   7   1  2s2p(3PO)6s   2s2p2           3.73E-02  9.04E+08 5.245E+02
1431   7   2  2s2p(3PO)6s   2s2p(3PO)3p    1.14E-01  1.68E+08 2.128E+03
1432   7   3  2s2p(3PO)6s   2s2p(3PO)4p    5.10E-01  1.01E+08 5.806E+03
1433   7   4  2s2p(3PO)6s   2s2p(3PO)5p    5.69E+00  8.53E+07 2.109E+04
1434   7   5  2s2p(3PO)6s   2s2p(3PO)6p   -1.03E+01 -2.04E+07 5.801E+04
1435   7   6  2s2p(3PO)6s   2s2p(3PO)7p   -6.42E-03 -1.30E+05 1.818E+04
1436   7   7  2s2p(3PO)6s   2s2p(3PO)8p   -8.76E-04 -3.64E+04 1.266E+04
1437   7   8  2s2p(3PO)6s   2s2p(3PO)9p   -1.87E-03 -1.13E+05 1.051E+04
1438   7   9  2s2p(3PO)6s   2s2p(3PO)10p   -1.82E-03 -1.38E+05 9.385E+03
1439   8   1  2s2p(3PO)6d    2s2p2           1.52E-01  3.80E+09 5.167E+02
1440   8   2  2s2p(3PO)6d    2s2p(3PO)3p    8.82E-02  1.46E+08 2.005E+03
1441   8   3  2s2p(3PO)6d    2s2p(3PO)4p    1.22E-01  3.29E+07 4.971E+03
1442   8   4  2s2p(3PO)6d    2s2p(3PO)5p    1.91E-01  7.43E+06 1.310E+04
1443   8   5  2s2p(3PO)6d    2s2p(3PO)6p    2.57E+00  2.34E+06 8.553E+04
1444   8   6  2s2p(3PO)6d    2s2p(3PO)7p   -1.06E+00 -4.81E+06 3.835E+04
1445   8   7  2s2p(3PO)6d    2s2p(3PO)8p   -1.50E-01 -2.51E+06 1.998E+04
1446   8   8  2s2p(3PO)6d    2s2p(3PO)9p   -5.31E-02 -1.55E+06 1.510E+04
1447   8   9  2s2p(3PO)6d    2s2p(3PO)10p   -2.60E-02 -1.04E+06 1.288E+04
1448   9   1  2s2p(3PO)7s   2s2p2           2.12E-02  5.38E+08 5.125E+02
1449   9   2  2s2p(3PO)7s   2s2p(3PO)3p    5.51E-02  9.73E+07 1.944E+03
1450   9   3  2s2p(3PO)7s   2s2p(3PO)4p    1.75E-01  5.49E+07 4.613E+03
1451   9   4  2s2p(3PO)7s   2s2p(3PO)5p    6.83E-01  3.85E+07 1.087E+04
1452   9   5  2s2p(3PO)7s   2s2p(3PO)6p    7.14E+00  3.56E+07 3.660E+04
1453   9   6  2s2p(3PO)7s   2s2p(3PO)7p   -1.21E+01 -8.80E+06 9.577E+04
1454   9   7  2s2p(3PO)7s   2s2p(3PO)8p   -1.30E-02 -1.03E+05 2.906E+04
1455   9   8  2s2p(3PO)7s   2s2p(3PO)9p   -1.74E-04 -2.97E+03 1.977E+04
1456   9   9  2s2p(3PO)7s   2s2p(3PO)10p   -1.09E-03 -2.79E+04 1.613E+04
1457  10   1  2s2p(3PO)7d    2s2p2           9.27E-02  2.40E+09 5.080E+02
1458  10   2  2s2p(3PO)7d    2s2p(3PO)3p    5.18E-02  9.78E+07 1.880E+03
1459  10   3  2s2p(3PO)7d    2s2p(3PO)4p    6.67E-02  2.44E+07 4.266E+03
1460  10   4  2s2p(3PO)7d    2s2p(3PO)5p    9.99E-02  8.00E+06 9.126E+03
1461  10   5  2s2p(3PO)7d    2s2p(3PO)6p    1.60E-01  2.15E+06 2.226E+04
1462  10   6  2s2p(3PO)7d    2s2p(3PO)7p    3.34E+00  1.14E+06 1.398E+05
1463  10   7  2s2p(3PO)7d    2s2p(3PO)8p   -1.42E+00 -2.68E+06 5.947E+04
1464  10   8  2s2p(3PO)7d    2s2p(3PO)9p   -2.01E-01 -1.46E+06 3.032E+04
1465  10   9  2s2p(3PO)7d    2s2p(3PO)10p   -7.17E-02 -9.42E+05 2.253E+04
1466  11   1  2s2p(3PO)8s   2s2p2           1.33E-02  3.47E+08 5.054E+02
1467  11   2  2s2p(3PO)8s   2s2p(3PO)3p    3.15E-02  6.17E+07 1.845E+03
1468  11   3  2s2p(3PO)8s   2s2p(3PO)4p    8.49E-02  3.38E+07 4.092E+03
1469  11   4  2s2p(3PO)8s   2s2p(3PO)5p    2.36E-01  2.25E+07 8.362E+03
1470  11   5  2s2p(3PO)8s   2s2p(3PO)6p    8.53E-01  1.72E+07 1.820E+04
1471  11   6  2s2p(3PO)8s   2s2p(3PO)7p    8.59E+00  1.69E+07 5.824E+04
1472  11   7  2s2p(3PO)8s   2s2p(3PO)8p   -1.37E+01 -4.23E+06 1.471E+05
1473  11   8  2s2p(3PO)8s   2s2p(3PO)9p   -2.06E-02 -7.24E+04 4.355E+04
1474  11   9  2s2p(3PO)8s   2s2p(3PO)10p   -2.26E-07 -1.78E+00 2.909E+04
1475  12   1  2s2p(3PO)8d    2s2p2           6.08E-02  1.61E+09 5.025E+02
1476  12   2  2s2p(3PO)8d    2s2p(3PO)3p    3.31E-02  6.76E+07 1.807E+03
1477  12   3  2s2p(3PO)8d    2s2p(3PO)4p    4.08E-02  1.78E+07 3.908E+03
1478  12   4  2s2p(3PO)8d    2s2p(3PO)5p    5.69E-02  6.52E+06 7.628E+03
1479  12   5  2s2p(3PO)8d    2s2p(3PO)6p    8.68E-02  2.56E+06 1.505E+04
1480  12   6  2s2p(3PO)8d    2s2p(3PO)7p    1.40E-01  7.67E+05 3.488E+04
1481  12   7  2s2p(3PO)8d    2s2p(3PO)8p    3.84E+00  5.65E+05 2.128E+05
1482  12   8  2s2p(3PO)8d    2s2p(3PO)9p   -1.78E+00 -1.56E+06 8.723E+04
1483  12   9  2s2p(3PO)8d    2s2p(3PO)10p   -2.54E-01 -8.87E+05 4.371E+04
1484  13   1  2s2p(3PO)9s   2s2p2           8.87E-03  2.36E+08 5.008E+02
1485  13   2  2s2p(3PO)9s   2s2p(3PO)3p    2.00E-02  4.19E+07 1.785E+03
1486  13   3  2s2p(3PO)9s   2s2p(3PO)4p    4.88E-02  2.25E+07 3.807E+03
1487  13   4  2s2p(3PO)9s   2s2p(3PO)5p    1.15E-01  1.46E+07 7.253E+03
1488  13   5  2s2p(3PO)9s   2s2p(3PO)6p    2.94E-01  1.05E+07 1.366E+04
1489  13   6  2s2p(3PO)9s   2s2p(3PO)7p    1.02E+00  8.55E+06 2.820E+04
1490  13   7  2s2p(3PO)9s   2s2p(3PO)8p    1.01E+01  8.89E+06 8.704E+04
1491  13   8  2s2p(3PO)9s   2s2p(3PO)9p   -1.54E+01 -2.24E+06 2.140E+05
1492  13   9  2s2p(3PO)9s   2s2p(3PO)10p   -2.86E-02 -4.94E+04 6.216E+04
1493  14   1  2s2p(3PO)9d    2s2p2           4.20E-02  1.13E+09 4.988E+02
1494  14   2  2s2p(3PO)9d    2s2p(3PO)3p    2.25E-02  4.85E+07 1.760E+03
1495  14   3  2s2p(3PO)9d    2s2p(3PO)4p    2.69E-02  1.31E+07 3.695E+03
1496  14   4  2s2p(3PO)9d    2s2p(3PO)5p    3.57E-02  5.06E+06 6.858E+03
1497  14   5  2s2p(3PO)9d    2s2p(3PO)6p    5.05E-02  2.22E+06 1.232E+04
1498  14   6  2s2p(3PO)9d    2s2p(3PO)7p    7.83E-02  9.83E+05 2.305E+04
1499  14   7  2s2p(3PO)9d    2s2p(3PO)8p    1.27E-01  3.19E+05 5.150E+04
1500  14   8  2s2p(3PO)9d    2s2p(3PO)9p    4.32E+00  3.05E+05 3.074E+05
1501  14   9  2s2p(3PO)9d    2s2p(3PO)10p   -2.08E+00 -9.24E+05 1.225E+05
1502  15   1  2s2p(3PO)10s   2s2p2           6.24E-03  1.68E+08 4.976E+02
1503  15   2  2s2p(3PO)10s   2s2p(3PO)3p    1.36E-02  2.98E+07 1.745E+03
1504  15   3  2s2p(3PO)10s   2s2p(3PO)4p    3.10E-02  1.57E+07 3.631E+03
1505  15   4  2s2p(3PO)10s   2s2p(3PO)5p    6.63E-02  1.00E+07 6.639E+03
1506  15   5  2s2p(3PO)10s   2s2p(3PO)6p    1.43E-01  7.05E+06 1.163E+04
1507  15   6  2s2p(3PO)10s   2s2p(3PO)7p    3.51E-01  5.44E+06 2.075E+04
1508  15   7  2s2p(3PO)10s   2s2p(3PO)8p    1.19E+00  4.66E+06 4.127E+04
1509  15   8  2s2p(3PO)10s   2s2p(3PO)9p    1.16E+01  5.03E+06 1.240E+05
1510  15   9  2s2p(3PO)10s   2s2p(3PO)10p   -1.72E+01 -1.29E+06 2.986E+05
1511  16   1  2s2p(3PO)10d    2s2p2           3.03E-02  8.21E+08 4.962E+02
1512  16   2  2s2p(3PO)10d    2s2p(3PO)3p    1.60E-02  3.57E+07 1.728E+03
1513  16   3  2s2p(3PO)10d    2s2p(3PO)4p    1.87E-02  9.86E+06 3.557E+03
1514  16   4  2s2p(3PO)10d    2s2p(3PO)5p    2.40E-02  3.91E+06 6.397E+03
1515  16   5  2s2p(3PO)10d    2s2p(3PO)6p    3.22E-02  1.80E+06 1.091E+04
1516  16   6  2s2p(3PO)10d    2s2p(3PO)7p    4.61E-02  8.93E+05 1.856E+04
1517  16   7  2s2p(3PO)10d    2s2p(3PO)8p    7.24E-02  4.32E+05 3.342E+04
1518  16   8  2s2p(3PO)10d    2s2p(3PO)9p    1.18E-01  1.49E+05 7.267E+04
1519  16   9  2s2p(3PO)10d    2s2p(3PO)10p    4.78E+00  1.75E+05 4.262E+05
1520   1   1  2s2p(3PO)3d    2s2p2           5.34E+00  8.41E+10 6.507E+02
1521   1   2  2s2p(3PO)3d    2s2p(3PO)3p    3.84E+00  2.56E+08 9.997E+03
1522   1   3  2s2p(3PO)3d    2s2p(3PO)4p   -9.90E-01 -2.58E+08 5.061E+03
1523   1   4  2s2p(3PO)3d    2s2p(3PO)5p   -1.49E-01 -1.03E+08 3.102E+03
1524   1   5  2s2p(3PO)3d    2s2p(3PO)6p   -5.36E-02 -5.36E+07 2.584E+03
1525   1   6  2s2p(3PO)3d    2s2p(3PO)7p   -2.63E-02 -3.17E+07 2.354E+03
1526   1   7  2s2p(3PO)3d    2s2p(3PO)8p   -1.52E-02 -2.04E+07 2.228E+03
1527   1   8  2s2p(3PO)3d    2s2p(3PO)9p   -9.67E-03 -1.39E+07 2.151E+03
1528   1   9  2s2p(3PO)3d    2s2p(3PO)10p   -6.58E-03 -9.96E+06 2.099E+03
1529   2   1  2s2p(3PO)4d    2s2p2           1.76E+00  3.68E+10 5.645E+02
1530   2   2  2s2p(3PO)4d    2s2p(3PO)3p    1.66E+00  1.24E+09 2.988E+03
1531   2   3  2s2p(3PO)4d    2s2p(3PO)4p    6.16E+00  5.64E+07 2.698E+04
1532   2   4  2s2p(3PO)4d    2s2p(3PO)5p   -2.14E+00 -1.10E+08 1.140E+04
1533   2   5  2s2p(3PO)4d    2s2p(3PO)6p   -3.20E-01 -4.96E+07 6.561E+03
1534   2   6  2s2p(3PO)4d    2s2p(3PO)7p   -1.15E-01 -2.77E+07 5.258E+03
1535   2   7  2s2p(3PO)4d    2s2p(3PO)8p   -5.63E-02 -1.72E+07 4.670E+03
1536   2   8  2s2p(3PO)4d    2s2p(3PO)9p   -3.26E-02 -1.15E+07 4.342E+03
1537   2   9  2s2p(3PO)4d    2s2p(3PO)10p   -2.08E-02 -8.11E+06 4.137E+03
1538   3   1  2s2p(3PO)5d    2s2p2           7.94E-01  1.87E+10 5.328E+02
1539   3   2  2s2p(3PO)5d    2s2p(3PO)3p    6.41E-01  8.29E+08 2.271E+03
1540   3   3  2s2p(3PO)5d    2s2p(3PO)4p    1.19E+00  1.62E+08 7.007E+03
1541   3   4  2s2p(3PO)5d    2s2p(3PO)5p    8.16E+00  1.74E+07 5.590E+04
1542   3   5  2s2p(3PO)5d    2s2p(3PO)6p   -3.38E+00 -4.93E+07 2.138E+04
1543   3   6  2s2p(3PO)5d    2s2p(3PO)7p   -5.14E-01 -2.45E+07 1.183E+04
1544   3   7  2s2p(3PO)5d    2s2p(3PO)8p   -1.86E-01 -1.46E+07 9.217E+03
1545   3   8  2s2p(3PO)5d    2s2p(3PO)9p   -9.20E-02 -9.54E+06 8.022E+03
1546   3   9  2s2p(3PO)5d    2s2p(3PO)10p   -5.36E-02 -6.62E+06 7.349E+03
1547   4   1  2s2p(3PO)6d    2s2p2           4.28E-01  1.07E+10 5.171E+02
1548   4   2  2s2p(3PO)6d    2s2p(3PO)3p    3.15E-01  5.19E+08 2.012E+03
1549   4   3  2s2p(3PO)6d    2s2p(3PO)4p    5.02E-01  1.33E+08 5.013E+03
1550   4   4  2s2p(3PO)6d    2s2p(3PO)5p    9.62E-01  3.58E+07 1.339E+04
1551   4   5  2s2p(3PO)6d    2s2p(3PO)6p    1.01E+01  6.74E+06 9.996E+04
1552   4   6  2s2p(3PO)6d    2s2p(3PO)7p   -4.67E+00 -2.40E+07 3.602E+04
1553   4   7  2s2p(3PO)6d    2s2p(3PO)8p   -7.15E-01 -1.28E+07 1.933E+04
1554   4   8  2s2p(3PO)6d    2s2p(3PO)9p   -2.60E-01 -7.99E+06 1.473E+04
1555   4   9  2s2p(3PO)6d    2s2p(3PO)10p   -1.29E-01 -5.41E+06 1.261E+04
1556   5   1  2s2p(3PO)7d    2s2p2           2.58E-01  6.66E+09 5.082E+02
1557   5   2  2s2p(3PO)7d    2s2p(3PO)3p    1.80E-01  3.39E+08 1.883E+03
1558   5   3  2s2p(3PO)7d    2s2p(3PO)4p    2.60E-01  9.45E+07 4.284E+03
1559   5   4  2s2p(3PO)7d    2s2p(3PO)5p    4.31E-01  3.39E+07 9.210E+03
1560   5   5  2s2p(3PO)7d    2s2p(3PO)6p    8.45E-01  1.09E+07 2.277E+04
1561   5   6  2s2p(3PO)7d    2s2p(3PO)7p    1.23E+01  3.11E+06 1.623E+05
1562   5   7  2s2p(3PO)7d    2s2p(3PO)8p   -5.98E+00 -1.27E+07 5.615E+04
1563   5   8  2s2p(3PO)7d    2s2p(3PO)9p   -9.20E-01 -7.08E+06 2.944E+04
1564   5   9  2s2p(3PO)7d    2s2p(3PO)10p   -3.35E-01 -4.60E+06 2.203E+04
1565   6   1  2s2p(3PO)8d    2s2p2           1.68E-01  4.44E+09 5.026E+02
1566   6   2  2s2p(3PO)8d    2s2p(3PO)3p    1.13E-01  2.30E+08 1.809E+03
1567   6   3  2s2p(3PO)8d    2s2p(3PO)4p    1.54E-01  6.69E+07 3.917E+03
1568   6   4  2s2p(3PO)8d    2s2p(3PO)5p    2.31E-01  2.62E+07 7.666E+03
1569   6   5  2s2p(3PO)8d    2s2p(3PO)6p    3.90E-01  1.13E+07 1.520E+04
1570   6   6  2s2p(3PO)8d    2s2p(3PO)7p    7.76E-01  4.07E+06 3.567E+04
1571   6   7  2s2p(3PO)8d    2s2p(3PO)8p    1.41E+01  1.55E+06 2.461E+05
1572   6   8  2s2p(3PO)8d    2s2p(3PO)9p   -7.32E+00 -7.15E+06 8.265E+04
1573   6   9  2s2p(3PO)8d    2s2p(3PO)10p   -1.13E+00 -4.17E+06 4.253E+04
1574   7   1  2s2p(3PO)9d    2s2p2           1.16E-01  3.11E+09 4.989E+02
1575   7   2  2s2p(3PO)9d    2s2p(3PO)3p    7.63E-02  1.64E+08 1.761E+03
1576   7   3  2s2p(3PO)9d    2s2p(3PO)4p    9.98E-02  4.86E+07 3.701E+03
1577   7   4  2s2p(3PO)9d    2s2p(3PO)5p    1.41E-01  1.99E+07 6.879E+03
1578   7   5  2s2p(3PO)9d    2s2p(3PO)6p    2.13E-01  9.26E+06 1.239E+04
1579   7   6  2s2p(3PO)9d    2s2p(3PO)7p    3.65E-01  4.49E+06 2.328E+04
1580   7   7  2s2p(3PO)9d    2s2p(3PO)8p    7.34E-01  1.76E+06 5.268E+04
1581   7   8  2s2p(3PO)9d    2s2p(3PO)9p    1.60E+01  8.49E+05 3.545E+05
1582   7   9  2s2p(3PO)9d    2s2p(3PO)10p   -8.67E+00 -4.27E+06 1.164E+05
1583   8   1  2s2p(3PO)10d    2s2p2           8.33E-02  2.26E+09 4.963E+02
1584   8   2  2s2p(3PO)10d    2s2p(3PO)3p    5.40E-02  1.21E+08 1.729E+03
1585   8   3  2s2p(3PO)10d    2s2p(3PO)4p    6.87E-02  3.61E+07 3.561E+03
1586   8   4  2s2p(3PO)10d    2s2p(3PO)5p    9.29E-02  1.51E+07 6.410E+03
1587   8   5  2s2p(3PO)10d    2s2p(3PO)6p    1.32E-01  7.35E+06 1.095E+04
1588   8   6  2s2p(3PO)10d    2s2p(3PO)7p    2.02E-01  3.87E+06 1.866E+04
1589   8   7  2s2p(3PO)10d    2s2p(3PO)8p    3.50E-01  2.05E+06 3.377E+04
1590   8   8  2s2p(3PO)10d    2s2p(3PO)9p    7.07E-01  8.53E+05 7.433E+04
1591   8   9  2s2p(3PO)10d    2s2p(3PO)10p    1.77E+01  4.91E+05 4.905E+05
1592   1   1  2s2p(3PO)3s   2s2p2           1.62E+00  1.67E+10 8.049E+02
1593   1   2  2s2p(3PO)3s   2s2p(3PO)3p   -4.41E+00 -1.11E+09 5.149E+03
1594   1   3  2s2p(3PO)3s   2s2p(3PO)4p   -1.13E-02 -1.82E+07 2.033E+03
1595   1   4  2s2p(3PO)3s   2s2p(3PO)5p   -1.67E-02 -4.24E+07 1.622E+03
1596   1   5  2s2p(3PO)3s   2s2p(3PO)6p   -1.21E-02 -3.75E+07 1.468E+03
1597   1   6  2s2p(3PO)3s   2s2p(3PO)7p   -8.48E-03 -2.92E+07 1.391E+03
1598   1   7  2s2p(3PO)3s   2s2p(3PO)8p   -6.09E-03 -2.24E+07 1.346E+03
1599   1   8  2s2p(3PO)3s   2s2p(3PO)9p   -4.50E-03 -1.73E+07 1.317E+03
1600   1   9  2s2p(3PO)3s   2s2p(3PO)10p   -3.42E-03 -1.35E+07 1.298E+03
1601   2   1  2s2p(3PO)3d    2s2p2           1.63E+00  2.65E+10 6.404E+02
1602   2   2  2s2p(3PO)3d    2s2p(3PO)3p    1.19E+00  1.24E+08 8.016E+03
1603   2   3  2s2p(3PO)3d    2s2p(3PO)4p   -1.53E-01 -3.05E+07 5.785E+03
1604   2   4  2s2p(3PO)3d    2s2p(3PO)5p   -1.93E-02 -1.14E+07 3.359E+03
1605   2   5  2s2p(3PO)3d    2s2p(3PO)6p   -6.25E-03 -5.47E+06 2.760E+03
1606   2   6  2s2p(3PO)3d    2s2p(3PO)7p   -2.85E-03 -3.04E+06 2.499E+03
1607   2   7  2s2p(3PO)3d    2s2p(3PO)8p   -1.55E-03 -1.86E+06 2.358E+03
1608   2   8  2s2p(3PO)3d    2s2p(3PO)9p   -9.47E-04 -1.22E+06 2.272E+03
1609   2   9  2s2p(3PO)3d    2s2p(3PO)10p   -6.23E-04 -8.48E+05 2.214E+03
1610   3   1  2s2p(3PO)4s   2s2p2           2.36E-01  4.37E+09 6.002E+02
1611   3   2  2s2p(3PO)4s   2s2p(3PO)3p    2.80E+00  9.82E+08 4.360E+03
1612   3   3  2s2p(3PO)4s   2s2p(3PO)4p   -6.74E+00 -2.09E+08 1.465E+04
1613   3   4  2s2p(3PO)4s   2s2p(3PO)5p   -9.99E-05 -2.48E+04 5.179E+03
1614   3   5  2s2p(3PO)4s   2s2p(3PO)6p   -5.57E-03 -2.47E+06 3.880E+03
1615   3   6  2s2p(3PO)4s   2s2p(3PO)7p   -5.09E-03 -2.96E+06 3.384E+03
1616   3   7  2s2p(3PO)4s   2s2p(3PO)8p   -3.83E-03 -2.61E+06 3.130E+03
1617   3   8  2s2p(3PO)4s   2s2p(3PO)9p   -2.82E-03 -2.12E+06 2.980E+03
1618   3   9  2s2p(3PO)4s   2s2p(3PO)10p   -2.11E-03 -1.69E+06 2.882E+03
1619   4   1  2s2p(3PO)4d    2s2p2           5.96E-01  1.26E+10 5.624E+02
1620   4   2  2s2p(3PO)4d    2s2p(3PO)3p    3.86E-01  3.00E+08 2.929E+03
1621   4   3  2s2p(3PO)4d    2s2p(3PO)4p    1.56E+00  2.00E+07 2.282E+04
1622   4   4  2s2p(3PO)4d    2s2p(3PO)5p   -4.06E-01 -1.78E+07 1.235E+04
1623   4   5  2s2p(3PO)4d    2s2p(3PO)6p   -5.47E-02 -7.74E+06 6.865E+03
1624   4   6  2s2p(3PO)4d    2s2p(3PO)7p   -1.88E-02 -4.22E+06 5.452E+03
1625   4   7  2s2p(3PO)4d    2s2p(3PO)8p   -9.02E-03 -2.59E+06 4.822E+03
1626   4   8  2s2p(3PO)4d    2s2p(3PO)9p   -5.13E-03 -1.71E+06 4.473E+03
1627   4   9  2s2p(3PO)4d    2s2p(3PO)10p   -3.24E-03 -1.19E+06 4.256E+03
1628   5   1  2s2p(3PO)5s   2s2p2           7.77E-02  1.73E+09 5.472E+02
1629   5   2  2s2p(3PO)5s   2s2p(3PO)3p    3.32E-01  3.38E+08 2.558E+03
1630   5   3  2s2p(3PO)5s   2s2p(3PO)4p    4.27E+00  2.48E+08 1.072E+04
1631   5   4  2s2p(3PO)5s   2s2p(3PO)5p   -8.54E+00 -5.68E+07 3.168E+04
1632   5   5  2s2p(3PO)5s   2s2p(3PO)6p   -1.51E-03 -9.33E+04 1.039E+04
1633   5   6  2s2p(3PO)5s   2s2p(3PO)7p   -2.51E-03 -3.01E+05 7.463E+03
1634   5   7  2s2p(3PO)5s   2s2p(3PO)8p   -3.16E-03 -5.26E+05 6.331E+03
1635   5   8  2s2p(3PO)5s   2s2p(3PO)9p   -2.67E-03 -5.40E+05 5.743E+03
1636   5   9  2s2p(3PO)5s   2s2p(3PO)10p   -2.10E-03 -4.82E+05 5.390E+03
1637   6   1  2s2p(3PO)5d    2s2p2           2.77E-01  6.53E+09 5.319E+02
1638   6   2  2s2p(3PO)5d    2s2p(3PO)3p    1.70E-01  2.23E+08 2.255E+03
1639   6   3  2s2p(3PO)5d    2s2p(3PO)4p    2.49E-01  3.54E+07 6.854E+03
1640   6   4  2s2p(3PO)5d    2s2p(3PO)5p    2.09E+00  6.19E+06 4.744E+04
1641   6   5  2s2p(3PO)5d    2s2p(3PO)6p   -7.19E-01 -9.10E+06 2.295E+04
1642   6   6  2s2p(3PO)5d    2s2p(3PO)7p   -1.00E-01 -4.41E+06 1.229E+04
1643   6   7  2s2p(3PO)5d    2s2p(3PO)8p   -3.51E-02 -2.60E+06 9.496E+03
1644   6   8  2s2p(3PO)5d    2s2p(3PO)9p   -1.71E-02 -1.68E+06 8.232E+03
1645   6   9  2s2p(3PO)5d    2s2p(3PO)10p   -9.85E-03 -1.16E+06 7.525E+03
1646   7   1  2s2p(3PO)6s   2s2p2           3.73E-02  9.04E+08 5.245E+02
1647   7   2  2s2p(3PO)6s   2s2p(3PO)3p    1.14E-01  1.68E+08 2.128E+03
1648   7   3  2s2p(3PO)6s   2s2p(3PO)4p    5.10E-01  1.01E+08 5.806E+03
1649   7   4  2s2p(3PO)6s   2s2p(3PO)5p    5.69E+00  8.53E+07 2.109E+04
1650   7   5  2s2p(3PO)6s   2s2p(3PO)6p   -1.03E+01 -2.04E+07 5.801E+04
1651   7   6  2s2p(3PO)6s   2s2p(3PO)7p   -6.42E-03 -1.30E+05 1.818E+04
1652   7   7  2s2p(3PO)6s   2s2p(3PO)8p   -8.76E-04 -3.64E+04 1.266E+04
1653   7   8  2s2p(3PO)6s   2s2p(3PO)9p   -1.87E-03 -1.13E+05 1.051E+04
1654   7   9  2s2p(3PO)6s   2s2p(3PO)10p   -1.82E-03 -1.38E+05 9.385E+03
1655   8   1  2s2p(3PO)6d    2s2p2           1.52E-01  3.80E+09 5.167E+02
1656   8   2  2s2p(3PO)6d    2s2p(3PO)3p    8.82E-02  1.46E+08 2.005E+03
1657   8   3  2s2p(3PO)6d    2s2p(3PO)4p    1.22E-01  3.29E+07 4.971E+03
1658   8   4  2s2p(3PO)6d    2s2p(3PO)5p    1.91E-01  7.43E+06 1.310E+04
1659   8   5  2s2p(3PO)6d    2s2p(3PO)6p    2.57E+00  2.34E+06 8.553E+04
1660   8   6  2s2p(3PO)6d    2s2p(3PO)7p   -1.06E+00 -4.81E+06 3.835E+04
1661   8   7  2s2p(3PO)6d    2s2p(3PO)8p   -1.50E-01 -2.51E+06 1.998E+04
1662   8   8  2s2p(3PO)6d    2s2p(3PO)9p   -5.31E-02 -1.55E+06 1.510E+04
1663   8   9  2s2p(3PO)6d    2s2p(3PO)10p   -2.60E-02 -1.04E+06 1.288E+04
1664   9   1  2s2p(3PO)7s   2s2p2           2.12E-02  5.38E+08 5.125E+02
1665   9   2  2s2p(3PO)7s   2s2p(3PO)3p    5.51E-02  9.73E+07 1.944E+03
1666   9   3  2s2p(3PO)7s   2s2p(3PO)4p    1.75E-01  5.49E+07 4.613E+03
1667   9   4  2s2p(3PO)7s   2s2p(3PO)5p    6.83E-01  3.85E+07 1.087E+04
1668   9   5  2s2p(3PO)7s   2s2p(3PO)6p    7.14E+00  3.56E+07 3.660E+04
1669   9   6  2s2p(3PO)7s   2s2p(3PO)7p   -1.21E+01 -8.80E+06 9.577E+04
1670   9   7  2s2p(3PO)7s   2s2p(3PO)8p   -1.30E-02 -1.03E+05 2.906E+04
1671   9   8  2s2p(3PO)7s   2s2p(3PO)9p   -1.74E-04 -2.97E+03 1.977E+04
1672   9   9  2s2p(3PO)7s   2s2p(3PO)10p   -1.09E-03 -2.79E+04 1.613E+04
1673  10   1  2s2p(3PO)7d    2s2p2           9.27E-02  2.40E+09 5.080E+02
1674  10   2  2s2p(3PO)7d    2s2p(3PO)3p    5.18E-02  9.78E+07 1.880E+03
1675  10   3  2s2p(3PO)7d    2s2p(3PO)4p    6.67E-02  2.44E+07 4.266E+03
1676  10   4  2s2p(3PO)7d    2s2p(3PO)5p    9.99E-02  8.00E+06 9.126E+03
1677  10   5  2s2p(3PO)7d    2s2p(3PO)6p    1.60E-01  2.15E+06 2.226E+04
1678  10   6  2s2p(3PO)7d    2s2p(3PO)7p    3.34E+00  1.14E+06 1.398E+05
1679  10   7  2s2p(3PO)7d    2s2p(3PO)8p   -1.42E+00 -2.68E+06 5.947E+04
1680  10   8  2s2p(3PO)7d    2s2p(3PO)9p   -2.01E-01 -1.46E+06 3.032E+04
1681  10   9  2s2p(3PO)7d    2s2p(3PO)10p   -7.17E-02 -9.42E+05 2.253E+04
1682  11   1  2s2p(3PO)8s   2s2p2           1.33E-02  3.47E+08 5.054E+02
1683  11   2  2s2p(3PO)8s   2s2p(3PO)3p    3.15E-02  6.17E+07 1.845E+03
1684  11   3  2s2p(3PO)8s   2s2p(3PO)4p    8.49E-02  3.38E+07 4.092E+03
1685  11   4  2s2p(3PO)8s   2s2p(3PO)5p    2.36E-01  2.25E+07 8.362E+03
1686  11   5  2s2p(3PO)8s   2s2p(3PO)6p    8.53E-01  1.72E+07 1.820E+04
1687  11   6  2s2p(3PO)8s   2s2p(3PO)7p    8.59E+00  1.69E+07 5.824E+04
1688  11   7  2s2p(3PO)8s   2s2p(3PO)8p   -1.37E+01 -4.23E+06 1.471E+05
1689  11   8  2s2p(3PO)8s   2s2p(3PO)9p   -2.06E-02 -7.24E+04 4.355E+04
1690  11   9  2s2p(3PO)8s   2s2p(3PO)10p   -2.26E-07 -1.78E+00 2.909E+04
1691  12   1  2s2p(3PO)8d    2s2p2           6.08E-02  1.61E+09 5.025E+02
1692  12   2  2s2p(3PO)8d    2s2p(3PO)3p    3.31E-02  6.76E+07 1.807E+03
1693  12   3  2s2p(3PO)8d    2s2p(3PO)4p    4.08E-02  1.78E+07 3.908E+03
1694  12   4  2s2p(3PO)8d    2s2p(3PO)5p    5.69E-02  6.52E+06 7.628E+03
1695  12   5  2s2p(3PO)8d    2s2p(3PO)6p    8.68E-02  2.56E+06 1.505E+04
1696  12   6  2s2p(3PO)8d    2s2p(3PO)7p    1.40E-01  7.67E+05 3.488E+04
1697  12   7  2s2p(3PO)8d    2s2p(3PO)8p    3.84E+00  5.65E+05 2.128E+05
1698  12   8  2s2p(3PO)8d    2s2p(3PO)9p   -1.78E+00 -1.56E+06 8.723E+04
1699  12   9  2s2p(3PO)8d    2s2p(3PO)10p   -2.54E-01 -8.87E+05 4.371E+04
1700  13   1  2s2p(3PO)9s   2s2p2           8.87E-03  2.36E+08 5.008E+02
1701  13   2  2s2p(3PO)9s   2s2p(3PO)3p    2.00E-02  4.19E+07 1.785E+03
1702  13   3  2s2p(3PO)9s   2s2p(3PO)4p    4.88E-02  2.25E+07 3.807E+03
1703  13   4  2s2p(3PO)9s   2s2p(3PO)5p    1.15E-01  1.46E+07 7.253E+03
1704  13   5  2s2p(3PO)9s   2s2p(3PO)6p    2.94E-01  1.05E+07 1.366E+04
1705  13   6  2s2p(3PO)9s   2s2p(3PO)7p    1.02E+00  8.55E+06 2.820E+04
1706  13   7  2s2p(3PO)9s   2s2p(3PO)8p    1.01E+01  8.89E+06 8.704E+04
1707  13   8  2s2p(3PO)9s   2s2p(3PO)9p   -1.54E+01 -2.24E+06 2.140E+05
1708  13   9  2s2p(3PO)9s   2s2p(3PO)10p   -2.86E-02 -4.94E+04 6.216E+04
1709  14   1  2s2p(3PO)9d    2s2p2           4.20E-02  1.13E+09 4.988E+02
1710  14   2  2s2p(3PO)9d    2s2p(3PO)3p    2.25E-02  4.85E+07 1.760E+03
1711  14   3  2s2p(3PO)9d    2s2p(3PO)4p    2.69E-02  1.31E+07 3.695E+03
1712  14   4  2s2p(3PO)9d    2s2p(3PO)5p    3.57E-02  5.06E+06 6.858E+03
1713  14   5  2s2p(3PO)9d    2s2p(3PO)6p    5.05E-02  2.22E+06 1.232E+04
1714  14   6  2s2p(3PO)9d    2s2p(3PO)7p    7.83E-02  9.83E+05 2.305E+04
1715  14   7  2s2p(3PO)9d    2s2p(3PO)8p    1.27E-01  3.19E+05 5.150E+04
1716  14   8  2s2p(3PO)9d    2s2p(3PO)9p    4.32E+00  3.05E+05 3.074E+05
1717  14   9  2s2p(3PO)9d    2s2p(3PO)10p   -2.08E+00 -9.24E+05 1.225E+05
1718  15   1  2s2p(3PO)10s   2s2p2           6.24E-03  1.68E+08 4.976E+02
1719  15   2  2s2p(3PO)10s   2s2p(3PO)3p    1.36E-02  2.98E+07 1.745E+03
1720  15   3  2s2p(3PO)10s   2s2p(3PO)4p    3.10E-02  1.57E+07 3.631E+03
1721  15   4  2s2p(3PO)10s   2s2p(3PO)5p    6.63E-02  1.00E+07 6.639E+03
1722  15   5  2s2p(3PO)10s   2s2p(3PO)6p    1.43E-01  7.05E+06 1.163E+04
1723  15   6  2s2p(3PO)10s   2s2p(3PO)7p    3.51E-01  5.44E+06 2.075E+04
1724  15   7  2s2p(3PO)10s   2s2p(3PO)8p    1.19E+00  4.66E+06 4.127E+04
1725  15   8  2s2p(3PO)10s   2s2p(3PO)9p    1.16E+01  5.03E+06 1.240E+05
1726  15   9  2s2p(3PO)10s   2s2p(3PO)10p   -1.72E+01 -1.29E+06 2.986E+05
1727  16   1  2s2p(3PO)10d    2s2p2           3.03E-02  8.21E+08 4.962E+02
1728  16   2  2s2p(3PO)10d    2s2p(3PO)3p    1.60E-02  3.57E+07 1.728E+03
1729  16   3  2s2p(3PO)10d    2s2p(3PO)4p    1.87E-02  9.86E+06 3.557E+03
1730  16   4  2s2p(3PO)10d    2s2p(3PO)5p    2.40E-02  3.91E+06 6.397E+03
1731  16   5  2s2p(3PO)10d    2s2p(3PO)6p    3.22E-02  1.80E+06 1.091E+04
1732  16   6  2s2p(3PO)10d    2s2p(3PO)7p    4.61E-02  8.93E+05 1.856E+04
1733  16   7  2s2p(3PO)10d    2s2p(3PO)8p    7.24E-02  4.32E+05 3.342E+04
1734  16   8  2s2p(3PO)10d    2s2p(3PO)9p    1.18E-01  1.49E+05 7.267E+04
1735  16   9  2s2p(3PO)10d    2s2p(3PO)10p    4.78E+00  1.75E+05 4.262E+05
1736   1   1  2s2p(3PO)3p   2s2p(3PO)3s    4.96E+00  6.99E+08 6.880E+03
1737   1   2  2s2p(3PO)3p   2s2p(3PO)3d    -4.16E-01 -8.36E+07 5.760E+03
1738   1   3  2s2p(3PO)3p   2s2p(3PO)4s   -2.26E+00 -1.17E+09 3.594E+03
1739   1   4  2s2p(3PO)3p   2s2p(3PO)4d    -3.34E-05 -3.39E+04 2.562E+03
1740   1   5  2s2p(3PO)3p   2s2p(3PO)5s   -3.87E-01 -4.99E+08 2.274E+03
1741   1   6  2s2p(3PO)3p   2s2p(3PO)5d    -6.19E-04 -1.00E+06 2.031E+03
1742   1   7  2s2p(3PO)3p   2s2p(3PO)6s   -1.49E-01 -2.67E+08 1.928E+03
1743   1   8  2s2p(3PO)3p   2s2p(3PO)6d    -5.01E-04 -1.00E+06 1.826E+03
1744   1   9  2s2p(3PO)3p   2s2p(3PO)7s   -7.64E-02 -1.62E+08 1.775E+03
1745   1  10  2s2p(3PO)3p   2s2p(3PO)7d    -3.42E-04 -7.70E+05 1.722E+03
1746   1  11  2s2p(3PO)3p   2s2p(3PO)8s   -4.52E-02 -1.05E+08 1.692E+03
1747   1  12  2s2p(3PO)3p   2s2p(3PO)8d    -2.33E-04 -5.64E+05 1.660E+03
1748   1  13  2s2p(3PO)3p   2s2p(3PO)9s   -2.92E-02 -7.23E+07 1.642E+03
1749   1  14  2s2p(3PO)3p   2s2p(3PO)9d    -1.63E-04 -4.14E+05 1.620E+03
1750   1  15  2s2p(3PO)3p   2s2p(3PO)10s   -2.01E-02 -5.19E+07 1.608E+03
1751   1  16  2s2p(3PO)3p   2s2p(3PO)10d    -1.18E-04 -3.10E+05 1.593E+03
1752   2   1  2s2p(3PO)4p   2s2p(3PO)3s    3.14E-01  4.73E+08 2.104E+03
1753   2   2  2s2p(3PO)4p   2s2p(3PO)3d     2.98E-01  4.85E+07 6.399E+03
1754   2   3  2s2p(3PO)4p   2s2p(3PO)4s    7.41E+00  1.32E+08 1.936E+04
1755   2   4  2s2p(3PO)4p   2s2p(3PO)4d    -6.23E-01 -1.52E+07 1.655E+04
1756   2   5  2s2p(3PO)4p   2s2p(3PO)5s   -3.79E+00 -3.05E+08 9.103E+03
1757   2   6  2s2p(3PO)4p   2s2p(3PO)5d    -3.20E-05 -5.64E+03 6.154E+03
1758   2   7  2s2p(3PO)4p   2s2p(3PO)6s   -5.99E-01 -1.42E+08 5.296E+03
1759   2   8  2s2p(3PO)4p   2s2p(3PO)6d    -3.96E-04 -1.25E+05 4.592E+03
1760   2   9  2s2p(3PO)4p   2s2p(3PO)7s   -2.23E-01 -8.10E+07 4.285E+03
1761   2  10  2s2p(3PO)4p   2s2p(3PO)7d    -4.11E-04 -1.73E+05 3.984E+03
1762   2  11  2s2p(3PO)4p   2s2p(3PO)8s   -1.12E-01 -5.09E+07 3.831E+03
1763   2  12  2s2p(3PO)4p   2s2p(3PO)8d    -3.19E-04 -1.58E+05 3.670E+03
1764   2  13  2s2p(3PO)4p   2s2p(3PO)9s   -6.59E-02 -3.43E+07 3.580E+03
1765   2  14  2s2p(3PO)4p   2s2p(3PO)9d    -2.38E-04 -1.31E+05 3.482E+03
1766   2  15  2s2p(3PO)4p   2s2p(3PO)10s   -4.25E-02 -2.42E+07 3.424E+03
1767   2  16  2s2p(3PO)4p   2s2p(3PO)10d    -1.79E-04 -1.06E+05 3.359E+03
1768   3   1  2s2p(3PO)4f    2s2p(3PO)3s    1.61E-02  3.19E+07 1.836E+03
1769   3   2  2s2p(3PO)4f    2s2p(3PO)3d     1.09E+01  3.70E+09 4.431E+03
1770   3   3  2s2p(3PO)4f    2s2p(3PO)4s    2.21E-01  2.16E+07 8.260E+03
1771   3   4  2s2p(3PO)4f    2s2p(3PO)4d     1.28E+00  6.90E+05 1.112E+05
1772   3   5  2s2p(3PO)4f    2s2p(3PO)5s   -3.68E-02 -4.01E+05 2.473E+04
1773   3   6  2s2p(3PO)4f    2s2p(3PO)5d    -3.00E-01 -1.73E+07 1.074E+04
1774   3   7  2s2p(3PO)4f    2s2p(3PO)6s   -1.00E-03 -9.51E+04 8.373E+03
1775   3   8  2s2p(3PO)4f    2s2p(3PO)6d    -5.24E-02 -7.69E+06 6.740E+03
1776   3   9  2s2p(3PO)4f    2s2p(3PO)7s   -2.95E-04 -5.29E+04 6.098E+03
1777   3  10  2s2p(3PO)4f    2s2p(3PO)7d    -1.90E-02 -4.18E+06 5.507E+03
1778   3  11  2s2p(3PO)4f    2s2p(3PO)8s   -1.37E-04 -3.35E+04 5.219E+03
1779   3  12  2s2p(3PO)4f    2s2p(3PO)8d    -9.29E-03 -2.56E+06 4.924E+03
1780   3  13  2s2p(3PO)4f    2s2p(3PO)9s   -7.81E-05 -2.29E+04 4.764E+03
1781   3  14  2s2p(3PO)4f    2s2p(3PO)9d    -5.34E-03 -1.69E+06 4.591E+03
1782   3  15  2s2p(3PO)4f    2s2p(3PO)10s   -4.96E-05 -1.64E+04 4.492E+03
1783   3  16  2s2p(3PO)4f    2s2p(3PO)10d    -3.40E-03 -1.18E+06 4.380E+03
1784   4   1  2s2p(3PO)5p   2s2p(3PO)3s    1.38E-01  3.41E+08 1.642E+03
1785   4   2  2s2p(3PO)5p   2s2p(3PO)3d     2.32E-02  1.30E+07 3.447E+03
1786   4   3  2s2p(3PO)5p   2s2p(3PO)4s    2.21E-01  5.07E+07 5.390E+03
1787   4   4  2s2p(3PO)5p   2s2p(3PO)4d     6.05E-01  2.18E+07 1.361E+04
1788   4   5  2s2p(3PO)5p   2s2p(3PO)5s    9.53E+00  3.67E+07 4.164E+04
1789   4   6  2s2p(3PO)5p   2s2p(3PO)5d    -9.80E-01 -5.36E+06 3.492E+04
1790   4   7  2s2p(3PO)5p   2s2p(3PO)6s   -5.39E+00 -1.09E+08 1.819E+04
1791   4   8  2s2p(3PO)5p   2s2p(3PO)6d    -1.28E-03 -6.01E+04 1.192E+04
1792   4   9  2s2p(3PO)5p   2s2p(3PO)7s   -8.27E-01 -5.46E+07 1.005E+04
1793   4  10  2s2p(3PO)5p   2s2p(3PO)7d    -1.66E-05 -1.52E+03 8.538E+03
1794   4  11  2s2p(3PO)5p   2s2p(3PO)8s   -3.05E-01 -3.29E+07 7.865E+03
1795   4  12  2s2p(3PO)5p   2s2p(3PO)8d    -9.92E-05 -1.27E+04 7.213E+03
1796   4  13  2s2p(3PO)5p   2s2p(3PO)9s   -1.54E-01 -2.17E+07 6.876E+03
1797   4  14  2s2p(3PO)5p   2s2p(3PO)9d    -1.09E-04 -1.71E+04 6.521E+03
1798   4  15  2s2p(3PO)5p   2s2p(3PO)10s   -9.03E-02 -1.51E+07 6.322E+03
1799   4  16  2s2p(3PO)5p   2s2p(3PO)10d    -9.54E-05 -1.71E+04 6.103E+03
1800   5   1  2s2p(3PO)5f    2s2p(3PO)3s    6.92E-03  1.90E+07 1.557E+03
1801   5   2  2s2p(3PO)5f    2s2p(3PO)3d     1.91E+00  1.33E+09 3.092E+03
1802   5   3  2s2p(3PO)5f    2s2p(3PO)4s    3.43E-03  1.10E+06 4.570E+03
1803   5   4  2s2p(3PO)5f    2s2p(3PO)4d     8.50E+00  6.46E+08 9.368E+03
1804   5   5  2s2p(3PO)5f    2s2p(3PO)5s    3.14E-01  6.88E+06 1.745E+04
1805   5   6  2s2p(3PO)5f    2s2p(3PO)5d     2.32E+00  3.36E+05 2.146E+05
1806   5   7  2s2p(3PO)5f    2s2p(3PO)6s   -1.20E-01 -3.76E+05 4.614E+04
1807   5   8  2s2p(3PO)5f    2s2p(3PO)6d    -7.46E-01 -1.27E+07 1.976E+04
1808   5   9  2s2p(3PO)5f    2s2p(3PO)7s   -2.98E-03 -8.72E+04 1.510E+04
1809   5  10  2s2p(3PO)5f    2s2p(3PO)7d    -1.34E-01 -6.28E+06 1.193E+04
1810   5  11  2s2p(3PO)5f    2s2p(3PO)8s   -8.20E-04 -4.82E+04 1.066E+04
1811   5  12  2s2p(3PO)5f    2s2p(3PO)8d    -4.89E-02 -3.62E+06 9.492E+03
1812   5  13  2s2p(3PO)5f    2s2p(3PO)9s   -3.70E-04 -3.10E+04 8.918E+03
1813   5  14  2s2p(3PO)5f    2s2p(3PO)9d    -2.40E-02 -2.31E+06 8.329E+03
1814   5  15  2s2p(3PO)5f    2s2p(3PO)10s   -2.07E-04 -2.15E+04 8.008E+03
1815   5  16  2s2p(3PO)5f    2s2p(3PO)10d    -1.38E-02 -1.57E+06 7.659E+03
1816   6   1  2s2p(3PO)6p   2s2p(3PO)3s    7.12E-02  2.18E+08 1.477E+03
1817   6   2  2s2p(3PO)6p   2s2p(3PO)3d     5.53E-03  4.73E+06 2.792E+03
1818   6   3  2s2p(3PO)6p   2s2p(3PO)4s    1.11E-01  4.76E+07 3.943E+03
1819   6   4  2s2p(3PO)6p   2s2p(3PO)4d     5.55E-02  7.41E+06 7.066E+03
1820   6   5  2s2p(3PO)6p   2s2p(3PO)5s    1.91E-01  1.08E+07 1.086E+04
1821   6   6  2s2p(3PO)6p   2s2p(3PO)5d     8.64E-01  8.96E+06 2.536E+04
1822   6   7  2s2p(3PO)6p   2s2p(3PO)6s    1.16E+01  1.33E+07 7.637E+04
1823   6   8  2s2p(3PO)6p   2s2p(3PO)6d    -1.23E+00 -2.06E+06 6.315E+04
1824   6   9  2s2p(3PO)6p   2s2p(3PO)7s   -6.99E+00 -4.62E+07 3.178E+04
1825   6  10  2s2p(3PO)6p   2s2p(3PO)7d    -2.70E-03 -4.34E+04 2.038E+04
1826   6  11  2s2p(3PO)6p   2s2p(3PO)8s   -1.06E+00 -2.47E+07 1.693E+04
1827   6  12  2s2p(3PO)6p   2s2p(3PO)8d    -1.39E-05 -4.62E+02 1.417E+04
1828   6  13  2s2p(3PO)6p   2s2p(3PO)9s   -3.89E-01 -1.55E+07 1.293E+04
1829   6  14  2s2p(3PO)6p   2s2p(3PO)9d    -2.77E-05 -1.34E+03 1.172E+04
1830   6  15  2s2p(3PO)6p   2s2p(3PO)10s   -1.96E-01 -1.06E+07 1.110E+04
1831   6  16  2s2p(3PO)6p   2s2p(3PO)10d    -5.38E-05 -3.29E+03 1.044E+04
1832   7   1  2s2p(3PO)6f    2s2p(3PO)3s    3.60E-03  1.16E+07 1.437E+03
1833   7   2  2s2p(3PO)6f    2s2p(3PO)3d     6.83E-01  6.47E+08 2.654E+03
1834   7   3  2s2p(3PO)6f    2s2p(3PO)4s    1.46E-04  7.21E+04 3.675E+03
1835   7   4  2s2p(3PO)6f    2s2p(3PO)4d     2.10E+00  3.59E+08 6.247E+03
1836   7   5  2s2p(3PO)6f    2s2p(3PO)5s    1.44E-02  1.18E+06 9.038E+03
1837   7   6  2s2p(3PO)6f    2s2p(3PO)5d     7.52E+00  1.69E+08 1.724E+04
1838   7   7  2s2p(3PO)6f    2s2p(3PO)6s    3.66E-01  2.45E+06 3.159E+04
1839   7   8  2s2p(3PO)6f    2s2p(3PO)6d     3.25E+00  1.61E+05 3.667E+05
1840   7   9  2s2p(3PO)6f    2s2p(3PO)7s   -2.19E-01 -2.43E+05 7.749E+04
1841   7  10  2s2p(3PO)6f    2s2p(3PO)7d    -1.28E+00 -7.94E+06 3.278E+04
1842   7  11  2s2p(3PO)6f    2s2p(3PO)8s   -5.08E-03 -5.56E+04 2.468E+04
1843   7  12  2s2p(3PO)6f    2s2p(3PO)8d    -2.37E-01 -4.28E+06 1.922E+04
1844   7  13  2s2p(3PO)6f    2s2p(3PO)9s   -1.35E-03 -3.11E+04 1.700E+04
1845   7  14  2s2p(3PO)6f    2s2p(3PO)9d    -8.77E-02 -2.61E+06 1.498E+04
1846   7  15  2s2p(3PO)6f    2s2p(3PO)10s   -5.96E-04 -2.03E+04 1.398E+04
1847   7  16  2s2p(3PO)6f    2s2p(3PO)10d    -4.34E-02 -1.73E+06 1.295E+04
1848   8   1  2s2p(3PO)7p   2s2p(3PO)3s    4.17E-02  1.43E+08 1.396E+03
1849   8   2  2s2p(3PO)7p   2s2p(3PO)3d     2.02E-03  2.13E+06 2.515E+03
1850   8   3  2s2p(3PO)7p   2s2p(3PO)4s    6.06E-02  3.47E+07 3.413E+03
1851   8   4  2s2p(3PO)7p   2s2p(3PO)4d     1.66E-02  3.62E+06 5.528E+03
1852   8   5  2s2p(3PO)7p   2s2p(3PO)5s    1.04E-01  1.20E+07 7.606E+03
1853   8   6  2s2p(3PO)7p   2s2p(3PO)5d     8.43E-02  3.49E+06 1.269E+04
1854   8   7  2s2p(3PO)7p   2s2p(3PO)6s    1.74E-01  3.20E+06 1.905E+04
1855   8   8  2s2p(3PO)7p   2s2p(3PO)6d     1.08E+00  4.00E+06 4.246E+04
1856   8   9  2s2p(3PO)7p   2s2p(3PO)7s    1.37E+01  5.73E+06 1.263E+05
1857   8  10  2s2p(3PO)7p   2s2p(3PO)7d    -1.47E+00 -9.18E+05 1.033E+05
1858   8  11  2s2p(3PO)7p   2s2p(3PO)8s   -8.59E+00 -2.22E+07 5.078E+04
1859   8  12  2s2p(3PO)7p   2s2p(3PO)8d    -4.18E-03 -2.71E+04 3.206E+04
1860   8  13  2s2p(3PO)7p   2s2p(3PO)9s   -1.29E+00 -1.24E+07 2.633E+04
1861   8  14  2s2p(3PO)7p   2s2p(3PO)9d    -1.02E-04 -1.43E+03 2.178E+04
1862   8  15  2s2p(3PO)7p   2s2p(3PO)10s   -4.73E-01 -8.12E+06 1.972E+04
1863   8  16  2s2p(3PO)7p   2s2p(3PO)10d    -1.63E-06 -3.46E+01 1.773E+04
1864   9   1  2s2p(3PO)7f    2s2p(3PO)3s    2.13E-03  7.53E+06 1.374E+03
1865   9   2  2s2p(3PO)7f    2s2p(3PO)3d     3.29E-01  3.67E+08 2.445E+03
1866   9   3  2s2p(3PO)7f    2s2p(3PO)4s    1.57E-07  9.70E+01 3.285E+03
1867   9   4  2s2p(3PO)7f    2s2p(3PO)4d     8.67E-01  2.14E+08 5.200E+03
1868   9   5  2s2p(3PO)7f    2s2p(3PO)5s    2.67E-03  3.64E+05 6.999E+03
1869   9   6  2s2p(3PO)7f    2s2p(3PO)5d     2.06E+00  1.12E+08 1.108E+04
1870   9   7  2s2p(3PO)7f    2s2p(3PO)6s    2.37E-02  6.45E+05 1.565E+04
1871   9   8  2s2p(3PO)7f    2s2p(3PO)6d     7.04E+00  5.74E+07 2.860E+04
1872   9   9  2s2p(3PO)7f    2s2p(3PO)7s    4.16E-01  1.04E+06 5.172E+04
1873   9  10  2s2p(3PO)7f    2s2p(3PO)7d     4.14E+00  8.33E+04 5.757E+05
1874   9  11  2s2p(3PO)7f    2s2p(3PO)8s   -2.67E-01 -1.22E+05 1.208E+05
1875   9  12  2s2p(3PO)7f    2s2p(3PO)8d    -1.88E+00 -4.90E+06 5.056E+04
1876   9  13  2s2p(3PO)7f    2s2p(3PO)9s   -7.10E-03 -3.34E+04 3.764E+04
1877   9  14  2s2p(3PO)7f    2s2p(3PO)9d    -3.53E-01 -2.80E+06 2.899E+04
1878   9  15  2s2p(3PO)7f    2s2p(3PO)10s   -1.84E-03 -1.90E+04 2.544E+04
1879   9  16  2s2p(3PO)7f    2s2p(3PO)10d    -1.32E-01 -1.78E+06 2.222E+04
1880  10   1  2s2p(3PO)8p   2s2p(3PO)3s    2.65E-02  9.72E+07 1.349E+03
1881  10   2  2s2p(3PO)8p   2s2p(3PO)3d     9.38E-04  1.12E+06 2.367E+03
1882  10   3  2s2p(3PO)8p   2s2p(3PO)4s    3.68E-02  2.48E+07 3.147E+03
1883  10   4  2s2p(3PO)8p   2s2p(3PO)4d     7.35E-03  2.08E+06 4.860E+03
1884  10   5  2s2p(3PO)8p   2s2p(3PO)5s    5.85E-02  9.53E+06 6.398E+03
1885  10   6  2s2p(3PO)8p   2s2p(3PO)5d     2.63E-02  1.88E+06 9.647E+03
1886  10   7  2s2p(3PO)8p   2s2p(3PO)6s    9.98E-02  3.98E+06 1.293E+04
1887  10   8  2s2p(3PO)8p   2s2p(3PO)6d     1.10E-01  1.72E+06 2.066E+04
1888  10   9  2s2p(3PO)8p   2s2p(3PO)7s    1.64E-01  1.17E+06 3.052E+04
1889  10  10  2s2p(3PO)8p   2s2p(3PO)7d     1.27E+00  1.95E+06 6.594E+04
1890  10  11  2s2p(3PO)8p   2s2p(3PO)8s    1.57E+01  2.78E+06 1.942E+05
1891  10  12  2s2p(3PO)8p   2s2p(3PO)8d    -1.65E+00 -4.44E+05 1.575E+05
1892  10  13  2s2p(3PO)8p   2s2p(3PO)9s   -1.02E+01 -1.17E+07 7.611E+04
1893  10  14  2s2p(3PO)8p   2s2p(3PO)9d    -5.68E-03 -1.68E+04 4.747E+04
1894  10  15  2s2p(3PO)8p   2s2p(3PO)10s   -1.52E+00 -6.79E+06 3.864E+04
1895  10  16  2s2p(3PO)8p   2s2p(3PO)10d    -2.36E-04 -1.57E+03 3.167E+04
1896  11   1  2s2p(3PO)8f    2s2p(3PO)3s    1.37E-03  5.13E+06 1.335E+03
1897  11   2  2s2p(3PO)8f    2s2p(3PO)3d     1.86E-01  2.29E+08 2.326E+03
1898  11   3  2s2p(3PO)8f    2s2p(3PO)4s    1.12E-05  7.91E+03 3.074E+03
1899  11   4  2s2p(3PO)8f    2s2p(3PO)4d     4.53E-01  1.37E+08 4.689E+03
1900  11   5  2s2p(3PO)8f    2s2p(3PO)5s    8.23E-04  1.47E+05 6.104E+03
1901  11   6  2s2p(3PO)8f    2s2p(3PO)5d     9.04E-01  7.45E+07 8.994E+03
1902  11   7  2s2p(3PO)8f    2s2p(3PO)6s    5.73E-03  2.75E+05 1.179E+04
1903  11   8  2s2p(3PO)8f    2s2p(3PO)6d     2.03E+00  4.23E+07 1.788E+04
1904  11   9  2s2p(3PO)8f    2s2p(3PO)7s    3.12E-02  3.38E+05 2.482E+04
1905  11  10  2s2p(3PO)8f    2s2p(3PO)7d     6.81E+00  2.34E+07 4.408E+04
1906  11  11  2s2p(3PO)8f    2s2p(3PO)8s    4.63E-01  4.96E+05 7.891E+04
1907  11  12  2s2p(3PO)8f    2s2p(3PO)8d     5.00E+00  4.59E+04 8.525E+05
1908  11  13  2s2p(3PO)8f    2s2p(3PO)9s   -3.37E-01 -7.09E+04 1.780E+05
1909  11  14  2s2p(3PO)8f    2s2p(3PO)9d    -2.52E+00 -3.08E+06 7.383E+04
1910  11  15  2s2p(3PO)8f    2s2p(3PO)10s   -9.01E-03 -2.02E+04 5.448E+04
1911  11  16  2s2p(3PO)8f    2s2p(3PO)10d    -4.79E-01 -1.85E+06 4.158E+04
1912  12   1  2s2p(3PO)9p   2s2p(3PO)3s    1.80E-02  6.90E+07 1.319E+03
1913  12   2  2s2p(3PO)9p   2s2p(3PO)3d     5.06E-04  6.51E+05 2.277E+03
1914  12   3  2s2p(3PO)9p   2s2p(3PO)4s    2.41E-02  1.80E+07 2.990E+03
1915  12   4  2s2p(3PO)9p   2s2p(3PO)4d     3.97E-03  1.31E+06 4.496E+03
1916  12   5  2s2p(3PO)9p   2s2p(3PO)5s    3.64E-02  7.27E+06 5.781E+03
1917  12   6  2s2p(3PO)9p   2s2p(3PO)5d     1.20E-02  1.16E+06 8.310E+03
1918  12   7  2s2p(3PO)9p   2s2p(3PO)6s    5.78E-02  3.41E+06 1.064E+04
1919  12   8  2s2p(3PO)9p   2s2p(3PO)6d     3.53E-02  9.97E+05 1.537E+04
1920  12   9  2s2p(3PO)9p   2s2p(3PO)7s    9.78E-02  1.59E+06 2.023E+04
1921  12  10  2s2p(3PO)9p   2s2p(3PO)7d     1.34E-01  9.06E+05 3.141E+04
1922  12  11  2s2p(3PO)9p   2s2p(3PO)8s    1.57E-01  4.99E+05 4.582E+04
1923  12  12  2s2p(3PO)9p   2s2p(3PO)8d     1.46E+00  1.04E+06 9.683E+04
1924  12  13  2s2p(3PO)9p   2s2p(3PO)9s    1.78E+01  1.49E+06 2.828E+05
1925  12  14  2s2p(3PO)9p   2s2p(3PO)9d    -1.88E+00 -2.42E+05 2.278E+05
1926  12  15  2s2p(3PO)9p   2s2p(3PO)10s   -1.18E+01 -6.66E+06 1.087E+05
1927  12  16  2s2p(3PO)9p   2s2p(3PO)10d    -7.17E-03 -1.06E+04 6.713E+04
1928  13   1  2s2p(3PO)9f    2s2p(3PO)3s    9.40E-04  3.65E+06 1.310E+03
1929  13   2  2s2p(3PO)9f    2s2p(3PO)3d     1.17E-01  1.54E+08 2.251E+03
1930  13   3  2s2p(3PO)9f    2s2p(3PO)4s    2.09E-05  1.61E+04 2.944E+03
1931  13   4  2s2p(3PO)9f    2s2p(3PO)4d     2.71E-01  9.37E+07 4.393E+03
1932  13   5  2s2p(3PO)9f    2s2p(3PO)5s    3.34E-04  7.07E+04 5.612E+03
1933  13   6  2s2p(3PO)9f    2s2p(3PO)5d     4.91E-01  5.16E+07 7.965E+03
1934  13   7  2s2p(3PO)9f    2s2p(3PO)6s    2.18E-03  1.43E+05 1.008E+04
1935  13   8  2s2p(3PO)9f    2s2p(3PO)6d     9.17E-01  3.02E+07 1.423E+04
1936  13   9  2s2p(3PO)9f    2s2p(3PO)7s    8.34E-03  1.66E+05 1.830E+04
1937  13  10  2s2p(3PO)9f    2s2p(3PO)7d     2.01E+00  1.84E+07 2.698E+04
1938  13  11  2s2p(3PO)9f    2s2p(3PO)8s    3.77E-02  1.84E+05 3.698E+04
1939  13  12  2s2p(3PO)9f    2s2p(3PO)8d     6.72E+00  1.08E+07 6.433E+04
1940  13  13  2s2p(3PO)9f    2s2p(3PO)9s    5.08E-01  2.60E+05 1.142E+05
1941  13  14  2s2p(3PO)9f    2s2p(3PO)9d     5.82E+00  2.66E+04 1.209E+06
1942  13  15  2s2p(3PO)9f    2s2p(3PO)10s   -4.05E-01 -4.29E+04 2.510E+05
1943  13  16  2s2p(3PO)9f    2s2p(3PO)10d    -3.18E+00 -1.99E+06 1.033E+05
1944  14   1  2s2p(3PO)10p   2s2p(3PO)3s    1.28E-02  5.06E+07 1.299E+03
1945  14   2  2s2p(3PO)10p   2s2p(3PO)3d     3.03E-04  4.11E+05 2.218E+03
1946  14   3  2s2p(3PO)10p   2s2p(3PO)4s    1.68E-02  1.34E+07 2.888E+03
1947  14   4  2s2p(3PO)10p   2s2p(3PO)4d     2.42E-03  8.85E+05 4.271E+03
1948  14   5  2s2p(3PO)10p   2s2p(3PO)5s    2.44E-02  5.55E+06 5.414E+03
1949  14   6  2s2p(3PO)10p   2s2p(3PO)5d     6.66E-03  7.75E+05 7.572E+03
1950  14   7  2s2p(3PO)10p   2s2p(3PO)6s    3.65E-02  2.72E+06 9.458E+03
1951  14   8  2s2p(3PO)10p   2s2p(3PO)6d     1.64E-02  6.45E+05 1.302E+04
1952  14   9  2s2p(3PO)10p   2s2p(3PO)7s    5.75E-02  1.44E+06 1.635E+04
1953  14  10  2s2p(3PO)10p   2s2p(3PO)7d     4.36E-02  5.52E+05 2.295E+04
1954  14  11  2s2p(3PO)10p   2s2p(3PO)8s    9.68E-02  7.27E+05 2.980E+04
1955  14  12  2s2p(3PO)10p   2s2p(3PO)8d     1.57E-01  5.10E+05 4.533E+04
1956  14  13  2s2p(3PO)10p   2s2p(3PO)9s    1.52E-01  2.36E+05 6.549E+04
1957  14  14  2s2p(3PO)10p   2s2p(3PO)9d     1.67E+00  6.01E+05 1.362E+05
1958  14  15  2s2p(3PO)10p   2s2p(3PO)10s    1.98E+01  8.46E+05 3.950E+05
1959  14  16  2s2p(3PO)10p   2s2p(3PO)10d    -2.10E+00 -1.40E+05 3.161E+05
1960   1   1  2s2p(3PO)3d    2s2p(3PO)3p    1.72E+00  2.54E+08 6.716E+03
1961   1   2  2s2p(3PO)3d    2s2p(3PO)4p   -5.06E-01 -1.11E+08 5.526E+03
1962   1   3  2s2p(3PO)3d    2s2p(3PO)4f    -1.92E+00 -8.03E+08 3.994E+03
1963   1   4  2s2p(3PO)3d    2s2p(3PO)5p   -6.51E-02 -4.30E+07 3.176E+03
1964   1   5  2s2p(3PO)3d    2s2p(3PO)5f    -3.98E-01 -3.22E+08 2.872E+03
1965   1   6  2s2p(3PO)3d    2s2p(3PO)6p   -2.38E-02 -2.33E+07 2.612E+03
1966   1   7  2s2p(3PO)3d    2s2p(3PO)6f    -1.52E-01 -1.63E+08 2.491E+03
1967   1   8  2s2p(3PO)3d    2s2p(3PO)7p   -1.19E-02 -1.42E+07 2.368E+03
1968   1   9  2s2p(3PO)3d    2s2p(3PO)7f    -7.60E-02 -9.54E+07 2.306E+03
1969   1  10  2s2p(3PO)3d    2s2p(3PO)8p   -6.98E-03 -9.31E+06 2.236E+03
1970   1  11  2s2p(3PO)3d    2s2p(3PO)8f    -4.41E-02 -6.08E+07 2.199E+03
1971   1  12  2s2p(3PO)3d    2s2p(3PO)9p   -4.49E-03 -6.44E+06 2.156E+03
1972   1  13  2s2p(3PO)3d    2s2p(3PO)9f    -2.81E-02 -4.12E+07 2.132E+03
1973   1  14  2s2p(3PO)3d    2s2p(3PO)10p   -3.08E-03 -4.65E+06 2.103E+03
1974   2   1  2s2p(3PO)4d    2s2p(3PO)3p    2.69E-01  2.64E+08 2.607E+03
1975   2   2  2s2p(3PO)4d    2s2p(3PO)4p    2.97E+00  5.71E+07 1.863E+04
1976   2   3  2s2p(3PO)4d    2s2p(3PO)4f    -1.01E-01 -1.67E+05 6.351E+04
1977   2   4  2s2p(3PO)4d    2s2p(3PO)5p   -9.51E-01 -4.08E+07 1.247E+04
1978   2   5  2s2p(3PO)4d    2s2p(3PO)5f    -1.37E+00 -1.18E+08 8.811E+03
1979   2   6  2s2p(3PO)4d    2s2p(3PO)6p   -1.25E-01 -1.83E+07 6.745E+03
1980   2   7  2s2p(3PO)4d    2s2p(3PO)6f    -3.77E-01 -7.00E+07 5.994E+03
1981   2   8  2s2p(3PO)4d    2s2p(3PO)7p   -4.42E-02 -1.04E+07 5.329E+03
1982   2   9  2s2p(3PO)4d    2s2p(3PO)7f    -1.63E-01 -4.31E+07 5.023E+03
1983   2  10  2s2p(3PO)4d    2s2p(3PO)8p   -2.18E-02 -6.57E+06 4.706E+03
1984   2  11  2s2p(3PO)4d    2s2p(3PO)8f    -8.77E-02 -2.83E+07 4.545E+03
1985   2  12  2s2p(3PO)4d    2s2p(3PO)9p   -1.26E-02 -4.41E+06 4.364E+03
1986   2  13  2s2p(3PO)4d    2s2p(3PO)9f    -5.34E-02 -1.96E+07 4.266E+03
1987   2  14  2s2p(3PO)4d    2s2p(3PO)10p   -8.11E-03 -3.14E+06 4.151E+03
1988   3   1  2s2p(3PO)5d    2s2p(3PO)3p    1.41E-01  2.25E+08 2.044E+03
1989   3   2  2s2p(3PO)5d    2s2p(3PO)4p    1.24E-01  2.10E+07 6.277E+03
1990   3   3  2s2p(3PO)5d    2s2p(3PO)4f     1.10E-01  5.93E+06 1.112E+04
1991   3   4  2s2p(3PO)5d    2s2p(3PO)5p    3.68E+00  1.59E+07 3.930E+04
1992   3   5  2s2p(3PO)5d    2s2p(3PO)5f    -7.93E-01 -3.26E+05 1.274E+05
1993   3   6  2s2p(3PO)5d    2s2p(3PO)6p   -1.42E+00 -1.72E+07 2.346E+04
1994   3   7  2s2p(3PO)5d    2s2p(3PO)6f    -1.17E+00 -2.92E+07 1.634E+04
1995   3   8  2s2p(3PO)5d    2s2p(3PO)7p   -1.88E-01 -8.43E+06 1.219E+04
1996   3   9  2s2p(3PO)5d    2s2p(3PO)7f    -3.57E-01 -2.08E+07 1.070E+04
1997   3  10  2s2p(3PO)5d    2s2p(3PO)8p   -6.63E-02 -5.05E+06 9.359E+03
1998   3  11  2s2p(3PO)5d    2s2p(3PO)8f    -1.63E-01 -1.42E+07 8.743E+03
1999   3  12  2s2p(3PO)5d    2s2p(3PO)9p   -3.27E-02 -3.33E+06 8.095E+03
2000   3  13  2s2p(3PO)5d    2s2p(3PO)9f    -9.08E-02 -1.00E+07 7.767E+03
2001   3  14  2s2p(3PO)5d    2s2p(3PO)10p   -1.90E-02 -2.32E+06 7.393E+03
2002   4   1  2s2p(3PO)6d    2s2p(3PO)3p    7.83E-02  1.56E+08 1.832E+03
2003   4   2  2s2p(3PO)6d    2s2p(3PO)4p    7.82E-02  2.44E+07 4.628E+03
2004   4   3  2s2p(3PO)6d    2s2p(3PO)4f     1.72E-02  2.47E+06 6.818E+03
2005   4   4  2s2p(3PO)6d    2s2p(3PO)5p    7.56E-02  3.41E+06 1.216E+04
2006   4   5  2s2p(3PO)6d    2s2p(3PO)5f     2.51E-01  4.01E+06 2.044E+04
2007   4   6  2s2p(3PO)6d    2s2p(3PO)6p    4.42E+00  5.90E+06 7.068E+04
2008   4   7  2s2p(3PO)6d    2s2p(3PO)6f    -1.08E+00 -1.40E+05 2.265E+05
2009   4   8  2s2p(3PO)6d    2s2p(3PO)7p   -1.92E+00 -8.16E+06 3.962E+04
2010   4   9  2s2p(3PO)6d    2s2p(3PO)7f    -1.09E+00 -9.77E+06 2.728E+04
2011   4  10  2s2p(3PO)6d    2s2p(3PO)8p   -2.52E-01 -4.22E+06 1.997E+04
2012   4  11  2s2p(3PO)6d    2s2p(3PO)8f    -3.44E-01 -7.61E+06 1.736E+04
2013   4  12  2s2p(3PO)6d    2s2p(3PO)9p   -8.90E-02 -2.65E+06 1.498E+04
2014   4  13  2s2p(3PO)6d    2s2p(3PO)9f    -1.61E-01 -5.56E+06 1.389E+04
2015   4  14  2s2p(3PO)6d    2s2p(3PO)10p   -4.38E-02 -1.80E+06 1.274E+04
2016   5   1  2s2p(3PO)7d    2s2p(3PO)3p    4.79E-02  1.07E+08 1.724E+03
2017   5   2  2s2p(3PO)7d    2s2p(3PO)4p    4.65E-02  1.94E+07 4.000E+03
2018   5   3  2s2p(3PO)7d    2s2p(3PO)4f     5.96E-03  1.30E+06 5.537E+03
2019   5   4  2s2p(3PO)7d    2s2p(3PO)5p    5.53E-02  4.97E+06 8.611E+03
2020   5   5  2s2p(3PO)7d    2s2p(3PO)5f     4.22E-02  1.93E+06 1.207E+04
2021   5   6  2s2p(3PO)7d    2s2p(3PO)6p    4.93E-02  7.60E+05 2.080E+04
2022   5   7  2s2p(3PO)7d    2s2p(3PO)6f     4.16E-01  2.42E+06 3.389E+04
2023   5   8  2s2p(3PO)7d    2s2p(3PO)7p    5.05E+00  2.54E+06 1.152E+05
2024   5   9  2s2p(3PO)7d    2s2p(3PO)7f    -1.35E+00 -6.72E+04 3.661E+05
2025   5  10  2s2p(3PO)7d    2s2p(3PO)8p   -2.44E+00 -4.25E+06 6.188E+04
2026   5  11  2s2p(3PO)7d    2s2p(3PO)8f    -1.05E+00 -3.93E+06 4.223E+04
2027   5  12  2s2p(3PO)7d    2s2p(3PO)9p   -3.18E-01 -2.29E+06 3.046E+04
2028   5  13  2s2p(3PO)7d    2s2p(3PO)9f    -3.37E-01 -3.25E+06 2.628E+04
2029   5  14  2s2p(3PO)7d    2s2p(3PO)10p   -1.12E-01 -1.48E+06 2.244E+04
2030   6   1  2s2p(3PO)8d    2s2p(3PO)3p    3.14E-02  7.58E+07 1.662E+03
2031   6   2  2s2p(3PO)8d    2s2p(3PO)4p    2.96E-02  1.46E+07 3.678E+03
2032   6   3  2s2p(3PO)8d    2s2p(3PO)4f     2.85E-03  7.79E+05 4.939E+03
2033   6   4  2s2p(3PO)8d    2s2p(3PO)5p    3.49E-02  4.43E+06 7.246E+03
2034   6   5  2s2p(3PO)8d    2s2p(3PO)5f     1.52E-02  1.11E+06 9.550E+03
2035   6   6  2s2p(3PO)8d    2s2p(3PO)6p    4.18E-02  1.36E+06 1.430E+04
2036   6   7  2s2p(3PO)8d    2s2p(3PO)6f     7.27E-02  1.28E+06 1.946E+04
2037   6   8  2s2p(3PO)8d    2s2p(3PO)7p    3.37E-02  2.10E+05 3.273E+04
2038   6   9  2s2p(3PO)8d    2s2p(3PO)7f     5.93E-01  1.45E+06 5.224E+04
2039   6  10  2s2p(3PO)8d    2s2p(3PO)8p    5.75E+00  1.25E+06 1.750E+05
2040   6  11  2s2p(3PO)8d    2s2p(3PO)8f    -1.61E+00 -3.51E+04 5.530E+05
2041   6  12  2s2p(3PO)8d    2s2p(3PO)9p   -2.95E+00 -2.36E+06 9.122E+04
2042   6  13  2s2p(3PO)8d    2s2p(3PO)9f    -1.04E+00 -1.82E+06 6.180E+04
2043   6  14  2s2p(3PO)8d    2s2p(3PO)10p   -3.84E-01 -1.32E+06 4.406E+04
2044   7   1  2s2p(3PO)9d    2s2p(3PO)3p    2.18E-02  5.53E+07 1.622E+03
2045   7   2  2s2p(3PO)9d    2s2p(3PO)4p    1.99E-02  1.09E+07 3.487E+03
2046   7   3  2s2p(3PO)9d    2s2p(3PO)4f     1.62E-03  5.11E+05 4.600E+03
2047   7   4  2s2p(3PO)9d    2s2p(3PO)5p    2.30E-02  3.59E+06 6.539E+03
2048   7   5  2s2p(3PO)9d    2s2p(3PO)5f     7.42E-03  7.08E+05 8.359E+03
2049   7   6  2s2p(3PO)9d    2s2p(3PO)6p    2.76E-02  1.33E+06 1.178E+04
2050   7   7  2s2p(3PO)9d    2s2p(3PO)6f     2.67E-02  7.83E+05 1.508E+04
2051   7   8  2s2p(3PO)9d    2s2p(3PO)7p    3.33E-02  4.59E+05 2.199E+04
2052   7   9  2s2p(3PO)9d    2s2p(3PO)7f     1.06E-01  8.20E+05 2.936E+04
2053   7  10  2s2p(3PO)9d    2s2p(3PO)8p    2.37E-02  6.73E+04 4.846E+04
2054   7  11  2s2p(3PO)9d    2s2p(3PO)8f     7.77E-01  8.91E+05 7.627E+04
2055   7  12  2s2p(3PO)9d    2s2p(3PO)9p    6.45E+00  6.74E+05 2.526E+05
2056   7  13  2s2p(3PO)9d    2s2p(3PO)9f    -1.86E+00 -1.97E+04 7.938E+05
2057   7  14  2s2p(3PO)9d    2s2p(3PO)10p   -3.51E+00 -1.42E+06 1.286E+05
2058   8   1  2s2p(3PO)10d    2s2p(3PO)3p    1.57E-02  4.12E+07 1.594E+03
2059   8   2  2s2p(3PO)10d    2s2p(3PO)4p    1.41E-02  8.32E+06 3.362E+03
2060   8   3  2s2p(3PO)10d    2s2p(3PO)4f     1.02E-03  3.54E+05 4.386E+03
2061   8   4  2s2p(3PO)10d    2s2p(3PO)5p    1.59E-02  2.84E+06 6.114E+03
2062   8   5  2s2p(3PO)10d    2s2p(3PO)5f     4.27E-03  4.83E+05 7.677E+03
2063   8   6  2s2p(3PO)10d    2s2p(3PO)6p    1.88E-02  1.14E+06 1.047E+04
2064   8   7  2s2p(3PO)10d    2s2p(3PO)6f     1.32E-02  5.21E+05 1.300E+04
2065   8   8  2s2p(3PO)10d    2s2p(3PO)7p    2.29E-02  4.81E+05 1.782E+04
2066   8   9  2s2p(3PO)10d    2s2p(3PO)7f     3.94E-02  5.25E+05 2.237E+04
2067   8  10  2s2p(3PO)10d    2s2p(3PO)8p    2.74E-02  1.79E+05 3.198E+04
2068   8  11  2s2p(3PO)10d    2s2p(3PO)8f     1.41E-01  5.30E+05 4.212E+04
2069   8  12  2s2p(3PO)10d    2s2p(3PO)9p    1.68E-02  2.39E+04 6.854E+04
2070   8  13  2s2p(3PO)10d    2s2p(3PO)9f     9.67E-01  5.67E+05 1.067E+05
2071   8  14  2s2p(3PO)10d    2s2p(3PO)10p    7.11E+00  3.87E+05 3.501E+05
2072   1   1  2s2p(3PO)3d    2s2p(3PO)3p    8.81E+00  1.13E+09 7.202E+03
2073   1   2  2s2p(3PO)3d    2s2p(3PO)4p   -2.24E+00 -5.45E+08 5.235E+03
2074   1   3  2s2p(3PO)3d    2s2p(3PO)4f    -7.08E-02 -3.20E+07 3.840E+03
2075   1   4  2s2p(3PO)3d    2s2p(3PO)5p   -3.02E-01 -2.13E+08 3.078E+03
2076   1   5  2s2p(3PO)3d    2s2p(3PO)5f    -2.36E-02 -2.02E+07 2.792E+03
2077   1   6  2s2p(3PO)3d    2s2p(3PO)6p   -1.07E-01 -1.10E+08 2.545E+03
2078   1   7  2s2p(3PO)3d    2s2p(3PO)6f    -1.17E-02 -1.32E+07 2.430E+03
2079   1   8  2s2p(3PO)3d    2s2p(3PO)7p   -5.25E-02 -6.55E+07 2.313E+03
2080   1   9  2s2p(3PO)3d    2s2p(3PO)7f    -6.84E-03 -8.98E+06 2.253E+03
2081   1  10  2s2p(3PO)3d    2s2p(3PO)8p   -3.03E-02 -4.22E+07 2.187E+03
2082   1  11  2s2p(3PO)3d    2s2p(3PO)8f    -4.42E-03 -6.37E+06 2.152E+03
2083   1  12  2s2p(3PO)3d    2s2p(3PO)9p   -1.93E-02 -2.89E+07 2.110E+03
2084   1  13  2s2p(3PO)3d    2s2p(3PO)9f    -3.05E-03 -4.67E+06 2.087E+03
2085   1  14  2s2p(3PO)3d    2s2p(3PO)10p   -1.32E-02 -2.08E+07 2.059E+03
2086   2   1  2s2p(3PO)4d    2s2p(3PO)3p    2.04E+00  1.93E+09 2.653E+03
2087   2   2  2s2p(3PO)4d    2s2p(3PO)4p    1.39E+01  2.05E+08 2.124E+04
2088   2   3  2s2p(3PO)4d    2s2p(3PO)4f    -2.09E-01 -6.95E+05 4.478E+04
2089   2   4  2s2p(3PO)4d    2s2p(3PO)5p   -4.66E+00 -2.34E+08 1.152E+04
2090   2   5  2s2p(3PO)4d    2s2p(3PO)5f    -4.00E-02 -3.85E+06 8.328E+03
2091   2   6  2s2p(3PO)4d    2s2p(3PO)6p   -6.44E-01 -1.03E+08 6.458E+03
2092   2   7  2s2p(3PO)4d    2s2p(3PO)6f    -1.18E-02 -2.37E+06 5.767E+03
2093   2   8  2s2p(3PO)4d    2s2p(3PO)7p   -2.27E-01 -5.71E+07 5.148E+03
2094   2   9  2s2p(3PO)4d    2s2p(3PO)7f    -5.36E-03 -1.51E+06 4.863E+03
2095   2  10  2s2p(3PO)4d    2s2p(3PO)8p   -1.11E-01 -3.55E+07 4.565E+03
2096   2  11  2s2p(3PO)4d    2s2p(3PO)8f    -2.98E-03 -1.02E+06 4.413E+03
2097   2  12  2s2p(3PO)4d    2s2p(3PO)9p   -6.38E-02 -2.37E+07 4.242E+03
2098   2  13  2s2p(3PO)4d    2s2p(3PO)9f    -1.86E-03 -7.20E+05 4.150E+03
2099   2  14  2s2p(3PO)4d    2s2p(3PO)10p   -4.07E-02 -1.66E+07 4.041E+03
2100   3   1  2s2p(3PO)5d    2s2p(3PO)3p    9.09E-01  1.43E+09 2.059E+03
2101   3   2  2s2p(3PO)5d    2s2p(3PO)4p    1.35E+00  2.19E+08 6.416E+03
2102   3   3  2s2p(3PO)5d    2s2p(3PO)4f     2.44E-02  1.22E+06 1.157E+04
2103   3   4  2s2p(3PO)5d    2s2p(3PO)5p    1.83E+01  5.91E+07 4.545E+04
2104   3   5  2s2p(3PO)5d    2s2p(3PO)5f    -7.69E-03 -6.54E+03 8.857E+04
2105   3   6  2s2p(3PO)5d    2s2p(3PO)6p   -7.28E+00 -1.03E+08 2.171E+04
2106   3   7  2s2p(3PO)5d    2s2p(3PO)6f    -2.48E-02 -6.91E+05 1.547E+04
2107   3   8  2s2p(3PO)5d    2s2p(3PO)7p   -1.02E+00 -4.97E+07 1.170E+04
2108   3   9  2s2p(3PO)5d    2s2p(3PO)7f    -7.83E-03 -4.90E+05 1.032E+04
2109   3  10  2s2p(3PO)5d    2s2p(3PO)8p   -3.64E-01 -2.95E+07 9.067E+03
2110   3  11  2s2p(3PO)5d    2s2p(3PO)8f    -3.63E-03 -3.36E+05 8.488E+03
2111   3  12  2s2p(3PO)5d    2s2p(3PO)9p   -1.78E-01 -1.91E+07 7.876E+03
2112   3  13  2s2p(3PO)5d    2s2p(3PO)9f    -2.04E-03 -2.38E+05 7.565E+03
2113   3  14  2s2p(3PO)5d    2s2p(3PO)10p   -1.03E-01 -1.32E+07 7.210E+03
2114   4   1  2s2p(3PO)5g    2s2p(3PO)3p    4.12E-04  6.78E+05 2.013E+03
2115   4   2  2s2p(3PO)5g    2s2p(3PO)4p    1.04E-03  1.93E+05 5.989E+03
2116   4   3  2s2p(3PO)5g    2s2p(3PO)4f     2.70E+01  1.71E+09 1.025E+04
2117   4   4  2s2p(3PO)5g    2s2p(3PO)5p    1.61E-03  1.18E+04 3.021E+04
2118   4   5  2s2p(3PO)5g    2s2p(3PO)5f    -8.58E-02 -2.18E+01 5.119E+06
2119   4   6  2s2p(3PO)5g    2s2p(3PO)6p   -2.34E-04 -1.91E+03 2.860E+04
2120   4   7  2s2p(3PO)5g    2s2p(3PO)6f    -1.88E-01 -3.59E+06 1.868E+04
2121   4   8  2s2p(3PO)5g    2s2p(3PO)7p   -4.34E-05 -1.60E+03 1.345E+04
2122   4   9  2s2p(3PO)5g    2s2p(3PO)7f    -2.97E-02 -1.46E+06 1.166E+04
2123   4  10  2s2p(3PO)5g    2s2p(3PO)8p   -1.99E-05 -1.31E+03 1.008E+04
2124   4  11  2s2p(3PO)5g    2s2p(3PO)8f    -9.80E-03 -7.44E+05 9.371E+03
2125   4  12  2s2p(3PO)5g    2s2p(3PO)9p   -1.16E-05 -1.04E+03 8.630E+03
2126   4  13  2s2p(3PO)5g    2s2p(3PO)9f    -4.48E-03 -4.38E+05 8.258E+03
2127   4  14  2s2p(3PO)5g    2s2p(3PO)10p   -7.52E-06 -8.17E+02 7.837E+03
2128   5   1  2s2p(3PO)6d    2s2p(3PO)3p    4.67E-01  9.22E+08 1.839E+03
2129   5   2  2s2p(3PO)6d    2s2p(3PO)4p    6.73E-01  2.06E+08 4.672E+03
2130   5   3  2s2p(3PO)6d    2s2p(3PO)4f     1.44E-03  2.01E+05 6.914E+03
2131   5   4  2s2p(3PO)6d    2s2p(3PO)5p    1.04E+00  4.46E+07 1.247E+04
2132   5   5  2s2p(3PO)6d    2s2p(3PO)5f     2.53E-02  3.71E+05 2.133E+04
2133   5   6  2s2p(3PO)6d    2s2p(3PO)6p    2.24E+01  2.19E+07 8.262E+04
2134   5   7  2s2p(3PO)6d    2s2p(3PO)6f    -3.00E-02 -8.35E+03 1.548E+05
2135   5   8  2s2p(3PO)6d    2s2p(3PO)7p   -9.98E+00 -4.96E+07 3.665E+04
2136   5   9  2s2p(3PO)6d    2s2p(3PO)7f    -2.01E-02 -2.01E+05 2.584E+04
2137   5  10  2s2p(3PO)6d    2s2p(3PO)8p   -1.42E+00 -2.57E+07 1.918E+04
2138   5  11  2s2p(3PO)6d    2s2p(3PO)8f    -6.72E-03 -1.59E+05 1.676E+04
2139   5  12  2s2p(3PO)6d    2s2p(3PO)9p   -5.07E-01 -1.60E+07 1.453E+04
2140   5  13  2s2p(3PO)6d    2s2p(3PO)9f    -3.23E-03 -1.18E+05 1.351E+04
2141   5  14  2s2p(3PO)6d    2s2p(3PO)10p   -2.50E-01 -1.08E+07 1.242E+04
2142   6   1  2s2p(3PO)6g    2s2p(3PO)3p    1.20E-04  2.42E+05 1.817E+03
2143   6   2  2s2p(3PO)6g    2s2p(3PO)4p    1.52E-04  4.93E+04 4.535E+03
2144   6   3  2s2p(3PO)6g    2s2p(3PO)4f     3.59E+00  5.47E+08 6.618E+03
2145   6   4  2s2p(3PO)6g    2s2p(3PO)5p    3.07E-03  1.54E+05 1.154E+04
2146   6   5  2s2p(3PO)6g    2s2p(3PO)5f     2.39E+01  4.54E+08 1.874E+04
2147   6   6  2s2p(3PO)6g    2s2p(3PO)6p    1.16E-03  2.67E+03 5.382E+04
2148   6   7  2s2p(3PO)6g    2s2p(3PO)6f     2.32E-02  4.20E-02 6.067E+07
2149   6   8  2s2p(3PO)6g    2s2p(3PO)7p   -1.45E-03 -4.19E+03 4.806E+04
2150   6   9  2s2p(3PO)6g    2s2p(3PO)7f    -5.14E-01 -3.56E+06 3.103E+04
2151   6  10  2s2p(3PO)6g    2s2p(3PO)8p   -1.70E-04 -2.36E+03 2.191E+04
2152   6  11  2s2p(3PO)6g    2s2p(3PO)8f    -8.88E-02 -1.67E+06 1.881E+04
2153   6  12  2s2p(3PO)6g    2s2p(3PO)9p   -6.42E-05 -1.66E+03 1.604E+04
2154   6  13  2s2p(3PO)6g    2s2p(3PO)9f    -3.07E-02 -9.34E+05 1.481E+04
2155   6  14  2s2p(3PO)6g    2s2p(3PO)10p   -3.36E-05 -1.23E+03 1.350E+04
2156   7   1  2s2p(3PO)7d    2s2p(3PO)3p    2.72E-01  6.07E+08 1.728E+03
2157   7   2  2s2p(3PO)7d    2s2p(3PO)4p    3.69E-01  1.52E+08 4.021E+03
2158   7   3  2s2p(3PO)7d    2s2p(3PO)4f     2.38E-04  5.10E+04 5.578E+03
2159   7   4  2s2p(3PO)7d    2s2p(3PO)5p    5.54E-01  4.87E+07 8.709E+03
2160   7   5  2s2p(3PO)7d    2s2p(3PO)5f     2.17E-03  9.62E+04 1.226E+04
2161   7   6  2s2p(3PO)7d    2s2p(3PO)6p    8.62E-01  1.26E+07 2.138E+04
2162   7   7  2s2p(3PO)7d    2s2p(3PO)6f     2.03E-02  1.08E+05 3.546E+04
2163   7   8  2s2p(3PO)7d    2s2p(3PO)7p    2.59E+01  9.40E+06 1.356E+05
2164   7   9  2s2p(3PO)7d    2s2p(3PO)7f    -3.24E-02 -3.52E+03 2.477E+05
2165   7  10  2s2p(3PO)7d    2s2p(3PO)8p   -1.27E+01 -2.58E+07 5.726E+04
2166   7  11  2s2p(3PO)7d    2s2p(3PO)8f    -1.72E-02 -7.16E+04 4.002E+04
2167   7  12  2s2p(3PO)7d    2s2p(3PO)9p   -1.82E+00 -1.41E+07 2.929E+04
2168   7  13  2s2p(3PO)7d    2s2p(3PO)9f    -6.00E-03 -6.20E+04 2.541E+04
2169   7  14  2s2p(3PO)7d    2s2p(3PO)10p   -6.52E-01 -9.15E+06 2.180E+04
2170   8   1  2s2p(3PO)7g    2s2p(3PO)3p    4.94E-05  1.12E+05 1.716E+03
2171   8   2  2s2p(3PO)7g    2s2p(3PO)4p    3.30E-05  1.41E+04 3.956E+03
2172   8   3  2s2p(3PO)7g    2s2p(3PO)4f     1.14E+00  2.56E+08 5.453E+03
2173   8   4  2s2p(3PO)7g    2s2p(3PO)5p    1.15E-03  1.08E+05 8.409E+03
2174   8   5  2s2p(3PO)7g    2s2p(3PO)5f     4.58E+00  2.24E+08 1.168E+04
2175   8   6  2s2p(3PO)7g    2s2p(3PO)6p    2.69E-03  4.64E+04 1.967E+04
2176   8   7  2s2p(3PO)7g    2s2p(3PO)6f     2.22E+01  1.54E+08 3.097E+04
2177   8   8  2s2p(3PO)7g    2s2p(3PO)7p    4.62E-04  4.05E+02 8.723E+04
2178   8   9  2s2p(3PO)7g    2s2p(3PO)7f     1.56E-01  2.54E+00 2.025E+07
2179   8  10  2s2p(3PO)7g    2s2p(3PO)8p   -1.96E-03 -2.34E+03 7.475E+04
2180   8  11  2s2p(3PO)7g    2s2p(3PO)8f    -9.36E-01 -2.73E+06 4.785E+04
2181   8  12  2s2p(3PO)7g    2s2p(3PO)9p   -2.09E-04 -1.26E+03 3.327E+04
2182   8  13  2s2p(3PO)7g    2s2p(3PO)9f    -1.71E-01 -1.42E+06 2.835E+04
2183   8  14  2s2p(3PO)7g    2s2p(3PO)10p   -7.67E-05 -8.93E+02 2.393E+04
2184   9   1  2s2p(3PO)8d    2s2p(3PO)3p    1.73E-01  4.17E+08 1.664E+03
2185   9   2  2s2p(3PO)8d    2s2p(3PO)4p    2.25E-01  1.10E+08 3.690E+03
2186   9   3  2s2p(3PO)8d    2s2p(3PO)4f     6.20E-05  1.68E+04 4.961E+03
2187   9   4  2s2p(3PO)8d    2s2p(3PO)5p    3.16E-01  3.96E+07 7.293E+03
2188   9   5  2s2p(3PO)8d    2s2p(3PO)5f     4.84E-04  3.48E+04 9.631E+03
2189   9   6  2s2p(3PO)8d    2s2p(3PO)6p    4.82E-01  1.53E+07 1.448E+04
2190   9   7  2s2p(3PO)8d    2s2p(3PO)6f     2.12E-03  3.61E+04 1.980E+04
2191   9   8  2s2p(3PO)8d    2s2p(3PO)7p    7.50E-01  4.41E+06 3.370E+04
2192   9   9  2s2p(3PO)8d    2s2p(3PO)7f     1.74E-02  3.87E+04 5.476E+04
2193   9  10  2s2p(3PO)8d    2s2p(3PO)8p    2.97E+01  4.63E+06 2.069E+05
2194   9  11  2s2p(3PO)8d    2s2p(3PO)8f    -3.42E-02 -1.65E+03 3.718E+05
2195   9  12  2s2p(3PO)8d    2s2p(3PO)9p   -1.55E+01 -1.45E+07 8.444E+04
2196   9  13  2s2p(3PO)8d    2s2p(3PO)9f    -1.53E-02 -2.97E+04 5.861E+04
2197   9  14  2s2p(3PO)8d    2s2p(3PO)10p   -2.23E+00 -8.27E+06 4.241E+04
2198  10   1  2s2p(3PO)8g    2s2p(3PO)3p    2.69E-05  6.54E+04 1.657E+03
2199  10   2  2s2p(3PO)8g    2s2p(3PO)4p    1.04E-05  5.20E+03 3.653E+03
2200  10   3  2s2p(3PO)8g    2s2p(3PO)4f     5.15E-01  1.43E+08 4.894E+03
2201  10   4  2s2p(3PO)8g    2s2p(3PO)5p    5.66E-04  7.38E+04 7.150E+03
2202  10   5  2s2p(3PO)8g    2s2p(3PO)5f     1.69E+00  1.28E+08 9.384E+03
2203  10   6  2s2p(3PO)8g    2s2p(3PO)6p    1.23E-03  4.23E+04 1.393E+04
2204  10   7  2s2p(3PO)8g    2s2p(3PO)6f     4.91E+00  9.28E+07 1.878E+04
2205  10   8  2s2p(3PO)8g    2s2p(3PO)7p    1.96E-03  1.37E+04 3.085E+04
2206  10   9  2s2p(3PO)8g    2s2p(3PO)7f     2.13E+01  6.26E+07 4.763E+04
2207  10  10  2s2p(3PO)8g    2s2p(3PO)8p    3.12E-06  1.19E+00 1.321E+05
2208  10  11  2s2p(3PO)8g    2s2p(3PO)8f     2.82E-01  3.99E+00 2.170E+07
2209  10  12  2s2p(3PO)8g    2s2p(3PO)9p   -1.88E-03 -1.04E+03 1.098E+05
2210  10  13  2s2p(3PO)8g    2s2p(3PO)9f    -1.43E+00 -1.96E+06 6.981E+04
2211  10  14  2s2p(3PO)8g    2s2p(3PO)10p   -1.89E-04 -5.48E+02 4.798E+04
2212  11   1  2s2p(3PO)9d    2s2p(3PO)3p    1.17E-01  2.96E+08 1.623E+03
2213  11   2  2s2p(3PO)9d    2s2p(3PO)4p    1.48E-01  8.08E+07 3.494E+03
2214  11   3  2s2p(3PO)9d    2s2p(3PO)4f     2.12E-05  6.64E+03 4.613E+03
2215  11   4  2s2p(3PO)9d    2s2p(3PO)5p    1.98E-01  3.06E+07 6.566E+03
2216  11   5  2s2p(3PO)9d    2s2p(3PO)5f     1.64E-04  1.55E+04 8.402E+03
2217  11   6  2s2p(3PO)9d    2s2p(3PO)6p    2.81E-01  1.33E+07 1.187E+04
2218  11   7  2s2p(3PO)9d    2s2p(3PO)6f     5.47E-04  1.57E+04 1.523E+04
2219  11   8  2s2p(3PO)9d    2s2p(3PO)7p    4.35E-01  5.84E+06 2.229E+04
2220  11   9  2s2p(3PO)9d    2s2p(3PO)7f     2.06E-03  1.54E+04 2.990E+04
2221  11  10  2s2p(3PO)9d    2s2p(3PO)8p    6.74E-01  1.80E+06 4.997E+04
2222  11  11  2s2p(3PO)9d    2s2p(3PO)8f     1.62E-02  1.69E+04 8.006E+04
2223  11  12  2s2p(3PO)9d    2s2p(3PO)9p    3.35E+01  2.49E+06 2.997E+05
2224  11  13  2s2p(3PO)9d    2s2p(3PO)9f    -3.60E-02 -8.49E+02 5.317E+05
2225  11  14  2s2p(3PO)9d    2s2p(3PO)10p   -1.83E+01 -8.61E+06 1.191E+05
2226  12   1  2s2p(3PO)9g    2s2p(3PO)3p    1.73E-05  4.41E+04 1.618E+03
2227  12   2  2s2p(3PO)9g    2s2p(3PO)4p    4.37E-06  2.42E+03 3.471E+03
2228  12   3  2s2p(3PO)9g    2s2p(3PO)4f     2.81E-01  8.96E+07 4.573E+03
2229  12   4  2s2p(3PO)9g    2s2p(3PO)5p    3.31E-04  5.25E+04 6.484E+03
2230  12   5  2s2p(3PO)9g    2s2p(3PO)5f     8.29E-01  8.09E+07 8.269E+03
2231  12   6  2s2p(3PO)9g    2s2p(3PO)6p    6.71E-04  3.32E+04 1.161E+04
2232  12   7  2s2p(3PO)9g    2s2p(3PO)6f     1.95E+00  5.94E+07 1.479E+04
2233  12   8  2s2p(3PO)9g    2s2p(3PO)7p    1.00E-03  1.46E+04 2.138E+04
2234  12   9  2s2p(3PO)9g    2s2p(3PO)7f     5.06E+00  4.22E+07 2.828E+04
2235  12  10  2s2p(3PO)9g    2s2p(3PO)8p    1.39E-03  4.46E+03 4.559E+04
2236  12  11  2s2p(3PO)9g    2s2p(3PO)8f     2.10E+01  2.91E+07 6.939E+04
2237  12  12  2s2p(3PO)9g    2s2p(3PO)9p    4.22E-05  7.78E+00 1.902E+05
2238  12  13  2s2p(3PO)9g    2s2p(3PO)9f     4.01E-01  4.17E+00 2.531E+07
2239  12  14  2s2p(3PO)9g    2s2p(3PO)10p   -1.19E-03 -3.33E+02 1.544E+05
2240  13   1  2s2p(3PO)10d    2s2p(3PO)3p    8.32E-02  2.18E+08 1.595E+03
2241  13   2  2s2p(3PO)10d    2s2p(3PO)4p    1.03E-01  6.06E+07 3.367E+03
2242  13   3  2s2p(3PO)10d    2s2p(3PO)4f     8.70E-06  3.01E+03 4.394E+03
2243  13   4  2s2p(3PO)10d    2s2p(3PO)5p    1.33E-01  2.36E+07 6.131E+03
2244  13   5  2s2p(3PO)10d    2s2p(3PO)5f     7.03E-05  7.90E+03 7.704E+03
2245  13   6  2s2p(3PO)10d    2s2p(3PO)6p    1.79E-01  1.08E+07 1.052E+04
2246  13   7  2s2p(3PO)10d    2s2p(3PO)6f     2.06E-04  8.04E+03 1.308E+04
2247  13   8  2s2p(3PO)10d    2s2p(3PO)7p    2.58E-01  5.33E+06 1.797E+04
2248  13   9  2s2p(3PO)10d    2s2p(3PO)7f     5.84E-04  7.62E+03 2.260E+04
2249  13  10  2s2p(3PO)10d    2s2p(3PO)8p    4.02E-01  2.55E+06 3.246E+04
2250  13  11  2s2p(3PO)10d    2s2p(3PO)8f     2.10E-03  7.60E+03 4.294E+04
2251  13  12  2s2p(3PO)10d    2s2p(3PO)9p    6.19E-01  8.25E+05 7.074E+04
2252  13  13  2s2p(3PO)10d    2s2p(3PO)9f     1.60E-02  8.49E+03 1.121E+05
2253  13  14  2s2p(3PO)10d    2s2p(3PO)10p    3.71E+01  1.43E+06 4.163E+05
2254   1   1  2s2p(3PO)3d    2s2p(3PO)3p    1.72E+00  2.54E+08 6.716E+03
2255   1   2  2s2p(3PO)3d    2s2p(3PO)4p   -5.06E-01 -1.11E+08 5.526E+03
2256   1   3  2s2p(3PO)3d    2s2p(3PO)4f    -1.92E+00 -8.03E+08 3.994E+03
2257   1   4  2s2p(3PO)3d    2s2p(3PO)5p   -6.51E-02 -4.30E+07 3.176E+03
2258   1   5  2s2p(3PO)3d    2s2p(3PO)5f    -3.98E-01 -3.22E+08 2.872E+03
2259   1   6  2s2p(3PO)3d    2s2p(3PO)6p   -2.38E-02 -2.33E+07 2.612E+03
2260   1   7  2s2p(3PO)3d    2s2p(3PO)6f    -1.52E-01 -1.63E+08 2.491E+03
2261   1   8  2s2p(3PO)3d    2s2p(3PO)7p   -1.19E-02 -1.42E+07 2.368E+03
2262   1   9  2s2p(3PO)3d    2s2p(3PO)7f    -7.60E-02 -9.54E+07 2.306E+03
2263   1  10  2s2p(3PO)3d    2s2p(3PO)8p   -6.98E-03 -9.31E+06 2.236E+03
2264   1  11  2s2p(3PO)3d    2s2p(3PO)8f    -4.41E-02 -6.08E+07 2.199E+03
2265   1  12  2s2p(3PO)3d    2s2p(3PO)9p   -4.49E-03 -6.44E+06 2.156E+03
2266   1  13  2s2p(3PO)3d    2s2p(3PO)9f    -2.81E-02 -4.12E+07 2.132E+03
2267   1  14  2s2p(3PO)3d    2s2p(3PO)10p   -3.08E-03 -4.65E+06 2.103E+03
2268   2   1  2s2p(3PO)4d    2s2p(3PO)3p    2.69E-01  2.64E+08 2.607E+03
2269   2   2  2s2p(3PO)4d    2s2p(3PO)4p    2.97E+00  5.71E+07 1.863E+04
2270   2   3  2s2p(3PO)4d    2s2p(3PO)4f    -1.01E-01 -1.67E+05 6.351E+04
2271   2   4  2s2p(3PO)4d    2s2p(3PO)5p   -9.51E-01 -4.08E+07 1.247E+04
2272   2   5  2s2p(3PO)4d    2s2p(3PO)5f    -1.37E+00 -1.18E+08 8.811E+03
2273   2   6  2s2p(3PO)4d    2s2p(3PO)6p   -1.25E-01 -1.83E+07 6.745E+03
2274   2   7  2s2p(3PO)4d    2s2p(3PO)6f    -3.77E-01 -7.00E+07 5.994E+03
2275   2   8  2s2p(3PO)4d    2s2p(3PO)7p   -4.42E-02 -1.04E+07 5.329E+03
2276   2   9  2s2p(3PO)4d    2s2p(3PO)7f    -1.63E-01 -4.31E+07 5.023E+03
2277   2  10  2s2p(3PO)4d    2s2p(3PO)8p   -2.18E-02 -6.57E+06 4.706E+03
2278   2  11  2s2p(3PO)4d    2s2p(3PO)8f    -8.77E-02 -2.83E+07 4.545E+03
2279   2  12  2s2p(3PO)4d    2s2p(3PO)9p   -1.26E-02 -4.41E+06 4.364E+03
2280   2  13  2s2p(3PO)4d    2s2p(3PO)9f    -5.34E-02 -1.96E+07 4.266E+03
2281   2  14  2s2p(3PO)4d    2s2p(3PO)10p   -8.11E-03 -3.14E+06 4.151E+03
2282   3   1  2s2p(3PO)5d    2s2p(3PO)3p    1.41E-01  2.25E+08 2.044E+03
2283   3   2  2s2p(3PO)5d    2s2p(3PO)4p    1.24E-01  2.10E+07 6.277E+03
2284   3   3  2s2p(3PO)5d    2s2p(3PO)4f     1.10E-01  5.93E+06 1.112E+04
2285   3   4  2s2p(3PO)5d    2s2p(3PO)5p    3.68E+00  1.59E+07 3.930E+04
2286   3   5  2s2p(3PO)5d    2s2p(3PO)5f    -7.93E-01 -3.26E+05 1.274E+05
2287   3   6  2s2p(3PO)5d    2s2p(3PO)6p   -1.42E+00 -1.72E+07 2.346E+04
2288   3   7  2s2p(3PO)5d    2s2p(3PO)6f    -1.17E+00 -2.92E+07 1.634E+04
2289   3   8  2s2p(3PO)5d    2s2p(3PO)7p   -1.88E-01 -8.43E+06 1.219E+04
2290   3   9  2s2p(3PO)5d    2s2p(3PO)7f    -3.57E-01 -2.08E+07 1.070E+04
2291   3  10  2s2p(3PO)5d    2s2p(3PO)8p   -6.63E-02 -5.05E+06 9.359E+03
2292   3  11  2s2p(3PO)5d    2s2p(3PO)8f    -1.63E-01 -1.42E+07 8.743E+03
2293   3  12  2s2p(3PO)5d    2s2p(3PO)9p   -3.27E-02 -3.33E+06 8.095E+03
2294   3  13  2s2p(3PO)5d    2s2p(3PO)9f    -9.08E-02 -1.00E+07 7.767E+03
2295   3  14  2s2p(3PO)5d    2s2p(3PO)10p   -1.90E-02 -2.32E+06 7.393E+03
2296   4   1  2s2p(3PO)6d    2s2p(3PO)3p    7.83E-02  1.56E+08 1.832E+03
2297   4   2  2s2p(3PO)6d    2s2p(3PO)4p    7.82E-02  2.44E+07 4.628E+03
2298   4   3  2s2p(3PO)6d    2s2p(3PO)4f     1.72E-02  2.47E+06 6.818E+03
2299   4   4  2s2p(3PO)6d    2s2p(3PO)5p    7.56E-02  3.41E+06 1.216E+04
2300   4   5  2s2p(3PO)6d    2s2p(3PO)5f     2.51E-01  4.01E+06 2.044E+04
2301   4   6  2s2p(3PO)6d    2s2p(3PO)6p    4.42E+00  5.90E+06 7.068E+04
2302   4   7  2s2p(3PO)6d    2s2p(3PO)6f    -1.08E+00 -1.40E+05 2.265E+05
2303   4   8  2s2p(3PO)6d    2s2p(3PO)7p   -1.92E+00 -8.16E+06 3.962E+04
2304   4   9  2s2p(3PO)6d    2s2p(3PO)7f    -1.09E+00 -9.77E+06 2.728E+04
2305   4  10  2s2p(3PO)6d    2s2p(3PO)8p   -2.52E-01 -4.22E+06 1.997E+04
2306   4  11  2s2p(3PO)6d    2s2p(3PO)8f    -3.44E-01 -7.61E+06 1.736E+04
2307   4  12  2s2p(3PO)6d    2s2p(3PO)9p   -8.90E-02 -2.65E+06 1.498E+04
2308   4  13  2s2p(3PO)6d    2s2p(3PO)9f    -1.61E-01 -5.56E+06 1.389E+04
2309   4  14  2s2p(3PO)6d    2s2p(3PO)10p   -4.38E-02 -1.80E+06 1.274E+04
2310   5   1  2s2p(3PO)7d    2s2p(3PO)3p    4.79E-02  1.07E+08 1.724E+03
2311   5   2  2s2p(3PO)7d    2s2p(3PO)4p    4.65E-02  1.94E+07 4.000E+03
2312   5   3  2s2p(3PO)7d    2s2p(3PO)4f     5.96E-03  1.30E+06 5.537E+03
2313   5   4  2s2p(3PO)7d    2s2p(3PO)5p    5.53E-02  4.97E+06 8.611E+03
2314   5   5  2s2p(3PO)7d    2s2p(3PO)5f     4.22E-02  1.93E+06 1.207E+04
2315   5   6  2s2p(3PO)7d    2s2p(3PO)6p    4.93E-02  7.60E+05 2.080E+04
2316   5   7  2s2p(3PO)7d    2s2p(3PO)6f     4.16E-01  2.42E+06 3.389E+04
2317   5   8  2s2p(3PO)7d    2s2p(3PO)7p    5.05E+00  2.54E+06 1.152E+05
2318   5   9  2s2p(3PO)7d    2s2p(3PO)7f    -1.35E+00 -6.72E+04 3.661E+05
2319   5  10  2s2p(3PO)7d    2s2p(3PO)8p   -2.44E+00 -4.25E+06 6.188E+04
2320   5  11  2s2p(3PO)7d    2s2p(3PO)8f    -1.05E+00 -3.93E+06 4.223E+04
2321   5  12  2s2p(3PO)7d    2s2p(3PO)9p   -3.18E-01 -2.29E+06 3.046E+04
2322   5  13  2s2p(3PO)7d    2s2p(3PO)9f    -3.37E-01 -3.25E+06 2.628E+04
2323   5  14  2s2p(3PO)7d    2s2p(3PO)10p   -1.12E-01 -1.48E+06 2.244E+04
2324   6   1  2s2p(3PO)8d    2s2p(3PO)3p    3.14E-02  7.58E+07 1.662E+03
2325   6   2  2s2p(3PO)8d    2s2p(3PO)4p    2.96E-02  1.46E+07 3.678E+03
2326   6   3  2s2p(3PO)8d    2s2p(3PO)4f     2.85E-03  7.79E+05 4.939E+03
2327   6   4  2s2p(3PO)8d    2s2p(3PO)5p    3.49E-02  4.43E+06 7.246E+03
2328   6   5  2s2p(3PO)8d    2s2p(3PO)5f     1.52E-02  1.11E+06 9.550E+03
2329   6   6  2s2p(3PO)8d    2s2p(3PO)6p    4.18E-02  1.36E+06 1.430E+04
2330   6   7  2s2p(3PO)8d    2s2p(3PO)6f     7.27E-02  1.28E+06 1.946E+04
2331   6   8  2s2p(3PO)8d    2s2p(3PO)7p    3.37E-02  2.10E+05 3.273E+04
2332   6   9  2s2p(3PO)8d    2s2p(3PO)7f     5.93E-01  1.45E+06 5.224E+04
2333   6  10  2s2p(3PO)8d    2s2p(3PO)8p    5.75E+00  1.25E+06 1.750E+05
2334   6  11  2s2p(3PO)8d    2s2p(3PO)8f    -1.61E+00 -3.51E+04 5.530E+05
2335   6  12  2s2p(3PO)8d    2s2p(3PO)9p   -2.95E+00 -2.36E+06 9.122E+04
2336   6  13  2s2p(3PO)8d    2s2p(3PO)9f    -1.04E+00 -1.82E+06 6.180E+04
2337   6  14  2s2p(3PO)8d    2s2p(3PO)10p   -3.84E-01 -1.32E+06 4.406E+04
2338   7   1  2s2p(3PO)9d    2s2p(3PO)3p    2.18E-02  5.53E+07 1.622E+03
2339   7   2  2s2p(3PO)9d    2s2p(3PO)4p    1.99E-02  1.09E+07 3.487E+03
2340   7   3  2s2p(3PO)9d    2s2p(3PO)4f     1.62E-03  5.11E+05 4.600E+03
2341   7   4  2s2p(3PO)9d    2s2p(3PO)5p    2.30E-02  3.59E+06 6.539E+03
2342   7   5  2s2p(3PO)9d    2s2p(3PO)5f     7.42E-03  7.08E+05 8.359E+03
2343   7   6  2s2p(3PO)9d    2s2p(3PO)6p    2.76E-02  1.33E+06 1.178E+04
2344   7   7  2s2p(3PO)9d    2s2p(3PO)6f     2.67E-02  7.83E+05 1.508E+04
2345   7   8  2s2p(3PO)9d    2s2p(3PO)7p    3.33E-02  4.59E+05 2.199E+04
2346   7   9  2s2p(3PO)9d    2s2p(3PO)7f     1.06E-01  8.20E+05 2.936E+04
2347   7  10  2s2p(3PO)9d    2s2p(3PO)8p    2.37E-02  6.73E+04 4.846E+04
2348   7  11  2s2p(3PO)9d    2s2p(3PO)8f     7.77E-01  8.91E+05 7.627E+04
2349   7  12  2s2p(3PO)9d    2s2p(3PO)9p    6.45E+00  6.74E+05 2.526E+05
2350   7  13  2s2p(3PO)9d    2s2p(3PO)9f    -1.86E+00 -1.97E+04 7.938E+05
2351   7  14  2s2p(3PO)9d    2s2p(3PO)10p   -3.51E+00 -1.42E+06 1.286E+05
2352   8   1  2s2p(3PO)10d    2s2p(3PO)3p    1.57E-02  4.12E+07 1.594E+03
2353   8   2  2s2p(3PO)10d    2s2p(3PO)4p    1.41E-02  8.32E+06 3.362E+03
2354   8   3  2s2p(3PO)10d    2s2p(3PO)4f     1.02E-03  3.54E+05 4.386E+03
2355   8   4  2s2p(3PO)10d    2s2p(3PO)5p    1.59E-02  2.84E+06 6.114E+03
2356   8   5  2s2p(3PO)10d    2s2p(3PO)5f     4.27E-03  4.83E+05 7.677E+03
2357   8   6  2s2p(3PO)10d    2s2p(3PO)6p    1.88E-02  1.14E+06 1.047E+04
2358   8   7  2s2p(3PO)10d    2s2p(3PO)6f     1.32E-02  5.21E+05 1.300E+04
2359   8   8  2s2p(3PO)10d    2s2p(3PO)7p    2.29E-02  4.81E+05 1.782E+04
2360   8   9  2s2p(3PO)10d    2s2p(3PO)7f     3.94E-02  5.25E+05 2.237E+04
2361   8  10  2s2p(3PO)10d    2s2p(3PO)8p    2.74E-02  1.79E+05 3.198E+04
2362   8  11  2s2p(3PO)10d    2s2p(3PO)8f     1.41E-01  5.30E+05 4.212E+04
2363   8  12  2s2p(3PO)10d    2s2p(3PO)9p    1.68E-02  2.39E+04 6.854E+04
2364   8  13  2s2p(3PO)10d    2s2p(3PO)9f     9.67E-01  5.67E+05 1.067E+05
2365   8  14  2s2p(3PO)10d    2s2p(3PO)10p    7.11E+00  3.87E+05 3.501E+05
2366   1   1  2s2p(3PO)4f    2s2p(3PO)3d     1.60E+01  6.33E+09 4.105E+03
2367   1   2  2s2p(3PO)4f    2s2p(3PO)4d     1.81E+00  9.71E+05 1.115E+05
2368   1   3  2s2p(3PO)4f    2s2p(3PO)5d    -4.42E-01 -2.76E+07 1.034E+04
2369   1   4  2s2p(3PO)4f    2s2p(3PO)6d    -7.33E-02 -1.15E+07 6.517E+03
2370   1   5  2s2p(3PO)4f    2s2p(3PO)7d    -2.57E-02 -6.02E+06 5.337E+03
2371   1   6  2s2p(3PO)4f    2s2p(3PO)8d    -1.23E-02 -3.59E+06 4.779E+03
2372   1   7  2s2p(3PO)4f    2s2p(3PO)9d    -6.98E-03 -2.34E+06 4.461E+03
2373   1   8  2s2p(3PO)4f    2s2p(3PO)10d    -4.40E-03 -1.62E+06 4.259E+03
2374   2   1  2s2p(3PO)5f    2s2p(3PO)3d     2.78E+00  2.21E+09 2.899E+03
2375   2   2  2s2p(3PO)5f    2s2p(3PO)4d     1.30E+01  1.05E+09 9.069E+03
2376   2   3  2s2p(3PO)5f    2s2p(3PO)5d     3.35E+00  4.77E+05 2.165E+05
2377   2   4  2s2p(3PO)5f    2s2p(3PO)6d    -1.13E+00 -2.05E+07 1.918E+04
2378   2   5  2s2p(3PO)5f    2s2p(3PO)7d    -2.00E-01 -9.88E+06 1.162E+04
2379   2   6  2s2p(3PO)5f    2s2p(3PO)8d    -7.25E-02 -5.63E+06 9.264E+03
2380   2   7  2s2p(3PO)5f    2s2p(3PO)9d    -3.55E-02 -3.57E+06 8.139E+03
2381   2   8  2s2p(3PO)5f    2s2p(3PO)10d    -2.04E-02 -2.42E+06 7.491E+03
2382   3   1  2s2p(3PO)6f    2s2p(3PO)3d     9.88E-01  1.05E+09 2.502E+03
2383   3   2  2s2p(3PO)6f    2s2p(3PO)4d     3.15E+00  5.72E+08 6.060E+03
2384   3   3  2s2p(3PO)6f    2s2p(3PO)5d     1.16E+01  2.73E+08 1.684E+04
2385   3   4  2s2p(3PO)6f    2s2p(3PO)6d     4.60E+00  2.09E+05 3.832E+05
2386   3   5  2s2p(3PO)6f    2s2p(3PO)7d    -1.91E+00 -1.25E+07 3.194E+04
2387   3   6  2s2p(3PO)6f    2s2p(3PO)8d    -3.51E-01 -6.62E+06 1.880E+04
2388   3   7  2s2p(3PO)6f    2s2p(3PO)9d    -1.30E-01 -4.02E+06 1.468E+04
2389   3   8  2s2p(3PO)6f    2s2p(3PO)10d    -6.41E-02 -2.65E+06 1.270E+04
2390   4   1  2s2p(3PO)7f    2s2p(3PO)3d     4.74E-01  5.92E+08 2.312E+03
2391   4   2  2s2p(3PO)7f    2s2p(3PO)4d     1.29E+00  3.37E+08 5.052E+03
2392   4   3  2s2p(3PO)7f    2s2p(3PO)5d     3.15E+00  1.79E+08 1.084E+04
2393   4   4  2s2p(3PO)7f    2s2p(3PO)6d     1.10E+01  9.26E+07 2.815E+04
2394   4   5  2s2p(3PO)7f    2s2p(3PO)7d     5.68E+00  9.71E+04 6.246E+05
2395   4   6  2s2p(3PO)7f    2s2p(3PO)8d    -2.76E+00 -7.57E+06 4.933E+04
2396   4   7  2s2p(3PO)7f    2s2p(3PO)9d    -5.20E-01 -4.30E+06 2.842E+04
2397   4   8  2s2p(3PO)7f    2s2p(3PO)10d    -1.95E-01 -2.73E+06 2.182E+04
2398   5   1  2s2p(3PO)8f    2s2p(3PO)3d     2.67E-01  3.67E+08 2.203E+03
2399   5   2  2s2p(3PO)8f    2s2p(3PO)4d     6.72E-01  2.15E+08 4.561E+03
2400   5   3  2s2p(3PO)8f    2s2p(3PO)5d     1.37E+00  1.18E+08 8.802E+03
2401   5   4  2s2p(3PO)8f    2s2p(3PO)6d     3.13E+00  6.75E+07 1.759E+04
2402   5   5  2s2p(3PO)8f    2s2p(3PO)7d     1.08E+01  3.78E+07 4.363E+04
2403   5   6  2s2p(3PO)8f    2s2p(3PO)8d     6.68E+00  4.90E+04 9.533E+05
2404   5   7  2s2p(3PO)8f    2s2p(3PO)9d    -3.66E+00 -4.70E+06 7.209E+04
2405   5   8  2s2p(3PO)8f    2s2p(3PO)10d    -7.02E-01 -2.81E+06 4.081E+04
2406   6   1  2s2p(3PO)9f    2s2p(3PO)3d     1.67E-01  2.44E+08 2.134E+03
2407   6   2  2s2p(3PO)9f    2s2p(3PO)4d     4.01E-01  1.46E+08 4.276E+03
2408   6   3  2s2p(3PO)9f    2s2p(3PO)5d     7.43E-01  8.15E+07 7.800E+03
2409   6   4  2s2p(3PO)9f    2s2p(3PO)6d     1.40E+00  4.77E+07 1.400E+04
2410   6   5  2s2p(3PO)9f    2s2p(3PO)7d     3.13E+00  2.94E+07 2.665E+04
2411   6   6  2s2p(3PO)9f    2s2p(3PO)8d     1.08E+01  1.76E+07 6.392E+04
2412   6   7  2s2p(3PO)9f    2s2p(3PO)9d     7.66E+00  2.69E+04 1.379E+06
2413   6   8  2s2p(3PO)9f    2s2p(3PO)10d    -4.59E+00 -3.00E+06 1.009E+05
2414   7   1  2s2p(3PO)10f    2s2p(3PO)3d     1.12E-01  1.71E+08 2.088E+03
2415   7   2  2s2p(3PO)10f    2s2p(3PO)4d     2.61E-01  1.04E+08 4.094E+03
2416   7   3  2s2p(3PO)10f    2s2p(3PO)5d     4.56E-01  5.85E+07 7.213E+03
2417   7   4  2s2p(3PO)10f    2s2p(3PO)6d     7.77E-01  3.47E+07 1.221E+04
2418   7   5  2s2p(3PO)10f    2s2p(3PO)7d     1.43E+00  2.19E+07 2.086E+04
2419   7   6  2s2p(3PO)10f    2s2p(3PO)8d     3.16E+00  1.43E+07 3.835E+04
2420   7   7  2s2p(3PO)10f    2s2p(3PO)9d     1.10E+01  9.13E+06 8.966E+04
2421   7   8  2s2p(3PO)10f    2s2p(3PO)10d     7.53E+00  1.36E+04 1.919E+06
2422   1   1  2s2p(3PO)3d    2s2p(3PO)4f    -1.76E+00 -7.55E+08 3.942E+03
2423   1   2  2s2p(3PO)3d    2s2p(3PO)5f    -3.09E-01 -2.60E+08 2.817E+03
2424   1   3  2s2p(3PO)3d    2s2p(3PO)6f    -1.07E-01 -1.20E+08 2.441E+03
2425   1   4  2s2p(3PO)3d    2s2p(3PO)7f    -4.95E-02 -6.47E+07 2.259E+03
2426   1   5  2s2p(3PO)3d    2s2p(3PO)8f    -2.70E-02 -3.88E+07 2.155E+03
2427   1   6  2s2p(3PO)3d    2s2p(3PO)9f    -1.65E-02 -2.52E+07 2.090E+03
2428   1   7  2s2p(3PO)3d    2s2p(3PO)10f    -1.08E-02 -1.72E+07 2.045E+03
2429   2   1  2s2p(3PO)4d    2s2p(3PO)4f    -1.56E+00 -2.52E+06 6.429E+04
2430   2   2  2s2p(3PO)4d    2s2p(3PO)5f    -1.35E+00 -1.23E+08 8.558E+03
2431   2   3  2s2p(3PO)4d    2s2p(3PO)6f    -3.67E-01 -7.21E+07 5.827E+03
2432   2   4  2s2p(3PO)4d    2s2p(3PO)7f    -1.57E-01 -4.38E+07 4.889E+03
2433   2   5  2s2p(3PO)4d    2s2p(3PO)8f    -8.32E-02 -2.83E+07 4.428E+03
2434   2   6  2s2p(3PO)4d    2s2p(3PO)9f    -5.02E-02 -1.94E+07 4.159E+03
2435   2   7  2s2p(3PO)4d    2s2p(3PO)10f    -3.29E-02 -1.38E+07 3.986E+03
2436   3   1  2s2p(3PO)5d    2s2p(3PO)4f     5.60E-02  3.25E+06 1.073E+04
2437   3   2  2s2p(3PO)5d    2s2p(3PO)5f    -7.23E-01 -3.13E+05 1.241E+05
2438   3   3  2s2p(3PO)5d    2s2p(3PO)6f    -1.14E+00 -3.00E+07 1.592E+04
2439   3   4  2s2p(3PO)5d    2s2p(3PO)7f    -3.49E-01 -2.13E+07 1.045E+04
2440   3   5  2s2p(3PO)5d    2s2p(3PO)8f    -1.60E-01 -1.46E+07 8.543E+03
2441   3   6  2s2p(3PO)5d    2s2p(3PO)9f    -8.86E-02 -1.02E+07 7.596E+03
2442   3   7  2s2p(3PO)5d    2s2p(3PO)10f    -5.52E-02 -7.43E+06 7.038E+03
2443   4   1  2s2p(3PO)5g    2s2p(3PO)4f     2.19E+00  1.59E+08 9.585E+03
2444   4   2  2s2p(3PO)5g    2s2p(3PO)5f     1.32E-01  8.12E+03 3.293E+05
2445   4   3  2s2p(3PO)5g    2s2p(3PO)6f    -4.54E-02 -8.10E+05 1.933E+04
2446   4   4  2s2p(3PO)5g    2s2p(3PO)7f    -7.52E-03 -3.59E+05 1.182E+04
2447   4   5  2s2p(3PO)5g    2s2p(3PO)8f    -2.60E-03 -1.95E+05 9.438E+03
2448   4   6  2s2p(3PO)5g    2s2p(3PO)9f    -1.23E-03 -1.19E+05 8.295E+03
2449   4   7  2s2p(3PO)5g    2s2p(3PO)10f    -6.89E-04 -7.88E+04 7.635E+03
2450   5   1  2s2p(3PO)6d    2s2p(3PO)4f     1.02E-02  1.56E+06 6.605E+03
2451   5   2  2s2p(3PO)6d    2s2p(3PO)5f     1.64E-01  2.75E+06 1.996E+04
2452   5   3  2s2p(3PO)6d    2s2p(3PO)6f    -9.99E-01 -1.44E+05 2.149E+05
2453   5   4  2s2p(3PO)6d    2s2p(3PO)7f    -1.03E+00 -9.70E+06 2.662E+04
2454   5   5  2s2p(3PO)6d    2s2p(3PO)8f    -3.31E-01 -7.66E+06 1.698E+04
2455   5   6  2s2p(3PO)6d    2s2p(3PO)9f    -1.56E-01 -5.62E+06 1.361E+04
2456   5   7  2s2p(3PO)6d    2s2p(3PO)10f    -8.89E-02 -4.18E+06 1.192E+04
2457   6   1  2s2p(3PO)6g    2s2p(3PO)4f     3.46E-01  5.75E+07 6.334E+03
2458   6   2  2s2p(3PO)6g    2s2p(3PO)5f     1.85E+00  3.95E+07 1.767E+04
2459   6   3  2s2p(3PO)6g    2s2p(3PO)6f     2.54E-01  5.62E+03 5.490E+05
2460   6   4  2s2p(3PO)6g    2s2p(3PO)7f    -1.17E-01 -7.54E+05 3.216E+04
2461   6   5  2s2p(3PO)6g    2s2p(3PO)8f    -2.05E-02 -3.76E+05 1.908E+04
2462   6   6  2s2p(3PO)6g    2s2p(3PO)9f    -7.34E-03 -2.20E+05 1.492E+04
2463   6   7  2s2p(3PO)6g    2s2p(3PO)10f    -3.55E-03 -1.42E+05 1.291E+04
2464   7   1  2s2p(3PO)7d    2s2p(3PO)4f     3.83E-03  8.84E+05 5.375E+03
2465   7   2  2s2p(3PO)7d    2s2p(3PO)5f     2.87E-02  1.38E+06 1.180E+04
2466   7   3  2s2p(3PO)7d    2s2p(3PO)6f     2.93E-01  1.76E+06 3.333E+04
2467   7   4  2s2p(3PO)7d    2s2p(3PO)7f    -1.25E+00 -7.04E+04 3.440E+05
2468   7   5  2s2p(3PO)7d    2s2p(3PO)8f    -9.74E-01 -3.81E+06 4.127E+04
2469   7   6  2s2p(3PO)7d    2s2p(3PO)9f    -3.20E-01 -3.22E+06 2.576E+04
2470   7   7  2s2p(3PO)7d    2s2p(3PO)10f    -1.54E-01 -2.49E+06 2.030E+04
2471   8   1  2s2p(3PO)7g    2s2p(3PO)4f     1.19E-01  2.87E+07 5.259E+03
2472   8   2  2s2p(3PO)7g    2s2p(3PO)5f     4.06E-01  2.14E+07 1.125E+04
2473   8   3  2s2p(3PO)7g    2s2p(3PO)6f     1.69E+00  1.31E+07 2.933E+04
2474   8   4  2s2p(3PO)7g    2s2p(3PO)7f     3.69E-01  3.42E+03 8.477E+05
2475   8   5  2s2p(3PO)7g    2s2p(3PO)8f    -1.98E-01 -5.36E+05 4.965E+04
2476   8   6  2s2p(3PO)7g    2s2p(3PO)9f    -3.60E-02 -2.90E+05 2.879E+04
2477   8   7  2s2p(3PO)7g    2s2p(3PO)10f    -1.31E-02 -1.78E+05 2.214E+04
2478   9   1  2s2p(3PO)8d    2s2p(3PO)4f     1.91E-03  5.53E+05 4.799E+03
2479   9   2  2s2p(3PO)8d    2s2p(3PO)5f     1.06E-02  8.10E+05 9.340E+03
2480   9   3  2s2p(3PO)8d    2s2p(3PO)6f     5.15E-02  9.40E+05 1.912E+04
2481   9   4  2s2p(3PO)8d    2s2p(3PO)7f     4.34E-01  1.09E+06 5.157E+04
2482   9   5  2s2p(3PO)8d    2s2p(3PO)8f    -1.48E+00 -3.68E+04 5.181E+05
2483   9   6  2s2p(3PO)8d    2s2p(3PO)9f    -9.44E-01 -1.72E+06 6.051E+04
2484   9   7  2s2p(3PO)8d    2s2p(3PO)10f    -3.13E-01 -1.52E+06 3.710E+04
2485  10   1  2s2p(3PO)8g    2s2p(3PO)4f     5.65E-02  1.68E+07 4.737E+03
2486  10   2  2s2p(3PO)8g    2s2p(3PO)5f     1.59E-01  1.28E+07 9.108E+03
2487  10   3  2s2p(3PO)8g    2s2p(3PO)6f     4.19E-01  8.47E+06 1.817E+04
2488  10   4  2s2p(3PO)8g    2s2p(3PO)7f     1.60E+00  5.22E+06 4.519E+04
2489  10   5  2s2p(3PO)8g    2s2p(3PO)8f     4.78E-01  2.07E+03 1.242E+06
2490  10   6  2s2p(3PO)8g    2s2p(3PO)9f    -2.86E-01 -3.63E+05 7.251E+04
2491  10   7  2s2p(3PO)8g    2s2p(3PO)10f    -5.31E-02 -2.08E+05 4.129E+04
2492  11   1  2s2p(3PO)9d    2s2p(3PO)4f     1.11E-03  3.70E+05 4.473E+03
2493  11   2  2s2p(3PO)9d    2s2p(3PO)5f     5.24E-03  5.22E+05 8.180E+03
2494  11   3  2s2p(3PO)9d    2s2p(3PO)6f     1.90E-02  5.77E+05 1.482E+04
2495  11   4  2s2p(3PO)9d    2s2p(3PO)7f     7.71E-02  6.15E+05 2.893E+04
2496  11   5  2s2p(3PO)9d    2s2p(3PO)8f     5.81E-01  6.80E+05 7.547E+04
2497  11   6  2s2p(3PO)9d    2s2p(3PO)9f    -1.71E+00 -2.07E+04 7.427E+05
2498  11   7  2s2p(3PO)9d    2s2p(3PO)10f    -9.30E-01 -8.60E+05 8.493E+04
2499  12   1  2s2p(3PO)9g    2s2p(3PO)4f     3.19E-02  1.08E+07 4.435E+03
2500  12   2  2s2p(3PO)9g    2s2p(3PO)5f     8.04E-02  8.27E+06 8.054E+03
2501  12   3  2s2p(3PO)9g    2s2p(3PO)6f     1.75E-01  5.62E+06 1.441E+04
2502  12   4  2s2p(3PO)9g    2s2p(3PO)7f     4.23E-01  3.76E+06 2.740E+04
2503  12   5  2s2p(3PO)9g    2s2p(3PO)8f     1.56E+00  2.39E+06 6.592E+04
2504  12   6  2s2p(3PO)9g    2s2p(3PO)9f     5.82E-01  1.28E+03 1.742E+06
2505  12   7  2s2p(3PO)9g    2s2p(3PO)10f    -3.79E-01 -2.45E+05 1.015E+05
2506  13   1  2s2p(3PO)10d    2s2p(3PO)4f     7.12E-04  2.61E+05 4.267E+03
2507  13   2  2s2p(3PO)10d    2s2p(3PO)5f     3.04E-03  3.59E+05 7.516E+03
2508  13   3  2s2p(3PO)10d    2s2p(3PO)6f     9.40E-03  3.84E+05 1.277E+04
2509  13   4  2s2p(3PO)10d    2s2p(3PO)7f     2.86E-02  3.93E+05 2.204E+04
2510  13   5  2s2p(3PO)10d    2s2p(3PO)8f     1.05E-01  4.05E+05 4.158E+04
2511  13   6  2s2p(3PO)10d    2s2p(3PO)9f     7.34E-01  4.37E+05 1.058E+05
2512  13   7  2s2p(3PO)10d    2s2p(3PO)10f    -1.86E+00 -1.18E+04 1.025E+06
2513   1   1  2s2p(3PO)5g    2s2p(3PO)4f     3.41E+01  2.43E+09 9.683E+03
2514   1   2  2s2p(3PO)5g    2s2p(3PO)5f     1.15E+00  2.99E+04 5.066E+05
2515   1   3  2s2p(3PO)5g    2s2p(3PO)6f    -3.63E-01 -6.75E+06 1.894E+04
2516   1   4  2s2p(3PO)5g    2s2p(3PO)7f    -5.77E-02 -2.83E+06 1.167E+04
2517   1   5  2s2p(3PO)5g    2s2p(3PO)8f    -1.95E-02 -1.49E+06 9.344E+03
2518   1   6  2s2p(3PO)5g    2s2p(3PO)9f    -9.08E-03 -8.96E+05 8.223E+03
2519   1   7  2s2p(3PO)5g    2s2p(3PO)10f    -5.06E-03 -5.88E+05 7.573E+03
2520   2   1  2s2p(3PO)6g    2s2p(3PO)4f     5.02E+00  8.27E+08 6.365E+03
2521   2   2  2s2p(3PO)6g    2s2p(3PO)5f     2.91E+01  6.05E+08 1.791E+04
2522   2   3  2s2p(3PO)6g    2s2p(3PO)6f     1.98E+00  1.49E+04 9.414E+05
2523   2   4  2s2p(3PO)6g    2s2p(3PO)7f    -9.37E-01 -6.34E+06 3.140E+04
2524   2   5  2s2p(3PO)6g    2s2p(3PO)8f    -1.60E-01 -3.02E+06 1.881E+04
2525   2   6  2s2p(3PO)6g    2s2p(3PO)9f    -5.58E-02 -1.71E+06 1.476E+04
2526   2   7  2s2p(3PO)6g    2s2p(3PO)10f    -2.64E-02 -1.08E+06 1.279E+04
2527   3   1  2s2p(3PO)7g    2s2p(3PO)4f     1.65E+00  3.96E+08 5.273E+03
2528   3   2  2s2p(3PO)7g    2s2p(3PO)5f     6.02E+00  3.13E+08 1.132E+04
2529   3   3  2s2p(3PO)7g    2s2p(3PO)6f     2.68E+01  2.02E+08 2.978E+04
2530   3   4  2s2p(3PO)7g    2s2p(3PO)7f     2.77E+00  8.17E+03 1.504E+06
2531   3   5  2s2p(3PO)7g    2s2p(3PO)8f    -1.67E+00 -4.75E+06 4.841E+04
2532   3   6  2s2p(3PO)7g    2s2p(3PO)9f    -3.00E-01 -2.49E+06 2.837E+04
2533   3   7  2s2p(3PO)7g    2s2p(3PO)10f    -1.07E-01 -1.49E+06 2.189E+04
2534   4   1  2s2p(3PO)8g    2s2p(3PO)4f     7.61E-01  2.25E+08 4.745E+03
2535   4   2  2s2p(3PO)8g    2s2p(3PO)5f     2.28E+00  1.82E+08 9.137E+03
2536   4   3  2s2p(3PO)8g    2s2p(3PO)6f     6.32E+00  1.26E+08 1.829E+04
2537   4   4  2s2p(3PO)8g    2s2p(3PO)7f     2.55E+01  8.06E+07 4.593E+04
2538   4   5  2s2p(3PO)8g    2s2p(3PO)8f     3.58E+00  4.86E+03 2.217E+06
2539   4   6  2s2p(3PO)8g    2s2p(3PO)9f    -2.52E+00 -3.36E+06 7.069E+04
2540   4   7  2s2p(3PO)8g    2s2p(3PO)10f    -4.68E-01 -1.88E+06 4.069E+04
2541   5   1  2s2p(3PO)9g    2s2p(3PO)4f     4.21E-01  1.42E+08 4.440E+03
2542   5   2  2s2p(3PO)9g    2s2p(3PO)5f     1.14E+00  1.17E+08 8.070E+03
2543   5   3  2s2p(3PO)9g    2s2p(3PO)6f     2.57E+00  8.20E+07 1.446E+04
2544   5   4  2s2p(3PO)9g    2s2p(3PO)7f     6.43E+00  5.63E+07 2.759E+04
2545   5   5  2s2p(3PO)9g    2s2p(3PO)8f     2.49E+01  3.70E+07 6.703E+04
2546   5   6  2s2p(3PO)9g    2s2p(3PO)9f     4.36E+00  3.01E+03 3.110E+06
2547   5   7  2s2p(3PO)9g    2s2p(3PO)10f    -3.45E+00 -2.35E+06 9.895E+04
2548   6   1  2s2p(3PO)10g    2s2p(3PO)4f     2.57E-01  9.51E+07 4.245E+03
2549   6   2  2s2p(3PO)10g    2s2p(3PO)5f     6.57E-01  7.90E+07 7.448E+03
2550   6   3  2s2p(3PO)10g    2s2p(3PO)6f     1.34E+00  5.65E+07 1.258E+04
2551   6   4  2s2p(3PO)10g    2s2p(3PO)7f     2.73E+00  3.95E+07 2.147E+04
2552   6   5  2s2p(3PO)10g    2s2p(3PO)8f     6.50E+00  2.77E+07 3.959E+04
2553   6   6  2s2p(3PO)10g    2s2p(3PO)9f     2.47E+01  1.87E+07 9.377E+04
2554   6   7  2s2p(3PO)10g    2s2p(3PO)10f     3.03E+00  1.14E+03 4.219E+06
2555   1   1  2s2p(3PO)3d    2s2p(3PO)4f    -1.76E+00 -7.55E+08 3.942E+03
2556   1   2  2s2p(3PO)3d    2s2p(3PO)5f    -3.09E-01 -2.60E+08 2.817E+03
2557   1   3  2s2p(3PO)3d    2s2p(3PO)6f    -1.07E-01 -1.20E+08 2.441E+03
2558   1   4  2s2p(3PO)3d    2s2p(3PO)7f    -4.95E-02 -6.47E+07 2.259E+03
2559   1   5  2s2p(3PO)3d    2s2p(3PO)8f    -2.70E-02 -3.88E+07 2.155E+03
2560   1   6  2s2p(3PO)3d    2s2p(3PO)9f    -1.65E-02 -2.52E+07 2.090E+03
2561   1   7  2s2p(3PO)3d    2s2p(3PO)10f    -1.08E-02 -1.72E+07 2.045E+03
2562   2   1  2s2p(3PO)4d    2s2p(3PO)4f    -1.56E+00 -2.52E+06 6.429E+04
2563   2   2  2s2p(3PO)4d    2s2p(3PO)5f    -1.35E+00 -1.23E+08 8.558E+03
2564   2   3  2s2p(3PO)4d    2s2p(3PO)6f    -3.67E-01 -7.21E+07 5.827E+03
2565   2   4  2s2p(3PO)4d    2s2p(3PO)7f    -1.57E-01 -4.38E+07 4.889E+03
2566   2   5  2s2p(3PO)4d    2s2p(3PO)8f    -8.32E-02 -2.83E+07 4.428E+03
2567   2   6  2s2p(3PO)4d    2s2p(3PO)9f    -5.02E-02 -1.94E+07 4.159E+03
2568   2   7  2s2p(3PO)4d    2s2p(3PO)10f    -3.29E-02 -1.38E+07 3.986E+03
2569   3   1  2s2p(3PO)5d    2s2p(3PO)4f     5.60E-02  3.25E+06 1.073E+04
2570   3   2  2s2p(3PO)5d    2s2p(3PO)5f    -7.23E-01 -3.13E+05 1.241E+05
2571   3   3  2s2p(3PO)5d    2s2p(3PO)6f    -1.14E+00 -3.00E+07 1.592E+04
2572   3   4  2s2p(3PO)5d    2s2p(3PO)7f    -3.49E-01 -2.13E+07 1.045E+04
2573   3   5  2s2p(3PO)5d    2s2p(3PO)8f    -1.60E-01 -1.46E+07 8.543E+03
2574   3   6  2s2p(3PO)5d    2s2p(3PO)9f    -8.86E-02 -1.02E+07 7.596E+03
2575   3   7  2s2p(3PO)5d    2s2p(3PO)10f    -5.52E-02 -7.43E+06 7.038E+03
2576   4   1  2s2p(3PO)5g    2s2p(3PO)4f     2.19E+00  1.59E+08 9.585E+03
2577   4   2  2s2p(3PO)5g    2s2p(3PO)5f     1.32E-01  8.12E+03 3.293E+05
2578   4   3  2s2p(3PO)5g    2s2p(3PO)6f    -4.54E-02 -8.10E+05 1.933E+04
2579   4   4  2s2p(3PO)5g    2s2p(3PO)7f    -7.52E-03 -3.59E+05 1.182E+04
2580   4   5  2s2p(3PO)5g    2s2p(3PO)8f    -2.60E-03 -1.95E+05 9.438E+03
2581   4   6  2s2p(3PO)5g    2s2p(3PO)9f    -1.23E-03 -1.19E+05 8.295E+03
2582   4   7  2s2p(3PO)5g    2s2p(3PO)10f    -6.89E-04 -7.88E+04 7.635E+03
2583   5   1  2s2p(3PO)6d    2s2p(3PO)4f     1.02E-02  1.56E+06 6.605E+03
2584   5   2  2s2p(3PO)6d    2s2p(3PO)5f     1.64E-01  2.75E+06 1.996E+04
2585   5   3  2s2p(3PO)6d    2s2p(3PO)6f    -9.99E-01 -1.44E+05 2.149E+05
2586   5   4  2s2p(3PO)6d    2s2p(3PO)7f    -1.03E+00 -9.70E+06 2.662E+04
2587   5   5  2s2p(3PO)6d    2s2p(3PO)8f    -3.31E-01 -7.66E+06 1.698E+04
2588   5   6  2s2p(3PO)6d    2s2p(3PO)9f    -1.56E-01 -5.62E+06 1.361E+04
2589   5   7  2s2p(3PO)6d    2s2p(3PO)10f    -8.89E-02 -4.18E+06 1.192E+04
2590   6   1  2s2p(3PO)6g    2s2p(3PO)4f     3.46E-01  5.75E+07 6.334E+03
2591   6   2  2s2p(3PO)6g    2s2p(3PO)5f     1.85E+00  3.95E+07 1.767E+04
2592   6   3  2s2p(3PO)6g    2s2p(3PO)6f     2.54E-01  5.62E+03 5.490E+05
2593   6   4  2s2p(3PO)6g    2s2p(3PO)7f    -1.17E-01 -7.54E+05 3.216E+04
2594   6   5  2s2p(3PO)6g    2s2p(3PO)8f    -2.05E-02 -3.76E+05 1.908E+04
2595   6   6  2s2p(3PO)6g    2s2p(3PO)9f    -7.34E-03 -2.20E+05 1.492E+04
2596   6   7  2s2p(3PO)6g    2s2p(3PO)10f    -3.55E-03 -1.42E+05 1.291E+04
2597   7   1  2s2p(3PO)7d    2s2p(3PO)4f     3.83E-03  8.84E+05 5.375E+03
2598   7   2  2s2p(3PO)7d    2s2p(3PO)5f     2.87E-02  1.38E+06 1.180E+04
2599   7   3  2s2p(3PO)7d    2s2p(3PO)6f     2.93E-01  1.76E+06 3.333E+04
2600   7   4  2s2p(3PO)7d    2s2p(3PO)7f    -1.25E+00 -7.04E+04 3.440E+05
2601   7   5  2s2p(3PO)7d    2s2p(3PO)8f    -9.74E-01 -3.81E+06 4.127E+04
2602   7   6  2s2p(3PO)7d    2s2p(3PO)9f    -3.20E-01 -3.22E+06 2.576E+04
2603   7   7  2s2p(3PO)7d    2s2p(3PO)10f    -1.54E-01 -2.49E+06 2.030E+04
2604   8   1  2s2p(3PO)7g    2s2p(3PO)4f     1.19E-01  2.87E+07 5.259E+03
2605   8   2  2s2p(3PO)7g    2s2p(3PO)5f     4.06E-01  2.14E+07 1.125E+04
2606   8   3  2s2p(3PO)7g    2s2p(3PO)6f     1.69E+00  1.31E+07 2.933E+04
2607   8   4  2s2p(3PO)7g    2s2p(3PO)7f     3.69E-01  3.42E+03 8.477E+05
2608   8   5  2s2p(3PO)7g    2s2p(3PO)8f    -1.98E-01 -5.36E+05 4.965E+04
2609   8   6  2s2p(3PO)7g    2s2p(3PO)9f    -3.60E-02 -2.90E+05 2.879E+04
2610   8   7  2s2p(3PO)7g    2s2p(3PO)10f    -1.31E-02 -1.78E+05 2.214E+04
2611   9   1  2s2p(3PO)8d    2s2p(3PO)4f     1.91E-03  5.53E+05 4.799E+03
2612   9   2  2s2p(3PO)8d    2s2p(3PO)5f     1.06E-02  8.10E+05 9.340E+03
2613   9   3  2s2p(3PO)8d    2s2p(3PO)6f     5.15E-02  9.40E+05 1.912E+04
2614   9   4  2s2p(3PO)8d    2s2p(3PO)7f     4.34E-01  1.09E+06 5.157E+04
2615   9   5  2s2p(3PO)8d    2s2p(3PO)8f    -1.48E+00 -3.68E+04 5.181E+05
2616   9   6  2s2p(3PO)8d    2s2p(3PO)9f    -9.44E-01 -1.72E+06 6.051E+04
2617   9   7  2s2p(3PO)8d    2s2p(3PO)10f    -3.13E-01 -1.52E+06 3.710E+04
2618  10   1  2s2p(3PO)8g    2s2p(3PO)4f     5.65E-02  1.68E+07 4.737E+03
2619  10   2  2s2p(3PO)8g    2s2p(3PO)5f     1.59E-01  1.28E+07 9.108E+03
2620  10   3  2s2p(3PO)8g    2s2p(3PO)6f     4.19E-01  8.47E+06 1.817E+04
2621  10   4  2s2p(3PO)8g    2s2p(3PO)7f     1.60E+00  5.22E+06 4.519E+04
2622  10   5  2s2p(3PO)8g    2s2p(3PO)8f     4.78E-01  2.07E+03 1.242E+06
2623  10   6  2s2p(3PO)8g    2s2p(3PO)9f    -2.86E-01 -3.63E+05 7.251E+04
2624  10   7  2s2p(3PO)8g    2s2p(3PO)10f    -5.31E-02 -2.08E+05 4.129E+04
2625  11   1  2s2p(3PO)9d    2s2p(3PO)4f     1.11E-03  3.70E+05 4.473E+03
2626  11   2  2s2p(3PO)9d    2s2p(3PO)5f     5.24E-03  5.22E+05 8.180E+03
2627  11   3  2s2p(3PO)9d    2s2p(3PO)6f     1.90E-02  5.77E+05 1.482E+04
2628  11   4  2s2p(3PO)9d    2s2p(3PO)7f     7.71E-02  6.15E+05 2.893E+04
2629  11   5  2s2p(3PO)9d    2s2p(3PO)8f     5.81E-01  6.80E+05 7.547E+04
2630  11   6  2s2p(3PO)9d    2s2p(3PO)9f    -1.71E+00 -2.07E+04 7.427E+05
2631  11   7  2s2p(3PO)9d    2s2p(3PO)10f    -9.30E-01 -8.60E+05 8.493E+04
2632  12   1  2s2p(3PO)9g    2s2p(3PO)4f     3.19E-02  1.08E+07 4.435E+03
2633  12   2  2s2p(3PO)9g    2s2p(3PO)5f     8.04E-02  8.27E+06 8.054E+03
2634  12   3  2s2p(3PO)9g    2s2p(3PO)6f     1.75E-01  5.62E+06 1.441E+04
2635  12   4  2s2p(3PO)9g    2s2p(3PO)7f     4.23E-01  3.76E+06 2.740E+04
2636  12   5  2s2p(3PO)9g    2s2p(3PO)8f     1.56E+00  2.39E+06 6.592E+04
2637  12   6  2s2p(3PO)9g    2s2p(3PO)9f     5.82E-01  1.28E+03 1.742E+06
2638  12   7  2s2p(3PO)9g    2s2p(3PO)10f    -3.79E-01 -2.45E+05 1.015E+05
2639  13   1  2s2p(3PO)10d    2s2p(3PO)4f     7.12E-04  2.61E+05 4.267E+03
2640  13   2  2s2p(3PO)10d    2s2p(3PO)5f     3.04E-03  3.59E+05 7.516E+03
2641  13   3  2s2p(3PO)10d    2s2p(3PO)6f     9.40E-03  3.84E+05 1.277E+04
2642  13   4  2s2p(3PO)10d    2s2p(3PO)7f     2.86E-02  3.93E+05 2.204E+04
2643  13   5  2s2p(3PO)10d    2s2p(3PO)8f     1.05E-01  4.05E+05 4.158E+04
2644  13   6  2s2p(3PO)10d    2s2p(3PO)9f     7.34E-01  4.37E+05 1.058E+05
2645  13   7  2s2p(3PO)10d    2s2p(3PO)10f    -1.86E+00 -1.18E+04 1.025E+06
2646   1   1  2s2p(3PO)4f    2s2p(3PO)3d     2.06E+01  9.20E+09 3.864E+03
2647   1   2  2s2p(3PO)4f    2s2p(3PO)4d     7.30E+00  2.09E+07 4.829E+04
2648   1   3  2s2p(3PO)4f    2s2p(3PO)5d    -1.32E+00 -6.83E+07 1.135E+04
2649   1   4  2s2p(3PO)4f    2s2p(3PO)5g    -2.82E-02 -1.85E+06 1.008E+04
2650   1   5  2s2p(3PO)4f    2s2p(3PO)6d    -2.00E-01 -2.85E+07 6.838E+03
2651   1   6  2s2p(3PO)4f    2s2p(3PO)6g    -4.13E-03 -6.42E+05 6.548E+03
2652   1   7  2s2p(3PO)4f    2s2p(3PO)7d    -6.91E-02 -1.51E+07 5.528E+03
2653   1   8  2s2p(3PO)4f    2s2p(3PO)7g    -1.48E-03 -3.38E+05 5.406E+03
2654   1   9  2s2p(3PO)4f    2s2p(3PO)8d    -3.29E-02 -9.06E+06 4.921E+03
2655   1  10  2s2p(3PO)4f    2s2p(3PO)8g    -7.44E-04 -2.10E+05 4.856E+03
2656   1  11  2s2p(3PO)4f    2s2p(3PO)9d    -1.86E-02 -5.92E+06 4.579E+03
2657   1  12  2s2p(3PO)4f    2s2p(3PO)9g    -4.43E-04 -1.43E+05 4.539E+03
2658   1  13  2s2p(3PO)4f    2s2p(3PO)10d    -1.17E-02 -4.10E+06 4.363E+03
2659   2   1  2s2p(3PO)5f    2s2p(3PO)3d     4.51E+00  3.84E+09 2.797E+03
2660   2   2  2s2p(3PO)5f    2s2p(3PO)4d     1.36E+01  1.29E+09 8.379E+03
2661   2   3  2s2p(3PO)5f    2s2p(3PO)5d     1.26E+01  9.36E+06 9.476E+04
2662   2   4  2s2p(3PO)5f    2s2p(3PO)5g    -1.13E-05 -2.21E-02 1.845E+06
2663   2   5  2s2p(3PO)5f    2s2p(3PO)6d    -3.13E+00 -4.73E+07 2.100E+04
2664   2   6  2s2p(3PO)5f    2s2p(3PO)6g    -2.27E-02 -4.43E+05 1.849E+04
2665   2   7  2s2p(3PO)5f    2s2p(3PO)7d    -4.98E-01 -2.25E+07 1.215E+04
2666   2   8  2s2p(3PO)5f    2s2p(3PO)7g    -4.56E-03 -2.27E+05 1.158E+04
2667   2   9  2s2p(3PO)5f    2s2p(3PO)8d    -1.76E-01 -1.28E+07 9.563E+03
2668   2  10  2s2p(3PO)5f    2s2p(3PO)8g    -1.79E-03 -1.37E+05 9.319E+03
2669   2  11  2s2p(3PO)5f    2s2p(3PO)9d    -8.51E-02 -8.14E+06 8.351E+03
2670   2  12  2s2p(3PO)5f    2s2p(3PO)9g    -9.31E-04 -9.19E+04 8.219E+03
2671   2  13  2s2p(3PO)5f    2s2p(3PO)10d    -4.87E-02 -5.54E+06 7.660E+03
2672   3   1  2s2p(3PO)6f    2s2p(3PO)3d     1.71E+00  1.93E+09 2.432E+03
2673   3   2  2s2p(3PO)6f    2s2p(3PO)4d     3.90E+00  7.79E+08 5.780E+03
2674   3   3  2s2p(3PO)6f    2s2p(3PO)5d     1.03E+01  2.83E+08 1.557E+04
2675   3   4  2s2p(3PO)6f    2s2p(3PO)5g     2.09E+00  3.93E+07 1.883E+04
2676   3   5  2s2p(3PO)6f    2s2p(3PO)6d     1.52E+01  3.71E+06 1.652E+05
2677   3   6  2s2p(3PO)6f    2s2p(3PO)6g    -1.90E-02 -2.27E+01 2.361E+06
2678   3   7  2s2p(3PO)6f    2s2p(3PO)7d    -4.91E+00 -2.68E+07 3.495E+04
2679   3   8  2s2p(3PO)6f    2s2p(3PO)7g    -2.45E-03 -1.75E+04 3.058E+04
2680   3   9  2s2p(3PO)6f    2s2p(3PO)8d    -8.07E-01 -1.39E+07 1.964E+04
2681   3  10  2s2p(3PO)6f    2s2p(3PO)8g    -1.02E-03 -1.96E+04 1.864E+04
2682   3  11  2s2p(3PO)6f    2s2p(3PO)9d    -2.91E-01 -8.48E+06 1.513E+04
2683   3  12  2s2p(3PO)6f    2s2p(3PO)9g    -5.47E-04 -1.69E+04 1.470E+04
2684   3  13  2s2p(3PO)6f    2s2p(3PO)10d    -1.42E-01 -5.60E+06 1.301E+04
2685   4   1  2s2p(3PO)6h    2s2p(3PO)3d     1.76E-01  1.99E+08 2.431E+03
2686   4   2  2s2p(3PO)6h    2s2p(3PO)4d     4.20E-01  8.41E+07 5.771E+03
2687   4   3  2s2p(3PO)6h    2s2p(3PO)5d     1.40E+00  3.88E+07 1.550E+04
2688   4   4  2s2p(3PO)6h    2s2p(3PO)5g     4.16E+01  7.91E+08 1.873E+04
2689   4   5  2s2p(3PO)6h    2s2p(3PO)6d     1.88E+00  5.03E+05 1.579E+05
2690   4   6  2s2p(3PO)6h    2s2p(3PO)6g    -1.33E-01 -1.78E+01 7.064E+06
2691   4   7  2s2p(3PO)6h    2s2p(3PO)7d    -6.26E-01 -3.35E+06 3.530E+04
2692   4   8  2s2p(3PO)6h    2s2p(3PO)7g    -1.96E-01 -1.37E+06 3.085E+04
2693   4   9  2s2p(3PO)6h    2s2p(3PO)8d    -9.96E-02 -1.70E+06 1.975E+04
2694   4  10  2s2p(3PO)6h    2s2p(3PO)8g    -2.98E-02 -5.66E+05 1.874E+04
2695   4  11  2s2p(3PO)6h    2s2p(3PO)9d    -3.54E-02 -1.02E+06 1.520E+04
2696   4  12  2s2p(3PO)6h    2s2p(3PO)9g    -9.51E-03 -2.91E+05 1.477E+04
2697   4  13  2s2p(3PO)6h    2s2p(3PO)10d    -1.72E-02 -6.73E+05 1.305E+04
2698   5   1  2s2p(3PO)7f    2s2p(3PO)3d     8.75E-01  1.15E+09 2.255E+03
2699   5   2  2s2p(3PO)7f    2s2p(3PO)4d     1.74E+00  4.90E+08 4.868E+03
2700   5   3  2s2p(3PO)7f    2s2p(3PO)5d     3.43E+00  2.14E+08 1.035E+04
2701   5   4  2s2p(3PO)7f    2s2p(3PO)5g     2.45E-01  1.20E+07 1.169E+04
2702   5   5  2s2p(3PO)7f    2s2p(3PO)6d     8.97E+00  8.85E+07 2.601E+04
2703   5   6  2s2p(3PO)7f    2s2p(3PO)6g     1.96E+00  1.34E+07 3.127E+04
2704   5   7  2s2p(3PO)7f    2s2p(3PO)7d     1.90E+01  1.82E+06 2.639E+05
2705   5   8  2s2p(3PO)7f    2s2p(3PO)7g    -3.90E-02 -2.30E+01 3.362E+06
2706   5   9  2s2p(3PO)7f    2s2p(3PO)8d    -6.98E+00 -1.59E+07 5.403E+04
2707   5  10  2s2p(3PO)7f    2s2p(3PO)8g    -5.73E-04 -1.72E+03 4.707E+04
2708   5  11  2s2p(3PO)7f    2s2p(3PO)9d    -1.17E+00 -8.86E+06 2.968E+04
2709   5  12  2s2p(3PO)7f    2s2p(3PO)9g    -6.23E-06 -5.27E+01 2.808E+04
2710   5  13  2s2p(3PO)7f    2s2p(3PO)10d    -4.26E-01 -5.62E+06 2.248E+04
2711   6   1  2s2p(3PO)7h    2s2p(3PO)3d     1.24E-01  1.63E+08 2.254E+03
2712   6   2  2s2p(3PO)7h    2s2p(3PO)4d     2.60E-01  7.33E+07 4.864E+03
2713   6   3  2s2p(3PO)7h    2s2p(3PO)5d     5.94E-01  3.71E+07 1.033E+04
2714   6   4  2s2p(3PO)7h    2s2p(3PO)5g     4.75E+00  2.33E+08 1.166E+04
2715   6   5  2s2p(3PO)7h    2s2p(3PO)6d     1.60E+00  1.59E+07 2.587E+04
2716   6   6  2s2p(3PO)7h    2s2p(3PO)6g     3.55E+01  2.45E+08 3.107E+04
2717   6   7  2s2p(3PO)7h    2s2p(3PO)7d     3.24E+00  3.45E+05 2.502E+05
2718   6   8  2s2p(3PO)7h    2s2p(3PO)7g    -2.35E-01 -1.24E+01 1.125E+07
2719   6   9  2s2p(3PO)7h    2s2p(3PO)8d    -1.24E+00 -2.77E+06 5.464E+04
2720   6  10  2s2p(3PO)7h    2s2p(3PO)8g    -5.29E-01 -1.56E+06 4.754E+04
2721   6  11  2s2p(3PO)7h    2s2p(3PO)9d    -2.01E-01 -1.50E+06 2.987E+04
2722   6  12  2s2p(3PO)7h    2s2p(3PO)9g    -8.69E-02 -7.26E+05 2.825E+04
2723   6  13  2s2p(3PO)7h    2s2p(3PO)10d    -7.22E-02 -9.44E+05 2.258E+04
2724   7   1  2s2p(3PO)8f    2s2p(3PO)3d     5.17E-01  7.44E+08 2.153E+03
2725   7   2  2s2p(3PO)8f    2s2p(3PO)4d     9.56E-01  3.27E+08 4.416E+03
2726   7   3  2s2p(3PO)8f    2s2p(3PO)5d     1.63E+00  1.50E+08 8.500E+03
2727   7   4  2s2p(3PO)8f    2s2p(3PO)5g     6.57E-02  4.98E+06 9.385E+03
2728   7   5  2s2p(3PO)8f    2s2p(3PO)6d     3.16E+00  7.46E+07 1.681E+04
2729   7   6  2s2p(3PO)8f    2s2p(3PO)6g     3.14E-01  5.89E+06 1.886E+04
2730   7   7  2s2p(3PO)8f    2s2p(3PO)7d     8.30E+00  3.41E+07 4.028E+04
2731   7   8  2s2p(3PO)8f    2s2p(3PO)7g     1.71E+00  4.91E+06 4.822E+04
2732   7   9  2s2p(3PO)8f    2s2p(3PO)8d     2.26E+01  9.63E+05 3.957E+05
2733   7  10  2s2p(3PO)8f    2s2p(3PO)8g    -5.25E-02 -1.52E+01 4.797E+06
2734   7  11  2s2p(3PO)8f    2s2p(3PO)9d    -9.18E+00 -9.80E+06 7.903E+04
2735   7  12  2s2p(3PO)8f    2s2p(3PO)9g    -6.01E-03 -8.51E+03 6.862E+04
2736   7  13  2s2p(3PO)8f    2s2p(3PO)10d    -1.56E+00 -5.72E+06 4.264E+04
2737   8   1  2s2p(3PO)8h    2s2p(3PO)3d     8.13E-02  1.17E+08 2.152E+03
2738   8   2  2s2p(3PO)8h    2s2p(3PO)4d     1.59E-01  5.45E+07 4.413E+03
2739   8   3  2s2p(3PO)8h    2s2p(3PO)5d     3.06E-01  2.83E+07 8.489E+03
2740   8   4  2s2p(3PO)8h    2s2p(3PO)5g     1.38E+00  1.05E+08 9.372E+03
2741   8   5  2s2p(3PO)8h    2s2p(3PO)6d     6.05E-01  1.44E+07 1.677E+04
2742   8   6  2s2p(3PO)8h    2s2p(3PO)6g     6.14E+00  1.16E+08 1.881E+04
2743   8   7  2s2p(3PO)8h    2s2p(3PO)7d     1.59E+00  6.62E+06 4.004E+04
2744   8   8  2s2p(3PO)8h    2s2p(3PO)7g     3.26E+01  9.49E+07 4.787E+04
2745   8   9  2s2p(3PO)8h    2s2p(3PO)8d     4.26E+00  2.04E+05 3.733E+05
2746   8  10  2s2p(3PO)8h    2s2p(3PO)8g    -3.19E-01 -6.93E+00 1.752E+07
2747   8  11  2s2p(3PO)8h    2s2p(3PO)9d    -1.83E+00 -1.91E+06 7.999E+04
2748   8  12  2s2p(3PO)8h    2s2p(3PO)9g    -9.49E-01 -1.32E+06 6.934E+04
2749   8  13  2s2p(3PO)8h    2s2p(3PO)10d    -2.99E-01 -1.08E+06 4.292E+04
2750   9   1  2s2p(3PO)9f    2s2p(3PO)3d     3.34E-01  5.11E+08 2.088E+03
2751   9   2  2s2p(3PO)9f    2s2p(3PO)4d     5.90E-01  2.28E+08 4.152E+03
2752   9   3  2s2p(3PO)9f    2s2p(3PO)5d     9.30E-01  1.08E+08 7.572E+03
2753   9   4  2s2p(3PO)9f    2s2p(3PO)5g     2.59E-02  2.53E+06 8.266E+03
2754   9   5  2s2p(3PO)9f    2s2p(3PO)6d     1.55E+00  5.65E+07 1.353E+04
2755   9   6  2s2p(3PO)9f    2s2p(3PO)6g     1.01E-01  3.06E+06 1.483E+04
2756   9   7  2s2p(3PO)9f    2s2p(3PO)7d     2.99E+00  3.07E+07 2.548E+04
2757   9   8  2s2p(3PO)9f    2s2p(3PO)7g     3.23E-01  2.66E+06 2.844E+04
2758   9   9  2s2p(3PO)9f    2s2p(3PO)8d     7.92E+00  1.52E+07 5.900E+04
2759   9  10  2s2p(3PO)9f    2s2p(3PO)8g     1.52E+00  2.05E+06 7.035E+04
2760   9  11  2s2p(3PO)9f    2s2p(3PO)9d     2.62E+01  5.47E+05 5.650E+05
2761   9  12  2s2p(3PO)9f    2s2p(3PO)9g    -6.44E-02 -9.71E+00 6.652E+06
2762   9  13  2s2p(3PO)9f    2s2p(3PO)10d    -1.15E+01 -6.25E+06 1.108E+05
2763  10   1  2s2p(3PO)9h    2s2p(3PO)3d     5.47E-02  8.37E+07 2.087E+03
2764  10   2  2s2p(3PO)9h    2s2p(3PO)4d     1.02E-01  3.95E+07 4.150E+03
2765  10   3  2s2p(3PO)9h    2s2p(3PO)5d     1.80E-01  2.10E+07 7.565E+03
2766  10   4  2s2p(3PO)9h    2s2p(3PO)5g     5.91E-01  5.78E+07 8.258E+03
2767  10   5  2s2p(3PO)9h    2s2p(3PO)6d     3.05E-01  1.11E+07 1.351E+04
2768  10   6  2s2p(3PO)9h    2s2p(3PO)6g     2.12E+00  6.45E+07 1.481E+04
2769  10   7  2s2p(3PO)9h    2s2p(3PO)7d     5.86E-01  6.05E+06 2.541E+04
2770  10   8  2s2p(3PO)9h    2s2p(3PO)7g     6.69E+00  5.55E+07 2.835E+04
2771  10   9  2s2p(3PO)9h    2s2p(3PO)8d     1.54E+00  2.99E+06 5.861E+04
2772  10  10  2s2p(3PO)9h    2s2p(3PO)8g     3.12E+01  4.27E+07 6.981E+04
2773  10  11  2s2p(3PO)9h    2s2p(3PO)9d     5.12E+00  1.21E+05 5.317E+05
2774  10  12  2s2p(3PO)9h    2s2p(3PO)9g    -3.93E-01 -4.09E+00 2.531E+07
2775  10  13  2s2p(3PO)9h    2s2p(3PO)10d    -2.39E+00 -1.27E+06 1.121E+05
2776  11   1  2s2p(3PO)10f    2s2p(3PO)3d     2.30E-01  3.67E+08 2.044E+03
2777  11   2  2s2p(3PO)10f    2s2p(3PO)4d     3.94E-01  1.66E+08 3.981E+03
2778  11   3  2s2p(3PO)10f    2s2p(3PO)5d     5.90E-01  7.98E+07 7.023E+03
2779  11   4  2s2p(3PO)10f    2s2p(3PO)5g     1.27E-02  1.46E+06 7.617E+03
2780  11   5  2s2p(3PO)10f    2s2p(3PO)6d     9.02E-01  4.27E+07 1.187E+04
2781  11   6  2s2p(3PO)10f    2s2p(3PO)6g     4.44E-02  1.79E+06 1.286E+04
2782  11   7  2s2p(3PO)10f    2s2p(3PO)7d     1.49E+00  2.44E+07 2.018E+04
2783  11   8  2s2p(3PO)10f    2s2p(3PO)7g     1.15E-01  1.59E+06 2.199E+04
2784  11   9  2s2p(3PO)10f    2s2p(3PO)8d     2.88E+00  1.43E+07 3.668E+04
2785  11  10  2s2p(3PO)10f    2s2p(3PO)8g     3.17E-01  1.27E+06 4.077E+04
2786  11  11  2s2p(3PO)10f    2s2p(3PO)9d     7.69E+00  7.49E+06 8.274E+04
2787  11  12  2s2p(3PO)10f    2s2p(3PO)9g     1.39E+00  9.58E+05 9.837E+04
2788  11  13  2s2p(3PO)10f    2s2p(3PO)10d     2.91E+01  3.22E+05 7.769E+05
2789   1   1  2s2p(3PO)5g    2s2p(3PO)4f     2.42E+00  1.55E+08 1.019E+04
2790   1   2  2s2p(3PO)5g    2s2p(3PO)5f    -1.93E-02 -3.48E+01 1.923E+06
2791   1   3  2s2p(3PO)5g    2s2p(3PO)6f    -1.74E-01 -3.41E+06 1.846E+04
2792   1   4  2s2p(3PO)5g    2s2p(3PO)6h    -1.94E+00 -3.84E+07 1.836E+04
2793   1   5  2s2p(3PO)5g    2s2p(3PO)7f    -2.20E-02 -1.10E+06 1.155E+04
2794   1   6  2s2p(3PO)5g    2s2p(3PO)7h    -2.31E-01 -1.16E+07 1.152E+04
2795   1   7  2s2p(3PO)5g    2s2p(3PO)8f    -6.22E-03 -4.80E+05 9.292E+03
2796   1   8  2s2p(3PO)5g    2s2p(3PO)8h    -6.87E-02 -5.32E+06 9.279E+03
2797   1   9  2s2p(3PO)5g    2s2p(3PO)9f    -2.55E-03 -2.53E+05 8.194E+03
2798   1  10  2s2p(3PO)5g    2s2p(3PO)9h    -2.98E-02 -2.97E+06 8.187E+03
2799   1  11  2s2p(3PO)5g    2s2p(3PO)10f    -1.29E-03 -1.51E+05 7.555E+03
2800   2   1  2s2p(3PO)6g    2s2p(3PO)4f     3.07E-01  4.73E+07 6.581E+03
2801   2   2  2s2p(3PO)6g    2s2p(3PO)5f     2.14E+00  4.06E+07 1.875E+04
2802   2   3  2s2p(3PO)6g    2s2p(3PO)6f    -5.01E-02 -3.77E+01 2.978E+06
2803   2   4  2s2p(3PO)6g    2s2p(3PO)6h    -7.94E-03 -2.02E+01 1.619E+06
2804   2   5  2s2p(3PO)6g    2s2p(3PO)7f    -2.17E-01 -1.55E+06 3.055E+04
2805   2   6  2s2p(3PO)6g    2s2p(3PO)7h    -1.53E+00 -1.11E+07 3.036E+04
2806   2   7  2s2p(3PO)6g    2s2p(3PO)8f    -3.60E-02 -6.94E+05 1.860E+04
2807   2   8  2s2p(3PO)6g    2s2p(3PO)8h    -2.83E-01 -5.49E+06 1.855E+04
2808   2   9  2s2p(3PO)6g    2s2p(3PO)9f    -1.18E-02 -3.66E+05 1.466E+04
2809   2  10  2s2p(3PO)6g    2s2p(3PO)9h    -1.01E-01 -3.14E+06 1.464E+04
2810   2  11  2s2p(3PO)6g    2s2p(3PO)10f    -5.28E-03 -2.17E+05 1.274E+04
2811   3   1  2s2p(3PO)7g    2s2p(3PO)4f     9.36E-02  2.12E+07 5.421E+03
2812   3   2  2s2p(3PO)7g    2s2p(3PO)5f     3.97E-01  1.95E+07 1.165E+04
2813   3   3  2s2p(3PO)7g    2s2p(3PO)6f     1.97E+00  1.36E+07 3.107E+04
2814   3   4  2s2p(3PO)7g    2s2p(3PO)6h     1.32E-01  8.96E+05 3.135E+04
2815   3   5  2s2p(3PO)7g    2s2p(3PO)7f    -7.54E-02 -2.37E+01 4.603E+06
2816   3   6  2s2p(3PO)7g    2s2p(3PO)7h    -1.41E-02 -1.70E+01 2.349E+06
2817   3   7  2s2p(3PO)7g    2s2p(3PO)8f    -2.57E-01 -7.74E+05 4.705E+04
2818   3   8  2s2p(3PO)7g    2s2p(3PO)8h    -1.31E+00 -4.00E+06 4.672E+04
2819   3   9  2s2p(3PO)7g    2s2p(3PO)9f    -4.84E-02 -4.11E+05 2.803E+04
2820   3  10  2s2p(3PO)7g    2s2p(3PO)9h    -2.90E-01 -2.48E+06 2.794E+04
2821   3  11  2s2p(3PO)7g    2s2p(3PO)10f    -1.71E-02 -2.41E+05 2.174E+04
2822   4   1  2s2p(3PO)8g    2s2p(3PO)4f     4.11E-02  1.16E+07 4.864E+03
2823   4   2  2s2p(3PO)8g    2s2p(3PO)5f     1.43E-01  1.09E+07 9.350E+03
2824   4   3  2s2p(3PO)8g    2s2p(3PO)6f     4.23E-01  8.01E+06 1.877E+04
2825   4   4  2s2p(3PO)8g    2s2p(3PO)6h     2.98E-02  5.58E+05 1.887E+04
2826   4   5  2s2p(3PO)8g    2s2p(3PO)7f     1.95E+00  5.68E+06 4.787E+04
2827   4   6  2s2p(3PO)8g    2s2p(3PO)7h     1.37E-01  3.91E+05 4.835E+04
2828   4   7  2s2p(3PO)8g    2s2p(3PO)8f    -9.68E-02 -1.38E+01 6.852E+06
2829   4   8  2s2p(3PO)8g    2s2p(3PO)8h    -2.02E-02 -1.19E+01 3.363E+06
2830   4   9  2s2p(3PO)8g    2s2p(3PO)9f    -3.02E-01 -4.28E+05 6.864E+04
2831   4  10  2s2p(3PO)8g    2s2p(3PO)9h    -1.16E+00 -1.67E+06 6.812E+04
2832   4  11  2s2p(3PO)8g    2s2p(3PO)10f    -6.09E-02 -2.52E+05 4.018E+04
2833   5   1  2s2p(3PO)9g    2s2p(3PO)4f     2.20E-02  7.11E+06 4.544E+03
2834   5   2  2s2p(3PO)9g    2s2p(3PO)5f     6.92E-02  6.80E+06 8.236E+03
2835   5   3  2s2p(3PO)9g    2s2p(3PO)6f     1.65E-01  5.05E+06 1.476E+04
2836   5   4  2s2p(3PO)9g    2s2p(3PO)6h     1.20E-02  3.64E+05 1.482E+04
2837   5   5  2s2p(3PO)9g    2s2p(3PO)7f     4.48E-01  3.74E+06 2.828E+04
2838   5   6  2s2p(3PO)9g    2s2p(3PO)7h     3.45E-02  2.84E+05 2.845E+04
2839   5   7  2s2p(3PO)9g    2s2p(3PO)8f     1.97E+00  2.69E+06 6.983E+04
2840   5   8  2s2p(3PO)9g    2s2p(3PO)8h     1.14E-01  1.53E+05 7.057E+04
2841   5   9  2s2p(3PO)9g    2s2p(3PO)9f    -1.16E-01 -8.05E+00 9.801E+06
2842   5  10  2s2p(3PO)9g    2s2p(3PO)9h    -2.63E-02 -7.95E+00 4.698E+06
2843   5  11  2s2p(3PO)9g    2s2p(3PO)10f    -3.53E-01 -2.56E+05 9.599E+04
2844   6   1  2s2p(3PO)10g    2s2p(3PO)4f     1.30E-02  4.60E+06 4.340E+03
2845   6   2  2s2p(3PO)10g    2s2p(3PO)5f     3.92E-02  4.54E+06 7.589E+03
2846   6   3  2s2p(3PO)10g    2s2p(3PO)6f     8.36E-02  3.40E+06 1.280E+04
2847   6   4  2s2p(3PO)10g    2s2p(3PO)6h     6.16E-03  2.49E+05 1.285E+04
2848   6   5  2s2p(3PO)10g    2s2p(3PO)7f     1.82E-01  2.54E+06 2.188E+04
2849   6   6  2s2p(3PO)10g    2s2p(3PO)7h     1.48E-02  2.04E+05 2.198E+04
2850   6   7  2s2p(3PO)10g    2s2p(3PO)8f     4.68E-01  1.90E+06 4.054E+04
2851   6   8  2s2p(3PO)10g    2s2p(3PO)8h     3.13E-02  1.25E+05 4.079E+04
2852   6   9  2s2p(3PO)10g    2s2p(3PO)9f     2.00E+00  1.40E+06 9.764E+04
2853   6  10  2s2p(3PO)10g    2s2p(3PO)9h     8.79E-02  6.02E+04 9.871E+04
2854   6  11  2s2p(3PO)10g    2s2p(3PO)10f    -1.33E-01 -4.94E+00 1.340E+07
2855   1   1  2s2p(3PO)5g    2s2p(3PO)4f     2.42E+00  1.55E+08 1.019E+04
2856   1   2  2s2p(3PO)5g    2s2p(3PO)5f    -1.93E-02 -3.48E+01 1.923E+06
2857   1   3  2s2p(3PO)5g    2s2p(3PO)6f    -1.74E-01 -3.41E+06 1.846E+04
2858   1   4  2s2p(3PO)5g    2s2p(3PO)6h    -1.94E+00 -3.84E+07 1.836E+04
2859   1   5  2s2p(3PO)5g    2s2p(3PO)7f    -2.20E-02 -1.10E+06 1.155E+04
2860   1   6  2s2p(3PO)5g    2s2p(3PO)7h    -2.31E-01 -1.16E+07 1.152E+04
2861   1   7  2s2p(3PO)5g    2s2p(3PO)8f    -6.22E-03 -4.80E+05 9.292E+03
2862   1   8  2s2p(3PO)5g    2s2p(3PO)8h    -6.87E-02 -5.32E+06 9.279E+03
2863   1   9  2s2p(3PO)5g    2s2p(3PO)9f    -2.55E-03 -2.53E+05 8.194E+03
2864   1  10  2s2p(3PO)5g    2s2p(3PO)9h    -2.98E-02 -2.97E+06 8.187E+03
2865   1  11  2s2p(3PO)5g    2s2p(3PO)10f    -1.29E-03 -1.51E+05 7.555E+03
2866   2   1  2s2p(3PO)6g    2s2p(3PO)4f     3.07E-01  4.73E+07 6.581E+03
2867   2   2  2s2p(3PO)6g    2s2p(3PO)5f     2.14E+00  4.06E+07 1.875E+04
2868   2   3  2s2p(3PO)6g    2s2p(3PO)6f    -5.01E-02 -3.77E+01 2.978E+06
2869   2   4  2s2p(3PO)6g    2s2p(3PO)6h    -7.94E-03 -2.02E+01 1.619E+06
2870   2   5  2s2p(3PO)6g    2s2p(3PO)7f    -2.17E-01 -1.55E+06 3.055E+04
2871   2   6  2s2p(3PO)6g    2s2p(3PO)7h    -1.53E+00 -1.11E+07 3.036E+04
2872   2   7  2s2p(3PO)6g    2s2p(3PO)8f    -3.60E-02 -6.94E+05 1.860E+04
2873   2   8  2s2p(3PO)6g    2s2p(3PO)8h    -2.83E-01 -5.49E+06 1.855E+04
2874   2   9  2s2p(3PO)6g    2s2p(3PO)9f    -1.18E-02 -3.66E+05 1.466E+04
2875   2  10  2s2p(3PO)6g    2s2p(3PO)9h    -1.01E-01 -3.14E+06 1.464E+04
2876   2  11  2s2p(3PO)6g    2s2p(3PO)10f    -5.28E-03 -2.17E+05 1.274E+04
2877   3   1  2s2p(3PO)7g    2s2p(3PO)4f     9.36E-02  2.12E+07 5.421E+03
2878   3   2  2s2p(3PO)7g    2s2p(3PO)5f     3.97E-01  1.95E+07 1.165E+04
2879   3   3  2s2p(3PO)7g    2s2p(3PO)6f     1.97E+00  1.36E+07 3.107E+04
2880   3   4  2s2p(3PO)7g    2s2p(3PO)6h     1.32E-01  8.96E+05 3.135E+04
2881   3   5  2s2p(3PO)7g    2s2p(3PO)7f    -7.54E-02 -2.37E+01 4.603E+06
2882   3   6  2s2p(3PO)7g    2s2p(3PO)7h    -1.41E-02 -1.70E+01 2.349E+06
2883   3   7  2s2p(3PO)7g    2s2p(3PO)8f    -2.57E-01 -7.74E+05 4.705E+04
2884   3   8  2s2p(3PO)7g    2s2p(3PO)8h    -1.31E+00 -4.00E+06 4.672E+04
2885   3   9  2s2p(3PO)7g    2s2p(3PO)9f    -4.84E-02 -4.11E+05 2.803E+04
2886   3  10  2s2p(3PO)7g    2s2p(3PO)9h    -2.90E-01 -2.48E+06 2.794E+04
2887   3  11  2s2p(3PO)7g    2s2p(3PO)10f    -1.71E-02 -2.41E+05 2.174E+04
2888   4   1  2s2p(3PO)8g    2s2p(3PO)4f     4.11E-02  1.16E+07 4.864E+03
2889   4   2  2s2p(3PO)8g    2s2p(3PO)5f     1.43E-01  1.09E+07 9.350E+03
2890   4   3  2s2p(3PO)8g    2s2p(3PO)6f     4.23E-01  8.01E+06 1.877E+04
2891   4   4  2s2p(3PO)8g    2s2p(3PO)6h     2.98E-02  5.58E+05 1.887E+04
2892   4   5  2s2p(3PO)8g    2s2p(3PO)7f     1.95E+00  5.68E+06 4.787E+04
2893   4   6  2s2p(3PO)8g    2s2p(3PO)7h     1.37E-01  3.91E+05 4.835E+04
2894   4   7  2s2p(3PO)8g    2s2p(3PO)8f    -9.68E-02 -1.38E+01 6.852E+06
2895   4   8  2s2p(3PO)8g    2s2p(3PO)8h    -2.02E-02 -1.19E+01 3.363E+06
2896   4   9  2s2p(3PO)8g    2s2p(3PO)9f    -3.02E-01 -4.28E+05 6.864E+04
2897   4  10  2s2p(3PO)8g    2s2p(3PO)9h    -1.16E+00 -1.67E+06 6.812E+04
2898   4  11  2s2p(3PO)8g    2s2p(3PO)10f    -6.09E-02 -2.52E+05 4.018E+04
2899   5   1  2s2p(3PO)9g    2s2p(3PO)4f     2.20E-02  7.11E+06 4.544E+03
2900   5   2  2s2p(3PO)9g    2s2p(3PO)5f     6.92E-02  6.80E+06 8.236E+03
2901   5   3  2s2p(3PO)9g    2s2p(3PO)6f     1.65E-01  5.05E+06 1.476E+04
2902   5   4  2s2p(3PO)9g    2s2p(3PO)6h     1.20E-02  3.64E+05 1.482E+04
2903   5   5  2s2p(3PO)9g    2s2p(3PO)7f     4.48E-01  3.74E+06 2.828E+04
2904   5   6  2s2p(3PO)9g    2s2p(3PO)7h     3.45E-02  2.84E+05 2.845E+04
2905   5   7  2s2p(3PO)9g    2s2p(3PO)8f     1.97E+00  2.69E+06 6.983E+04
2906   5   8  2s2p(3PO)9g    2s2p(3PO)8h     1.14E-01  1.53E+05 7.057E+04
2907   5   9  2s2p(3PO)9g    2s2p(3PO)9f    -1.16E-01 -8.05E+00 9.801E+06
2908   5  10  2s2p(3PO)9g    2s2p(3PO)9h    -2.63E-02 -7.95E+00 4.698E+06
2909   5  11  2s2p(3PO)9g    2s2p(3PO)10f    -3.53E-01 -2.56E+05 9.599E+04
2910   6   1  2s2p(3PO)10g    2s2p(3PO)4f     1.30E-02  4.60E+06 4.340E+03
2911   6   2  2s2p(3PO)10g    2s2p(3PO)5f     3.92E-02  4.54E+06 7.589E+03
2912   6   3  2s2p(3PO)10g    2s2p(3PO)6f     8.36E-02  3.40E+06 1.280E+04
2913   6   4  2s2p(3PO)10g    2s2p(3PO)6h     6.16E-03  2.49E+05 1.285E+04
2914   6   5  2s2p(3PO)10g    2s2p(3PO)7f     1.82E-01  2.54E+06 2.188E+04
2915   6   6  2s2p(3PO)10g    2s2p(3PO)7h     1.48E-02  2.04E+05 2.198E+04
2916   6   7  2s2p(3PO)10g    2s2p(3PO)8f     4.68E-01  1.90E+06 4.054E+04
2917   6   8  2s2p(3PO)10g    2s2p(3PO)8h     3.13E-02  1.25E+05 4.079E+04
2918   6   9  2s2p(3PO)10g    2s2p(3PO)9f     2.00E+00  1.40E+06 9.764E+04
2919   6  10  2s2p(3PO)10g    2s2p(3PO)9h     8.79E-02  6.02E+04 9.871E+04
2920   6  11  2s2p(3PO)10g    2s2p(3PO)10f    -1.33E-01 -4.94E+00 1.340E+07
**iont**
6	6	6155
**lines**
 2921   1   1  2s2_2p3s      2s2_2p2          8.54E-02  8.66E+07 2.564E+03
 2922   1   2  2s2_2p3s      2s2_2p3p      -3.64E-01 -4.31E+07 7.506E+03
 2923   1   3  2s2_2p3s      2s2_2p4p      -1.99E-02 -6.43E+06 4.545E+03
 2924   1   4  2s2_2p3s      2s2_2p5p      -5.31E-03 -2.30E+06 3.926E+03
 2925   1   5  2s2_2p3s      2s2_2p6p      -2.25E-03 -1.11E+06 3.673E+03
 2926   1   6  2s2_2p3s      2s2_2p7p      -1.18E-03 -6.27E+05 3.542E+03
 2927   1   7  2s2_2p3s      2s2_2p8p      -7.06E-04 -3.92E+05 3.465E+03
 2928   1   8  2s2_2p3s      2s2_2p9p      -4.59E-04 -2.63E+05 3.415E+03
 2929   1   9  2s2_2p3s      2s2_2p10p      -3.16E-04 -1.84E+05 3.380E+03
 2930   2   1  2s2_2p4s      2s2_2p2          5.15E-03  1.12E+07 1.751E+03
 2931   2   2  2s2_2p4s      2s2_2p3p       6.01E-01  9.13E+06 2.095E+04
 2932   2   3  2s2_2p4s      2s2_2p4p      -6.96E-01 -7.08E+06 2.561E+04
 2933   2   4  2s2_2p4s      2s2_2p5p      -5.10E-02 -1.85E+06 1.355E+04
 2934   2   5  2s2_2p4s      2s2_2p6p      -1.51E-02 -8.39E+05 1.096E+04
 2935   2   6  2s2_2p4s      2s2_2p7p      -6.77E-03 -4.64E+05 9.869E+03
 2936   2   7  2s2_2p4s      2s2_2p8p      -3.70E-03 -2.86E+05 9.289E+03
 2937   2   8  2s2_2p4s      2s2_2p9p      -2.28E-03 -1.90E+05 8.937E+03
 2938   2   9  2s2_2p4s      2s2_2p10p      -1.51E-03 -1.33E+05 8.706E+03
 2939   3   1  2s2_2p3d       2s2_2p2          1.40E-01  3.10E+08 1.736E+03
 2940   3   2  2s2_2p3d       2s2_2p3p       5.01E-01  9.32E+06 1.894E+04
 2941   3   3  2s2_2p3d       2s2_2p4p      -5.10E-02 -3.93E+05 2.944E+04
 2942   3   4  2s2_2p3d       2s2_2p5p      -7.27E-03 -2.29E+05 1.456E+04
 2943   3   5  2s2_2p3d       2s2_2p6p      -2.69E-03 -1.33E+05 1.160E+04
 2944   3   6  2s2_2p3d       2s2_2p7p      -1.34E-03 -8.28E+04 1.039E+04
 2945   3   7  2s2_2p3d       2s2_2p8p      -7.83E-04 -5.49E+04 9.749E+03
 2946   3   8  2s2_2p3d       2s2_2p9p      -5.01E-04 -3.81E+04 9.363E+03
 2947   3   9  2s2_2p3d       2s2_2p10p      -3.42E-04 -2.75E+04 9.109E+03
 2948   4   1  2s2_2p5s      2s2_2p2          9.94E-03  2.61E+07 1.594E+03
 2949   4   2  2s2_2p5s      2s2_2p3p       1.71E-03  1.24E+05 9.608E+03
 2950   4   3  2s2_2p5s      2s2_2p4p       1.21E+00  2.41E+06 5.781E+04
 2951   4   4  2s2_2p5s      2s2_2p5p      -1.07E+00 -2.17E+06 5.739E+04
 2952   4   5  2s2_2p5s      2s2_2p6p      -9.04E-02 -7.35E+05 2.864E+04
 2953   4   6  2s2_2p5s      2s2_2p7p      -2.80E-02 -3.78E+05 2.223E+04
 2954   4   7  2s2_2p5s      2s2_2p8p      -1.29E-02 -2.26E+05 1.949E+04
 2955   4   8  2s2_2p5s      2s2_2p9p      -7.19E-03 -1.48E+05 1.801E+04
 2956   4   9  2s2_2p5s      2s2_2p10p      -4.49E-03 -1.03E+05 1.709E+04
 2957   5   1  2s2_2p4d       2s2_2p2          5.13E-02  1.36E+08 1.589E+03
 2958   5   2  2s2_2p4d       2s2_2p3p       9.25E-03  6.94E+05 9.427E+03
 2959   5   3  2s2_2p4d       2s2_2p4p       3.95E-01  9.82E+05 5.181E+04
 2960   5   4  2s2_2p4d       2s2_2p5p      -3.58E-02 -5.68E+04 6.484E+04
 2961   5   5  2s2_2p4d       2s2_2p6p      -6.42E-03 -4.64E+04 3.039E+04
 2962   5   6  2s2_2p4d       2s2_2p7p      -2.53E-03 -3.12E+04 2.327E+04
 2963   5   7  2s2_2p4d       2s2_2p8p      -1.31E-03 -2.12E+04 2.028E+04
 2964   5   8  2s2_2p4d       2s2_2p9p      -7.85E-04 -1.50E+04 1.868E+04
 2965   5   9  2s2_2p4d       2s2_2p10p      -5.13E-04 -1.09E+04 1.770E+04
 2966   6   1  2s2_2p6s      2s2_2p2          6.53E-03  1.86E+07 1.531E+03
 2967   6   2  2s2_2p6s      2s2_2p3p       9.22E-05  1.04E+04 7.707E+03
 2968   6   3  2s2_2p6s      2s2_2p4p       6.79E-03  8.36E+04 2.327E+04
 2969   6   4  2s2_2p6s      2s2_2p5p       1.69E+00  7.67E+05 1.212E+05
 2970   6   5  2s2_2p6s      2s2_2p6p      -1.43E+00 -8.14E+05 1.082E+05
 2971   6   6  2s2_2p6s      2s2_2p7p      -1.26E-01 -3.13E+05 5.181E+04
 2972   6   7  2s2_2p6s      2s2_2p8p      -3.97E-02 -1.74E+05 3.902E+04
 2973   6   8  2s2_2p6s      2s2_2p9p      -1.85E-02 -1.10E+05 3.349E+04
 2974   6   9  2s2_2p6s      2s2_2p10p      -1.04E-02 -7.48E+04 3.045E+04
 2975   7   1  2s2_2p5d       2s2_2p2          2.39E-02  6.82E+07 1.529E+03
 2976   7   2  2s2_2p5d       2s2_2p3p       8.90E-03  1.01E+06 7.648E+03
 2977   7   3  2s2_2p5d       2s2_2p4p       1.84E-03  2.37E+04 2.274E+04
 2978   7   4  2s2_2p5d       2s2_2p5p       3.71E-01  2.12E+05 1.080E+05
 2979   7   5  2s2_2p5d       2s2_2p6p      -4.46E-02 -2.02E+04 1.215E+05
 2980   7   6  2s2_2p5d       2s2_2p7p      -7.43E-03 -1.66E+04 5.466E+04
 2981   7   7  2s2_2p5d       2s2_2p8p      -2.93E-03 -1.18E+04 4.062E+04
 2982   7   8  2s2_2p5d       2s2_2p9p      -1.53E-03 -8.50E+03 3.466E+04
 2983   7   9  2s2_2p5d       2s2_2p10p      -9.19E-04 -6.21E+03 3.142E+04
 2984   8   1  2s2_2p7s      2s2_2p2          4.18E-03  1.24E+07 1.500E+03
 2985   8   2  2s2_2p7s      2s2_2p3p       2.98E-04  4.10E+04 6.965E+03
 2986   8   3  2s2_2p7s      2s2_2p4p       2.02E-04  4.35E+03 1.761E+04
 2987   8   4  2s2_2p7s      2s2_2p5p       1.36E-02  4.42E+04 4.530E+04
 2988   8   5  2s2_2p7s      2s2_2p6p       2.13E+00  2.99E+05 2.180E+05
 2989   8   6  2s2_2p7s      2s2_2p7p      -1.77E+00 -3.54E+05 1.826E+05
 2990   8   7  2s2_2p7s      2s2_2p8p      -1.60E-01 -1.49E+05 8.474E+04
 2991   8   8  2s2_2p7s      2s2_2p9p      -5.10E-02 -8.75E+04 6.236E+04
 2992   8   9  2s2_2p7s      2s2_2p10p      -2.39E-02 -5.76E+04 5.261E+04
 2993   9   1  2s2_2p6d       2s2_2p2          1.31E-02  3.89E+07 1.498E+03
 2994   9   2  2s2_2p6d       2s2_2p3p       5.74E-03  7.96E+05 6.937E+03
 2995   9   3  2s2_2p6d       2s2_2p4p       3.69E-03  8.10E+04 1.743E+04
 2996   9   4  2s2_2p6d       2s2_2p5p       2.11E-04  7.22E+02 4.415E+04
 2997   9   5  2s2_2p6d       2s2_2p6p       3.68E-01  6.54E+04 1.937E+05
 2998   9   6  2s2_2p6d       2s2_2p7p      -5.78E-02 -9.26E+03 2.041E+05
 2999   9   7  2s2_2p6d       2s2_2p8p      -8.76E-03 -7.36E+03 8.908E+04
 3000   9   8  2s2_2p6d       2s2_2p9p      -3.40E-03 -5.42E+03 6.468E+04
 3001   9   9  2s2_2p6d       2s2_2p10p      -1.77E-03 -4.01E+03 5.425E+04
 3002  10   1  2s2_2p8s      2s2_2p2          2.77E-03  8.42E+06 1.481E+03
 3003  10   2  2s2_2p8s      2s2_2p3p       3.04E-04  4.68E+04 6.585E+03
 3004  10   3  2s2_2p8s      2s2_2p4p       9.92E-07  2.80E+01 1.536E+04
 3005  10   4  2s2_2p8s      2s2_2p5p       1.09E-03  6.70E+03 3.293E+04
 3006  10   5  2s2_2p8s      2s2_2p6p       2.09E-02  2.31E+04 7.765E+04
 3007  10   6  2s2_2p8s      2s2_2p7p       2.55E+00  1.35E+05 3.552E+05
 3008  10   7  2s2_2p8s      2s2_2p8p      -2.12E+00 -1.74E+05 2.849E+05
 3009  10   8  2s2_2p8s      2s2_2p9p      -1.94E-01 -7.76E+04 1.291E+05
 3010  10   9  2s2_2p8s      2s2_2p10p      -6.20E-02 -4.75E+04 9.330E+04
 3011  11   1  2s2_2p7d       2s2_2p2          7.98E-03  2.43E+07 1.480E+03
 3012  11   2  2s2_2p7d       2s2_2p3p       3.73E-03  5.77E+05 6.569E+03
 3013  11   3  2s2_2p7d       2s2_2p4p       2.86E-03  8.17E+04 1.528E+04
 3014  11   4  2s2_2p7d       2s2_2p5p       1.72E-03  1.08E+04 3.254E+04
 3015  11   5  2s2_2p7d       2s2_2p6p       1.85E-05  2.16E+01 7.554E+04
 3016  11   6  2s2_2p7d       2s2_2p7p       3.74E-01  2.51E+04 3.150E+05
 3017  11   7  2s2_2p7d       2s2_2p8p      -7.32E-02 -4.84E+03 3.175E+05
 3018  11   8  2s2_2p7d       2s2_2p9p      -1.02E-02 -3.71E+03 1.354E+05
 3019  11   9  2s2_2p7d       2s2_2p10p      -3.89E-03 -2.78E+03 9.654E+04
 3020  12   1  2s2_2p9s      2s2_2p2          1.91E-03  5.90E+06 1.470E+03
 3021  12   2  2s2_2p9s      2s2_2p3p       2.55E-04  4.20E+04 6.360E+03
 3022  12   3  2s2_2p9s      2s2_2p4p       2.96E-05  9.80E+02 1.419E+04
 3023  12   4  2s2_2p9s      2s2_2p5p       1.36E-04  1.16E+03 2.799E+04
 3024  12   5  2s2_2p9s      2s2_2p6p       2.32E-03  5.15E+03 5.482E+04
 3025  12   6  2s2_2p9s      2s2_2p7p       2.84E-02  1.27E+04 1.223E+05
 3026  12   7  2s2_2p9s      2s2_2p8p       2.96E+00  6.77E+04 5.400E+05
 3027  12   8  2s2_2p9s      2s2_2p9p      -2.47E+00 -9.35E+04 4.197E+05
 3028  12   9  2s2_2p9s      2s2_2p10p      -2.27E-01 -4.34E+04 1.867E+05
 3029  13   1  2s2_2p8d       2s2_2p2          5.22E-03  1.61E+07 1.469E+03
 3030  13   2  2s2_2p8d       2s2_2p3p       2.52E-03  4.17E+05 6.350E+03
 3031  13   3  2s2_2p8d       2s2_2p4p       2.05E-03  6.83E+04 1.415E+04
 3032  13   4  2s2_2p8d       2s2_2p5p       1.61E-03  1.39E+04 2.780E+04
 3033  13   5  2s2_2p8d       2s2_2p6p       7.94E-04  1.81E+03 5.411E+04
 3034  13   6  2s2_2p8d       2s2_2p7p       3.36E-04  1.59E+02 1.188E+05
 3035  13   7  2s2_2p8d       2s2_2p8p       3.86E-01  1.13E+04 4.781E+05
 3036  13   8  2s2_2p8d       2s2_2p9p      -9.00E-02 -2.76E+03 4.667E+05
 3037  13   9  2s2_2p8d       2s2_2p10p      -1.17E-02 -2.04E+03 1.954E+05
 3038  14   1  2s2_2p10s      2s2_2p2          1.37E-03  4.28E+06 1.462E+03
 3039  14   2  2s2_2p10s      2s2_2p3p       2.04E-04  3.52E+04 6.215E+03
 3040  14   3  2s2_2p10s      2s2_2p4p       4.51E-05  1.65E+03 1.349E+04
 3041  14   4  2s2_2p10s      2s2_2p5p       1.50E-05  1.55E+02 2.538E+04
 3042  14   5  2s2_2p10s      2s2_2p6p       4.77E-04  1.53E+03 4.565E+04
 3043  14   6  2s2_2p10s      2s2_2p7p       3.69E-03  3.45E+03 8.444E+04
 3044  14   7  2s2_2p10s      2s2_2p8p       3.58E-02  7.27E+03 1.812E+05
 3045  14   8  2s2_2p10s      2s2_2p9p       3.36E+00  3.69E+04 7.794E+05
 3046  14   9  2s2_2p10s      2s2_2p10p      -2.81E+00 -5.36E+04 5.913E+05
 3047  15   1  2s2_2p9d       2s2_2p2          3.61E-03  1.13E+07 1.461E+03
 3048  15   2  2s2_2p9d       2s2_2p3p       1.78E-03  3.08E+05 6.209E+03
 3049  15   3  2s2_2p9d       2s2_2p4p       1.48E-03  5.45E+04 1.346E+04
 3050  15   4  2s2_2p9d       2s2_2p5p       1.26E-03  1.32E+04 2.528E+04
 3051  15   5  2s2_2p9d       2s2_2p6p       9.34E-04  3.04E+03 4.530E+04
 3052  15   6  2s2_2p9d       2s2_2p7p       3.32E-04  3.19E+02 8.326E+04
 3053  15   7  2s2_2p9d       2s2_2p8p       8.75E-04  1.89E+02 1.759E+05
 3054  15   8  2s2_2p9d       2s2_2p9p       4.01E-01  5.63E+03 6.892E+05
 3055  15   9  2s2_2p9d       2s2_2p10p      -1.08E-01 -1.67E+03 6.565E+05
 3056  16   1  2s2_2p11s      2s2_2p2          1.01E-03  3.18E+06 1.456E+03
 3057  16   2  2s2_2p11s      2s2_2p3p       1.62E-04  2.89E+04 6.116E+03
 3058  16   3  2s2_2p11s      2s2_2p4p       4.74E-05  1.86E+03 1.303E+04
 3059  16   4  2s2_2p11s      2s2_2p5p       2.56E-07  3.01E+00 2.380E+04
 3060  16   5  2s2_2p11s      2s2_2p6p       1.30E-04  5.21E+02 4.078E+04
 3061  16   6  2s2_2p11s      2s2_2p7p       9.19E-04  1.28E+03 6.916E+04
 3062  16   7  2s2_2p11s      2s2_2p8p       5.14E-03  2.27E+03 1.229E+05
 3063  16   8  2s2_2p11s      2s2_2p9p       4.32E-02  4.38E+03 2.564E+05
 3064  16   9  2s2_2p11s      2s2_2p10p       3.76E+00  2.15E+04 1.081E+06
 3065   1   1  2s2_2p3p      2s2p2(2PE)3p  -5.75E-01 -4.71E+09 9.025E+02
 3066   1   2  2s2_2p3p      2s2p2(2PE)4p  -7.67E-04 -8.08E+06 7.957E+02
 3067   1   3  2s2_2p3p      2s2p2(2PE)5p  -9.32E-05 -1.06E+06 7.672E+02
 3068   1   4  2s2_2p3p      2s2p2(2PE)6p  -2.70E-05 -3.16E+05 7.546E+02
 3069   1   5  2s2_2p3p      2s2p2(2PE)7p  -1.13E-05 -1.35E+05 7.478E+02
 3070   1   6  2s2_2p3p      2s2p2(2PE)8p  -5.84E-06 -7.04E+04 7.437E+02
 3071   1   7  2s2_2p3p      2s2p2(2PE)9p  -3.42E-06 -4.15E+04 7.410E+02
 3072   1   8  2s2_2p3p      2s2p2(2PE)10p  -2.18E-06 -2.66E+04 7.392E+02
 3073   2   1  2s2_2p4p      2s2p2(2PE)3p  -3.41E-03 -2.17E+07 1.025E+03
 3074   2   2  2s2_2p4p      2s2p2(2PE)4p  -5.28E-01 -4.45E+09 8.892E+02
 3075   2   3  2s2_2p4p      2s2p2(2PE)5p  -1.23E-03 -1.13E+07 8.538E+02
 3076   2   4  2s2_2p4p      2s2p2(2PE)6p  -2.34E-04 -2.22E+06 8.382E+02
 3077   2   5  2s2_2p4p      2s2p2(2PE)7p  -8.76E-05 -8.49E+05 8.298E+02
 3078   2   6  2s2_2p4p      2s2p2(2PE)8p  -4.35E-05 -4.27E+05 8.248E+02
 3079   2   7  2s2_2p4p      2s2p2(2PE)9p  -2.52E-05 -2.49E+05 8.215E+02
 3080   2   8  2s2_2p4p      2s2p2(2PE)10p  -1.60E-05 -1.59E+05 8.193E+02
 3081   3   1  2s2_2p5p      2s2p2(2PE)3p  -9.73E-04 -5.63E+06 1.074E+03
 3082   3   2  2s2_2p5p      2s2p2(2PE)4p  -1.72E-03 -1.34E+07 9.257E+02
 3083   3   3  2s2_2p5p      2s2p2(2PE)5p  -5.21E-01 -4.41E+09 8.874E+02
 3084   3   4  2s2_2p5p      2s2p2(2PE)6p  -1.30E-03 -1.14E+07 8.705E+02
 3085   3   5  2s2_2p5p      2s2p2(2PE)7p  -2.75E-04 -2.47E+06 8.615E+02
 3086   3   6  2s2_2p5p      2s2p2(2PE)8p  -1.10E-04 -1.00E+06 8.561E+02
 3087   3   7  2s2_2p5p      2s2p2(2PE)9p  -5.69E-05 -5.22E+05 8.526E+02
 3088   3   8  2s2_2p5p      2s2p2(2PE)10p  -3.40E-05 -3.14E+05 8.502E+02
 3089   4   1  2s2_2p6p      2s2p2(2PE)3p  -4.39E-04 -2.43E+06 1.098E+03
 3090   4   2  2s2_2p6p      2s2p2(2PE)4p  -4.69E-04 -3.51E+06 9.441E+02
 3091   4   3  2s2_2p6p      2s2p2(2PE)5p  -1.36E-03 -1.11E+07 9.043E+02
 3092   4   4  2s2_2p6p      2s2p2(2PE)6p  -5.19E-01 -4.40E+09 8.868E+02
 3093   4   5  2s2_2p6p      2s2p2(2PE)7p  -1.32E-03 -1.14E+07 8.774E+02
 3094   4   6  2s2_2p6p      2s2p2(2PE)8p  -2.93E-04 -2.57E+06 8.718E+02
 3095   4   7  2s2_2p6p      2s2p2(2PE)9p  -1.21E-04 -1.07E+06 8.682E+02
 3096   4   8  2s2_2p6p      2s2p2(2PE)10p  -6.39E-05 -5.69E+05 8.657E+02
 3097   5   1  2s2_2p7p      2s2p2(2PE)3p  -2.40E-04 -1.29E+06 1.113E+03
 3098   5   2  2s2_2p7p      2s2p2(2PE)4p  -2.11E-04 -1.54E+06 9.547E+02
 3099   5   3  2s2_2p7p      2s2p2(2PE)5p  -3.66E-04 -2.92E+06 9.139E+02
 3100   5   4  2s2_2p7p      2s2p2(2PE)6p  -1.24E-03 -1.03E+07 8.961E+02
 3101   5   5  2s2_2p7p      2s2p2(2PE)7p  -5.18E-01 -4.40E+09 8.865E+02
 3102   5   6  2s2_2p7p      2s2p2(2PE)8p  -1.33E-03 -1.14E+07 8.808E+02
 3103   5   7  2s2_2p7p      2s2p2(2PE)9p  -3.02E-04 -2.62E+06 8.771E+02
 3104   5   8  2s2_2p7p      2s2p2(2PE)10p  -1.27E-04 -1.11E+06 8.745E+02
 3105   6   1  2s2_2p8p      2s2p2(2PE)3p  -1.47E-04 -7.79E+05 1.122E+03
 3106   6   2  2s2_2p8p      2s2p2(2PE)4p  -1.16E-04 -8.37E+05 9.613E+02
 3107   6   3  2s2_2p8p      2s2p2(2PE)5p  -1.65E-04 -1.30E+06 9.200E+02
 3108   6   4  2s2_2p8p      2s2p2(2PE)6p  -3.31E-04 -2.71E+06 9.019E+02
 3109   6   5  2s2_2p8p      2s2p2(2PE)7p  -1.19E-03 -9.97E+06 8.922E+02
 3110   6   6  2s2_2p8p      2s2p2(2PE)8p  -5.18E-01 -4.40E+09 8.864E+02
 3111   6   7  2s2_2p8p      2s2p2(2PE)9p  -1.34E-03 -1.15E+07 8.826E+02
 3112   6   8  2s2_2p8p      2s2p2(2PE)10p  -3.07E-04 -2.64E+06 8.800E+02
 3113   7   1  2s2_2p9p      2s2p2(2PE)3p  -9.73E-05 -5.10E+05 1.128E+03
 3114   7   2  2s2_2p9p      2s2p2(2PE)4p  -7.23E-05 -5.17E+05 9.657E+02
 3115   7   3  2s2_2p9p      2s2p2(2PE)5p  -9.18E-05 -7.17E+05 9.240E+02
 3116   7   4  2s2_2p9p      2s2p2(2PE)6p  -1.49E-04 -1.21E+06 9.058E+02
 3117   7   5  2s2_2p9p      2s2p2(2PE)7p  -3.14E-04 -2.61E+06 8.960E+02
 3118   7   6  2s2_2p9p      2s2p2(2PE)8p  -1.16E-03 -9.76E+06 8.901E+02
 3119   7   7  2s2_2p9p      2s2p2(2PE)9p  -5.18E-01 -4.40E+09 8.863E+02
 3120   7   8  2s2_2p9p      2s2p2(2PE)10p  -1.34E-03 -1.14E+07 8.837E+02
 3121   8   1  2s2_2p10p      2s2p2(2PE)3p  -6.78E-05 -3.53E+05 1.132E+03
 3122   8   2  2s2_2p10p      2s2p2(2PE)4p  -4.83E-05 -3.43E+05 9.687E+02
 3123   8   3  2s2_2p10p      2s2p2(2PE)5p  -5.75E-05 -4.46E+05 9.268E+02
 3124   8   4  2s2_2p10p      2s2p2(2PE)6p  -8.32E-05 -6.72E+05 9.085E+02
 3125   8   5  2s2_2p10p      2s2p2(2PE)7p  -1.41E-04 -1.16E+06 8.986E+02
 3126   8   6  2s2_2p10p      2s2p2(2PE)8p  -3.05E-04 -2.55E+06 8.927E+02
 3127   8   7  2s2_2p10p      2s2p2(2PE)9p  -1.14E-03 -9.62E+06 8.889E+02
 3128   8   8  2s2_2p10p      2s2p2(2PE)10p  -5.17E-01 -4.39E+09 8.863E+02
 3129   1   1  2s2_2p3s      2s2_2p3p      -7.56E-01 -2.51E+07 1.418E+04
 3130   1   2  2s2_2p3s      2s2_2p4p      -2.50E-02 -6.85E+06 4.932E+03
 3131   1   3  2s2_2p3s      2s2_2p5p      -1.18E-02 -4.81E+06 4.047E+03
 3132   1   4  2s2_2p3s      2s2_2p6p      -6.21E-03 -2.98E+06 3.729E+03
 3133   1   5  2s2_2p3s      2s2_2p7p      -3.66E-03 -1.91E+06 3.573E+03
 3134   1   6  2s2_2p3s      2s2_2p8p      -2.33E-03 -1.28E+06 3.484E+03
 3135   1   7  2s2_2p3s      2s2_2p9p      -1.58E-03 -8.97E+05 3.427E+03
 3136   1   8  2s2_2p3s      2s2_2p10p      -1.12E-03 -6.50E+05 3.389E+03
 3137   2   1  2s2_2p4s      2s2_2p3p       6.70E-02  5.45E+06 9.056E+03
 3138   2   2  2s2_2p4s      2s2_2p4p      -7.61E-01 -2.41E+06 4.591E+04
 3139   2   3  2s2_2p4s      2s2_2p5p      -1.13E-02 -3.30E+05 1.512E+04
 3140   2   4  2s2_2p4s      2s2_2p6p      -7.17E-03 -3.64E+05 1.147E+04
 3141   2   5  2s2_2p4s      2s2_2p7p      -4.19E-03 -2.73E+05 1.011E+04
 3142   2   6  2s2_2p4s      2s2_2p8p      -2.62E-03 -1.97E+05 9.426E+03
 3143   2   7  2s2_2p4s      2s2_2p9p      -1.74E-03 -1.43E+05 9.023E+03
 3144   2   8  2s2_2p4s      2s2_2p10p      -1.22E-03 -1.06E+05 8.764E+03
 3145   3   1  2s2_2p3d       2s2_2p3p       9.47E-01  8.43E+07 8.658E+03
 3146   3   2  2s2_2p3d       2s2_2p4p      -6.02E-01 -1.12E+06 5.989E+04
 3147   3   3  2s2_2p3d       2s2_2p5p      -9.28E-04 -2.31E+04 1.637E+04
 3148   3   4  2s2_2p3d       2s2_2p6p      -6.24E-04 -2.81E+04 1.218E+04
 3149   3   5  2s2_2p3d       2s2_2p7p      -3.53E-04 -2.07E+04 1.066E+04
 3150   3   6  2s2_2p3d       2s2_2p8p      -2.15E-04 -1.46E+04 9.900E+03
 3151   3   7  2s2_2p3d       2s2_2p9p      -1.41E-04 -1.05E+04 9.457E+03
 3152   3   8  2s2_2p3d       2s2_2p10p      -9.76E-05 -7.74E+03 9.172E+03
 3153   4   1  2s2_2p5s      2s2_2p3p       9.54E-03  1.77E+06 5.996E+03
 3154   4   2  2s2_2p5s      2s2_2p4p       3.73E-02  2.97E+05 2.893E+04
 3155   4   3  2s2_2p5s      2s2_2p5p      -5.57E-01 -3.57E+05 1.020E+05
 3156   4   4  2s2_2p5s      2s2_2p6p      -6.64E-03 -4.22E+04 3.241E+04
 3157   4   5  2s2_2p5s      2s2_2p7p      -5.09E-03 -6.15E+04 2.350E+04
 3158   4   6  2s2_2p5s      2s2_2p8p      -3.18E-03 -5.25E+04 2.010E+04
 3159   4   7  2s2_2p5s      2s2_2p9p      -2.08E-03 -4.12E+04 1.836E+04
 3160   4   8  2s2_2p5s      2s2_2p10p      -1.43E-03 -3.18E+04 1.732E+04
 3161   5   1  2s2_2p4d       2s2_2p3p       1.15E-01  2.18E+07 5.925E+03
 3162   5   2  2s2_2p4d       2s2_2p4p       1.36E+00  1.21E+07 2.734E+04
 3163   5   3  2s2_2p4d       2s2_2p5p      -1.37E+00 -5.56E+05 1.282E+05
 3164   5   4  2s2_2p4d       2s2_2p6p      -1.18E-03 -6.55E+03 3.466E+04
 3165   5   5  2s2_2p4d       2s2_2p7p      -1.24E-03 -1.36E+04 2.466E+04
 3166   5   6  2s2_2p4d       2s2_2p8p      -7.78E-04 -1.18E+04 2.095E+04
 3167   5   7  2s2_2p4d       2s2_2p9p      -5.01E-04 -9.20E+03 1.906E+04
 3168   5   8  2s2_2p4d       2s2_2p10p      -3.40E-04 -7.05E+03 1.794E+04
 3169   6   1  2s2_2p6s      2s2_2p3p       4.30E-03  1.06E+06 5.196E+03
 3170   6   2  2s2_2p6s      2s2_2p4p       8.68E-03  2.10E+05 1.660E+04
 3171   6   3  2s2_2p6s      2s2_2p5p       4.49E-02  7.54E+04 6.301E+04
 3172   6   4  2s2_2p6s      2s2_2p6p      -5.02E-01 -8.99E+04 1.930E+05
 3173   6   5  2s2_2p6s      2s2_2p7p      -4.73E-03 -8.99E+03 5.924E+04
 3174   6   6  2s2_2p6s      2s2_2p8p      -4.13E-03 -1.60E+04 4.155E+04
 3175   6   7  2s2_2p6s      2s2_2p9p      -2.71E-03 -1.50E+04 3.473E+04
 3176   6   8  2s2_2p6s      2s2_2p10p      -1.83E-03 -1.26E+04 3.118E+04
 3177   7   1  2s2_2p5d       2s2_2p3p       3.72E-02  9.29E+06 5.169E+03
 3178   7   2  2s2_2p5d       2s2_2p4p       1.74E-01  4.35E+06 1.633E+04
 3179   7   3  2s2_2p5d       2s2_2p5p       1.78E+00  3.38E+06 5.925E+04
 3180   7   4  2s2_2p5d       2s2_2p6p      -1.97E+00 -2.29E+05 2.395E+05
 3181   7   5  2s2_2p5d       2s2_2p7p      -8.02E-04 -1.35E+03 6.299E+04
 3182   7   6  2s2_2p5d       2s2_2p8p      -1.33E-03 -4.72E+03 4.336E+04
 3183   7   7  2s2_2p5d       2s2_2p9p      -9.08E-04 -4.68E+03 3.598E+04
 3184   7   8  2s2_2p5d       2s2_2p10p      -6.10E-04 -3.93E+03 3.218E+04
 3185   8   1  2s2_2p7s      2s2_2p3p       2.37E-03  6.73E+05 4.848E+03
 3186   8   2  2s2_2p7s      2s2_2p4p       3.80E-03  1.39E+05 1.350E+04
 3187   8   3  2s2_2p7s      2s2_2p5p       9.92E-03  5.84E+04 3.367E+04
 3188   8   4  2s2_2p7s      2s2_2p6p       5.86E-02  2.92E+04 1.157E+05
 3189   8   5  2s2_2p7s      2s2_2p7p      -4.86E-01 -3.03E+04 3.272E+05
 3190   8   6  2s2_2p7s      2s2_2p8p      -3.57E-03 -2.50E+03 9.765E+04
 3191   8   7  2s2_2p7s      2s2_2p9p      -3.51E-03 -5.25E+03 6.680E+04
 3192   8   8  2s2_2p7s      2s2_2p10p      -2.39E-03 -5.31E+03 5.479E+04
 3193   9   1  2s2_2p6d       2s2_2p3p       1.72E-02  4.91E+06 4.834E+03
 3194   9   2  2s2_2p6d       2s2_2p4p       5.82E-02  2.16E+06 1.340E+04
 3195   9   3  2s2_2p6d       2s2_2p5p       2.34E-01  1.43E+06 3.303E+04
 3196   9   4  2s2_2p6d       2s2_2p6p       2.20E+00  1.25E+06 1.085E+05
 3197   9   5  2s2_2p6d       2s2_2p7p      -2.53E+00 -1.04E+05 4.031E+05
 3198   9   6  2s2_2p6d       2s2_2p8p      -5.27E-04 -3.28E+02 1.035E+05
 3199   9   7  2s2_2p6d       2s2_2p9p      -1.35E-03 -1.87E+03 6.947E+04
 3200   9   8  2s2_2p6d       2s2_2p10p      -9.84E-04 -2.05E+03 5.658E+04
 3201  10   1  2s2_2p8s      2s2_2p3p       1.46E-03  4.48E+05 4.661E+03
 3202  10   2  2s2_2p8s      2s2_2p4p       2.08E-03  9.41E+04 1.214E+04
 3203  10   3  2s2_2p8s      2s2_2p5p       4.24E-03  4.08E+04 2.632E+04
 3204  10   4  2s2_2p8s      2s2_2p6p       1.17E-02  2.24E+04 5.904E+04
 3205  10   5  2s2_2p8s      2s2_2p7p       7.53E-02  1.38E+04 1.910E+05
 3206  10   6  2s2_2p8s      2s2_2p8p      -4.88E-01 -1.24E+04 5.130E+05
 3207  10   7  2s2_2p8s      2s2_2p9p      -2.76E-03 -8.21E+02 1.497E+05
 3208  10   8  2s2_2p8s      2s2_2p10p      -3.03E-03 -2.00E+03 1.004E+05
 3209  11   1  2s2_2p7d       2s2_2p3p       9.55E-03  2.94E+06 4.653E+03
 3210  11   2  2s2_2p7d       2s2_2p4p       2.76E-02  1.26E+06 1.209E+04
 3211  11   3  2s2_2p7d       2s2_2p5p       8.02E-02  7.87E+05 2.608E+04
 3212  11   4  2s2_2p7d       2s2_2p6p       2.92E-01  5.83E+05 5.782E+04
 3213  11   5  2s2_2p7d       2s2_2p7p       2.60E+00  5.43E+05 1.787E+05
 3214  11   6  2s2_2p7d       2s2_2p8p      -3.06E+00 -5.16E+04 6.291E+05
 3215  11   7  2s2_2p7d       2s2_2p9p      -3.58E-04 -9.54E+01 1.582E+05
 3216  11   8  2s2_2p7d       2s2_2p10p      -1.39E-03 -8.54E+02 1.042E+05
 3217  12   1  2s2_2p9s      2s2_2p3p       9.63E-04  3.11E+05 4.547E+03
 3218  12   2  2s2_2p9s      2s2_2p4p       1.28E-03  6.57E+04 1.140E+04
 3219  12   3  2s2_2p9s      2s2_2p5p       2.30E-03  2.88E+04 2.307E+04
 3220  12   4  2s2_2p9s      2s2_2p6p       4.86E-03  1.61E+04 4.485E+04
 3221  12   5  2s2_2p9s      2s2_2p7p       1.38E-02  1.03E+04 9.437E+04
 3222  12   6  2s2_2p9s      2s2_2p8p       9.40E-02  7.30E+03 2.931E+05
 3223  12   7  2s2_2p9s      2s2_2p9p      -4.99E-01 -5.78E+03 7.587E+05
 3224  12   8  2s2_2p9s      2s2_2p10p      -2.14E-03 -3.02E+02 2.175E+05
 3225  13   1  2s2_2p8d       2s2_2p3p       5.91E-03  1.91E+06 4.542E+03
 3226  13   2  2s2_2p8d       2s2_2p4p       1.56E-02  8.05E+05 1.137E+04
 3227  13   3  2s2_2p8d       2s2_2p5p       3.86E-02  4.89E+05 2.294E+04
 3228  13   4  2s2_2p8d       2s2_2p6p       1.02E-01  3.46E+05 4.437E+04
 3229  13   5  2s2_2p8d       2s2_2p7p       3.49E-01  2.73E+05 9.228E+04
 3230  13   6  2s2_2p8d       2s2_2p8p       3.00E+00  2.67E+05 2.738E+05
 3231  13   7  2s2_2p8d       2s2_2p9p      -3.58E+00 -2.78E+04 9.274E+05
 3232  13   8  2s2_2p8d       2s2_2p10p      -2.54E-04 -3.22E+01 2.295E+05
 3233  14   1  2s2_2p10s      2s2_2p3p       6.70E-04  2.23E+05 4.472E+03
 3234  14   2  2s2_2p10s      2s2_2p4p       8.50E-04  4.74E+04 1.094E+04
 3235  14   3  2s2_2p10s      2s2_2p5p       1.42E-03  2.09E+04 2.127E+04
 3236  14   4  2s2_2p10s      2s2_2p6p       2.62E-03  1.18E+04 3.852E+04
 3237  14   5  2s2_2p10s      2s2_2p7p       5.58E-03  7.57E+03 7.011E+04
 3238  14   6  2s2_2p10s      2s2_2p8p       1.60E-02  5.35E+03 1.413E+05
 3239  14   7  2s2_2p10s      2s2_2p9p       1.14E-01  4.19E+03 4.260E+05
 3240  14   8  2s2_2p10s      2s2_2p10p      -5.16E-01 -2.99E+03 1.073E+06
 3241  15   1  2s2_2p9d       2s2_2p3p       3.93E-03  1.31E+06 4.469E+03
 3242  15   2  2s2_2p9d       2s2_2p4p       9.77E-03  5.46E+05 1.092E+04
 3243  15   3  2s2_2p9d       2s2_2p5p       2.20E-02  3.27E+05 2.119E+04
 3244  15   4  2s2_2p9d       2s2_2p6p       4.93E-02  2.25E+05 3.827E+04
 3245  15   5  2s2_2p9d       2s2_2p7p       1.22E-01  1.69E+05 6.930E+04
 3246  15   6  2s2_2p9d       2s2_2p8p       4.05E-01  1.42E+05 1.380E+05
 3247  15   7  2s2_2p9d       2s2_2p9p       3.40E+00  1.44E+05 3.975E+05
 3248  15   8  2s2_2p9d       2s2_2p10p      -4.09E+00 -1.59E+04 1.308E+06
 3249  16   1  2s2_2p11s      2s2_2p3p       4.85E-04  1.66E+05 4.421E+03
 3250  16   2  2s2_2p11s      2s2_2p4p       5.97E-04  3.52E+04 1.064E+04
 3251  16   3  2s2_2p11s      2s2_2p5p       9.49E-04  1.56E+04 2.015E+04
 3252  16   4  2s2_2p11s      2s2_2p6p       1.61E-03  8.77E+03 3.499E+04
 3253  16   5  2s2_2p11s      2s2_2p7p       2.98E-03  5.66E+03 5.924E+04
 3254  16   6  2s2_2p11s      2s2_2p8p       6.36E-03  3.99E+03 1.032E+05
 3255  16   7  2s2_2p11s      2s2_2p9p       1.84E-02  3.02E+03 2.014E+05
 3256  16   8  2s2_2p11s      2s2_2p10p       1.36E-01  2.57E+03 5.937E+05
 3257   1   1  2s2_2p3d       2s2_2p3p       2.09E+00  1.47E+08 9.733E+03
 3258   1   2  2s2_2p3d       2s2_2p4p      -6.11E-01 -3.53E+06 3.396E+04
 3259   1   3  2s2_2p3d       2s2_2p5p      -2.74E-02 -9.96E+05 1.355E+04
 3260   1   4  2s2_2p3d       2s2_2p6p      -8.44E-03 -5.07E+05 1.054E+04
 3261   1   5  2s2_2p3d       2s2_2p7p      -3.92E-03 -2.97E+05 9.383E+03
 3262   1   6  2s2_2p3d       2s2_2p8p      -2.20E-03 -1.90E+05 8.790E+03
 3263   1   7  2s2_2p3d       2s2_2p9p      -1.37E-03 -1.28E+05 8.439E+03
 3264   1   8  2s2_2p3d       2s2_2p10p      -9.21E-04 -9.11E+04 8.212E+03
 3265   2   1  2s2_2p4d       2s2_2p3p       3.11E-02  5.47E+06 6.158E+03
 3266   2   2  2s2_2p4d       2s2_2p4p       2.79E+00  1.70E+07 3.312E+04
 3267   2   3  2s2_2p4d       2s2_2p5p      -1.24E+00 -1.66E+06 7.050E+04
 3268   2   4  2s2_2p4d       2s2_2p6p      -6.43E-02 -5.32E+05 2.838E+04
 3269   2   5  2s2_2p4d       2s2_2p7p      -1.97E-02 -2.89E+05 2.130E+04
 3270   2   6  2s2_2p4d       2s2_2p8p      -9.17E-03 -1.79E+05 1.848E+04
 3271   2   7  2s2_2p4d       2s2_2p9p      -5.17E-03 -1.19E+05 1.699E+04
 3272   2   8  2s2_2p4d       2s2_2p10p      -3.26E-03 -8.39E+04 1.609E+04
 3273   3   1  2s2_2p5d       2s2_2p3p       4.27E-04  1.03E+05 5.267E+03
 3274   3   2  2s2_2p5d       2s2_2p4p       6.95E-02  1.54E+06 1.734E+04
 3275   3   3  2s2_2p5d       2s2_2p5p       3.48E+00  4.09E+06 7.529E+04
 3276   3   4  2s2_2p5d       2s2_2p6p      -1.87E+00 -7.53E+05 1.287E+05
 3277   3   5  2s2_2p5d       2s2_2p7p      -1.04E-01 -2.63E+05 5.136E+04
 3278   3   6  2s2_2p5d       2s2_2p8p      -3.18E-02 -1.51E+05 3.751E+04
 3279   3   7  2s2_2p5d       2s2_2p9p      -1.48E-02 -9.72E+04 3.186E+04
 3280   3   8  2s2_2p5d       2s2_2p10p      -8.38E-03 -6.72E+04 2.885E+04
 3281   4   1  2s2_2p6d       2s2_2p3p       2.41E-04  6.73E+04 4.886E+03
 3282   4   2  2s2_2p6d       2s2_2p4p       6.83E-03  2.39E+05 1.380E+04
 3283   4   3  2s2_2p6d       2s2_2p5p       1.05E-01  5.52E+05 3.561E+04
 3284   4   4  2s2_2p6d       2s2_2p6p       4.16E+00  1.37E+06 1.423E+05
 3285   4   5  2s2_2p6d       2s2_2p7p      -2.49E+00 -3.63E+05 2.140E+05
 3286   4   6  2s2_2p6d       2s2_2p8p      -1.44E-01 -1.35E+05 8.434E+04
 3287   4   7  2s2_2p6d       2s2_2p9p      -4.40E-02 -8.07E+04 6.029E+04
 3288   4   8  2s2_2p6d       2s2_2p10p      -2.05E-02 -5.40E+04 5.033E+04
 3289   5   1  2s2_2p7d       2s2_2p3p       6.18E-04  1.88E+05 4.684E+03
 3290   5   2  2s2_2p7d       2s2_2p4p       9.24E-04  4.07E+04 1.230E+04
 3291   5   3  2s2_2p7d       2s2_2p5p       1.52E-02  1.38E+05 2.708E+04
 3292   5   4  2s2_2p7d       2s2_2p6p       1.38E-01  2.32E+05 6.300E+04
 3293   5   5  2s2_2p7d       2s2_2p7p       4.82E+00  5.59E+05 2.397E+05
 3294   5   6  2s2_2p7d       2s2_2p8p      -3.11E+00 -1.88E+05 3.319E+05
 3295   5   7  2s2_2p7d       2s2_2p9p      -1.84E-01 -7.36E+04 1.291E+05
 3296   5   8  2s2_2p7d       2s2_2p10p      -5.59E-02 -4.53E+04 9.072E+04
 3297   6   1  2s2_2p8d       2s2_2p3p       6.93E-04  2.22E+05 4.562E+03
 3298   6   2  2s2_2p8d       2s2_2p4p       1.08E-04  5.45E+03 1.149E+04
 3299   6   3  2s2_2p8d       2s2_2p5p       3.68E-03  4.46E+04 2.346E+04
 3300   6   4  2s2_2p8d       2s2_2p6p       2.41E-02  7.48E+04 4.637E+04
 3301   6   5  2s2_2p8d       2s2_2p7p       1.71E-01  1.11E+05 1.014E+05
 3302   6   6  2s2_2p8d       2s2_2p8p       5.46E+00  2.61E+05 3.732E+05
 3303   6   7  2s2_2p8d       2s2_2p9p      -3.72E+00 -1.04E+05 4.876E+05
 3304   6   8  2s2_2p8d       2s2_2p10p      -2.23E-01 -4.23E+04 1.876E+05
 3305   7   1  2s2_2p9d       2s2_2p3p       6.37E-04  2.11E+05 4.483E+03
 3306   7   2  2s2_2p9d       2s2_2p4p       2.66E-06  1.47E+02 1.100E+04
 3307   7   3  2s2_2p9d       2s2_2p5p       1.15E-03  1.66E+04 2.151E+04
 3308   7   4  2s2_2p9d       2s2_2p6p       7.11E-03  3.07E+04 3.931E+04
 3309   7   5  2s2_2p9d       2s2_2p7p       3.31E-02  4.17E+04 7.279E+04
 3310   7   6  2s2_2p9d       2s2_2p8p       2.03E-01  5.82E+04 1.526E+05
 3311   7   7  2s2_2p9d       2s2_2p9p       6.10E+00  1.35E+05 5.484E+05
 3312   7   8  2s2_2p9d       2s2_2p10p      -4.34E+00 -6.14E+04 6.866E+05
 3313   8   1  2s2_2p10d       2s2_2p3p       5.47E-04  1.86E+05 4.428E+03
 3314   8   2  2s2_2p10d       2s2_2p4p       6.20E-06  3.62E+02 1.068E+04
 3315   8   3  2s2_2p10d       2s2_2p5p       4.20E-04  6.79E+03 2.031E+04
 3316   8   4  2s2_2p10d       2s2_2p6p       2.75E-03  1.46E+04 3.547E+04
 3317   8   5  2s2_2p10d       2s2_2p7p       1.08E-02  1.96E+04 6.063E+04
 3318   8   6  2s2_2p10d       2s2_2p8p       4.20E-02  2.43E+04 1.074E+05
 3319   8   7  2s2_2p10d       2s2_2p9p       2.35E-01  3.28E+04 2.185E+05
 3320   8   8  2s2_2p10d       2s2_2p10p       6.74E+00  7.57E+04 7.708E+05
 3321   1   1  2s2_2p3s      2s2_2p3p      -7.56E-01 -2.51E+07 1.418E+04
 3322   1   2  2s2_2p3s      2s2_2p4p      -2.50E-02 -6.85E+06 4.932E+03
 3323   1   3  2s2_2p3s      2s2_2p5p      -1.18E-02 -4.81E+06 4.047E+03
 3324   1   4  2s2_2p3s      2s2_2p6p      -6.21E-03 -2.98E+06 3.729E+03
 3325   1   5  2s2_2p3s      2s2_2p7p      -3.66E-03 -1.91E+06 3.573E+03
 3326   1   6  2s2_2p3s      2s2_2p8p      -2.33E-03 -1.28E+06 3.484E+03
 3327   1   7  2s2_2p3s      2s2_2p9p      -1.58E-03 -8.97E+05 3.427E+03
 3328   1   8  2s2_2p3s      2s2_2p10p      -1.12E-03 -6.50E+05 3.389E+03
 3329   2   1  2s2_2p4s      2s2_2p3p       6.70E-02  5.45E+06 9.056E+03
 3330   2   2  2s2_2p4s      2s2_2p4p      -7.61E-01 -2.41E+06 4.591E+04
 3331   2   3  2s2_2p4s      2s2_2p5p      -1.13E-02 -3.30E+05 1.512E+04
 3332   2   4  2s2_2p4s      2s2_2p6p      -7.17E-03 -3.64E+05 1.147E+04
 3333   2   5  2s2_2p4s      2s2_2p7p      -4.19E-03 -2.73E+05 1.011E+04
 3334   2   6  2s2_2p4s      2s2_2p8p      -2.62E-03 -1.97E+05 9.426E+03
 3335   2   7  2s2_2p4s      2s2_2p9p      -1.74E-03 -1.43E+05 9.023E+03
 3336   2   8  2s2_2p4s      2s2_2p10p      -1.22E-03 -1.06E+05 8.764E+03
 3337   3   1  2s2_2p3d       2s2_2p3p       9.47E-01  8.43E+07 8.658E+03
 3338   3   2  2s2_2p3d       2s2_2p4p      -6.02E-01 -1.12E+06 5.989E+04
 3339   3   3  2s2_2p3d       2s2_2p5p      -9.28E-04 -2.31E+04 1.637E+04
 3340   3   4  2s2_2p3d       2s2_2p6p      -6.24E-04 -2.81E+04 1.218E+04
 3341   3   5  2s2_2p3d       2s2_2p7p      -3.53E-04 -2.07E+04 1.066E+04
 3342   3   6  2s2_2p3d       2s2_2p8p      -2.15E-04 -1.46E+04 9.900E+03
 3343   3   7  2s2_2p3d       2s2_2p9p      -1.41E-04 -1.05E+04 9.457E+03
 3344   3   8  2s2_2p3d       2s2_2p10p      -9.76E-05 -7.74E+03 9.172E+03
 3345   4   1  2s2_2p5s      2s2_2p3p       9.54E-03  1.77E+06 5.996E+03
 3346   4   2  2s2_2p5s      2s2_2p4p       3.73E-02  2.97E+05 2.893E+04
 3347   4   3  2s2_2p5s      2s2_2p5p      -5.57E-01 -3.57E+05 1.020E+05
 3348   4   4  2s2_2p5s      2s2_2p6p      -6.64E-03 -4.22E+04 3.241E+04
 3349   4   5  2s2_2p5s      2s2_2p7p      -5.09E-03 -6.15E+04 2.350E+04
 3350   4   6  2s2_2p5s      2s2_2p8p      -3.18E-03 -5.25E+04 2.010E+04
 3351   4   7  2s2_2p5s      2s2_2p9p      -2.08E-03 -4.12E+04 1.836E+04
 3352   4   8  2s2_2p5s      2s2_2p10p      -1.43E-03 -3.18E+04 1.732E+04
 3353   5   1  2s2_2p4d       2s2_2p3p       1.15E-01  2.18E+07 5.925E+03
 3354   5   2  2s2_2p4d       2s2_2p4p       1.36E+00  1.21E+07 2.734E+04
 3355   5   3  2s2_2p4d       2s2_2p5p      -1.37E+00 -5.56E+05 1.282E+05
 3356   5   4  2s2_2p4d       2s2_2p6p      -1.18E-03 -6.55E+03 3.466E+04
 3357   5   5  2s2_2p4d       2s2_2p7p      -1.24E-03 -1.36E+04 2.466E+04
 3358   5   6  2s2_2p4d       2s2_2p8p      -7.78E-04 -1.18E+04 2.095E+04
 3359   5   7  2s2_2p4d       2s2_2p9p      -5.01E-04 -9.20E+03 1.906E+04
 3360   5   8  2s2_2p4d       2s2_2p10p      -3.40E-04 -7.05E+03 1.794E+04
 3361   6   1  2s2_2p6s      2s2_2p3p       4.30E-03  1.06E+06 5.196E+03
 3362   6   2  2s2_2p6s      2s2_2p4p       8.68E-03  2.10E+05 1.660E+04
 3363   6   3  2s2_2p6s      2s2_2p5p       4.49E-02  7.54E+04 6.301E+04
 3364   6   4  2s2_2p6s      2s2_2p6p      -5.02E-01 -8.99E+04 1.930E+05
 3365   6   5  2s2_2p6s      2s2_2p7p      -4.73E-03 -8.99E+03 5.924E+04
 3366   6   6  2s2_2p6s      2s2_2p8p      -4.13E-03 -1.60E+04 4.155E+04
 3367   6   7  2s2_2p6s      2s2_2p9p      -2.71E-03 -1.50E+04 3.473E+04
 3368   6   8  2s2_2p6s      2s2_2p10p      -1.83E-03 -1.26E+04 3.118E+04
 3369   7   1  2s2_2p5d       2s2_2p3p       3.72E-02  9.29E+06 5.169E+03
 3370   7   2  2s2_2p5d       2s2_2p4p       1.74E-01  4.35E+06 1.633E+04
 3371   7   3  2s2_2p5d       2s2_2p5p       1.78E+00  3.38E+06 5.925E+04
 3372   7   4  2s2_2p5d       2s2_2p6p      -1.97E+00 -2.29E+05 2.395E+05
 3373   7   5  2s2_2p5d       2s2_2p7p      -8.02E-04 -1.35E+03 6.299E+04
 3374   7   6  2s2_2p5d       2s2_2p8p      -1.33E-03 -4.72E+03 4.336E+04
 3375   7   7  2s2_2p5d       2s2_2p9p      -9.08E-04 -4.68E+03 3.598E+04
 3376   7   8  2s2_2p5d       2s2_2p10p      -6.10E-04 -3.93E+03 3.218E+04
 3377   8   1  2s2_2p7s      2s2_2p3p       2.37E-03  6.73E+05 4.848E+03
 3378   8   2  2s2_2p7s      2s2_2p4p       3.80E-03  1.39E+05 1.350E+04
 3379   8   3  2s2_2p7s      2s2_2p5p       9.92E-03  5.84E+04 3.367E+04
 3380   8   4  2s2_2p7s      2s2_2p6p       5.86E-02  2.92E+04 1.157E+05
 3381   8   5  2s2_2p7s      2s2_2p7p      -4.86E-01 -3.03E+04 3.272E+05
 3382   8   6  2s2_2p7s      2s2_2p8p      -3.57E-03 -2.50E+03 9.765E+04
 3383   8   7  2s2_2p7s      2s2_2p9p      -3.51E-03 -5.25E+03 6.680E+04
 3384   8   8  2s2_2p7s      2s2_2p10p      -2.39E-03 -5.31E+03 5.479E+04
 3385   9   1  2s2_2p6d       2s2_2p3p       1.72E-02  4.91E+06 4.834E+03
 3386   9   2  2s2_2p6d       2s2_2p4p       5.82E-02  2.16E+06 1.340E+04
 3387   9   3  2s2_2p6d       2s2_2p5p       2.34E-01  1.43E+06 3.303E+04
 3388   9   4  2s2_2p6d       2s2_2p6p       2.20E+00  1.25E+06 1.085E+05
 3389   9   5  2s2_2p6d       2s2_2p7p      -2.53E+00 -1.04E+05 4.031E+05
 3390   9   6  2s2_2p6d       2s2_2p8p      -5.27E-04 -3.28E+02 1.035E+05
 3391   9   7  2s2_2p6d       2s2_2p9p      -1.35E-03 -1.87E+03 6.947E+04
 3392   9   8  2s2_2p6d       2s2_2p10p      -9.84E-04 -2.05E+03 5.658E+04
 3393  10   1  2s2_2p8s      2s2_2p3p       1.46E-03  4.48E+05 4.661E+03
 3394  10   2  2s2_2p8s      2s2_2p4p       2.08E-03  9.41E+04 1.214E+04
 3395  10   3  2s2_2p8s      2s2_2p5p       4.24E-03  4.08E+04 2.632E+04
 3396  10   4  2s2_2p8s      2s2_2p6p       1.17E-02  2.24E+04 5.904E+04
 3397  10   5  2s2_2p8s      2s2_2p7p       7.53E-02  1.38E+04 1.910E+05
 3398  10   6  2s2_2p8s      2s2_2p8p      -4.88E-01 -1.24E+04 5.130E+05
 3399  10   7  2s2_2p8s      2s2_2p9p      -2.76E-03 -8.21E+02 1.497E+05
 3400  10   8  2s2_2p8s      2s2_2p10p      -3.03E-03 -2.00E+03 1.004E+05
 3401  11   1  2s2_2p7d       2s2_2p3p       9.55E-03  2.94E+06 4.653E+03
 3402  11   2  2s2_2p7d       2s2_2p4p       2.76E-02  1.26E+06 1.209E+04
 3403  11   3  2s2_2p7d       2s2_2p5p       8.02E-02  7.87E+05 2.608E+04
 3404  11   4  2s2_2p7d       2s2_2p6p       2.92E-01  5.83E+05 5.782E+04
 3405  11   5  2s2_2p7d       2s2_2p7p       2.60E+00  5.43E+05 1.787E+05
 3406  11   6  2s2_2p7d       2s2_2p8p      -3.06E+00 -5.16E+04 6.291E+05
 3407  11   7  2s2_2p7d       2s2_2p9p      -3.58E-04 -9.54E+01 1.582E+05
 3408  11   8  2s2_2p7d       2s2_2p10p      -1.39E-03 -8.54E+02 1.042E+05
 3409  12   1  2s2_2p9s      2s2_2p3p       9.63E-04  3.11E+05 4.547E+03
 3410  12   2  2s2_2p9s      2s2_2p4p       1.28E-03  6.57E+04 1.140E+04
 3411  12   3  2s2_2p9s      2s2_2p5p       2.30E-03  2.88E+04 2.307E+04
 3412  12   4  2s2_2p9s      2s2_2p6p       4.86E-03  1.61E+04 4.485E+04
 3413  12   5  2s2_2p9s      2s2_2p7p       1.38E-02  1.03E+04 9.437E+04
 3414  12   6  2s2_2p9s      2s2_2p8p       9.40E-02  7.30E+03 2.931E+05
 3415  12   7  2s2_2p9s      2s2_2p9p      -4.99E-01 -5.78E+03 7.587E+05
 3416  12   8  2s2_2p9s      2s2_2p10p      -2.14E-03 -3.02E+02 2.175E+05
 3417  13   1  2s2_2p8d       2s2_2p3p       5.91E-03  1.91E+06 4.542E+03
 3418  13   2  2s2_2p8d       2s2_2p4p       1.56E-02  8.05E+05 1.137E+04
 3419  13   3  2s2_2p8d       2s2_2p5p       3.86E-02  4.89E+05 2.294E+04
 3420  13   4  2s2_2p8d       2s2_2p6p       1.02E-01  3.46E+05 4.437E+04
 3421  13   5  2s2_2p8d       2s2_2p7p       3.49E-01  2.73E+05 9.228E+04
 3422  13   6  2s2_2p8d       2s2_2p8p       3.00E+00  2.67E+05 2.738E+05
 3423  13   7  2s2_2p8d       2s2_2p9p      -3.58E+00 -2.78E+04 9.274E+05
 3424  13   8  2s2_2p8d       2s2_2p10p      -2.54E-04 -3.22E+01 2.295E+05
 3425  14   1  2s2_2p10s      2s2_2p3p       6.70E-04  2.23E+05 4.472E+03
 3426  14   2  2s2_2p10s      2s2_2p4p       8.50E-04  4.74E+04 1.094E+04
 3427  14   3  2s2_2p10s      2s2_2p5p       1.42E-03  2.09E+04 2.127E+04
 3428  14   4  2s2_2p10s      2s2_2p6p       2.62E-03  1.18E+04 3.852E+04
 3429  14   5  2s2_2p10s      2s2_2p7p       5.58E-03  7.57E+03 7.011E+04
 3430  14   6  2s2_2p10s      2s2_2p8p       1.60E-02  5.35E+03 1.413E+05
 3431  14   7  2s2_2p10s      2s2_2p9p       1.14E-01  4.19E+03 4.260E+05
 3432  14   8  2s2_2p10s      2s2_2p10p      -5.16E-01 -2.99E+03 1.073E+06
 3433  15   1  2s2_2p9d       2s2_2p3p       3.93E-03  1.31E+06 4.469E+03
 3434  15   2  2s2_2p9d       2s2_2p4p       9.77E-03  5.46E+05 1.092E+04
 3435  15   3  2s2_2p9d       2s2_2p5p       2.20E-02  3.27E+05 2.119E+04
 3436  15   4  2s2_2p9d       2s2_2p6p       4.93E-02  2.25E+05 3.827E+04
 3437  15   5  2s2_2p9d       2s2_2p7p       1.22E-01  1.69E+05 6.930E+04
 3438  15   6  2s2_2p9d       2s2_2p8p       4.05E-01  1.42E+05 1.380E+05
 3439  15   7  2s2_2p9d       2s2_2p9p       3.40E+00  1.44E+05 3.975E+05
 3440  15   8  2s2_2p9d       2s2_2p10p      -4.09E+00 -1.59E+04 1.308E+06
 3441  16   1  2s2_2p11s      2s2_2p3p       4.85E-04  1.66E+05 4.421E+03
 3442  16   2  2s2_2p11s      2s2_2p4p       5.97E-04  3.52E+04 1.064E+04
 3443  16   3  2s2_2p11s      2s2_2p5p       9.49E-04  1.56E+04 2.015E+04
 3444  16   4  2s2_2p11s      2s2_2p6p       1.61E-03  8.77E+03 3.499E+04
 3445  16   5  2s2_2p11s      2s2_2p7p       2.98E-03  5.66E+03 5.924E+04
 3446  16   6  2s2_2p11s      2s2_2p8p       6.36E-03  3.99E+03 1.032E+05
 3447  16   7  2s2_2p11s      2s2_2p9p       1.84E-02  3.02E+03 2.014E+05
 3448  16   8  2s2_2p11s      2s2_2p10p       1.36E-01  2.57E+03 5.937E+05
 3449   1   1  2s2_2p2         2s2_2p3s      -6.04E-01 -1.06E+09 1.948E+03
 3450   1   2  2s2_2p2         2s2_2p4s      -5.52E-02 -1.78E+08 1.440E+03
 3451   1   3  2s2_2p2         2s2_2p3d       -3.72E-02 -1.21E+08 1.430E+03
 3452   1   4  2s2_2p2         2s2_2p5s      -1.27E-02 -4.77E+07 1.332E+03
 3453   1   5  2s2_2p2         2s2_2p4d       -2.27E-02 -8.58E+07 1.329E+03
 3454   1   6  2s2_2p2         2s2_2p6s      -4.95E-03 -1.99E+07 1.288E+03
 3455   1   7  2s2_2p2         2s2_2p5d       -1.28E-02 -5.16E+07 1.286E+03
 3456   1   8  2s2_2p2         2s2_2p7s      -2.46E-03 -1.02E+07 1.265E+03
 3457   1   9  2s2_2p2         2s2_2p6d       -7.74E-03 -3.23E+07 1.265E+03
 3458   1  10  2s2_2p2         2s2_2p8s      -1.41E-03 -6.00E+06 1.252E+03
 3459   1  11  2s2_2p2         2s2_2p7d       -5.00E-03 -2.13E+07 1.252E+03
 3460   1  12  2s2_2p2         2s2_2p9s      -8.88E-04 -3.83E+06 1.244E+03
 3461   1  13  2s2_2p2         2s2_2p8d       -3.41E-03 -1.47E+07 1.244E+03
 3462   1  14  2s2_2p2         2s2_2p10s      -5.97E-04 -2.60E+06 1.238E+03
 3463   1  15  2s2_2p2         2s2_2p9d       -2.42E-03 -1.05E+07 1.238E+03
 3464   1  16  2s2_2p2         2s2_2p11s      -4.22E-04 -1.85E+06 1.234E+03
 3465   2   1  2s2_2p3p      2s2_2p3s       1.91E+00  1.70E+08 8.666E+03
 3466   2   2  2s2_2p3p      2s2_2p4s      -1.14E+00 -3.27E+07 1.525E+04
 3467   2   3  2s2_2p3p      2s2_2p3d       -2.45E-02 -8.16E+05 1.415E+04
 3468   2   4  2s2_2p3p      2s2_2p5s      -7.87E-02 -7.80E+06 8.202E+03
 3469   2   5  2s2_2p3p      2s2_2p4d       -2.62E-02 -2.68E+06 8.070E+03
 3470   2   6  2s2_2p3p      2s2_2p6s      -2.23E-02 -3.24E+06 6.775E+03
 3471   2   7  2s2_2p3p      2s2_2p5d       -1.30E-02 -1.91E+06 6.729E+03
 3472   2   8  2s2_2p3p      2s2_2p7s      -9.63E-03 -1.67E+06 6.195E+03
 3473   2   9  2s2_2p3p      2s2_2p6d       -7.22E-03 -1.26E+06 6.173E+03
 3474   2  10  2s2_2p3p      2s2_2p8s      -5.13E-03 -9.86E+05 5.892E+03
 3475   2  11  2s2_2p3p      2s2_2p7d       -4.44E-03 -8.57E+05 5.880E+03
 3476   2  12  2s2_2p3p      2s2_2p9s      -3.09E-03 -6.32E+05 5.712E+03
 3477   2  13  2s2_2p3p      2s2_2p8d       -2.92E-03 -5.99E+05 5.704E+03
 3478   2  14  2s2_2p3p      2s2_2p10s      -2.02E-03 -4.30E+05 5.595E+03
 3479   2  15  2s2_2p3p      2s2_2p9d       -2.03E-03 -4.33E+05 5.590E+03
 3480   2  16  2s2_2p3p      2s2_2p11s      -1.40E-03 -3.07E+05 5.514E+03
 3481   3   1  2s2_2p4p      2s2_2p3s       3.58E-02  1.10E+07 4.657E+03
 3482   3   2  2s2_2p4p      2s2_2p4s       2.49E+00  1.89E+07 2.962E+04
 3483   3   3  2s2_2p4p      2s2_2p3d        1.94E-01  1.06E+06 3.488E+04
 3484   3   4  2s2_2p4p      2s2_2p5s      -1.65E+00 -5.62E+06 4.426E+04
 3485   3   5  2s2_2p4p      2s2_2p4d       -2.13E-01 -8.60E+05 4.065E+04
 3486   3   6  2s2_2p4p      2s2_2p6s      -9.83E-02 -1.53E+06 2.072E+04
 3487   3   7  2s2_2p4p      2s2_2p5d       -3.77E-02 -6.11E+05 2.029E+04
 3488   3   8  2s2_2p4p      2s2_2p7s      -2.81E-02 -7.23E+05 1.610E+04
 3489   3   9  2s2_2p4p      2s2_2p6d       -1.54E-02 -4.03E+05 1.596E+04
 3490   3  10  2s2_2p4p      2s2_2p8s      -1.24E-02 -4.10E+05 1.421E+04
 3491   3  11  2s2_2p4p      2s2_2p7d       -8.18E-03 -2.73E+05 1.413E+04
 3492   3  12  2s2_2p4p      2s2_2p9s      -6.73E-03 -2.58E+05 1.320E+04
 3493   3  13  2s2_2p4p      2s2_2p8d       -4.96E-03 -1.91E+05 1.316E+04
 3494   3  14  2s2_2p4p      2s2_2p10s      -4.12E-03 -1.73E+05 1.259E+04
 3495   3  15  2s2_2p4p      2s2_2p9d       -3.26E-03 -1.38E+05 1.257E+04
 3496   3  16  2s2_2p4p      2s2_2p11s      -2.73E-03 -1.23E+05 1.219E+04
 3497   4   1  2s2_2p4f       2s2_2p3s       4.39E-04  1.68E+05 4.177E+03
 3498   4   2  2s2_2p4f       2s2_2p4s       3.14E-01  7.15E+06 1.711E+04
 3499   4   3  2s2_2p4f       2s2_2p3d        2.66E+00  5.05E+07 1.874E+04
 3500   4   4  2s2_2p4f       2s2_2p5s       8.08E-02  2.35E+03 4.788E+05
 3501   4   5  2s2_2p4f       2s2_2p4d        8.58E-03  4.06E-01 1.187E+07
 3502   4   6  2s2_2p4f       2s2_2p6s      -2.38E-02 -8.83E+04 4.239E+04
 3503   4   7  2s2_2p4f       2s2_2p5d       -2.56E-02 -1.03E+05 4.066E+04
 3504   4   8  2s2_2p4f       2s2_2p7s      -4.37E-03 -4.08E+04 2.673E+04
 3505   4   9  2s2_2p4f       2s2_2p6d       -4.31E-03 -4.15E+04 2.632E+04
 3506   4  10  2s2_2p4f       2s2_2p8s      -1.63E-03 -2.27E+04 2.188E+04
 3507   4  11  2s2_2p4f       2s2_2p7d       -1.48E-03 -2.09E+04 2.171E+04
 3508   4  12  2s2_2p4f       2s2_2p9s      -8.04E-04 -1.40E+04 1.958E+04
 3509   4  13  2s2_2p4f       2s2_2p8d       -6.93E-04 -1.22E+04 1.949E+04
 3510   4  14  2s2_2p4f       2s2_2p10s      -4.66E-04 -9.31E+03 1.827E+04
 3511   4  15  2s2_2p4f       2s2_2p9d       -3.86E-04 -7.76E+03 1.821E+04
 3512   4  16  2s2_2p4f       2s2_2p11s      -2.98E-04 -6.54E+03 1.744E+04
 3513   5   1  2s2_2p5p      2s2_2p3s       6.63E-03  2.82E+06 3.963E+03
 3514   5   2  2s2_2p5p      2s2_2p4s       7.82E-02  2.66E+06 1.401E+04
 3515   5   3  2s2_2p5p      2s2_2p3d        1.32E-03  3.87E+04 1.509E+04
 3516   5   4  2s2_2p5p      2s2_2p5s       2.76E+00  4.15E+06 6.658E+04
 3517   5   5  2s2_2p5p      2s2_2p4d        6.42E-01  7.25E+05 7.683E+04
 3518   5   6  2s2_2p5p      2s2_2p6s      -2.15E+00 -1.63E+06 9.383E+04
 3519   5   7  2s2_2p5p      2s2_2p5d       -4.19E-01 -3.80E+05 8.574E+04
 3520   5   8  2s2_2p5p      2s2_2p7s      -1.23E-01 -4.92E+05 4.084E+04
 3521   5   9  2s2_2p5p      2s2_2p6d       -5.07E-02 -2.12E+05 3.991E+04
 3522   5  10  2s2_2p5p      2s2_2p8s      -3.52E-02 -2.52E+05 3.051E+04
 3523   5  11  2s2_2p5p      2s2_2p7d       -1.90E-02 -1.39E+05 3.018E+04
 3524   5  12  2s2_2p5p      2s2_2p9s      -1.57E-02 -1.52E+05 2.622E+04
 3525   5  13  2s2_2p5p      2s2_2p8d       -9.76E-03 -9.59E+04 2.606E+04
 3526   5  14  2s2_2p5p      2s2_2p10s      -8.59E-03 -1.00E+05 2.392E+04
 3527   5  15  2s2_2p5p      2s2_2p9d       -5.85E-03 -6.87E+04 2.383E+04
 3528   5  16  2s2_2p5p      2s2_2p11s      -5.31E-03 -6.99E+04 2.251E+04
 3529   6   1  2s2_2p5f       2s2_2p3s       2.82E-04  1.31E+05 3.788E+03
 3530   6   2  2s2_2p5f       2s2_2p4s       5.99E-02  2.76E+06 1.204E+04
 3531   6   3  2s2_2p5f       2s2_2p3d        4.14E-01  1.68E+07 1.282E+04
 3532   6   4  2s2_2p5f       2s2_2p5s       5.94E-01  2.83E+06 3.745E+04
 3533   6   5  2s2_2p5f       2s2_2p4d        1.93E+00  7.85E+06 4.048E+04
 3534   6   6  2s2_2p5f       2s2_2p6s       1.68E-01  1.19E+03 9.721E+05
 3535   6   7  2s2_2p5f       2s2_2p5d        7.72E-03  2.73E-02 4.340E+07
 3536   6   8  2s2_2p5f       2s2_2p7s      -6.26E-02 -6.84E+04 7.814E+04
 3537   6   9  2s2_2p5f       2s2_2p6d       -6.41E-02 -7.65E+04 7.478E+04
 3538   6  10  2s2_2p5f       2s2_2p8s      -1.17E-02 -3.47E+04 4.742E+04
 3539   6  11  2s2_2p5f       2s2_2p7d       -1.18E-02 -3.62E+04 4.662E+04
 3540   6  12  2s2_2p5f       2s2_2p9s      -4.36E-03 -2.03E+04 3.781E+04
 3541   6  13  2s2_2p5f       2s2_2p8d       -4.25E-03 -2.02E+04 3.747E+04
 3542   6  14  2s2_2p5f       2s2_2p10s      -2.17E-03 -1.31E+04 3.321E+04
 3543   6  15  2s2_2p5f       2s2_2p9d       -2.05E-03 -1.25E+04 3.302E+04
 3544   6  16  2s2_2p5f       2s2_2p11s      -1.26E-03 -9.00E+03 3.055E+04
 3545   7   1  2s2_2p6p      2s2_2p3s       2.30E-03  1.13E+06 3.691E+03
 3546   7   2  2s2_2p6p      2s2_2p4s       1.76E-02  9.50E+05 1.112E+04
 3547   7   3  2s2_2p6p      2s2_2p3d        8.73E-05  4.20E+03 1.178E+04
 3548   7   4  2s2_2p6p      2s2_2p5s       1.10E-01  8.29E+05 2.975E+04
 3549   7   5  2s2_2p6p      2s2_2p4d        1.07E-02  7.13E+04 3.164E+04
 3550   7   6  2s2_2p6p      2s2_2p6s       3.16E+00  1.33E+06 1.260E+05
 3551   7   7  2s2_2p6p      2s2_2p5d        9.47E-01  3.04E+05 1.443E+05
 3552   7   8  2s2_2p6p      2s2_2p7s      -2.65E+00 -6.13E+05 1.698E+05
 3553   7   9  2s2_2p6p      2s2_2p6d       -6.24E-01 -1.74E+05 1.547E+05
 3554   7  10  2s2_2p6p      2s2_2p8s      -1.48E-01 -1.98E+05 7.052E+04
 3555   7  11  2s2_2p6p      2s2_2p7d       -6.39E-02 -9.01E+04 6.878E+04
 3556   7  12  2s2_2p6p      2s2_2p9s      -4.23E-02 -1.08E+05 5.117E+04
 3557   7  13  2s2_2p6p      2s2_2p8d       -2.27E-02 -5.92E+04 5.055E+04
 3558   7  14  2s2_2p6p      2s2_2p10s      -1.89E-02 -6.79E+04 4.309E+04
 3559   7  15  2s2_2p6p      2s2_2p9d       -1.14E-02 -4.15E+04 4.278E+04
 3560   7  16  2s2_2p6p      2s2_2p11s      -1.04E-02 -4.63E+04 3.872E+04
 3561   8   1  2s2_2p6f       2s2_2p3s       1.74E-04  8.93E+04 3.605E+03
 3562   8   2  2s2_2p6f       2s2_2p4s       2.26E-02  1.40E+06 1.037E+04
 3563   8   3  2s2_2p6f       2s2_2p3d        1.43E-01  7.96E+06 1.095E+04
 3564   8   4  2s2_2p6f       2s2_2p5s       1.45E-01  1.55E+06 2.495E+04
 3565   8   5  2s2_2p6f       2s2_2p4d        4.07E-01  3.94E+06 2.626E+04
 3566   8   6  2s2_2p6f       2s2_2p6s       6.47E-01  8.96E+05 6.941E+04
 3567   8   7  2s2_2p6f       2s2_2p5d        1.70E+00  2.04E+06 7.462E+04
 3568   8   8  2s2_2p6f       2s2_2p7s       2.51E-01  5.66E+02 1.720E+06
 3569   8   9  2s2_2p6f       2s2_2p6d        4.71E-03  1.14E-03 1.657E+08
 3570   8  10  2s2_2p6f       2s2_2p8s      -1.11E-01 -4.40E+04 1.297E+05
 3571   8  11  2s2_2p6f       2s2_2p7d       -1.10E-01 -4.78E+04 1.239E+05
 3572   8  12  2s2_2p6f       2s2_2p9s      -2.12E-02 -2.42E+04 7.650E+04
 3573   8  13  2s2_2p6f       2s2_2p8d       -2.15E-02 -2.54E+04 7.512E+04
 3574   8  14  2s2_2p6f       2s2_2p10s      -7.97E-03 -1.49E+04 5.975E+04
 3575   8  15  2s2_2p6f       2s2_2p9d       -7.96E-03 -1.52E+04 5.915E+04
 3576   8  16  2s2_2p6f       2s2_2p11s      -3.99E-03 -9.97E+03 5.167E+04
 3577   9   1  2s2_2p7p      2s2_2p3s       1.08E-03  5.71E+05 3.552E+03
 3578   9   2  2s2_2p7p      2s2_2p4s       6.85E-03  4.62E+05 9.946E+03
 3579   9   3  2s2_2p7p      2s2_2p3d        9.28E-06  5.64E+02 1.048E+04
 3580   9   4  2s2_2p7p      2s2_2p5s       2.70E-02  3.52E+05 2.263E+04
 3581   9   5  2s2_2p7p      2s2_2p4d        1.72E-03  2.04E+04 2.370E+04
 3582   9   6  2s2_2p7p      2s2_2p6s       1.41E-01  3.23E+05 5.400E+04
 3583   9   7  2s2_2p7p      2s2_2p5d        2.00E-02  4.09E+04 5.710E+04
 3584   9   8  2s2_2p7p      2s2_2p7s       3.61E+00  5.30E+05 2.131E+05
 3585   9   9  2s2_2p7p      2s2_2p6d        1.21E+00  1.37E+05 2.428E+05
 3586   9  10  2s2_2p7p      2s2_2p8s      -3.16E+00 -2.73E+05 2.780E+05
 3587   9  11  2s2_2p7p      2s2_2p7d       -8.28E-01 -8.65E+04 2.527E+05
 3588   9  12  2s2_2p7p      2s2_2p9s      -1.72E-01 -9.21E+04 1.116E+05
 3589   9  13  2s2_2p7p      2s2_2p8d       -7.70E-02 -4.35E+04 1.087E+05
 3590   9  14  2s2_2p7p      2s2_2p10s      -4.92E-02 -5.23E+04 7.921E+04
 3591   9  15  2s2_2p7p      2s2_2p9d       -2.65E-02 -2.89E+04 7.817E+04
 3592   9  16  2s2_2p7p      2s2_2p11s      -2.20E-02 -3.41E+04 6.561E+04
 3593  10   1  2s2_2p7f       2s2_2p3s       1.12E-04  6.09E+04 3.503E+03
 3594  10   2  2s2_2p7f       2s2_2p4s       1.13E-02  8.23E+05 9.569E+03
 3595  10   3  2s2_2p7f       2s2_2p3d        6.81E-02  4.49E+06 1.006E+04
 3596  10   4  2s2_2p7f       2s2_2p5s       6.01E-02  9.30E+05 2.077E+04
 3597  10   5  2s2_2p7f       2s2_2p4d        1.58E-01  2.24E+06 2.167E+04
 3598  10   6  2s2_2p7f       2s2_2p6s       1.74E-01  5.86E+05 4.449E+04
 3599  10   7  2s2_2p7f       2s2_2p5d        3.97E-01  1.22E+06 4.657E+04
 3600  10   8  2s2_2p7f       2s2_2p7s       6.71E-01  3.35E+05 1.156E+05
 3601  10   9  2s2_2p7f       2s2_2p6d        1.61E+00  7.01E+05 1.238E+05
 3602  10  10  2s2_2p7f       2s2_2p8s       3.28E-01  2.85E+02 2.771E+06
 3603  10  11  2s2_2p7f       2s2_2p7d        1.74E-03  1.40E-05 9.111E+08
 3604  10  12  2s2_2p7f       2s2_2p9s      -1.67E-01 -2.79E+04 2.000E+05
 3605  10  13  2s2_2p7f       2s2_2p8d       -1.62E-01 -2.97E+04 1.908E+05
 3606  10  14  2s2_2p7f       2s2_2p10s      -3.22E-02 -1.61E+04 1.154E+05
 3607  10  15  2s2_2p7f       2s2_2p9d       -3.27E-02 -1.70E+04 1.132E+05
 3608  10  16  2s2_2p7f       2s2_2p11s      -1.22E-02 -1.04E+04 8.863E+04
 3609  11   1  2s2_2p8p      2s2_2p3s       5.93E-04  3.28E+05 3.471E+03
 3610  11   2  2s2_2p8p      2s2_2p4s       3.44E-03  2.63E+05 9.333E+03
 3611  11   3  2s2_2p8p      2s2_2p3d        8.29E-07  5.76E+01 9.798E+03
 3612  11   4  2s2_2p8p      2s2_2p5s       1.10E-02  1.89E+05 1.969E+04
 3613  11   5  2s2_2p8p      2s2_2p4d        5.33E-04  8.46E+03 2.050E+04
 3614  11   6  2s2_2p8p      2s2_2p6s       3.58E-02  1.51E+05 3.981E+04
 3615  11   7  2s2_2p8p      2s2_2p5d        3.69E-03  1.43E+04 4.147E+04
 3616  11   8  2s2_2p8p      2s2_2p7s       1.70E-01  1.45E+05 8.855E+04
 3617  11   9  2s2_2p8p      2s2_2p6d        2.90E-02  2.22E+04 9.330E+04
 3618  11  10  2s2_2p8p      2s2_2p8s       4.07E+00  2.45E+05 3.331E+05
 3619  11  11  2s2_2p8p      2s2_2p7d        1.45E+00  6.75E+04 3.785E+05
 3620  11  12  2s2_2p8p      2s2_2p9s      -3.66E+00 -1.36E+05 4.238E+05
 3621  11  13  2s2_2p8p      2s2_2p8d       -1.03E+00 -4.64E+04 3.847E+05
 3622  11  14  2s2_2p8p      2s2_2p10s      -1.96E-01 -4.75E+04 1.660E+05
 3623  11  15  2s2_2p8p      2s2_2p9d       -9.00E-02 -2.30E+04 1.615E+05
 3624  11  16  2s2_2p8p      2s2_2p11s      -5.60E-02 -2.79E+04 1.157E+05
 3625  12   1  2s2_2p8f       2s2_2p3s       7.59E-05  4.28E+04 3.440E+03
 3626  12   2  2s2_2p8f       2s2_2p4s       6.55E-03  5.26E+05 9.112E+03
 3627  12   3  2s2_2p8f       2s2_2p3d        3.84E-02  2.81E+06 9.554E+03
 3628  12   4  2s2_2p8f       2s2_2p5s       3.15E-02  5.99E+05 1.873E+04
 3629  12   5  2s2_2p8f       2s2_2p4d        8.04E-02  1.42E+06 1.946E+04
 3630  12   6  2s2_2p8f       2s2_2p6s       7.58E-02  3.88E+05 3.608E+04
 3631  12   7  2s2_2p8f       2s2_2p5d        1.64E-01  7.81E+05 3.744E+04
 3632  12   8  2s2_2p8f       2s2_2p7s       1.88E-01  2.42E+05 7.198E+04
 3633  12   9  2s2_2p8f       2s2_2p6d        3.95E-01  4.67E+05 7.509E+04
 3634  12  10  2s2_2p8f       2s2_2p8s       6.91E-01  1.45E+05 1.785E+05
 3635  12  11  2s2_2p8f       2s2_2p7d        1.58E+00  2.89E+05 1.908E+05
 3636  12  12  2s2_2p8f       2s2_2p9s       4.01E-01  1.53E+02 4.175E+06
 3637  12  13  2s2_2p8f       2s2_2p8d       -9.26E-04 -6.69E-07 3.039E+09
 3638  12  14  2s2_2p8f       2s2_2p10s      -2.27E-01 -1.78E+04 2.919E+05
 3639  12  15  2s2_2p8f       2s2_2p9d       -2.18E-01 -1.88E+04 2.782E+05
 3640  12  16  2s2_2p8f       2s2_2p11s      -4.44E-02 -1.08E+04 1.655E+05
 3641  13   1  2s2_2p9p      2s2_2p3s       3.65E-04  2.08E+05 3.419E+03
 3642  13   2  2s2_2p9p      2s2_2p4s       2.00E-03  1.66E+05 8.965E+03
 3643  13   3  2s2_2p9p      2s2_2p3d        2.49E-09  1.88E-01 9.393E+03
 3644  13   4  2s2_2p9p      2s2_2p5s       5.71E-03  1.16E+05 1.812E+04
 3645  13   5  2s2_2p9p      2s2_2p4d        2.27E-04  4.28E+03 1.880E+04
 3646  13   6  2s2_2p9p      2s2_2p6s       1.49E-02  8.66E+04 3.388E+04
 3647  13   7  2s2_2p9p      2s2_2p5d        1.26E-03  6.83E+03 3.508E+04
 3648  13   8  2s2_2p9p      2s2_2p7s       4.44E-02  7.29E+04 6.375E+04
 3649  13   9  2s2_2p9p      2s2_2p6d        5.74E-03  8.74E+03 6.617E+04
 3650  13  10  2s2_2p9p      2s2_2p8s       2.00E-01  7.30E+04 1.352E+05
 3651  13  11  2s2_2p9p      2s2_2p7d        3.78E-02  1.25E+04 1.421E+05
 3652  13  12  2s2_2p9p      2s2_2p9s       4.55E+00  1.26E+05 4.915E+05
 3653  13  13  2s2_2p9p      2s2_2p8d        1.68E+00  3.61E+04 5.571E+05
 3654  13  14  2s2_2p9p      2s2_2p10s      -4.16E+00 -7.38E+04 6.131E+05
 3655  13  15  2s2_2p9p      2s2_2p9d       -1.23E+00 -2.66E+04 5.559E+05
 3656  13  16  2s2_2p9p      2s2_2p11s      -2.20E-01 -2.65E+04 2.354E+05
 3657  14   1  2s2_2p9f       2s2_2p3s       5.36E-05  3.10E+04 3.398E+03
 3658  14   2  2s2_2p9f       2s2_2p4s       4.19E-03  3.59E+05 8.823E+03
 3659  14   3  2s2_2p9f       2s2_2p3d        2.41E-02  1.88E+06 9.237E+03
 3660  14   4  2s2_2p9f       2s2_2p5s       1.89E-02  4.09E+05 1.755E+04
 3661  14   5  2s2_2p9f       2s2_2p4d        4.72E-02  9.52E+05 1.819E+04
 3662  14   6  2s2_2p9f       2s2_2p6s       4.11E-02  2.69E+05 3.194E+04
 3663  14   7  2s2_2p9f       2s2_2p5d        8.59E-02  5.26E+05 3.300E+04
 3664  14   8  2s2_2p9f       2s2_2p7s       8.43E-02  1.72E+05 5.719E+04
 3665  14   9  2s2_2p9f       2s2_2p6d        1.67E-01  3.19E+05 5.914E+04
 3666  14  10  2s2_2p9f       2s2_2p8s       1.98E-01  1.12E+05 1.088E+05
 3667  14  11  2s2_2p9f       2s2_2p7d        3.97E-01  2.07E+05 1.132E+05
 3668  14  12  2s2_2p9f       2s2_2p9s       7.11E-01  6.97E+04 2.609E+05
 3669  14  13  2s2_2p9f       2s2_2p8d        1.59E+00  1.37E+05 2.783E+05
 3670  14  14  2s2_2p9f       2s2_2p10s       4.72E-01  8.80E+01 5.980E+06
 3671  14  15  2s2_2p9f       2s2_2p9d       -3.32E-03 -1.31E-05 1.301E+09
 3672  14  16  2s2_2p9f       2s2_2p11s      -2.90E-01 -1.16E+04 4.083E+05
 3673  15   1  2s2_2p10p      2s2_2p3s       2.42E-04  1.41E+05 3.383E+03
 3674  15   2  2s2_2p10p      2s2_2p4s       1.28E-03  1.12E+05 8.725E+03
 3675  15   3  2s2_2p10p      2s2_2p3d        1.06E-07  8.48E+00 9.130E+03
 3676  15   4  2s2_2p10p      2s2_2p5s       3.40E-03  7.70E+04 1.716E+04
 3677  15   5  2s2_2p10p      2s2_2p4d        1.17E-04  2.47E+03 1.778E+04
 3678  15   6  2s2_2p10p      2s2_2p6s       7.84E-03  5.55E+04 3.069E+04
 3679  15   7  2s2_2p10p      2s2_2p5d        5.76E-04  3.83E+03 3.166E+04
 3680  15   8  2s2_2p10p      2s2_2p7s       1.87E-02  4.39E+04 5.330E+04
 3681  15   9  2s2_2p10p      2s2_2p6d        2.05E-03  4.52E+03 5.499E+04
 3682  15  10  2s2_2p10p      2s2_2p8s       5.28E-02  3.86E+04 9.552E+04
 3683  15  11  2s2_2p10p      2s2_2p7d        7.81E-03  5.32E+03 9.892E+04
 3684  15  12  2s2_2p10p      2s2_2p9s       2.29E-01  3.99E+04 1.958E+05
 3685  15  13  2s2_2p10p      2s2_2p8d        4.63E-02  7.32E+03 2.054E+05
 3686  15  14  2s2_2p10p      2s2_2p10s       5.03E+00  6.98E+04 6.934E+05
 3687  15  15  2s2_2p10p      2s2_2p9d        1.90E+00  2.06E+04 7.848E+05
 3688  15  16  2s2_2p10p      2s2_2p11s      -4.66E+00 -4.29E+04 8.515E+05
 3689   1   1  2s2_2p3d       2s2_2p2          7.04E-02  2.21E+08 1.456E+03
 3690   1   2  2s2_2p3d       2s2_2p3p       5.80E-01  1.30E+07 1.727E+04
 3691   1   3  2s2_2p3d       2s2_2p4p      -1.50E-01 -1.72E+06 2.414E+04
 3692   1   4  2s2_2p3d       2s2_2p4f       -4.27E-01 -1.24E+07 1.513E+04
 3693   1   5  2s2_2p3d       2s2_2p5p      -1.42E-02 -5.92E+05 1.265E+04
 3694   1   6  2s2_2p3d       2s2_2p5f       -9.67E-02 -5.31E+06 1.102E+04
 3695   1   7  2s2_2p3d       2s2_2p6p      -4.62E-03 -2.94E+05 1.024E+04
 3696   1   8  2s2_2p3d       2s2_2p6f       -3.88E-02 -2.80E+06 9.606E+03
 3697   1   9  2s2_2p3d       2s2_2p7p      -2.17E-03 -1.70E+05 9.241E+03
 3698   1  10  2s2_2p3d       2s2_2p7f       -2.00E-02 -1.68E+06 8.915E+03
 3699   1  11  2s2_2p3d       2s2_2p8p      -1.22E-03 -1.07E+05 8.709E+03
 3700   1  12  2s2_2p3d       2s2_2p8f       -1.18E-02 -1.09E+06 8.517E+03
 3701   1  13  2s2_2p3d       2s2_2p9p      -7.61E-04 -7.21E+04 8.388E+03
 3702   1  14  2s2_2p3d       2s2_2p9f       -7.65E-03 -7.47E+05 8.264E+03
 3703   1  15  2s2_2p3d       2s2_2p10p      -5.11E-04 -5.10E+04 8.178E+03
 3704   2   1  2s2_2p4d       2s2_2p2          1.49E-02  5.54E+07 1.340E+03
 3705   2   2  2s2_2p4d       2s2_2p3p       1.65E-02  1.52E+06 8.508E+03
 3706   2   3  2s2_2p4d       2s2_2p4p       8.01E-01  1.77E+06 5.489E+04
 3707   2   4  2s2_2p4d       2s2_2p4f       -1.83E-01 -5.11E+04 1.546E+05
 3708   2   5  2s2_2p4d       2s2_2p5p      -2.92E-01 -7.33E+05 5.155E+04
 3709   2   6  2s2_2p4d       2s2_2p5f       -2.45E-01 -1.58E+06 3.217E+04
 3710   2   7  2s2_2p4d       2s2_2p6p      -3.10E-02 -2.98E+05 2.632E+04
 3711   2   8  2s2_2p4d       2s2_2p6f       -7.94E-02 -1.05E+06 2.249E+04
 3712   2   9  2s2_2p4d       2s2_2p7p      -1.04E-02 -1.64E+05 2.059E+04
 3713   2  10  2s2_2p4d       2s2_2p7f       -3.67E-02 -6.76E+05 1.904E+04
 3714   2  11  2s2_2p4d       2s2_2p8p      -4.94E-03 -1.00E+05 1.812E+04
 3715   2  12  2s2_2p4d       2s2_2p8f       -2.05E-02 -4.56E+05 1.731E+04
 3716   2  13  2s2_2p4d       2s2_2p9p      -2.81E-03 -6.65E+04 1.679E+04
 3717   2  14  2s2_2p4d       2s2_2p9f       -1.27E-02 -3.19E+05 1.630E+04
 3718   2  15  2s2_2p4d       2s2_2p10p      -1.78E-03 -4.66E+04 1.596E+04
 3719   3   1  2s2_2p5d       2s2_2p2          3.63E-03  1.45E+07 1.292E+03
 3720   3   2  2s2_2p5d       2s2_2p3p       1.55E-02  2.17E+06 6.896E+03
 3721   3   3  2s2_2p5d       2s2_2p4p       7.97E-03  1.11E+05 2.189E+04
 3722   3   4  2s2_2p5d       2s2_2p4f        4.20E-02  1.24E+05 4.762E+04
 3723   3   5  2s2_2p5d       2s2_2p5p       9.99E-01  4.34E+05 1.240E+05
 3724   3   6  2s2_2p5d       2s2_2p5f       -3.52E-01 -3.07E+04 2.763E+05
 3725   3   7  2s2_2p5d       2s2_2p6p      -4.30E-01 -3.18E+05 9.499E+04
 3726   3   8  2s2_2p5d       2s2_2p6f       -1.65E-01 -3.18E+05 5.883E+04
 3727   3   9  2s2_2p5d       2s2_2p7p      -4.86E-02 -1.44E+05 4.737E+04
 3728   3  10  2s2_2p5d       2s2_2p7f       -6.25E-02 -2.62E+05 3.989E+04
 3729   3  11  2s2_2p5d       2s2_2p8p      -1.65E-02 -8.45E+04 3.609E+04
 3730   3  12  2s2_2p5d       2s2_2p8f       -3.12E-02 -1.91E+05 3.299E+04
 3731   3  13  2s2_2p5d       2s2_2p9p      -7.93E-03 -5.45E+04 3.115E+04
 3732   3  14  2s2_2p5d       2s2_2p9f       -1.82E-02 -1.40E+05 2.950E+04
 3733   3  15  2s2_2p5d       2s2_2p10p      -4.55E-03 -3.76E+04 2.843E+04
 3734   4   1  2s2_2p6d       2s2_2p2          1.01E-03  4.19E+06 1.268E+03
 3735   4   2  2s2_2p6d       2s2_2p3p       1.01E-02  1.72E+06 6.258E+03
 3736   4   3  2s2_2p6d       2s2_2p4p       9.95E-03  2.43E+05 1.653E+04
 3737   4   4  2s2_2p6d       2s2_2p4f        6.20E-03  5.30E+04 2.793E+04
 3738   4   5  2s2_2p6d       2s2_2p5p       4.80E-03  1.67E+04 4.373E+04
 3739   4   6  2s2_2p6d       2s2_2p5f        1.03E-01  8.59E+04 8.944E+04
 3740   4   7  2s2_2p6d       2s2_2p6p       1.19E+00  1.45E+05 2.341E+05
 3741   4   8  2s2_2p6d       2s2_2p6f       -5.05E-01 -1.63E+04 4.550E+05
 3742   4   9  2s2_2p6d       2s2_2p7p      -5.68E-01 -1.51E+05 1.585E+05
 3743   4  10  2s2_2p6d       2s2_2p7f       -1.22E-01 -8.58E+04 9.738E+04
 3744   4  11  2s2_2p6d       2s2_2p8p      -6.64E-02 -7.38E+04 7.746E+04
 3745   4  12  2s2_2p6d       2s2_2p8f       -5.08E-02 -8.15E+04 6.448E+04
 3746   4  13  2s2_2p6d       2s2_2p9p      -2.27E-02 -4.53E+04 5.779E+04
 3747   4  14  2s2_2p6d       2s2_2p9f       -2.66E-02 -6.47E+04 5.235E+04
 3748   4  15  2s2_2p6d       2s2_2p10p      -1.10E-02 -3.05E+04 4.908E+04
 3749   5   1  2s2_2p7d       2s2_2p2          3.11E-04  1.32E+06 1.254E+03
 3750   5   2  2s2_2p7d       2s2_2p3p       6.56E-03  1.24E+06 5.930E+03
 3751   5   3  2s2_2p7d       2s2_2p4p       7.10E-03  2.28E+05 1.442E+04
 3752   5   4  2s2_2p7d       2s2_2p4f        2.16E-03  2.87E+04 2.240E+04
 3753   5   5  2s2_2p7d       2s2_2p5p       7.38E-03  4.95E+04 3.154E+04
 3754   5   6  2s2_2p7d       2s2_2p5f        1.54E-02  4.12E+04 4.994E+04
 3755   5   7  2s2_2p7d       2s2_2p6p       3.09E-03  3.55E+03 7.624E+04
 3756   5   8  2s2_2p7d       2s2_2p6f        1.75E-01  5.16E+04 1.505E+05
 3757   5   9  2s2_2p7d       2s2_2p7p       1.37E+00  5.87E+04 3.946E+05
 3758   5  10  2s2_2p7d       2s2_2p7f       -6.48E-01 -8.77E+03 7.019E+05
 3759   5  11  2s2_2p7d       2s2_2p8p      -7.07E-01 -7.79E+04 2.460E+05
 3760   5  12  2s2_2p7d       2s2_2p8f       -9.71E-02 -2.88E+04 1.500E+05
 3761   5  13  2s2_2p7d       2s2_2p9p      -8.43E-02 -4.02E+04 1.182E+05
 3762   5  14  2s2_2p7d       2s2_2p9f       -4.29E-02 -3.01E+04 9.748E+04
 3763   5  15  2s2_2p7d       2s2_2p10p      -2.90E-02 -2.57E+04 8.671E+04
 3764   6   1  2s2_2p8d       2s2_2p2          1.02E-04  4.39E+05 1.245E+03
 3765   6   2  2s2_2p8d       2s2_2p3p       4.44E-03  9.00E+05 5.736E+03
 3766   6   3  2s2_2p8d       2s2_2p4p       4.91E-03  1.84E+05 1.333E+04
 3767   6   4  2s2_2p8d       2s2_2p4f        1.04E-03  1.76E+04 1.987E+04
 3768   6   5  2s2_2p8d       2s2_2p5p       5.57E-03  5.20E+04 2.674E+04
 3769   6   6  2s2_2p8d       2s2_2p5f        5.39E-03  2.38E+04 3.888E+04
 3770   6   7  2s2_2p8d       2s2_2p6p       5.80E-03  1.37E+04 5.317E+04
 3771   6   8  2s2_2p8d       2s2_2p6f        2.60E-02  2.64E+04 8.105E+04
 3772   6   9  2s2_2p8d       2s2_2p7p       2.03E-03  9.16E+02 1.216E+05
 3773   6  10  2s2_2p8d       2s2_2p7f        2.51E-01  3.05E+04 2.343E+05
 3774   6  11  2s2_2p8d       2s2_2p8p       1.55E+00  2.74E+04 6.147E+05
 3775   6  12  2s2_2p8d       2s2_2p8f       -7.83E-01 -4.94E+03 1.029E+06
 3776   6  13  2s2_2p8d       2s2_2p9p      -8.47E-01 -4.33E+04 3.613E+05
 3777   6  14  2s2_2p8d       2s2_2p9f       -8.09E-02 -1.12E+04 2.190E+05
 3778   6  15  2s2_2p8d       2s2_2p10p      -1.02E-01 -2.32E+04 1.712E+05
 3779   7   1  2s2_2p9d       2s2_2p2          3.41E-05  1.48E+05 1.239E+03
 3780   7   2  2s2_2p9d       2s2_2p3p       3.13E-03  6.63E+05 5.611E+03
 3781   7   3  2s2_2p9d       2s2_2p4p       3.47E-03  1.44E+05 1.268E+04
 3782   7   4  2s2_2p9d       2s2_2p4f        5.94E-04  1.16E+04 1.845E+04
 3783   7   5  2s2_2p9d       2s2_2p5p       4.00E-03  4.55E+04 2.423E+04
 3784   7   6  2s2_2p9d       2s2_2p5f        2.61E-03  1.52E+04 3.379E+04
 3785   7   7  2s2_2p9d       2s2_2p6p       4.58E-03  1.57E+04 4.409E+04
 3786   7   8  2s2_2p9d       2s2_2p6f        9.19E-03  1.61E+04 6.168E+04
 3787   7   9  2s2_2p9d       2s2_2p7p       4.74E-03  4.63E+03 8.264E+04
 3788   7  10  2s2_2p9d       2s2_2p7f        3.74E-02  1.65E+04 1.228E+05
 3789   7  11  2s2_2p9d       2s2_2p8p       1.32E-03  2.66E+02 1.818E+05
 3790   7  12  2s2_2p9d       2s2_2p8f        3.30E-01  1.85E+04 3.446E+05
 3791   7  13  2s2_2p9d       2s2_2p9p       1.73E+00  1.41E+04 9.034E+05
 3792   7  14  2s2_2p9d       2s2_2p9f       -9.11E-01 -2.90E+03 1.447E+06
 3793   7  15  2s2_2p9d       2s2_2p10p      -9.87E-01 -2.55E+04 5.086E+05
 3794   8   1  2s2_2p10d       2s2_2p2          1.11E-05  4.85E+04 1.235E+03
 3795   8   2  2s2_2p10d       2s2_2p3p       2.28E-03  4.98E+05 5.526E+03
 3796   8   3  2s2_2p10d       2s2_2p4p       2.53E-03  1.12E+05 1.225E+04
 3797   8   4  2s2_2p10d       2s2_2p4f        3.76E-04  8.14E+03 1.756E+04
 3798   8   5  2s2_2p10d       2s2_2p5p       2.91E-03  3.76E+04 2.271E+04
 3799   8   6  2s2_2p10d       2s2_2p5f        1.50E-03  1.05E+04 3.092E+04
 3800   8   7  2s2_2p10d       2s2_2p6p       3.38E-03  1.46E+04 3.931E+04
 3801   8   8  2s2_2p10d       2s2_2p6f        4.47E-03  1.07E+04 5.272E+04
 3802   8   9  2s2_2p10d       2s2_2p7p       3.88E-03  5.71E+03 6.732E+04
 3803   8  10  2s2_2p10d       2s2_2p7f        1.33E-02  1.05E+04 9.178E+04
 3804   8  11  2s2_2p10d       2s2_2p8p       3.98E-03  1.81E+03 1.211E+05
 3805   8  12  2s2_2p10d       2s2_2p8f        4.92E-02  1.05E+04 1.768E+05
 3806   8  13  2s2_2p10d       2s2_2p9p       8.40E-04  8.35E+01 2.590E+05
 3807   8  14  2s2_2p10d       2s2_2p9f        4.11E-01  1.17E+04 4.848E+05
 3808   8  15  2s2_2p10d       2s2_2p10p       1.91E+00  7.90E+03 1.270E+06
 3809   1   1  2s2_2p3d       2s2_2p2          4.80E-01  1.55E+09 1.435E+03
 3810   1   2  2s2_2p3d       2s2_2p3p       3.93E+00  1.21E+08 1.470E+04
 3811   1   3  2s2_2p3d       2s2_2p4p      -1.23E+00 -8.04E+06 3.195E+04
 3812   1   4  2s2_2p3d       2s2_2p4f       -1.31E-02 -2.74E+05 1.786E+04
 3813   1   5  2s2_2p3d       2s2_2p5p      -8.25E-02 -2.61E+06 1.451E+04
 3814   1   6  2s2_2p3d       2s2_2p5f       -2.22E-03 -9.62E+04 1.241E+04
 3815   1   7  2s2_2p3d       2s2_2p6p      -2.61E-02 -1.33E+06 1.143E+04
 3816   1   8  2s2_2p3d       2s2_2p6f       -7.99E-04 -4.71E+04 1.064E+04
 3817   1   9  2s2_2p3d       2s2_2p7p      -1.22E-02 -7.83E+05 1.019E+04
 3818   1  10  2s2_2p3d       2s2_2p7f       -3.88E-04 -2.70E+04 9.799E+03
 3819   1  11  2s2_2p3d       2s2_2p8p      -6.85E-03 -5.01E+05 9.552E+03
 3820   1  12  2s2_2p3d       2s2_2p8f       -2.22E-04 -1.70E+04 9.320E+03
 3821   1  13  2s2_2p3d       2s2_2p9p      -4.29E-03 -3.41E+05 9.167E+03
 3822   1  14  2s2_2p3d       2s2_2p9f       -1.40E-04 -1.15E+04 9.018E+03
 3823   1  15  2s2_2p3d       2s2_2p10p      -2.88E-03 -2.42E+05 8.916E+03
 3824   2   1  2s2_2p4d       2s2_2p2          2.12E-01  7.99E+08 1.331E+03
 3825   2   2  2s2_2p4d       2s2_2p3p       1.18E-02  1.18E+06 8.150E+03
 3826   2   3  2s2_2p4d       2s2_2p4p       5.45E+00  1.99E+07 4.278E+04
 3827   2   4  2s2_2p4d       2s2_2p4f       -8.35E-04 -9.58E+00 7.625E+05
 3828   2   5  2s2_2p4d       2s2_2p5p      -2.43E+00 -3.29E+06 7.021E+04
 3829   2   6  2s2_2p4d       2s2_2p5f       -1.18E-02 -5.29E+04 3.857E+04
 3830   2   7  2s2_2p4d       2s2_2p6p      -1.62E-01 -1.17E+06 3.045E+04
 3831   2   8  2s2_2p4d       2s2_2p6f       -2.69E-03 -2.77E+04 2.544E+04
 3832   2   9  2s2_2p4d       2s2_2p7p      -5.07E-02 -6.38E+05 2.303E+04
 3833   2  10  2s2_2p4d       2s2_2p7f       -1.07E-03 -1.60E+04 2.111E+04
 3834   2  11  2s2_2p4d       2s2_2p8p      -2.37E-02 -3.95E+05 1.999E+04
 3835   2  12  2s2_2p4d       2s2_2p8f       -5.51E-04 -1.02E+04 1.901E+04
 3836   2  13  2s2_2p4d       2s2_2p9p      -1.34E-02 -2.65E+05 1.838E+04
 3837   2  14  2s2_2p4d       2s2_2p9f       -3.26E-04 -6.87E+03 1.779E+04
 3838   2  15  2s2_2p4d       2s2_2p10p      -8.45E-03 -1.86E+05 1.740E+04
 3839   3   1  2s2_2p5d       2s2_2p2          1.08E-01  4.35E+08 1.287E+03
 3840   3   2  2s2_2p5d       2s2_2p3p       8.67E-04  1.27E+05 6.759E+03
 3841   3   3  2s2_2p5d       2s2_2p4p       7.90E-02  1.25E+06 2.057E+04
 3842   3   4  2s2_2p5d       2s2_2p4f        2.05E-03  7.83E+03 4.178E+04
 3843   3   5  2s2_2p5d       2s2_2p5p       6.78E+00  5.48E+06 9.086E+04
 3844   3   6  2s2_2p5d       2s2_2p5f       -6.62E-04 -2.04E+00 1.470E+06
 3845   3   7  2s2_2p5d       2s2_2p6p      -3.61E+00 -1.39E+06 1.318E+05
 3846   3   8  2s2_2p5d       2s2_2p6f       -9.82E-03 -1.29E+04 7.113E+04
 3847   3   9  2s2_2p5d       2s2_2p7p      -2.38E-01 -5.24E+05 5.503E+04
 3848   3  10  2s2_2p5d       2s2_2p7f       -2.53E-03 -8.26E+03 4.519E+04
 3849   3  11  2s2_2p5d       2s2_2p8p      -7.40E-02 -3.03E+05 4.037E+04
 3850   3  12  2s2_2p5d       2s2_2p8f       -1.08E-03 -5.40E+03 3.654E+04
 3851   3  13  2s2_2p5d       2s2_2p9p      -3.46E-02 -1.96E+05 3.429E+04
 3852   3  14  2s2_2p5d       2s2_2p9f       -5.78E-04 -3.70E+03 3.230E+04
 3853   3  15  2s2_2p5d       2s2_2p10p      -1.96E-02 -1.36E+05 3.102E+04
 3854   4   1  2s2_2p5g       2s2_2p2          9.95E-05  4.01E+05 1.286E+03
 3855   4   2  2s2_2p5g       2s2_2p3p       3.51E-05  5.17E+03 6.731E+03
 3856   4   3  2s2_2p5g       2s2_2p4p       3.50E-06  5.66E+01 2.031E+04
 3857   4   4  2s2_2p5g       2s2_2p4f        6.75E+00  2.71E+07 4.072E+04
 3858   4   5  2s2_2p5g       2s2_2p5p       4.73E-03  4.26E+03 8.602E+04
 3859   4   6  2s2_2p5g       2s2_2p5f       -2.68E-02 -6.65E-01 1.639E+07
 3860   4   7  2s2_2p5g       2s2_2p6p      -2.36E-03 -7.65E+02 1.435E+05
 3861   4   8  2s2_2p5g       2s2_2p6f       -4.61E-02 -5.55E+04 7.441E+04
 3862   4   9  2s2_2p5g       2s2_2p7p      -1.39E-04 -2.86E+02 5.697E+04
 3863   4  10  2s2_2p5g       2s2_2p7f       -7.40E-03 -2.28E+04 4.649E+04
 3864   4  11  2s2_2p5g       2s2_2p8p      -4.33E-05 -1.68E+02 4.141E+04
 3865   4  12  2s2_2p5g       2s2_2p8f       -2.46E-03 -1.17E+04 3.738E+04
 3866   4  13  2s2_2p5g       2s2_2p9p      -2.05E-05 -1.11E+02 3.503E+04
 3867   4  14  2s2_2p5g       2s2_2p9f       -1.13E-03 -6.94E+03 3.296E+04
 3868   4  15  2s2_2p5g       2s2_2p10p      -1.17E-05 -7.80E+01 3.163E+04
 3869   5   1  2s2_2p6d       2s2_2p2          6.23E-02  2.60E+08 1.265E+03
 3870   5   2  2s2_2p6d       2s2_2p3p       2.44E-03  4.25E+05 6.188E+03
 3871   5   3  2s2_2p6d       2s2_2p4p       6.02E-03  1.56E+05 1.606E+04
 3872   5   4  2s2_2p6d       2s2_2p4f        1.73E-04  1.63E+03 2.659E+04
 3873   5   5  2s2_2p6d       2s2_2p5p       1.54E-01  6.25E+05 4.053E+04
 3874   5   6  2s2_2p6d       2s2_2p5f        9.49E-04  1.07E+03 7.702E+04
 3875   5   7  2s2_2p6d       2s2_2p6p       8.05E+00  1.98E+06 1.646E+05
 3876   5   8  2s2_2p6d       2s2_2p6f       -8.38E-04 -8.68E-01 2.537E+06
 3877   5   9  2s2_2p6d       2s2_2p7p      -4.79E+00 -6.49E+05 2.219E+05
 3878   5  10  2s2_2p6d       2s2_2p7f       -8.85E-03 -4.23E+03 1.181E+05
 3879   5  11  2s2_2p6d       2s2_2p8p      -3.11E-01 -2.56E+05 9.004E+04
 3880   5  12  2s2_2p6d       2s2_2p8f       -2.42E-03 -3.03E+03 7.297E+04
 3881   5  13  2s2_2p6d       2s2_2p9p      -9.62E-02 -1.54E+05 6.452E+04
 3882   5  14  2s2_2p6d       2s2_2p9f       -1.07E-03 -2.14E+03 5.781E+04
 3883   5  15  2s2_2p6d       2s2_2p10p      -4.50E-02 -1.04E+05 5.384E+04
 3884   6   1  2s2_2p6g       2s2_2p2          5.04E-05  2.10E+05 1.265E+03
 3885   6   2  2s2_2p6g       2s2_2p3p       3.11E-05  5.44E+03 6.174E+03
 3886   6   3  2s2_2p6g       2s2_2p4p       2.26E-06  5.92E+01 1.596E+04
 3887   6   4  2s2_2p6g       2s2_2p4f        9.02E-01  8.67E+06 2.634E+04
 3888   6   5  2s2_2p6g       2s2_2p5p       3.61E-05  1.51E+02 3.994E+04
 3889   6   6  2s2_2p6g       2s2_2p5f        5.97E+00  7.10E+06 7.491E+04
 3890   6   7  2s2_2p6g       2s2_2p6p       5.67E-03  1.57E+03 1.553E+05
 3891   6   8  2s2_2p6g       2s2_2p6f       -4.18E-02 -2.47E-01 3.363E+07
 3892   6   9  2s2_2p6g       2s2_2p7p      -3.00E-03 -3.43E+02 2.414E+05
 3893   6  10  2s2_2p6g       2s2_2p7f       -1.24E-01 -5.43E+04 1.234E+05
 3894   6  11  2s2_2p6g       2s2_2p8p      -1.72E-04 -1.32E+02 9.310E+04
 3895   6  12  2s2_2p6g       2s2_2p8f       -2.16E-02 -2.56E+04 7.496E+04
 3896   6  13  2s2_2p6g       2s2_2p9p      -5.29E-05 -8.08E+01 6.607E+04
 3897   6  14  2s2_2p6g       2s2_2p9f       -7.50E-03 -1.43E+04 5.905E+04
 3898   6  15  2s2_2p6g       2s2_2p10p      -2.49E-05 -5.51E+01 5.492E+04
 3899   7   1  2s2_2p7d       2s2_2p2          3.90E-02  1.66E+08 1.252E+03
 3900   7   2  2s2_2p7d       2s2_2p3p       2.41E-03  4.64E+05 5.888E+03
 3901   7   3  2s2_2p7d       2s2_2p4p       6.04E-04  2.00E+04 1.418E+04
 3902   7   4  2s2_2p7d       2s2_2p4f        4.48E-05  6.27E+02 2.183E+04
 3903   7   5  2s2_2p7d       2s2_2p5p       2.14E-02  1.54E+05 3.041E+04
 3904   7   6  2s2_2p7d       2s2_2p5f        1.38E-04  4.14E+02 4.717E+04
 3905   7   7  2s2_2p7d       2s2_2p6p       2.26E-01  3.08E+05 6.997E+04
 3906   7   8  2s2_2p7d       2s2_2p6f        4.23E-04  1.73E+02 1.278E+05
 3907   7   9  2s2_2p7d       2s2_2p7p       9.27E+00  8.51E+05 2.695E+05
 3908   7  10  2s2_2p7d       2s2_2p7f       -1.03E-03 -4.23E-01 4.031E+06
 3909   7  11  2s2_2p7d       2s2_2p8p      -5.96E+00 -3.32E+05 3.461E+05
 3910   7  12  2s2_2p7d       2s2_2p8f       -8.27E-03 -1.66E+03 1.822E+05
 3911   7  13  2s2_2p7d       2s2_2p9p      -3.82E-01 -1.35E+05 1.373E+05
 3912   7  14  2s2_2p7d       2s2_2p9f       -2.33E-03 -1.28E+03 1.101E+05
 3913   7  15  2s2_2p7d       2s2_2p10p      -1.17E-01 -8.37E+04 9.656E+04
 3914   8   1  2s2_2p7g       2s2_2p2          2.81E-05  1.20E+05 1.252E+03
 3915   8   2  2s2_2p7g       2s2_2p3p       2.22E-05  4.28E+03 5.880E+03
 3916   8   3  2s2_2p7g       2s2_2p4p       3.62E-06  1.21E+02 1.414E+04
 3917   8   4  2s2_2p7g       2s2_2p4f        2.87E-01  4.06E+06 2.172E+04
 3918   8   5  2s2_2p7g       2s2_2p5p       2.66E-07  1.95E+00 3.019E+04
 3919   8   6  2s2_2p7g       2s2_2p5f        1.14E+00  3.49E+06 4.666E+04
 3920   8   7  2s2_2p7g       2s2_2p6p       8.96E-05  1.26E+02 6.885E+04
 3921   8   8  2s2_2p7g       2s2_2p6f        5.60E+00  2.42E+06 1.242E+05
 3922   8   9  2s2_2p7g       2s2_2p7p       6.58E-03  6.82E+02 2.537E+05
 3923   8  10  2s2_2p7g       2s2_2p7f       -5.27E-02 -9.78E-02 5.995E+07
 3924   8  11  2s2_2p7g       2s2_2p8p      -3.69E-03 -1.74E+02 3.763E+05
 3925   8  12  2s2_2p7g       2s2_2p8f       -2.25E-01 -4.15E+04 1.902E+05
 3926   8  13  2s2_2p7g       2s2_2p9p      -2.07E-04 -6.87E+01 1.418E+05
 3927   8  14  2s2_2p7g       2s2_2p9f       -4.15E-02 -2.17E+04 1.130E+05
 3928   8  15  2s2_2p7g       2s2_2p10p      -6.29E-05 -4.30E+01 9.876E+04
 3929   9   1  2s2_2p8d       2s2_2p2          2.61E-02  1.13E+08 1.244E+03
 3930   9   2  2s2_2p8d       2s2_2p3p       2.00E-03  4.09E+05 5.710E+03
 3931   9   3  2s2_2p8d       2s2_2p4p       3.26E-05  1.25E+03 1.319E+04
 3932   9   4  2s2_2p8d       2s2_2p4f        1.90E-05  3.31E+02 1.955E+04
 3933   9   5  2s2_2p8d       2s2_2p5p       5.29E-03  5.15E+04 2.617E+04
 3934   9   6  2s2_2p8d       2s2_2p5f        4.62E-05  2.17E+02 3.770E+04
 3935   9   7  2s2_2p8d       2s2_2p6p       3.93E-02  1.01E+05 5.098E+04
 3936   9   8  2s2_2p8d       2s2_2p6f        8.82E-05  1.02E+02 7.608E+04
 3937   9   9  2s2_2p8d       2s2_2p7p       2.97E-01  1.62E+05 1.107E+05
 3938   9  10  2s2_2p8d       2s2_2p7f        1.69E-04  2.90E+01 1.971E+05
 3939   9  11  2s2_2p8d       2s2_2p8p       1.05E+01  4.15E+05 4.110E+05
 3940   9  12  2s2_2p8d       2s2_2p8f       -1.21E-03 -2.23E-01 6.019E+06
 3941   9  13  2s2_2p8d       2s2_2p9p      -7.13E+00 -1.83E+05 5.099E+05
 3942   9  14  2s2_2p8d       2s2_2p9f       -7.88E-03 -7.43E+02 2.660E+05
 3943   9  15  2s2_2p8d       2s2_2p10p      -4.50E-01 -7.61E+04 1.986E+05
 3944  10   1  2s2_2p8g       2s2_2p2          1.75E-05  7.55E+04 1.244E+03
 3945  10   2  2s2_2p8g       2s2_2p3p       1.58E-05  3.24E+03 5.704E+03
 3946  10   3  2s2_2p8g       2s2_2p4p       3.26E-06  1.26E+02 1.316E+04
 3947  10   4  2s2_2p8g       2s2_2p4f        1.30E-01  2.28E+06 1.949E+04
 3948  10   5  2s2_2p8g       2s2_2p5p       4.18E-07  4.10E+00 2.607E+04
 3949  10   6  2s2_2p8g       2s2_2p5f        4.20E-01  1.99E+06 3.748E+04
 3950  10   7  2s2_2p8g       2s2_2p6p       6.52E-06  1.70E+01 5.058E+04
 3951  10   8  2s2_2p8g       2s2_2p6f        1.23E+00  1.45E+06 7.518E+04
 3952  10   9  2s2_2p8g       2s2_2p7p       1.57E-04  8.84E+01 1.088E+05
 3953  10  10  2s2_2p8g       2s2_2p7f        5.43E+00  9.91E+05 1.912E+05
 3954  10  11  2s2_2p8g       2s2_2p8p       7.58E-03  3.39E+02 3.863E+05
 3955  10  12  2s2_2p8g       2s2_2p8f       -6.20E-02 -4.40E-02 9.695E+07
 3956  10  13  2s2_2p8g       2s2_2p9p      -4.50E-03 -9.78E+01 5.539E+05
 3957  10  14  2s2_2p8g       2s2_2p9f       -3.43E-01 -2.97E+04 2.775E+05
 3958  10  15  2s2_2p8g       2s2_2p10p      -2.47E-04 -3.92E+01 2.050E+05
 3959  11   1  2s2_2p9d       2s2_2p2          1.83E-02  7.96E+07 1.238E+03
 3960  11   2  2s2_2p9d       2s2_2p3p       1.58E-03  3.37E+05 5.593E+03
 3961  11   3  2s2_2p9d       2s2_2p4p       4.15E-06  1.75E+02 1.258E+04
 3962  11   4  2s2_2p9d       2s2_2p4f        1.03E-05  2.06E+02 1.825E+04
 3963  11   5  2s2_2p9d       2s2_2p5p       1.75E-03  2.04E+04 2.389E+04
 3964  11   6  2s2_2p9d       2s2_2p5f        2.21E-05  1.34E+02 3.315E+04
 3965  11   7  2s2_2p9d       2s2_2p6p       1.20E-02  4.33E+04 4.300E+04
 3966  11   8  2s2_2p9d       2s2_2p6f        3.54E-05  6.65E+01 5.957E+04
 3967  11   9  2s2_2p9d       2s2_2p7p       5.78E-02  6.19E+04 7.889E+04
 3968  11  10  2s2_2p9d       2s2_2p7f        4.90E-05  2.48E+01 1.147E+05
 3969  11  11  2s2_2p9d       2s2_2p8p       3.65E-01  8.99E+04 1.646E+05
 3970  11  12  2s2_2p9d       2s2_2p8f        4.83E-05  3.89E+00 2.876E+05
 3971  11  13  2s2_2p9d       2s2_2p9p       1.17E+01  2.21E+05 5.947E+05
 3972  11  14  2s2_2p9d       2s2_2p9f       -1.39E-03 -1.26E-01 8.573E+06
 3973  11  15  2s2_2p9d       2s2_2p10p      -8.29E+00 -1.07E+05 7.186E+05
 3974  12   1  2s2_2p9g       2s2_2p2          1.17E-05  5.09E+04 1.238E+03
 3975  12   2  2s2_2p9g       2s2_2p3p       1.14E-05  2.43E+03 5.590E+03
 3976  12   3  2s2_2p9g       2s2_2p4p       2.63E-06  1.11E+02 1.257E+04
 3977  12   4  2s2_2p9g       2s2_2p4f        7.13E-02  1.43E+06 1.822E+04
 3978  12   5  2s2_2p9g       2s2_2p5p       8.73E-07  1.03E+01 2.383E+04
 3979  12   6  2s2_2p9g       2s2_2p5f        2.06E-01  1.26E+06 3.303E+04
 3980  12   7  2s2_2p9g       2s2_2p6p       5.00E-07  1.82E+00 4.280E+04
 3981  12   8  2s2_2p9g       2s2_2p6f        4.85E-01  9.24E+05 5.918E+04
 3982  12   9  2s2_2p9g       2s2_2p7p       1.99E-05  2.17E+01 7.822E+04
 3983  12  10  2s2_2p9g       2s2_2p7f        1.27E+00  6.60E+05 1.133E+05
 3984  12  11  2s2_2p9g       2s2_2p8p       2.31E-04  5.90E+01 1.617E+05
 3985  12  12  2s2_2p9g       2s2_2p8f        5.37E+00  4.61E+05 2.788E+05
 3986  12  13  2s2_2p9g       2s2_2p9p       8.61E-03  1.84E+02 5.582E+05
 3987  12  14  2s2_2p9g       2s2_2p9f       -7.07E-02 -2.18E-02 1.470E+08
 3988  12  15  2s2_2p9g       2s2_2p10p      -5.38E-03 -5.90E+01 7.802E+05
 3989  13   1  2s2_2p10d       2s2_2p2          1.33E-02  5.82E+07 1.234E+03
 3990  13   2  2s2_2p10d       2s2_2p3p       1.24E-03  2.72E+05 5.513E+03
 3991  13   3  2s2_2p10d       2s2_2p4p       2.91E-05  1.31E+03 1.218E+04
 3992  13   4  2s2_2p10d       2s2_2p4f        6.44E-06  1.41E+02 1.743E+04
 3993  13   5  2s2_2p10d       2s2_2p5p       6.98E-04  9.20E+03 2.249E+04
 3994  13   6  2s2_2p10d       2s2_2p5f        1.28E-05  9.17E+01 3.052E+04
 3995  13   7  2s2_2p10d       2s2_2p6p       4.86E-03  2.17E+04 3.867E+04
 3996  13   8  2s2_2p10d       2s2_2p6f        1.87E-05  4.69E+01 5.157E+04
 3997  13   9  2s2_2p10d       2s2_2p7p       1.94E-02  3.02E+04 6.545E+04
 3998  13  10  2s2_2p10d       2s2_2p7f        2.30E-05  1.97E+01 8.835E+04
 3999  13  11  2s2_2p10d       2s2_2p8p       7.62E-02  3.83E+04 1.152E+05
 4000  13  12  2s2_2p10d       2s2_2p8f        2.23E-05  5.50E+00 1.645E+05
 4001  13  13  2s2_2p10d       2s2_2p9p       4.32E-01  5.29E+04 2.334E+05
 4002  13  14  2s2_2p10d       2s2_2p9f        3.14E-06  1.29E-01 4.023E+05
 4003  13  15  2s2_2p10d       2s2_2p10p       1.28E+01  1.25E+05 8.259E+05
 4004   1   1  2s2_2p3d       2s2_2p2          7.04E-02  2.21E+08 1.456E+03
 4005   1   2  2s2_2p3d       2s2_2p3p       5.80E-01  1.30E+07 1.727E+04
 4006   1   3  2s2_2p3d       2s2_2p4p      -1.50E-01 -1.72E+06 2.414E+04
 4007   1   4  2s2_2p3d       2s2_2p4f       -4.27E-01 -1.24E+07 1.513E+04
 4008   1   5  2s2_2p3d       2s2_2p5p      -1.42E-02 -5.92E+05 1.265E+04
 4009   1   6  2s2_2p3d       2s2_2p5f       -9.67E-02 -5.31E+06 1.102E+04
 4010   1   7  2s2_2p3d       2s2_2p6p      -4.62E-03 -2.94E+05 1.024E+04
 4011   1   8  2s2_2p3d       2s2_2p6f       -3.88E-02 -2.80E+06 9.606E+03
 4012   1   9  2s2_2p3d       2s2_2p7p      -2.17E-03 -1.70E+05 9.241E+03
 4013   1  10  2s2_2p3d       2s2_2p7f       -2.00E-02 -1.68E+06 8.915E+03
 4014   1  11  2s2_2p3d       2s2_2p8p      -1.22E-03 -1.07E+05 8.709E+03
 4015   1  12  2s2_2p3d       2s2_2p8f       -1.18E-02 -1.09E+06 8.517E+03
 4016   1  13  2s2_2p3d       2s2_2p9p      -7.61E-04 -7.21E+04 8.388E+03
 4017   1  14  2s2_2p3d       2s2_2p9f       -7.65E-03 -7.47E+05 8.264E+03
 4018   1  15  2s2_2p3d       2s2_2p10p      -5.11E-04 -5.10E+04 8.178E+03
 4019   2   1  2s2_2p4d       2s2_2p2          1.49E-02  5.54E+07 1.340E+03
 4020   2   2  2s2_2p4d       2s2_2p3p       1.65E-02  1.52E+06 8.508E+03
 4021   2   3  2s2_2p4d       2s2_2p4p       8.01E-01  1.77E+06 5.489E+04
 4022   2   4  2s2_2p4d       2s2_2p4f       -1.83E-01 -5.11E+04 1.546E+05
 4023   2   5  2s2_2p4d       2s2_2p5p      -2.92E-01 -7.33E+05 5.155E+04
 4024   2   6  2s2_2p4d       2s2_2p5f       -2.45E-01 -1.58E+06 3.217E+04
 4025   2   7  2s2_2p4d       2s2_2p6p      -3.10E-02 -2.98E+05 2.632E+04
 4026   2   8  2s2_2p4d       2s2_2p6f       -7.94E-02 -1.05E+06 2.249E+04
 4027   2   9  2s2_2p4d       2s2_2p7p      -1.04E-02 -1.64E+05 2.059E+04
 4028   2  10  2s2_2p4d       2s2_2p7f       -3.67E-02 -6.76E+05 1.904E+04
 4029   2  11  2s2_2p4d       2s2_2p8p      -4.94E-03 -1.00E+05 1.812E+04
 4030   2  12  2s2_2p4d       2s2_2p8f       -2.05E-02 -4.56E+05 1.731E+04
 4031   2  13  2s2_2p4d       2s2_2p9p      -2.81E-03 -6.65E+04 1.679E+04
 4032   2  14  2s2_2p4d       2s2_2p9f       -1.27E-02 -3.19E+05 1.630E+04
 4033   2  15  2s2_2p4d       2s2_2p10p      -1.78E-03 -4.66E+04 1.596E+04
 4034   3   1  2s2_2p5d       2s2_2p2          3.63E-03  1.45E+07 1.292E+03
 4035   3   2  2s2_2p5d       2s2_2p3p       1.55E-02  2.17E+06 6.896E+03
 4036   3   3  2s2_2p5d       2s2_2p4p       7.97E-03  1.11E+05 2.189E+04
 4037   3   4  2s2_2p5d       2s2_2p4f        4.20E-02  1.24E+05 4.762E+04
 4038   3   5  2s2_2p5d       2s2_2p5p       9.99E-01  4.34E+05 1.240E+05
 4039   3   6  2s2_2p5d       2s2_2p5f       -3.52E-01 -3.07E+04 2.763E+05
 4040   3   7  2s2_2p5d       2s2_2p6p      -4.30E-01 -3.18E+05 9.499E+04
 4041   3   8  2s2_2p5d       2s2_2p6f       -1.65E-01 -3.18E+05 5.883E+04
 4042   3   9  2s2_2p5d       2s2_2p7p      -4.86E-02 -1.44E+05 4.737E+04
 4043   3  10  2s2_2p5d       2s2_2p7f       -6.25E-02 -2.62E+05 3.989E+04
 4044   3  11  2s2_2p5d       2s2_2p8p      -1.65E-02 -8.45E+04 3.609E+04
 4045   3  12  2s2_2p5d       2s2_2p8f       -3.12E-02 -1.91E+05 3.299E+04
 4046   3  13  2s2_2p5d       2s2_2p9p      -7.93E-03 -5.45E+04 3.115E+04
 4047   3  14  2s2_2p5d       2s2_2p9f       -1.82E-02 -1.40E+05 2.950E+04
 4048   3  15  2s2_2p5d       2s2_2p10p      -4.55E-03 -3.76E+04 2.843E+04
 4049   4   1  2s2_2p6d       2s2_2p2          1.01E-03  4.19E+06 1.268E+03
 4050   4   2  2s2_2p6d       2s2_2p3p       1.01E-02  1.72E+06 6.258E+03
 4051   4   3  2s2_2p6d       2s2_2p4p       9.95E-03  2.43E+05 1.653E+04
 4052   4   4  2s2_2p6d       2s2_2p4f        6.20E-03  5.30E+04 2.793E+04
 4053   4   5  2s2_2p6d       2s2_2p5p       4.80E-03  1.67E+04 4.373E+04
 4054   4   6  2s2_2p6d       2s2_2p5f        1.03E-01  8.59E+04 8.944E+04
 4055   4   7  2s2_2p6d       2s2_2p6p       1.19E+00  1.45E+05 2.341E+05
 4056   4   8  2s2_2p6d       2s2_2p6f       -5.05E-01 -1.63E+04 4.550E+05
 4057   4   9  2s2_2p6d       2s2_2p7p      -5.68E-01 -1.51E+05 1.585E+05
 4058   4  10  2s2_2p6d       2s2_2p7f       -1.22E-01 -8.58E+04 9.738E+04
 4059   4  11  2s2_2p6d       2s2_2p8p      -6.64E-02 -7.38E+04 7.746E+04
 4060   4  12  2s2_2p6d       2s2_2p8f       -5.08E-02 -8.15E+04 6.448E+04
 4061   4  13  2s2_2p6d       2s2_2p9p      -2.27E-02 -4.53E+04 5.779E+04
 4062   4  14  2s2_2p6d       2s2_2p9f       -2.66E-02 -6.47E+04 5.235E+04
 4063   4  15  2s2_2p6d       2s2_2p10p      -1.10E-02 -3.05E+04 4.908E+04
 4064   5   1  2s2_2p7d       2s2_2p2          3.11E-04  1.32E+06 1.254E+03
 4065   5   2  2s2_2p7d       2s2_2p3p       6.56E-03  1.24E+06 5.930E+03
 4066   5   3  2s2_2p7d       2s2_2p4p       7.10E-03  2.28E+05 1.442E+04
 4067   5   4  2s2_2p7d       2s2_2p4f        2.16E-03  2.87E+04 2.240E+04
 4068   5   5  2s2_2p7d       2s2_2p5p       7.38E-03  4.95E+04 3.154E+04
 4069   5   6  2s2_2p7d       2s2_2p5f        1.54E-02  4.12E+04 4.994E+04
 4070   5   7  2s2_2p7d       2s2_2p6p       3.09E-03  3.55E+03 7.624E+04
 4071   5   8  2s2_2p7d       2s2_2p6f        1.75E-01  5.16E+04 1.505E+05
 4072   5   9  2s2_2p7d       2s2_2p7p       1.37E+00  5.87E+04 3.946E+05
 4073   5  10  2s2_2p7d       2s2_2p7f       -6.48E-01 -8.77E+03 7.019E+05
 4074   5  11  2s2_2p7d       2s2_2p8p      -7.07E-01 -7.79E+04 2.460E+05
 4075   5  12  2s2_2p7d       2s2_2p8f       -9.71E-02 -2.88E+04 1.500E+05
 4076   5  13  2s2_2p7d       2s2_2p9p      -8.43E-02 -4.02E+04 1.182E+05
 4077   5  14  2s2_2p7d       2s2_2p9f       -4.29E-02 -3.01E+04 9.748E+04
 4078   5  15  2s2_2p7d       2s2_2p10p      -2.90E-02 -2.57E+04 8.671E+04
 4079   6   1  2s2_2p8d       2s2_2p2          1.02E-04  4.39E+05 1.245E+03
 4080   6   2  2s2_2p8d       2s2_2p3p       4.44E-03  9.00E+05 5.736E+03
 4081   6   3  2s2_2p8d       2s2_2p4p       4.91E-03  1.84E+05 1.333E+04
 4082   6   4  2s2_2p8d       2s2_2p4f        1.04E-03  1.76E+04 1.987E+04
 4083   6   5  2s2_2p8d       2s2_2p5p       5.57E-03  5.20E+04 2.674E+04
 4084   6   6  2s2_2p8d       2s2_2p5f        5.39E-03  2.38E+04 3.888E+04
 4085   6   7  2s2_2p8d       2s2_2p6p       5.80E-03  1.37E+04 5.317E+04
 4086   6   8  2s2_2p8d       2s2_2p6f        2.60E-02  2.64E+04 8.105E+04
 4087   6   9  2s2_2p8d       2s2_2p7p       2.03E-03  9.16E+02 1.216E+05
 4088   6  10  2s2_2p8d       2s2_2p7f        2.51E-01  3.05E+04 2.343E+05
 4089   6  11  2s2_2p8d       2s2_2p8p       1.55E+00  2.74E+04 6.147E+05
 4090   6  12  2s2_2p8d       2s2_2p8f       -7.83E-01 -4.94E+03 1.029E+06
 4091   6  13  2s2_2p8d       2s2_2p9p      -8.47E-01 -4.33E+04 3.613E+05
 4092   6  14  2s2_2p8d       2s2_2p9f       -8.09E-02 -1.12E+04 2.190E+05
 4093   6  15  2s2_2p8d       2s2_2p10p      -1.02E-01 -2.32E+04 1.712E+05
 4094   7   1  2s2_2p9d       2s2_2p2          3.41E-05  1.48E+05 1.239E+03
 4095   7   2  2s2_2p9d       2s2_2p3p       3.13E-03  6.63E+05 5.611E+03
 4096   7   3  2s2_2p9d       2s2_2p4p       3.47E-03  1.44E+05 1.268E+04
 4097   7   4  2s2_2p9d       2s2_2p4f        5.94E-04  1.16E+04 1.845E+04
 4098   7   5  2s2_2p9d       2s2_2p5p       4.00E-03  4.55E+04 2.423E+04
 4099   7   6  2s2_2p9d       2s2_2p5f        2.61E-03  1.52E+04 3.379E+04
 4100   7   7  2s2_2p9d       2s2_2p6p       4.58E-03  1.57E+04 4.409E+04
 4101   7   8  2s2_2p9d       2s2_2p6f        9.19E-03  1.61E+04 6.168E+04
 4102   7   9  2s2_2p9d       2s2_2p7p       4.74E-03  4.63E+03 8.264E+04
 4103   7  10  2s2_2p9d       2s2_2p7f        3.74E-02  1.65E+04 1.228E+05
 4104   7  11  2s2_2p9d       2s2_2p8p       1.32E-03  2.66E+02 1.818E+05
 4105   7  12  2s2_2p9d       2s2_2p8f        3.30E-01  1.85E+04 3.446E+05
 4106   7  13  2s2_2p9d       2s2_2p9p       1.73E+00  1.41E+04 9.034E+05
 4107   7  14  2s2_2p9d       2s2_2p9f       -9.11E-01 -2.90E+03 1.447E+06
 4108   7  15  2s2_2p9d       2s2_2p10p      -9.87E-01 -2.55E+04 5.086E+05
 4109   8   1  2s2_2p10d       2s2_2p2          1.11E-05  4.85E+04 1.235E+03
 4110   8   2  2s2_2p10d       2s2_2p3p       2.28E-03  4.98E+05 5.526E+03
 4111   8   3  2s2_2p10d       2s2_2p4p       2.53E-03  1.12E+05 1.225E+04
 4112   8   4  2s2_2p10d       2s2_2p4f        3.76E-04  8.14E+03 1.756E+04
 4113   8   5  2s2_2p10d       2s2_2p5p       2.91E-03  3.76E+04 2.271E+04
 4114   8   6  2s2_2p10d       2s2_2p5f        1.50E-03  1.05E+04 3.092E+04
 4115   8   7  2s2_2p10d       2s2_2p6p       3.38E-03  1.46E+04 3.931E+04
 4116   8   8  2s2_2p10d       2s2_2p6f        4.47E-03  1.07E+04 5.272E+04
 4117   8   9  2s2_2p10d       2s2_2p7p       3.88E-03  5.71E+03 6.732E+04
 4118   8  10  2s2_2p10d       2s2_2p7f        1.33E-02  1.05E+04 9.178E+04
 4119   8  11  2s2_2p10d       2s2_2p8p       3.98E-03  1.81E+03 1.211E+05
 4120   8  12  2s2_2p10d       2s2_2p8f        4.92E-02  1.05E+04 1.768E+05
 4121   8  13  2s2_2p10d       2s2_2p9p       8.40E-04  8.35E+01 2.590E+05
 4122   8  14  2s2_2p10d       2s2_2p9f        4.11E-01  1.17E+04 4.848E+05
 4123   8  15  2s2_2p10d       2s2_2p10p       1.91E+00  7.90E+03 1.270E+06
 4124   1   1  2s2_2p4f       2s2_2p3d        3.54E+00  1.01E+08 1.527E+04
 4125   1   2  2s2_2p4f       2s2_2p4d        1.26E+00  2.87E+05 1.712E+05
 4126   1   3  2s2_2p4f       2s2_2p5d       -2.76E-01 -8.61E+05 4.624E+04
 4127   1   4  2s2_2p4f       2s2_2p6d       -4.19E-02 -3.71E+05 2.745E+04
 4128   1   5  2s2_2p4f       2s2_2p7d       -1.47E-02 -2.01E+05 2.209E+04
 4129   1   6  2s2_2p4f       2s2_2p8d       -7.09E-03 -1.23E+05 1.962E+04
 4130   1   7  2s2_2p4f       2s2_2p9d       -4.05E-03 -8.12E+04 1.824E+04
 4131   1   8  2s2_2p4f       2s2_2p10d       -2.57E-03 -5.69E+04 1.736E+04
 4132   2   1  2s2_2p5f       2s2_2p3d        7.63E-01  4.16E+07 1.107E+04
 4133   2   2  2s2_2p5f       2s2_2p4d        2.17E+00  1.37E+07 3.254E+04
 4134   2   3  2s2_2p5f       2s2_2p5d        2.44E+00  1.74E+05 3.062E+05
 4135   2   4  2s2_2p5f       2s2_2p6d       -6.92E-01 -6.14E+05 8.670E+04
 4136   2   5  2s2_2p5f       2s2_2p7d       -1.06E-01 -2.94E+05 4.907E+04
 4137   2   6  2s2_2p5f       2s2_2p8d       -3.77E-02 -1.71E+05 3.836E+04
 4138   2   7  2s2_2p5f       2s2_2p9d       -1.83E-02 -1.09E+05 3.339E+04
 4139   2   8  2s2_2p5f       2s2_2p10d       -1.05E-02 -7.49E+04 3.058E+04
 4140   3   1  2s2_2p6f       2s2_2p3d        3.00E-01  2.16E+07 9.625E+03
 4141   3   2  2s2_2p6f       2s2_2p4d        6.68E-01  8.73E+06 2.260E+04
 4142   3   3  2s2_2p6f       2s2_2p5d        1.53E+00  2.88E+06 5.956E+04
 4143   3   4  2s2_2p6f       2s2_2p6d        3.54E+00  9.34E+04 5.028E+05
 4144   3   5  2s2_2p6f       2s2_2p7d       -1.18E+00 -3.70E+05 1.459E+05
 4145   3   6  2s2_2p6f       2s2_2p8d       -1.83E-01 -1.92E+05 7.970E+04
 4146   3   7  2s2_2p6f       2s2_2p9d       -6.51E-02 -1.17E+05 6.090E+04
 4147   3   8  2s2_2p6f       2s2_2p10d       -3.18E-02 -7.80E+04 5.215E+04
 4148   4   1  2s2_2p7f       2s2_2p3d        1.52E-01  1.27E+07 8.925E+03
 4149   4   2  2s2_2p7f       2s2_2p4d        3.03E-01  5.55E+06 1.908E+04
 4150   4   3  2s2_2p7f       2s2_2p5d        5.48E-01  2.27E+06 4.010E+04
 4151   4   4  2s2_2p7f       2s2_2p6d        1.18E+00  8.09E+05 9.866E+04
 4152   4   5  2s2_2p7f       2s2_2p7d        4.57E+00  5.09E+04 7.739E+05
 4153   4   6  2s2_2p7f       2s2_2p8d       -1.71E+00 -2.21E+05 2.273E+05
 4154   4   7  2s2_2p7f       2s2_2p9d       -2.65E-01 -1.21E+05 1.209E+05
 4155   4   8  2s2_2p7f       2s2_2p10d       -9.50E-02 -7.71E+04 9.067E+04
 4156   5   1  2s2_2p8f       2s2_2p3d        8.97E-02  8.24E+06 8.523E+03
 4157   5   2  2s2_2p8f       2s2_2p4d        1.67E-01  3.71E+06 1.734E+04
 4158   5   3  2s2_2p8f       2s2_2p5d        2.68E-01  1.63E+06 3.309E+04
 4159   5   4  2s2_2p8f       2s2_2p6d        4.60E-01  7.29E+05 6.485E+04
 4160   5   5  2s2_2p8f       2s2_2p7d        9.69E-01  2.79E+05 1.521E+05
 4161   5   6  2s2_2p8f       2s2_2p8d        5.54E+00  2.88E+04 1.132E+06
 4162   5   7  2s2_2p8f       2s2_2p9d       -2.27E+00 -1.35E+05 3.343E+05
 4163   5   8  2s2_2p8f       2s2_2p10d       -3.52E-01 -7.75E+04 1.741E+05
 4164   6   1  2s2_2p9f       2s2_2p3d        5.78E-02  5.64E+06 8.268E+03
 4165   6   2  2s2_2p9f       2s2_2p4d        1.03E-01  2.58E+06 1.631E+04
 4166   6   3  2s2_2p9f       2s2_2p5d        1.55E-01  1.18E+06 2.955E+04
 4167   6   4  2s2_2p9f       2s2_2p6d        2.35E-01  5.68E+05 5.252E+04
 4168   6   5  2s2_2p9f       2s2_2p7d        3.99E-01  2.77E+05 9.809E+04
 4169   6   6  2s2_2p9f       2s2_2p8d        8.34E-01  1.13E+05 2.221E+05
 4170   6   7  2s2_2p9f       2s2_2p9d        6.47E+00  1.70E+04 1.591E+06
 4171   6   8  2s2_2p9f       2s2_2p10d       -2.84E+00 -8.56E+04 4.705E+05
 4172   7   1  2s2_2p10f       2s2_2p3d        3.96E-02  4.03E+06 8.095E+03
 4173   7   2  2s2_2p10f       2s2_2p4d        6.90E-02  1.88E+06 1.565E+04
 4174   7   3  2s2_2p10f       2s2_2p5d        9.88E-02  8.74E+05 2.745E+04
 4175   7   4  2s2_2p10f       2s2_2p6d        1.40E-01  4.37E+05 4.624E+04
 4176   7   5  2s2_2p10f       2s2_2p7d        2.10E-01  2.29E+05 7.823E+04
 4177   7   6  2s2_2p10f       2s2_2p8d        3.56E-01  1.19E+05 1.410E+05
 4178   7   7  2s2_2p10f       2s2_2p9d        7.42E-01  5.12E+04 3.109E+05
 4179   7   8  2s2_2p10f       2s2_2p10d        7.37E+00  1.05E+04 2.163E+06
 4180   1   1  2s2_2p3d       2s2_2p4f       -5.51E-01 -1.13E+07 1.806E+04
 4181   1   2  2s2_2p3d       2s2_2p5f       -8.82E-02 -3.79E+06 1.246E+04
 4182   1   3  2s2_2p3d       2s2_2p6f       -3.07E-02 -1.80E+06 1.066E+04
 4183   1   4  2s2_2p3d       2s2_2p7f       -1.46E-02 -1.01E+06 9.812E+03
 4184   1   5  2s2_2p3d       2s2_2p8f       -8.28E-03 -6.35E+05 9.328E+03
 4185   1   6  2s2_2p3d       2s2_2p9f       -5.19E-03 -4.25E+05 9.024E+03
 4186   1   7  2s2_2p3d       2s2_2p10f       -3.50E-03 -3.00E+05 8.818E+03
 4187   2   1  2s2_2p4d       2s2_2p4f       -1.73E-02 -5.40E+01 1.461E+06
 4188   2   2  2s2_2p4d       2s2_2p5f       -4.69E-01 -2.05E+06 3.910E+04
 4189   2   3  2s2_2p4d       2s2_2p6f       -1.03E-01 -1.05E+06 2.558E+04
 4190   2   4  2s2_2p4d       2s2_2p7f       -4.05E-02 -6.03E+05 2.117E+04
 4191   2   5  2s2_2p4d       2s2_2p8f       -2.07E-02 -3.81E+05 1.904E+04
 4192   2   6  2s2_2p4d       2s2_2p9f       -1.22E-02 -2.57E+05 1.781E+04
 4193   2   7  2s2_2p4d       2s2_2p10f       -7.92E-03 -1.82E+05 1.703E+04
 4194   3   1  2s2_2p5d       2s2_2p4f        1.19E-02  4.79E+04 4.071E+04
 4195   3   2  2s2_2p5d       2s2_2p5f       -3.09E-02 -2.21E+01 3.057E+06
 4196   3   3  2s2_2p5d       2s2_2p6f       -4.39E-01 -5.62E+05 7.220E+04
 4197   3   4  2s2_2p5d       2s2_2p7f       -1.07E-01 -3.45E+05 4.546E+04
 4198   3   5  2s2_2p5d       2s2_2p8f       -4.47E-02 -2.22E+05 3.666E+04
 4199   3   6  2s2_2p5d       2s2_2p9f       -2.37E-02 -1.51E+05 3.236E+04
 4200   3   7  2s2_2p5d       2s2_2p10f       -1.43E-02 -1.07E+05 2.986E+04
 4201   4   1  2s2_2p5g       2s2_2p4f        5.76E-01  2.44E+06 3.971E+04
 4202   4   2  2s2_2p5g       2s2_2p5f        1.07E-02  6.10E+00 3.421E+06
 4203   4   3  2s2_2p5g       2s2_2p6f       -3.38E-03 -3.95E+03 7.558E+04
 4204   4   4  2s2_2p5g       2s2_2p7f       -4.79E-04 -1.46E+03 4.678E+04
 4205   4   5  2s2_2p5g       2s2_2p8f       -1.48E-04 -7.02E+02 3.751E+04
 4206   4   6  2s2_2p5g       2s2_2p9f       -6.44E-05 -3.94E+02 3.302E+04
 4207   4   7  2s2_2p5g       2s2_2p10f       -3.41E-05 -2.46E+02 3.042E+04
 4208   5   1  2s2_2p6d       2s2_2p4f        1.93E-03  1.88E+04 2.616E+04
 4209   5   2  2s2_2p6d       2s2_2p5f        2.63E-02  3.12E+04 7.498E+04
 4210   5   3  2s2_2p6d       2s2_2p6f       -4.24E-02 -9.73E+00 5.392E+06
 4211   5   4  2s2_2p6d       2s2_2p7f       -4.29E-01 -1.99E+05 1.200E+05
 4212   5   5  2s2_2p6d       2s2_2p8f       -1.09E-01 -1.35E+05 7.344E+04
 4213   5   6  2s2_2p6d       2s2_2p9f       -4.71E-02 -9.33E+04 5.802E+04
 4214   5   7  2s2_2p6d       2s2_2p10f       -2.55E-02 -6.68E+04 5.045E+04
 4215   6   1  2s2_2p6g       2s2_2p4f        8.25E-02  8.20E+05 2.591E+04
 4216   6   2  2s2_2p6g       2s2_2p5f        4.94E-01  6.19E+05 7.298E+04
 4217   6   3  2s2_2p6g       2s2_2p6f        2.13E-02  4.55E+00 5.587E+06
 4218   6   4  2s2_2p6g       2s2_2p7f       -1.12E-02 -4.74E+03 1.255E+05
 4219   6   5  2s2_2p6g       2s2_2p8f       -1.84E-03 -2.16E+03 7.546E+04
 4220   6   6  2s2_2p6g       2s2_2p9f       -6.16E-04 -1.17E+03 5.927E+04
 4221   6   7  2s2_2p6g       2s2_2p10f       -2.84E-04 -7.17E+02 5.139E+04
 4222   7   1  2s2_2p7d       2s2_2p4f        6.65E-04  9.57E+03 2.153E+04
 4223   7   2  2s2_2p7d       2s2_2p5f        4.84E-03  1.50E+04 4.639E+04
 4224   7   3  2s2_2p7d       2s2_2p6f        4.37E-02  1.88E+04 1.245E+05
 4225   7   4  2s2_2p7d       2s2_2p7f       -5.30E-02 -4.72E+00 8.654E+06
 4226   7   5  2s2_2p7d       2s2_2p8f       -4.29E-01 -8.34E+04 1.852E+05
 4227   7   6  2s2_2p7d       2s2_2p9f       -1.12E-01 -6.08E+04 1.109E+05
 4228   7   7  2s2_2p7d       2s2_2p10f       -4.90E-02 -4.40E+04 8.616E+04
 4229   8   1  2s2_2p7g       2s2_2p4f        2.71E-02  3.94E+05 2.142E+04
 4230   8   2  2s2_2p7g       2s2_2p5f        1.00E-01  3.17E+05 4.590E+04
 4231   8   3  2s2_2p7g       2s2_2p6f        4.53E-01  2.06E+05 1.210E+05
 4232   8   4  2s2_2p7g       2s2_2p7f        3.10E-02  2.78E+00 8.630E+06
 4233   8   5  2s2_2p7g       2s2_2p8f       -2.16E-02 -3.85E+03 1.935E+05
 4234   8   6  2s2_2p7g       2s2_2p9f       -3.80E-03 -1.96E+03 1.138E+05
 4235   8   7  2s2_2p7g       2s2_2p10f       -1.33E-03 -1.15E+03 8.791E+04
 4236   9   1  2s2_2p8d       2s2_2p4f        3.15E-04  5.63E+03 1.932E+04
 4237   9   2  2s2_2p8d       2s2_2p5f        1.76E-03  8.48E+03 3.721E+04
 4238   9   3  2s2_2p8d       2s2_2p6f        8.48E-03  1.01E+04 7.489E+04
 4239   9   4  2s2_2p8d       2s2_2p7f        6.33E-02  1.14E+04 1.921E+05
 4240   9   5  2s2_2p8d       2s2_2p8f       -6.30E-02 -2.49E+00 1.300E+07
 4241   9   6  2s2_2p8d       2s2_2p9f       -4.35E-01 -3.96E+04 2.705E+05
 4242   9   7  2s2_2p8d       2s2_2p10f       -1.15E-01 -3.03E+04 1.591E+05
 4243  10   1  2s2_2p8g       2s2_2p4f        1.25E-02  2.25E+05 1.926E+04
 4244  10   2  2s2_2p8g       2s2_2p5f        3.79E-02  1.85E+05 3.699E+04
 4245  10   3  2s2_2p8g       2s2_2p6f        1.05E-01  1.28E+05 7.402E+04
 4246  10   4  2s2_2p8g       2s2_2p7f        4.33E-01  8.30E+04 1.865E+05
 4247  10   5  2s2_2p8g       2s2_2p8f        4.00E-02  1.66E+00 1.267E+07
 4248  10   6  2s2_2p8g       2s2_2p9f       -3.38E-02 -2.83E+03 2.824E+05
 4249  10   7  2s2_2p8g       2s2_2p10f       -6.20E-03 -1.55E+03 1.632E+05
 4250  11   1  2s2_2p9d       2s2_2p4f        1.78E-04  3.65E+03 1.805E+04
 4251  11   2  2s2_2p9d       2s2_2p5f        8.59E-04  5.34E+03 3.277E+04
 4252  11   3  2s2_2p9d       2s2_2p6f        3.17E-03  6.11E+03 5.884E+04
 4253  11   4  2s2_2p9d       2s2_2p7f        1.27E-02  6.63E+03 1.130E+05
 4254  11   5  2s2_2p9d       2s2_2p8f        8.44E-02  7.16E+03 2.804E+05
 4255  11   6  2s2_2p9d       2s2_2p9f       -7.59E-02 -1.46E+00 1.860E+07
 4256  11   7  2s2_2p9d       2s2_2p10f       -4.45E-01 -2.07E+04 3.786E+05
 4257  12   1  2s2_2p9g       2s2_2p4f        6.94E-03  1.43E+05 1.801E+04
 4258  12   2  2s2_2p9g       2s2_2p5f        1.89E-02  1.18E+05 3.265E+04
 4259  12   3  2s2_2p9g       2s2_2p6f        4.27E-02  8.33E+04 5.846E+04
 4260  12   4  2s2_2p9g       2s2_2p7f        1.07E-01  5.73E+04 1.116E+05
 4261  12   5  2s2_2p9g       2s2_2p8f        4.24E-01  3.82E+04 2.720E+05
 4262  12   6  2s2_2p9g       2s2_2p9f        4.86E-02  1.02E+00 1.783E+07
 4263  12   7  2s2_2p9g       2s2_2p10f       -4.72E-02 -2.02E+03 3.950E+05
 4264  13   1  2s2_2p10d       2s2_2p4f        1.12E-04  2.51E+03 1.724E+04
 4265  13   2  2s2_2p10d       2s2_2p5f        4.93E-04  3.61E+03 3.019E+04
 4266  13   3  2s2_2p10d       2s2_2p6f        1.57E-03  4.02E+03 5.102E+04
 4267  13   4  2s2_2p10d       2s2_2p7f        4.82E-03  4.22E+03 8.732E+04
 4268  13   5  2s2_2p10d       2s2_2p8f        1.73E-02  4.39E+03 1.621E+05
 4269  13   6  2s2_2p10d       2s2_2p9f        1.07E-01  4.64E+03 3.924E+05
 4270  13   7  2s2_2p10d       2s2_2p10f       -8.25E-02 -8.44E-01 2.553E+07
 4271   1   1  2s2_2p5g       2s2_2p4f        8.70E+00  3.67E+07 3.979E+04
 4272   1   2  2s2_2p5g       2s2_2p5f        1.42E-01  5.60E+01 4.114E+06
 4273   1   3  2s2_2p5g       2s2_2p6f       -7.55E-02 -8.88E+04 7.530E+04
 4274   1   4  2s2_2p5g       2s2_2p7f       -1.19E-02 -3.64E+04 4.667E+04
 4275   1   5  2s2_2p5g       2s2_2p8f       -3.95E-03 -1.88E+04 3.744E+04
 4276   1   6  2s2_2p5g       2s2_2p9f       -1.81E-03 -1.11E+04 3.297E+04
 4277   1   7  2s2_2p5g       2s2_2p10f       -9.97E-04 -7.21E+03 3.038E+04
 4278   2   1  2s2_2p6g       2s2_2p4f        1.23E+00  1.22E+07 2.594E+04
 4279   2   2  2s2_2p6g       2s2_2p5f        7.53E+00  9.37E+06 7.321E+04
 4280   2   3  2s2_2p6g       2s2_2p6f        2.52E-01  3.09E+01 7.373E+06
 4281   2   4  2s2_2p6g       2s2_2p7f       -1.98E-01 -8.48E+04 1.248E+05
 4282   2   5  2s2_2p6g       2s2_2p8f       -3.40E-02 -4.01E+04 7.522E+04
 4283   2   6  2s2_2p6g       2s2_2p9f       -1.18E-02 -2.25E+04 5.912E+04
 4284   2   7  2s2_2p6g       2s2_2p10f       -5.53E-03 -1.40E+04 5.128E+04
 4285   3   1  2s2_2p7g       2s2_2p4f        4.00E-01  5.80E+06 2.144E+04
 4286   3   2  2s2_2p7g       2s2_2p5f        1.51E+00  4.77E+06 4.597E+04
 4287   3   3  2s2_2p7g       2s2_2p6f        6.98E+00  3.15E+06 1.215E+05
 4288   3   4  2s2_2p7g       2s2_2p7f        3.47E-01  1.61E+01 1.199E+07
 4289   3   5  2s2_2p7g       2s2_2p8f       -3.54E-01 -6.38E+04 1.923E+05
 4290   3   6  2s2_2p7g       2s2_2p9f       -6.40E-02 -3.32E+04 1.134E+05
 4291   3   7  2s2_2p7g       2s2_2p10f       -2.28E-02 -1.98E+04 8.766E+04
 4292   4   1  2s2_2p8g       2s2_2p4f        1.84E-01  3.31E+06 1.927E+04
 4293   4   2  2s2_2p8g       2s2_2p5f        5.67E-01  2.76E+06 3.703E+04
 4294   4   3  2s2_2p8g       2s2_2p6f        1.60E+00  1.94E+06 7.415E+04
 4295   4   4  2s2_2p8g       2s2_2p7f        6.71E+00  1.28E+06 1.873E+05
 4296   4   5  2s2_2p8g       2s2_2p8f        4.34E-01  8.78E+00 1.815E+07
 4297   4   6  2s2_2p8g       2s2_2p9f       -5.33E-01 -4.52E+04 2.805E+05
 4298   4   7  2s2_2p8g       2s2_2p10f       -1.00E-01 -2.52E+04 1.625E+05
 4299   5   1  2s2_2p9g       2s2_2p4f        1.01E-01  2.08E+06 1.802E+04
 4300   5   2  2s2_2p9g       2s2_2p5f        2.80E-01  1.75E+06 3.267E+04
 4301   5   3  2s2_2p9g       2s2_2p6f        6.43E-01  1.25E+06 5.852E+04
 4302   5   4  2s2_2p9g       2s2_2p7f        1.64E+00  8.75E+05 1.118E+05
 4303   5   5  2s2_2p9g       2s2_2p8f        6.60E+00  5.89E+05 2.734E+05
 4304   5   6  2s2_2p9g       2s2_2p9f        5.17E-01  5.09E+00 2.604E+07
 4305   5   7  2s2_2p9g       2s2_2p10f       -7.31E-01 -3.17E+04 3.922E+05
 4306   6   1  2s2_2p10g       2s2_2p4f        6.27E-02  1.41E+06 1.722E+04
 4307   6   2  2s2_2p10g       2s2_2p5f        1.62E-01  1.19E+06 3.013E+04
 4308   6   3  2s2_2p10g       2s2_2p6f        3.32E-01  8.56E+05 5.085E+04
 4309   6   4  2s2_2p10g       2s2_2p7f        6.86E-01  6.07E+05 8.682E+04
 4310   6   5  2s2_2p10g       2s2_2p8f        1.67E+00  4.33E+05 1.604E+05
 4311   6   6  2s2_2p10g       2s2_2p9f        6.58E+00  3.00E+05 3.823E+05
 4312   6   7  2s2_2p10g       2s2_2p10f        5.96E-01  3.06E+00 3.602E+07
 4313   1   1  2s2_2p3d       2s2_2p4f       -5.51E-01 -1.13E+07 1.806E+04
 4314   1   2  2s2_2p3d       2s2_2p5f       -8.82E-02 -3.79E+06 1.246E+04
 4315   1   3  2s2_2p3d       2s2_2p6f       -3.07E-02 -1.80E+06 1.066E+04
 4316   1   4  2s2_2p3d       2s2_2p7f       -1.46E-02 -1.01E+06 9.812E+03
 4317   1   5  2s2_2p3d       2s2_2p8f       -8.28E-03 -6.35E+05 9.328E+03
 4318   1   6  2s2_2p3d       2s2_2p9f       -5.19E-03 -4.25E+05 9.024E+03
 4319   1   7  2s2_2p3d       2s2_2p10f       -3.50E-03 -3.00E+05 8.818E+03
 4320   2   1  2s2_2p4d       2s2_2p4f       -1.73E-02 -5.40E+01 1.461E+06
 4321   2   2  2s2_2p4d       2s2_2p5f       -4.69E-01 -2.05E+06 3.910E+04
 4322   2   3  2s2_2p4d       2s2_2p6f       -1.03E-01 -1.05E+06 2.558E+04
 4323   2   4  2s2_2p4d       2s2_2p7f       -4.05E-02 -6.03E+05 2.117E+04
 4324   2   5  2s2_2p4d       2s2_2p8f       -2.07E-02 -3.81E+05 1.904E+04
 4325   2   6  2s2_2p4d       2s2_2p9f       -1.22E-02 -2.57E+05 1.781E+04
 4326   2   7  2s2_2p4d       2s2_2p10f       -7.92E-03 -1.82E+05 1.703E+04
 4327   3   1  2s2_2p5d       2s2_2p4f        1.19E-02  4.79E+04 4.071E+04
 4328   3   2  2s2_2p5d       2s2_2p5f       -3.09E-02 -2.21E+01 3.057E+06
 4329   3   3  2s2_2p5d       2s2_2p6f       -4.39E-01 -5.62E+05 7.220E+04
 4330   3   4  2s2_2p5d       2s2_2p7f       -1.07E-01 -3.45E+05 4.546E+04
 4331   3   5  2s2_2p5d       2s2_2p8f       -4.47E-02 -2.22E+05 3.666E+04
 4332   3   6  2s2_2p5d       2s2_2p9f       -2.37E-02 -1.51E+05 3.236E+04
 4333   3   7  2s2_2p5d       2s2_2p10f       -1.43E-02 -1.07E+05 2.986E+04
 4334   4   1  2s2_2p5g       2s2_2p4f        5.76E-01  2.44E+06 3.971E+04
 4335   4   2  2s2_2p5g       2s2_2p5f        1.07E-02  6.10E+00 3.421E+06
 4336   4   3  2s2_2p5g       2s2_2p6f       -3.38E-03 -3.95E+03 7.558E+04
 4337   4   4  2s2_2p5g       2s2_2p7f       -4.79E-04 -1.46E+03 4.678E+04
 4338   4   5  2s2_2p5g       2s2_2p8f       -1.48E-04 -7.02E+02 3.751E+04
 4339   4   6  2s2_2p5g       2s2_2p9f       -6.44E-05 -3.94E+02 3.302E+04
 4340   4   7  2s2_2p5g       2s2_2p10f       -3.41E-05 -2.46E+02 3.042E+04
 4341   5   1  2s2_2p6d       2s2_2p4f        1.93E-03  1.88E+04 2.616E+04
 4342   5   2  2s2_2p6d       2s2_2p5f        2.63E-02  3.12E+04 7.498E+04
 4343   5   3  2s2_2p6d       2s2_2p6f       -4.24E-02 -9.73E+00 5.392E+06
 4344   5   4  2s2_2p6d       2s2_2p7f       -4.29E-01 -1.99E+05 1.200E+05
 4345   5   5  2s2_2p6d       2s2_2p8f       -1.09E-01 -1.35E+05 7.344E+04
 4346   5   6  2s2_2p6d       2s2_2p9f       -4.71E-02 -9.33E+04 5.802E+04
 4347   5   7  2s2_2p6d       2s2_2p10f       -2.55E-02 -6.68E+04 5.045E+04
 4348   6   1  2s2_2p6g       2s2_2p4f        8.25E-02  8.20E+05 2.591E+04
 4349   6   2  2s2_2p6g       2s2_2p5f        4.94E-01  6.19E+05 7.298E+04
 4350   6   3  2s2_2p6g       2s2_2p6f        2.13E-02  4.55E+00 5.587E+06
 4351   6   4  2s2_2p6g       2s2_2p7f       -1.12E-02 -4.74E+03 1.255E+05
 4352   6   5  2s2_2p6g       2s2_2p8f       -1.84E-03 -2.16E+03 7.546E+04
 4353   6   6  2s2_2p6g       2s2_2p9f       -6.16E-04 -1.17E+03 5.927E+04
 4354   6   7  2s2_2p6g       2s2_2p10f       -2.84E-04 -7.17E+02 5.139E+04
 4355   7   1  2s2_2p7d       2s2_2p4f        6.65E-04  9.57E+03 2.153E+04
 4356   7   2  2s2_2p7d       2s2_2p5f        4.84E-03  1.50E+04 4.639E+04
 4357   7   3  2s2_2p7d       2s2_2p6f        4.37E-02  1.88E+04 1.245E+05
 4358   7   4  2s2_2p7d       2s2_2p7f       -5.30E-02 -4.72E+00 8.654E+06
 4359   7   5  2s2_2p7d       2s2_2p8f       -4.29E-01 -8.34E+04 1.852E+05
 4360   7   6  2s2_2p7d       2s2_2p9f       -1.12E-01 -6.08E+04 1.109E+05
 4361   7   7  2s2_2p7d       2s2_2p10f       -4.90E-02 -4.40E+04 8.616E+04
 4362   8   1  2s2_2p7g       2s2_2p4f        2.71E-02  3.94E+05 2.142E+04
 4363   8   2  2s2_2p7g       2s2_2p5f        1.00E-01  3.17E+05 4.590E+04
 4364   8   3  2s2_2p7g       2s2_2p6f        4.53E-01  2.06E+05 1.210E+05
 4365   8   4  2s2_2p7g       2s2_2p7f        3.10E-02  2.78E+00 8.630E+06
 4366   8   5  2s2_2p7g       2s2_2p8f       -2.16E-02 -3.85E+03 1.935E+05
 4367   8   6  2s2_2p7g       2s2_2p9f       -3.80E-03 -1.96E+03 1.138E+05
 4368   8   7  2s2_2p7g       2s2_2p10f       -1.33E-03 -1.15E+03 8.791E+04
 4369   9   1  2s2_2p8d       2s2_2p4f        3.15E-04  5.63E+03 1.932E+04
 4370   9   2  2s2_2p8d       2s2_2p5f        1.76E-03  8.48E+03 3.721E+04
 4371   9   3  2s2_2p8d       2s2_2p6f        8.48E-03  1.01E+04 7.489E+04
 4372   9   4  2s2_2p8d       2s2_2p7f        6.33E-02  1.14E+04 1.921E+05
 4373   9   5  2s2_2p8d       2s2_2p8f       -6.30E-02 -2.49E+00 1.300E+07
 4374   9   6  2s2_2p8d       2s2_2p9f       -4.35E-01 -3.96E+04 2.705E+05
 4375   9   7  2s2_2p8d       2s2_2p10f       -1.15E-01 -3.03E+04 1.591E+05
 4376  10   1  2s2_2p8g       2s2_2p4f        1.25E-02  2.25E+05 1.926E+04
 4377  10   2  2s2_2p8g       2s2_2p5f        3.79E-02  1.85E+05 3.699E+04
 4378  10   3  2s2_2p8g       2s2_2p6f        1.05E-01  1.28E+05 7.402E+04
 4379  10   4  2s2_2p8g       2s2_2p7f        4.33E-01  8.30E+04 1.865E+05
 4380  10   5  2s2_2p8g       2s2_2p8f        4.00E-02  1.66E+00 1.267E+07
 4381  10   6  2s2_2p8g       2s2_2p9f       -3.38E-02 -2.83E+03 2.824E+05
 4382  10   7  2s2_2p8g       2s2_2p10f       -6.20E-03 -1.55E+03 1.632E+05
 4383  11   1  2s2_2p9d       2s2_2p4f        1.78E-04  3.65E+03 1.805E+04
 4384  11   2  2s2_2p9d       2s2_2p5f        8.59E-04  5.34E+03 3.277E+04
 4385  11   3  2s2_2p9d       2s2_2p6f        3.17E-03  6.11E+03 5.884E+04
 4386  11   4  2s2_2p9d       2s2_2p7f        1.27E-02  6.63E+03 1.130E+05
 4387  11   5  2s2_2p9d       2s2_2p8f        8.44E-02  7.16E+03 2.804E+05
 4388  11   6  2s2_2p9d       2s2_2p9f       -7.59E-02 -1.46E+00 1.860E+07
 4389  11   7  2s2_2p9d       2s2_2p10f       -4.45E-01 -2.07E+04 3.786E+05
 4390  12   1  2s2_2p9g       2s2_2p4f        6.94E-03  1.43E+05 1.801E+04
 4391  12   2  2s2_2p9g       2s2_2p5f        1.89E-02  1.18E+05 3.265E+04
 4392  12   3  2s2_2p9g       2s2_2p6f        4.27E-02  8.33E+04 5.846E+04
 4393  12   4  2s2_2p9g       2s2_2p7f        1.07E-01  5.73E+04 1.116E+05
 4394  12   5  2s2_2p9g       2s2_2p8f        4.24E-01  3.82E+04 2.720E+05
 4395  12   6  2s2_2p9g       2s2_2p9f        4.86E-02  1.02E+00 1.783E+07
 4396  12   7  2s2_2p9g       2s2_2p10f       -4.72E-02 -2.02E+03 3.950E+05
 4397  13   1  2s2_2p10d       2s2_2p4f        1.12E-04  2.51E+03 1.724E+04
 4398  13   2  2s2_2p10d       2s2_2p5f        4.93E-04  3.61E+03 3.019E+04
 4399  13   3  2s2_2p10d       2s2_2p6f        1.57E-03  4.02E+03 5.102E+04
 4400  13   4  2s2_2p10d       2s2_2p7f        4.82E-03  4.22E+03 8.732E+04
 4401  13   5  2s2_2p10d       2s2_2p8f        1.73E-02  4.39E+03 1.621E+05
 4402  13   6  2s2_2p10d       2s2_2p9f        1.07E-01  4.64E+03 3.924E+05
 4403  13   7  2s2_2p10d       2s2_2p10f       -8.25E-02 -8.44E-01 2.553E+07
 4404   1   1  2s2_2p4f       2s2_2p3d        6.23E+00  1.29E+08 1.791E+04
 4405   1   2  2s2_2p4f       2s2_2p4d        3.49E-01  3.08E+03 8.694E+05
 4406   1   3  2s2_2p4f       2s2_2p5d       -1.20E-01 -4.65E+05 4.150E+04
 4407   1   4  2s2_2p4f       2s2_2p5g       -9.72E-03 -3.96E+04 4.046E+04
 4408   1   5  2s2_2p4f       2s2_2p6d       -2.08E-02 -1.98E+05 2.648E+04
 4409   1   6  2s2_2p4f       2s2_2p6g       -1.25E-03 -1.21E+04 2.623E+04
 4410   1   7  2s2_2p4f       2s2_2p7d       -7.39E-03 -1.04E+05 2.175E+04
 4411   1   8  2s2_2p4f       2s2_2p7g       -3.88E-04 -5.53E+03 2.164E+04
 4412   1   9  2s2_2p4f       2s2_2p8d       -3.55E-03 -6.23E+04 1.949E+04
 4413   1  10  2s2_2p4f       2s2_2p8g       -1.73E-04 -3.06E+03 1.943E+04
 4414   1  11  2s2_2p4f       2s2_2p9d       -2.02E-03 -4.07E+04 1.820E+04
 4415   1  12  2s2_2p4f       2s2_2p9g       -9.36E-05 -1.89E+03 1.816E+04
 4416   1  13  2s2_2p4f       2s2_2p10d       -1.27E-03 -2.81E+04 1.738E+04
 4417   2   1  2s2_2p5f       2s2_2p3d        1.05E+00  4.54E+07 1.242E+04
 4418   2   2  2s2_2p5f       2s2_2p4d        5.17E+00  2.30E+07 3.870E+04
 4419   2   3  2s2_2p5f       2s2_2p5d        6.36E-01  1.48E+03 1.696E+06
 4420   2   4  2s2_2p5f       2s2_2p5g       -6.46E-05 -3.81E-04 3.363E+07
 4421   2   5  2s2_2p5f       2s2_2p6d       -3.05E-01 -3.48E+05 7.648E+04
 4422   2   6  2s2_2p5f       2s2_2p6g       -9.50E-03 -1.14E+04 7.441E+04
 4423   2   7  2s2_2p5f       2s2_2p7d       -5.61E-02 -1.70E+05 4.697E+04
 4424   2   8  2s2_2p5f       2s2_2p7g       -1.78E-03 -5.50E+03 4.646E+04
 4425   2   9  2s2_2p5f       2s2_2p8d       -2.05E-02 -9.68E+04 3.757E+04
 4426   2  10  2s2_2p5f       2s2_2p8g       -6.48E-04 -3.10E+03 3.736E+04
 4427   2  11  2s2_2p5f       2s2_2p9d       -1.00E-02 -6.11E+04 3.305E+04
 4428   2  12  2s2_2p5f       2s2_2p9g       -3.15E-04 -1.94E+03 3.293E+04
 4429   2  13  2s2_2p5f       2s2_2p10d       -5.77E-03 -4.16E+04 3.043E+04
 4430   3   1  2s2_2p6f       2s2_2p3d        2.85E-01  1.68E+07 1.065E+04
 4431   3   2  2s2_2p6f       2s2_2p4d        9.00E-01  9.25E+06 2.548E+04
 4432   3   3  2s2_2p6f       2s2_2p5d        3.75E+00  4.90E+06 7.143E+04
 4433   3   4  2s2_2p6f       2s2_2p5g        2.66E+00  3.18E+06 7.474E+04
 4434   3   5  2s2_2p6f       2s2_2p6d        7.85E-01  5.86E+02 2.988E+06
 4435   3   6  2s2_2p6f       2s2_2p6g       -5.70E-03 -3.36E-02 3.363E+07
 4436   3   7  2s2_2p6f       2s2_2p7d       -4.04E-01 -1.67E+05 1.269E+05
 4437   3   8  2s2_2p6f       2s2_2p7g       -7.27E-04 -3.19E+02 1.232E+05
 4438   3   9  2s2_2p6f       2s2_2p8d       -7.70E-02 -8.95E+04 7.573E+04
 4439   3  10  2s2_2p6f       2s2_2p8g       -7.93E-06 -9.44E+00 7.485E+04
 4440   3  11  2s2_2p6f       2s2_2p9d       -2.87E-02 -5.43E+04 5.936E+04
 4441   3  12  2s2_2p6f       2s2_2p9g       -1.55E-06 -2.97E+00 5.897E+04
 4442   3  13  2s2_2p6f       2s2_2p10d       -1.42E-02 -3.58E+04 5.142E+04
 4443   4   1  2s2_2p6h       2s2_2p3d        8.85E-02  5.21E+06 1.064E+04
 4444   4   2  2s2_2p6h       2s2_2p4d        2.80E-01  2.88E+06 2.546E+04
 4445   4   3  2s2_2p6h       2s2_2p5d        1.01E+00  1.33E+06 7.130E+04
 4446   4   4  2s2_2p6h       2s2_2p5g        9.08E+00  1.09E+07 7.460E+04
 4447   4   5  2s2_2p6h       2s2_2p6d        2.16E-01  1.86E+02 2.780E+06
 4448   4   6  2s2_2p6h       2s2_2p6g       -4.12E-03 -6.12E-04 2.119E+08
 4449   4   7  2s2_2p6h       2s2_2p7d       -1.27E-01 -5.23E+04 1.273E+05
 4450   4   8  2s2_2p6h       2s2_2p7g       -6.19E-02 -2.70E+04 1.236E+05
 4451   4   9  2s2_2p6h       2s2_2p8d       -2.43E-02 -2.82E+04 7.588E+04
 4452   4  10  2s2_2p6h       2s2_2p8g       -9.64E-03 -1.14E+04 7.499E+04
 4453   4  11  2s2_2p6h       2s2_2p9d       -9.07E-03 -1.71E+04 5.945E+04
 4454   4  12  2s2_2p6h       2s2_2p9g       -3.14E-03 -6.00E+03 5.906E+04
 4455   4  13  2s2_2p6h       2s2_2p10d       -4.50E-03 -1.13E+04 5.148E+04
 4456   5   1  2s2_2p7f       2s2_2p3d        1.33E-01  9.23E+06 9.803E+03
 4457   5   2  2s2_2p7f       2s2_2p4d        3.50E-01  5.23E+06 2.112E+04
 4458   5   3  2s2_2p7f       2s2_2p5d        9.13E-01  2.97E+06 4.527E+04
 4459   5   4  2s2_2p7f       2s2_2p5g        3.42E-01  1.05E+06 4.657E+04
 4460   5   5  2s2_2p7f       2s2_2p6d        3.49E+00  1.65E+06 1.187E+05
 4461   5   6  2s2_2p7f       2s2_2p6g        2.62E+00  1.14E+06 1.241E+05
 4462   5   7  2s2_2p7f       2s2_2p7d        8.53E-01  2.48E+02 4.789E+06
 4463   5   8  2s2_2p7f       2s2_2p7g       -1.51E-02 -5.15E-02 4.424E+07
 4464   5   9  2s2_2p7f       2s2_2p8d       -5.77E-01 -1.01E+05 1.956E+05
 4465   5  10  2s2_2p7f       2s2_2p8g       -1.18E-02 -2.19E+03 1.898E+05
 4466   5  11  2s2_2p7f       2s2_2p9d       -1.13E-01 -5.78E+04 1.142E+05
 4467   5  12  2s2_2p7f       2s2_2p9g       -1.33E-03 -6.97E+02 1.128E+05
 4468   5  13  2s2_2p7f       2s2_2p10d       -4.27E-02 -3.67E+04 8.804E+04
 4469   6   1  2s2_2p7h       2s2_2p3d        4.69E-02  3.26E+06 9.801E+03
 4470   6   2  2s2_2p7h       2s2_2p4d        1.24E-01  1.85E+06 2.112E+04
 4471   6   3  2s2_2p7h       2s2_2p5d        2.92E-01  9.52E+05 4.523E+04
 4472   6   4  2s2_2p7h       2s2_2p5g        1.07E+00  3.30E+06 4.653E+04
 4473   6   5  2s2_2p7h       2s2_2p6d        1.10E+00  5.23E+05 1.184E+05
 4474   6   6  2s2_2p7h       2s2_2p6g        7.85E+00  3.42E+06 1.237E+05
 4475   6   7  2s2_2p7h       2s2_2p7d        3.04E-01  1.06E+02 4.364E+06
 4476   6   8  2s2_2p7h       2s2_2p7g       -5.71E-03 -2.02E-04 4.341E+08
 4477   6   9  2s2_2p7h       2s2_2p8d       -2.06E-01 -3.56E+04 1.964E+05
 4478   6  10  2s2_2p7h       2s2_2p8g       -1.43E-01 -2.63E+04 1.905E+05
 4479   6  11  2s2_2p7h       2s2_2p9d       -4.03E-02 -2.05E+04 1.145E+05
 4480   6  12  2s2_2p7h       2s2_2p9g       -2.39E-02 -1.25E+04 1.131E+05
 4481   6  13  2s2_2p7h       2s2_2p10d       -1.52E-02 -1.30E+04 8.820E+04
 4482   7   1  2s2_2p8f       2s2_2p3d        7.54E-02  5.79E+06 9.323E+03
 4483   7   2  2s2_2p8f       2s2_2p4d        1.79E-01  3.30E+06 1.901E+04
 4484   7   3  2s2_2p8f       2s2_2p5d        3.83E-01  1.91E+06 3.657E+04
 4485   7   4  2s2_2p8f       2s2_2p5g        1.02E-01  4.86E+05 3.742E+04
 4486   7   5  2s2_2p8f       2s2_2p6d        9.15E-01  1.14E+06 7.311E+04
 4487   7   6  2s2_2p8f       2s2_2p6g        4.69E-01  5.54E+05 7.511E+04
 4488   7   7  2s2_2p8f       2s2_2p7d        3.43E+00  6.82E+05 1.831E+05
 4489   7   8  2s2_2p8f       2s2_2p7g        2.51E+00  4.58E+05 1.912E+05
 4490   7   9  2s2_2p8f       2s2_2p8d        1.05E+00  1.36E+02 7.181E+06
 4491   7  10  2s2_2p8f       2s2_2p8g       -2.46E-02 -4.51E-02 6.035E+07
 4492   7  11  2s2_2p8f       2s2_2p9d       -7.71E-01 -6.31E+04 2.854E+05
 4493   7  12  2s2_2p8f       2s2_2p9g       -3.22E-02 -2.80E+03 2.767E+05
 4494   7  13  2s2_2p8f       2s2_2p10d       -1.54E-01 -3.83E+04 1.638E+05
 4495   8   1  2s2_2p8h       2s2_2p3d        2.73E-02  2.10E+06 9.321E+03
 4496   8   2  2s2_2p8h       2s2_2p4d        6.55E-02  1.21E+06 1.901E+04
 4497   8   3  2s2_2p8h       2s2_2p5d        1.29E-01  6.44E+05 3.655E+04
 4498   8   4  2s2_2p8h       2s2_2p5g        3.16E-01  1.51E+06 3.740E+04
 4499   8   5  2s2_2p8h       2s2_2p6d        3.03E-01  3.79E+05 7.303E+04
 4500   8   6  2s2_2p8h       2s2_2p6g        1.39E+00  1.65E+06 7.502E+04
 4501   8   7  2s2_2p8h       2s2_2p7d        1.12E+00  2.24E+05 1.826E+05
 4502   8   8  2s2_2p8h       2s2_2p7g        7.27E+00  1.33E+06 1.907E+05
 4503   8   9  2s2_2p8h       2s2_2p8d        3.75E-01  5.97E+01 6.472E+06
 4504   8  10  2s2_2p8h       2s2_2p8g       -6.73E-03 -7.79E-05 7.591E+08
 4505   8  11  2s2_2p8h       2s2_2p9d       -2.83E-01 -2.30E+04 2.867E+05
 4506   8  12  2s2_2p8h       2s2_2p9g       -2.44E-01 -2.11E+04 2.779E+05
 4507   8  13  2s2_2p8h       2s2_2p10d       -5.64E-02 -1.40E+04 1.642E+05
 4508   9   1  2s2_2p9f       2s2_2p3d        4.75E-02  3.89E+06 9.020E+03
 4509   9   2  2s2_2p9f       2s2_2p4d        1.06E-01  2.23E+06 1.780E+04
 4510   9   3  2s2_2p9f       2s2_2p5d        2.03E-01  1.30E+06 3.232E+04
 4511   9   4  2s2_2p9f       2s2_2p5g        4.39E-02  2.69E+05 3.298E+04
 4512   9   5  2s2_2p9f       2s2_2p6d        3.98E-01  7.93E+05 5.787E+04
 4513   9   6  2s2_2p9f       2s2_2p6g        1.64E-01  3.13E+05 5.912E+04
 4514   9   7  2s2_2p9f       2s2_2p7d        9.24E-01  5.06E+05 1.103E+05
 4515   9   8  2s2_2p9f       2s2_2p7g        5.20E-01  2.70E+05 1.132E+05
 4516   9   9  2s2_2p9f       2s2_2p8d        3.44E+00  3.21E+05 2.674E+05
 4517   9  10  2s2_2p9f       2s2_2p8g        2.42E+00  2.07E+05 2.790E+05
 4518   9  11  2s2_2p9f       2s2_2p9d        1.19E+00  7.54E+01 1.026E+07
 4519   9  12  2s2_2p9f       2s2_2p9g       -3.37E-02 -3.46E-02 8.065E+07
 4520   9  13  2s2_2p9f       2s2_2p10d       -9.77E-01 -4.09E+04 3.992E+05
 4521  10   1  2s2_2p9h       2s2_2p3d        1.74E-02  1.43E+06 9.019E+03
 4522  10   2  2s2_2p9h       2s2_2p4d        3.92E-02  8.26E+05 1.779E+04
 4523  10   3  2s2_2p9h       2s2_2p5d        6.99E-02  4.47E+05 3.230E+04
 4524  10   4  2s2_2p9h       2s2_2p5g        1.37E-01  8.41E+05 3.296E+04
 4525  10   5  2s2_2p9h       2s2_2p6d        1.35E-01  2.69E+05 5.783E+04
 4526  10   6  2s2_2p9h       2s2_2p6g        4.85E-01  9.27E+05 5.908E+04
 4527  10   7  2s2_2p9h       2s2_2p7d        3.11E-01  1.71E+05 1.102E+05
 4528  10   8  2s2_2p9h       2s2_2p7g        1.51E+00  7.87E+05 1.131E+05
 4529  10   9  2s2_2p9h       2s2_2p8d        1.15E+00  1.08E+05 2.665E+05
 4530  10  10  2s2_2p9h       2s2_2p8g        6.97E+00  6.01E+05 2.781E+05
 4531  10  11  2s2_2p9h       2s2_2p9d        3.82E-01  3.03E+01 9.177E+06
 4532  10  12  2s2_2p9h       2s2_2p9g       -7.53E-03 -3.87E-05 1.139E+09
 4533  10  13  2s2_2p9h       2s2_2p10d       -3.62E-01 -1.50E+04 4.011E+05
 4534  11   1  2s2_2p10f       2s2_2p3d        3.21E-02  2.76E+06 8.815E+03
 4535  11   2  2s2_2p10f       2s2_2p4d        6.90E-02  1.59E+06 1.702E+04
 4536  11   3  2s2_2p10f       2s2_2p5d        1.24E-01  9.29E+05 2.983E+04
 4537  11   4  2s2_2p10f       2s2_2p5g        2.31E-02  1.67E+05 3.039E+04
 4538  11   5  2s2_2p10f       2s2_2p6d        2.16E-01  5.68E+05 5.036E+04
 4539  11   6  2s2_2p10f       2s2_2p6g        7.70E-02  1.95E+05 5.131E+04
 4540  11   7  2s2_2p10f       2s2_2p7d        4.10E-01  3.70E+05 8.592E+04
 4541  11   8  2s2_2p10f       2s2_2p7g        1.97E-01  1.71E+05 8.767E+04
 4542  11   9  2s2_2p10f       2s2_2p8d        9.40E-01  2.50E+05 1.583E+05
 4543  11  10  2s2_2p10f       2s2_2p8g        5.44E-01  1.38E+05 1.623E+05
 4544  11  11  2s2_2p10f       2s2_2p9d        3.49E+00  1.66E+05 3.741E+05
 4545  11  12  2s2_2p10f       2s2_2p9g        2.37E+00  1.04E+05 3.901E+05
 4546  11  13  2s2_2p10f       2s2_2p10d        1.46E+00  4.91E+01 1.408E+07
 4547   1   1  2s2_2p5g       2s2_2p4f        5.90E-01  2.39E+06 4.054E+04
 4548   1   2  2s2_2p5g       2s2_2p5f       -7.42E-04 -1.89E-03 5.120E+07
 4549   1   3  2s2_2p5g       2s2_2p6f       -1.90E-01 -2.29E+05 7.446E+04
 4550   1   4  2s2_2p5g       2s2_2p6h       -4.16E-01 -5.02E+05 7.433E+04
 4551   1   5  2s2_2p5g       2s2_2p7f       -2.58E-02 -7.97E+04 4.647E+04
 4552   1   6  2s2_2p5g       2s2_2p7h       -4.82E-02 -1.49E+05 4.642E+04
 4553   1   7  2s2_2p5g       2s2_2p8f       -7.92E-03 -3.79E+04 3.735E+04
 4554   1   8  2s2_2p5g       2s2_2p8h       -1.42E-02 -6.80E+04 3.733E+04
 4555   1   9  2s2_2p5g       2s2_2p9f       -3.48E-03 -2.14E+04 3.292E+04
 4556   1  10  2s2_2p5g       2s2_2p9h       -6.11E-03 -3.76E+04 3.291E+04
 4557   1  11  2s2_2p5g       2s2_2p10f       -1.86E-03 -1.35E+04 3.035E+04
 4558   2   1  2s2_2p6g       2s2_2p4f        7.94E-02  7.68E+05 2.626E+04
 4559   2   2  2s2_2p6g       2s2_2p5f        5.21E-01  6.24E+05 7.465E+04
 4560   2   3  2s2_2p6g       2s2_2p6f       -2.38E-03 -2.94E-03 7.349E+07
 4561   2   4  2s2_2p6g       2s2_2p6h       -4.02E-05 -4.00E-04 2.589E+07
 4562   2   5  2s2_2p6g       2s2_2p7f       -2.17E-01 -9.51E+04 1.234E+05
 4563   2   6  2s2_2p6g       2s2_2p7h       -3.29E-01 -1.45E+05 1.231E+05
 4564   2   7  2s2_2p6g       2s2_2p8f       -3.92E-02 -4.66E+04 7.487E+04
 4565   2   8  2s2_2p6g       2s2_2p8h       -5.89E-02 -7.03E+04 7.478E+04
 4566   2   9  2s2_2p6g       2s2_2p9f       -1.38E-02 -2.65E+04 5.897E+04
 4567   2  10  2s2_2p6g       2s2_2p9h       -2.07E-02 -3.98E+04 5.893E+04
 4568   2  11  2s2_2p6g       2s2_2p10f       -6.54E-03 -1.66E+04 5.119E+04
 4569   3   1  2s2_2p7g       2s2_2p4f        2.53E-02  3.60E+05 2.166E+04
 4570   3   2  2s2_2p7g       2s2_2p5f        9.99E-02  3.08E+05 4.653E+04
 4571   3   3  2s2_2p7g       2s2_2p6f        4.04E-01  1.76E+05 1.237E+05
 4572   3   4  2s2_2p7g       2s2_2p6h        8.79E-02  3.81E+04 1.241E+05
 4573   3   5  2s2_2p7g       2s2_2p7f       -4.24E-03 -2.76E-03 1.013E+08
 4574   3   6  2s2_2p7g       2s2_2p7h       -1.75E-04 -1.06E-03 3.314E+07
 4575   3   7  2s2_2p7g       2s2_2p8f       -2.37E-01 -4.38E+04 1.900E+05
 4576   3   8  2s2_2p7g       2s2_2p8h       -2.80E-01 -5.20E+04 1.895E+05
 4577   3   9  2s2_2p7g       2s2_2p9f       -4.85E-02 -2.54E+04 1.128E+05
 4578   3  10  2s2_2p7g       2s2_2p9h       -6.01E-02 -3.16E+04 1.127E+05
 4579   3  11  2s2_2p7g       2s2_2p10f       -1.83E-02 -1.60E+04 8.742E+04
 4580   4   1  2s2_2p8g       2s2_2p4f        1.14E-02  2.01E+05 1.944E+04
 4581   4   2  2s2_2p8g       2s2_2p5f        3.68E-02  1.76E+05 3.739E+04
 4582   4   3  2s2_2p8g       2s2_2p6f        8.74E-02  1.04E+05 7.498E+04
 4583   4   4  2s2_2p8g       2s2_2p6h        2.04E-02  2.41E+04 7.512E+04
 4584   4   5  2s2_2p8g       2s2_2p7f        4.04E-01  7.41E+04 1.907E+05
 4585   4   6  2s2_2p8g       2s2_2p7h        7.75E-02  1.41E+04 1.914E+05
 4586   4   7  2s2_2p8g       2s2_2p8f       -6.13E-03 -2.14E-03 1.381E+08
 4587   4   8  2s2_2p8g       2s2_2p8h       -3.53E-04 -1.19E-03 4.446E+07
 4588   4   9  2s2_2p8g       2s2_2p9f       -2.59E-01 -2.25E+04 2.771E+05
 4589   4  10  2s2_2p8g       2s2_2p9h       -2.47E-01 -2.16E+04 2.763E+05
 4590   4  11  2s2_2p8g       2s2_2p10f       -5.62E-02 -1.43E+04 1.617E+05
 4591   5   1  2s2_2p9g       2s2_2p4f        6.25E-03  1.26E+05 1.817E+04
 4592   5   2  2s2_2p9g       2s2_2p5f        1.80E-02  1.11E+05 3.295E+04
 4593   5   3  2s2_2p9g       2s2_2p6f        3.43E-02  6.56E+04 5.903E+04
 4594   5   4  2s2_2p9g       2s2_2p6h        8.27E-03  1.58E+04 5.912E+04
 4595   5   5  2s2_2p9g       2s2_2p7f        9.26E-02  4.84E+04 1.130E+05
 4596   5   6  2s2_2p9g       2s2_2p7h        1.98E-02  1.03E+04 1.133E+05
 4597   5   7  2s2_2p9g       2s2_2p8f        4.19E-01  3.61E+04 2.781E+05
 4598   5   8  2s2_2p9g       2s2_2p8h        6.46E-02  5.52E+03 2.793E+05
 4599   5   9  2s2_2p9g       2s2_2p9f       -7.98E-03 -1.48E-03 1.899E+08
 4600   5  10  2s2_2p9g       2s2_2p9h       -5.46E-04 -1.03E-03 5.956E+07
 4601   5  11  2s2_2p9g       2s2_2p10f       -2.81E-01 -1.25E+04 3.874E+05
 4602   6   1  2s2_2p10g       2s2_2p4f        3.84E-03  8.50E+04 1.736E+04
 4603   6   2  2s2_2p10g       2s2_2p5f        1.03E-02  7.45E+04 3.037E+04
 4604   6   3  2s2_2p10g       2s2_2p6f        1.75E-02  4.45E+04 5.124E+04
 4605   6   4  2s2_2p10g       2s2_2p6h        4.29E-03  1.09E+04 5.130E+04
 4606   6   5  2s2_2p10g       2s2_2p7f        3.77E-02  3.28E+04 8.752E+04
 4607   6   6  2s2_2p10g       2s2_2p7h        8.53E-03  7.40E+03 8.768E+04
 4608   6   7  2s2_2p10g       2s2_2p8f        9.87E-02  2.51E+04 1.620E+05
 4609   6   8  2s2_2p10g       2s2_2p8h        1.77E-02  4.48E+03 1.624E+05
 4610   6   9  2s2_2p10g       2s2_2p9f        4.38E-01  1.93E+04 3.888E+05
 4611   6  10  2s2_2p10g       2s2_2p9h        5.38E-02  2.35E+03 3.906E+05
 4612   6  11  2s2_2p10g       2s2_2p10f       -9.78E-03 -1.08E-03 2.463E+08
 4613   1   1  2s2_2p5g       2s2_2p4f        1.15E+01  4.68E+07 4.048E+04
 4614   1   2  2s2_2p5g       2s2_2p5f        1.45E-02  3.61E-02 5.177E+07
 4615   1   3  2s2_2p5g       2s2_2p6f       -4.54E-02 -5.43E+04 7.468E+04
 4616   1   4  2s2_2p5g       2s2_2p6h       -4.27E-02 -5.13E+04 7.454E+04
 4617   1   5  2s2_2p5g       2s2_2p7f       -7.28E-03 -2.24E+04 4.655E+04
 4618   1   6  2s2_2p5g       2s2_2p7h       -6.55E-03 -2.02E+04 4.651E+04
 4619   1   7  2s2_2p5g       2s2_2p8f       -2.43E-03 -1.16E+04 3.741E+04
 4620   1   8  2s2_2p5g       2s2_2p8h       -2.12E-03 -1.01E+04 3.738E+04
 4621   1   9  2s2_2p5g       2s2_2p9f       -1.13E-03 -6.94E+03 3.297E+04
 4622   1  10  2s2_2p5g       2s2_2p9h       -9.62E-04 -5.91E+03 3.295E+04
 4623   1  11  2s2_2p5g       2s2_2p10f       -6.23E-04 -4.50E+03 3.039E+04
 4624   2   1  2s2_2p6g       2s2_2p4f        1.56E+00  1.51E+07 2.623E+04
 4625   2   2  2s2_2p6g       2s2_2p5f        1.01E+01  1.22E+07 7.446E+04
 4626   2   3  2s2_2p6g       2s2_2p6f        3.74E-02  1.07E-01 4.822E+07
 4627   2   4  2s2_2p6g       2s2_2p6h       -2.60E-03 -3.17E-04 2.338E+08
 4628   2   5  2s2_2p6g       2s2_2p7f       -1.36E-01 -5.91E+04 1.239E+05
 4629   2   6  2s2_2p6g       2s2_2p7h       -9.09E-02 -3.97E+04 1.236E+05
 4630   2   7  2s2_2p6g       2s2_2p8f       -2.33E-02 -2.76E+04 7.506E+04
 4631   2   8  2s2_2p6g       2s2_2p8h       -1.61E-02 -1.91E+04 7.497E+04
 4632   2   9  2s2_2p6g       2s2_2p9f       -8.06E-03 -1.54E+04 5.909E+04
 4633   2  10  2s2_2p6g       2s2_2p9h       -5.60E-03 -1.07E+04 5.905E+04
 4634   2  11  2s2_2p6g       2s2_2p10f       -3.78E-03 -9.59E+03 5.128E+04
 4635   3   1  2s2_2p7i       2s2_2p4f        1.12E-01  1.59E+06 2.164E+04
 4636   3   2  2s2_2p7i       2s2_2p5f        4.41E-01  1.36E+06 4.648E+04
 4637   3   3  2s2_2p7i       2s2_2p6f        9.61E+00  4.21E+06 1.234E+05
 4638   3   4  2s2_2p7i       2s2_2p6h        6.51E+00  2.83E+06 1.238E+05
 4639   3   5  2s2_2p7i       2s2_2p7f        3.55E-02  4.60E-02 7.176E+07
 4640   3   6  2s2_2p7i       2s2_2p7h       -1.75E-03 -4.73E-04 1.571E+08
 4641   3   7  2s2_2p7i       2s2_2p8f       -1.25E-01 -2.29E+04 1.909E+05
 4642   3   8  2s2_2p7i       2s2_2p8h       -2.02E-08 -3.72E-03 1.903E+05
 4643   3   9  2s2_2p7i       2s2_2p9f       -2.04E-02 -1.06E+04 1.131E+05
 4644   3  10  2s2_2p7i       2s2_2p9h       -1.87E-04 -9.77E+01 1.130E+05
 4645   3  11  2s2_2p7i       2s2_2p10f       -6.84E-03 -5.95E+03 8.760E+04
 4646   4   1  2s2_2p7g       2s2_2p4f        1.29E-01  1.84E+06 2.164E+04
 4647   4   2  2s2_2p7g       2s2_2p5f        5.08E-01  1.57E+06 4.648E+04
 4648   4   3  2s2_2p7g       2s2_2p6f        9.94E+00  4.36E+06 1.234E+05
 4649   4   4  2s2_2p7g       2s2_2p6h        5.89E+00  2.56E+06 1.238E+05
 4650   4   5  2s2_2p7g       2s2_2p7f        3.80E-02  4.92E-02 7.176E+07
 4651   4   6  2s2_2p7g       2s2_2p7h       -1.33E-03 -3.59E-04 1.571E+08
 4652   4   7  2s2_2p7g       2s2_2p8f       -1.36E-01 -2.49E+04 1.909E+05
 4653   4   8  2s2_2p7g       2s2_2p8h       -3.00E-04 -5.52E+01 1.903E+05
 4654   4   9  2s2_2p7g       2s2_2p9f       -2.24E-02 -1.17E+04 1.131E+05
 4655   4  10  2s2_2p7g       2s2_2p9h       -4.35E-04 -2.27E+02 1.130E+05
 4656   4  11  2s2_2p7g       2s2_2p10f       -7.52E-03 -6.54E+03 8.760E+04
 4657   5   1  2s2_2p8i       2s2_2p4f        5.66E-02  9.99E+05 1.944E+04
 4658   5   2  2s2_2p8i       2s2_2p5f        1.81E-01  8.65E+05 3.736E+04
 4659   5   3  2s2_2p8i       2s2_2p6f        1.50E+00  1.78E+06 7.489E+04
 4660   5   4  2s2_2p8i       2s2_2p6h        4.92E-01  5.83E+05 7.503E+04
 4661   5   5  2s2_2p8i       2s2_2p7f        9.48E+00  1.75E+06 1.900E+05
 4662   5   6  2s2_2p8i       2s2_2p7h        4.95E+00  9.07E+05 1.908E+05
 4663   5   7  2s2_2p8i       2s2_2p8f        6.06E-02  4.03E-02 1.001E+08
 4664   5   8  2s2_2p8i       2s2_2p8h       -4.86E-03 -8.99E-04 1.899E+08
 4665   5   9  2s2_2p8i       2s2_2p9f       -2.50E-01 -2.15E+04 2.785E+05
 4666   5  10  2s2_2p8i       2s2_2p9h       -4.26E-03 -3.69E+02 2.776E+05
 4667   5  11  2s2_2p8i       2s2_2p10f       -4.30E-02 -1.09E+04 1.622E+05
 4668   6   1  2s2_2p8g       2s2_2p4f        5.67E-02  1.00E+06 1.944E+04
 4669   6   2  2s2_2p8g       2s2_2p5f        1.81E-01  8.65E+05 3.736E+04
 4670   6   3  2s2_2p8g       2s2_2p6f        1.50E+00  1.78E+06 7.489E+04
 4671   6   4  2s2_2p8g       2s2_2p6h        4.92E-01  5.83E+05 7.503E+04
 4672   6   5  2s2_2p8g       2s2_2p7f        9.48E+00  1.75E+06 1.900E+05
 4673   6   6  2s2_2p8g       2s2_2p7h        4.95E+00  9.07E+05 1.908E+05
 4674   6   7  2s2_2p8g       2s2_2p8f        6.06E-02  4.03E-02 1.001E+08
 4675   6   8  2s2_2p8g       2s2_2p8h       -4.86E-03 -8.99E-04 1.899E+08
 4676   6   9  2s2_2p8g       2s2_2p9f       -2.50E-01 -2.15E+04 2.785E+05
 4677   6  10  2s2_2p8g       2s2_2p9h       -4.26E-03 -3.69E+02 2.776E+05
 4678   6  11  2s2_2p8g       2s2_2p10f       -4.31E-02 -1.09E+04 1.622E+05
 4679   7   1  2s2_2p9i       2s2_2p4f        3.64E-02  7.36E+05 1.817E+04
 4680   7   2  2s2_2p9i       2s2_2p5f        1.04E-01  6.39E+05 3.294E+04
 4681   7   3  2s2_2p9i       2s2_2p6f        5.37E-01  1.03E+06 5.899E+04
 4682   7   4  2s2_2p9i       2s2_2p6h        8.81E-02  1.68E+05 5.908E+04
 4683   7   5  2s2_2p9i       2s2_2p7f        1.93E+00  1.01E+06 1.129E+05
 4684   7   6  2s2_2p9i       2s2_2p7h        6.00E-01  3.13E+05 1.131E+05
 4685   7   7  2s2_2p9i       2s2_2p8f        9.46E+00  8.22E+05 2.771E+05
 4686   7   8  2s2_2p9i       2s2_2p8h        3.84E+00  3.31E+05 2.783E+05
 4687   7   9  2s2_2p9i       2s2_2p9f        8.73E-02  3.24E-02 1.340E+08
 4688   7  10  2s2_2p9i       2s2_2p9h       -6.99E-03 -7.69E-04 2.463E+08
 4689   7  11  2s2_2p9i       2s2_2p10f       -4.20E-01 -1.85E+04 3.893E+05
 4690   8   1  2s2_2p9g       2s2_2p4f        3.66E-02  7.40E+05 1.817E+04
 4691   8   2  2s2_2p9g       2s2_2p5f        1.05E-01  6.46E+05 3.294E+04
 4692   8   3  2s2_2p9g       2s2_2p6f        5.38E-01  1.03E+06 5.899E+04
 4693   8   4  2s2_2p9g       2s2_2p6h        8.72E-02  1.67E+05 5.908E+04
 4694   8   5  2s2_2p9g       2s2_2p7f        1.93E+00  1.01E+06 1.129E+05
 4695   8   6  2s2_2p9g       2s2_2p7h        5.96E-01  3.11E+05 1.131E+05
 4696   8   7  2s2_2p9g       2s2_2p8f        9.48E+00  8.23E+05 2.771E+05
 4697   8   8  2s2_2p9g       2s2_2p8h        3.82E+00  3.29E+05 2.783E+05
 4698   8   9  2s2_2p9g       2s2_2p9f        8.75E-02  3.25E-02 1.340E+08
 4699   8  10  2s2_2p9g       2s2_2p9h       -6.91E-03 -7.60E-04 2.463E+08
 4700   8  11  2s2_2p9g       2s2_2p10f       -4.22E-01 -1.86E+04 3.893E+05
 4701   9   1  2s2_2p10i       2s2_2p4f        2.43E-02  5.38E+05 1.735E+04
 4702   9   2  2s2_2p10i       2s2_2p5f        6.49E-02  4.70E+05 3.036E+04
 4703   9   3  2s2_2p10i       2s2_2p6f        2.62E-01  6.66E+05 5.121E+04
 4704   9   4  2s2_2p10i       2s2_2p6h        2.51E-02  6.37E+04 5.128E+04
 4705   9   5  2s2_2p10i       2s2_2p7f        7.34E-01  6.40E+05 8.745E+04
 4706   9   6  2s2_2p10i       2s2_2p7h        1.56E-01  1.36E+05 8.761E+04
 4707   9   7  2s2_2p10i       2s2_2p8f        2.12E+00  5.40E+05 1.617E+05
 4708   9   8  2s2_2p10i       2s2_2p8h        6.20E-01  1.57E+05 1.621E+05
 4709   9   9  2s2_2p10i       2s2_2p9f        9.42E+00  4.19E+05 3.874E+05
 4710   9  10  2s2_2p10i       2s2_2p9h        3.26E+00  1.44E+05 3.891E+05
 4711   9  11  2s2_2p10i       2s2_2p10f        1.12E-01  2.25E-02 1.823E+08
 4712   1   1  2s2_2p5g       2s2_2p4f        5.90E-01  2.39E+06 4.054E+04
 4713   1   2  2s2_2p5g       2s2_2p5f       -7.42E-04 -1.89E-03 5.120E+07
 4714   1   3  2s2_2p5g       2s2_2p6f       -1.90E-01 -2.29E+05 7.446E+04
 4715   1   4  2s2_2p5g       2s2_2p6h       -4.16E-01 -5.02E+05 7.433E+04
 4716   1   5  2s2_2p5g       2s2_2p7f       -2.58E-02 -7.97E+04 4.647E+04
 4717   1   6  2s2_2p5g       2s2_2p7h       -4.82E-02 -1.49E+05 4.642E+04
 4718   1   7  2s2_2p5g       2s2_2p8f       -7.92E-03 -3.79E+04 3.735E+04
 4719   1   8  2s2_2p5g       2s2_2p8h       -1.42E-02 -6.80E+04 3.733E+04
 4720   1   9  2s2_2p5g       2s2_2p9f       -3.48E-03 -2.14E+04 3.292E+04
 4721   1  10  2s2_2p5g       2s2_2p9h       -6.11E-03 -3.76E+04 3.291E+04
 4722   1  11  2s2_2p5g       2s2_2p10f       -1.86E-03 -1.35E+04 3.035E+04
 4723   2   1  2s2_2p6g       2s2_2p4f        7.94E-02  7.68E+05 2.626E+04
 4724   2   2  2s2_2p6g       2s2_2p5f        5.21E-01  6.24E+05 7.465E+04
 4725   2   3  2s2_2p6g       2s2_2p6f       -2.38E-03 -2.94E-03 7.349E+07
 4726   2   4  2s2_2p6g       2s2_2p6h       -4.02E-05 -4.00E-04 2.589E+07
 4727   2   5  2s2_2p6g       2s2_2p7f       -2.17E-01 -9.51E+04 1.234E+05
 4728   2   6  2s2_2p6g       2s2_2p7h       -3.29E-01 -1.45E+05 1.231E+05
 4729   2   7  2s2_2p6g       2s2_2p8f       -3.92E-02 -4.66E+04 7.487E+04
 4730   2   8  2s2_2p6g       2s2_2p8h       -5.89E-02 -7.03E+04 7.478E+04
 4731   2   9  2s2_2p6g       2s2_2p9f       -1.38E-02 -2.65E+04 5.897E+04
 4732   2  10  2s2_2p6g       2s2_2p9h       -2.07E-02 -3.98E+04 5.893E+04
 4733   2  11  2s2_2p6g       2s2_2p10f       -6.54E-03 -1.66E+04 5.119E+04
 4734   3   1  2s2_2p7g       2s2_2p4f        2.53E-02  3.60E+05 2.166E+04
 4735   3   2  2s2_2p7g       2s2_2p5f        9.99E-02  3.08E+05 4.653E+04
 4736   3   3  2s2_2p7g       2s2_2p6f        4.04E-01  1.76E+05 1.237E+05
 4737   3   4  2s2_2p7g       2s2_2p6h        8.79E-02  3.81E+04 1.241E+05
 4738   3   5  2s2_2p7g       2s2_2p7f       -4.24E-03 -2.76E-03 1.013E+08
 4739   3   6  2s2_2p7g       2s2_2p7h       -1.75E-04 -1.06E-03 3.314E+07
 4740   3   7  2s2_2p7g       2s2_2p8f       -2.37E-01 -4.38E+04 1.900E+05
 4741   3   8  2s2_2p7g       2s2_2p8h       -2.80E-01 -5.20E+04 1.895E+05
 4742   3   9  2s2_2p7g       2s2_2p9f       -4.85E-02 -2.54E+04 1.128E+05
 4743   3  10  2s2_2p7g       2s2_2p9h       -6.01E-02 -3.16E+04 1.127E+05
 4744   3  11  2s2_2p7g       2s2_2p10f       -1.83E-02 -1.60E+04 8.742E+04
 4745   4   1  2s2_2p8g       2s2_2p4f        1.14E-02  2.01E+05 1.944E+04
 4746   4   2  2s2_2p8g       2s2_2p5f        3.68E-02  1.76E+05 3.739E+04
 4747   4   3  2s2_2p8g       2s2_2p6f        8.74E-02  1.04E+05 7.498E+04
 4748   4   4  2s2_2p8g       2s2_2p6h        2.04E-02  2.41E+04 7.512E+04
 4749   4   5  2s2_2p8g       2s2_2p7f        4.04E-01  7.41E+04 1.907E+05
 4750   4   6  2s2_2p8g       2s2_2p7h        7.75E-02  1.41E+04 1.914E+05
 4751   4   7  2s2_2p8g       2s2_2p8f       -6.13E-03 -2.14E-03 1.381E+08
 4752   4   8  2s2_2p8g       2s2_2p8h       -3.53E-04 -1.19E-03 4.446E+07
 4753   4   9  2s2_2p8g       2s2_2p9f       -2.59E-01 -2.25E+04 2.771E+05
 4754   4  10  2s2_2p8g       2s2_2p9h       -2.47E-01 -2.16E+04 2.763E+05
 4755   4  11  2s2_2p8g       2s2_2p10f       -5.62E-02 -1.43E+04 1.617E+05
 4756   5   1  2s2_2p9g       2s2_2p4f        6.25E-03  1.26E+05 1.817E+04
 4757   5   2  2s2_2p9g       2s2_2p5f        1.80E-02  1.11E+05 3.295E+04
 4758   5   3  2s2_2p9g       2s2_2p6f        3.43E-02  6.56E+04 5.903E+04
 4759   5   4  2s2_2p9g       2s2_2p6h        8.27E-03  1.58E+04 5.912E+04
 4760   5   5  2s2_2p9g       2s2_2p7f        9.26E-02  4.84E+04 1.130E+05
 4761   5   6  2s2_2p9g       2s2_2p7h        1.98E-02  1.03E+04 1.133E+05
 4762   5   7  2s2_2p9g       2s2_2p8f        4.19E-01  3.61E+04 2.781E+05
 4763   5   8  2s2_2p9g       2s2_2p8h        6.46E-02  5.52E+03 2.793E+05
 4764   5   9  2s2_2p9g       2s2_2p9f       -7.98E-03 -1.48E-03 1.899E+08
 4765   5  10  2s2_2p9g       2s2_2p9h       -5.46E-04 -1.03E-03 5.956E+07
 4766   5  11  2s2_2p9g       2s2_2p10f       -2.81E-01 -1.25E+04 3.874E+05
 4767   6   1  2s2_2p10g       2s2_2p4f        3.84E-03  8.50E+04 1.736E+04
 4768   6   2  2s2_2p10g       2s2_2p5f        1.03E-02  7.45E+04 3.037E+04
 4769   6   3  2s2_2p10g       2s2_2p6f        1.75E-02  4.45E+04 5.124E+04
 4770   6   4  2s2_2p10g       2s2_2p6h        4.29E-03  1.09E+04 5.130E+04
 4771   6   5  2s2_2p10g       2s2_2p7f        3.77E-02  3.28E+04 8.752E+04
 4772   6   6  2s2_2p10g       2s2_2p7h        8.53E-03  7.40E+03 8.768E+04
 4773   6   7  2s2_2p10g       2s2_2p8f        9.87E-02  2.51E+04 1.620E+05
 4774   6   8  2s2_2p10g       2s2_2p8h        1.77E-02  4.48E+03 1.624E+05
 4775   6   9  2s2_2p10g       2s2_2p9f        4.38E-01  1.93E+04 3.888E+05
 4776   6  10  2s2_2p10g       2s2_2p9h        5.38E-02  2.35E+03 3.906E+05
 4777   6  11  2s2_2p10g       2s2_2p10f       -9.78E-03 -1.08E-03 2.463E+08
 4778   1   1  2s2_2p6h       2s2_2p5g        1.44E+01  1.74E+07 7.437E+04
 4779   1   2  2s2_2p6h       2s2_2p6g        3.99E-02  2.49E-01 3.266E+07
 4780   1   3  2s2_2p6h       2s2_2p7g       -7.01E-02 -3.04E+04 1.240E+05
 4781   1   4  2s2_2p6h       2s2_2p8g       -1.01E-02 -1.20E+04 7.508E+04
 4782   1   5  2s2_2p6h       2s2_2p9g       -3.13E-03 -5.98E+03 5.909E+04
 4783   1   6  2s2_2p6h       2s2_2p10g       -1.37E-03 -3.47E+03 5.128E+04
 4784   2   1  2s2_2p7h       2s2_2p5g        1.75E+00  5.41E+06 4.644E+04
 4785   2   2  2s2_2p7h       2s2_2p6g        1.28E+01  5.63E+06 1.232E+05
 4786   2   3  2s2_2p7h       2s2_2p7g        8.68E-02  2.93E-01 4.445E+07
 4787   2   4  2s2_2p7h       2s2_2p8g       -1.91E-01 -3.49E+04 1.911E+05
 4788   2   5  2s2_2p7h       2s2_2p9g       -3.04E-02 -1.58E+04 1.132E+05
 4789   2   6  2s2_2p7h       2s2_2p10g       -9.93E-03 -8.63E+03 8.762E+04
 4790   3   1  2s2_2p8h       2s2_2p5g        5.23E-01  2.50E+06 3.734E+04
 4791   3   2  2s2_2p8h       2s2_2p6g        2.30E+00  2.74E+06 7.482E+04
 4792   3   3  2s2_2p8h       2s2_2p7g        1.19E+01  2.21E+06 1.897E+05
 4793   3   4  2s2_2p8h       2s2_2p8g        1.33E-01  2.31E-01 6.199E+07
 4794   3   5  2s2_2p8h       2s2_2p9g       -3.50E-01 -3.00E+04 2.788E+05
 4795   3   6  2s2_2p8h       2s2_2p10g       -5.96E-02 -1.51E+04 1.622E+05
 4796   4   1  2s2_2p9h       2s2_2p5g        2.27E-01  1.40E+06 3.292E+04
 4797   4   2  2s2_2p9h       2s2_2p6g        8.10E-01  1.55E+06 5.895E+04
 4798   4   3  2s2_2p9h       2s2_2p7g        2.51E+00  1.32E+06 1.127E+05
 4799   4   4  2s2_2p9h       2s2_2p8g        1.14E+01  9.94E+05 2.766E+05
 4800   4   5  2s2_2p9h       2s2_2p9g        1.77E-01  1.66E-01 8.438E+07
 4801   4   6  2s2_2p9h       2s2_2p10g       -5.39E-01 -2.37E+04 3.898E+05
 4802   5   1  2s2_2p10h       2s2_2p5g        1.21E-01  8.76E+05 3.034E+04
 4803   5   2  2s2_2p10h       2s2_2p6g        3.84E-01  9.78E+05 5.118E+04
 4804   5   3  2s2_2p10h       2s2_2p7g        9.64E-01  8.42E+05 8.738E+04
 4805   5   4  2s2_2p10h       2s2_2p8g        2.61E+00  6.67E+05 1.616E+05
 4806   5   5  2s2_2p10h       2s2_2p9g        1.11E+01  4.95E+05 3.867E+05
 4807   5   6  2s2_2p10h       2s2_2p10g        2.20E-01  1.16E-01 1.125E+08
 4808   1   1  2s2_2p5g       2s2_2p6h       -6.04E-01 -7.24E+05 7.459E+04
 4809   1   2  2s2_2p5g       2s2_2p7h       -7.26E-02 -2.24E+05 4.652E+04
 4810   1   3  2s2_2p5g       2s2_2p8h       -2.15E-02 -1.03E+05 3.739E+04
 4811   1   4  2s2_2p5g       2s2_2p9h       -9.31E-03 -5.72E+04 3.296E+04
 4812   1   5  2s2_2p5g       2s2_2p10h       -4.93E-03 -3.56E+04 3.038E+04
 4813   2   1  2s2_2p6g       2s2_2p6h        1.99E-04  1.85E-05 2.679E+08
 4814   2   2  2s2_2p6g       2s2_2p7h       -5.38E-01 -2.34E+05 1.237E+05
 4815   2   3  2s2_2p6g       2s2_2p8h       -9.56E-02 -1.13E+05 7.501E+04
 4816   2   4  2s2_2p6g       2s2_2p9h       -3.34E-02 -6.39E+04 5.907E+04
 4817   2   5  2s2_2p6g       2s2_2p10h       -1.58E-02 -4.01E+04 5.127E+04
 4818   3   1  2s2_2p7i       2s2_2p6h        5.12E-01  2.23E+05 1.236E+05
 4819   3   2  2s2_2p7i       2s2_2p7h        2.49E-04  2.88E-06 7.597E+08
 4820   3   3  2s2_2p7i       2s2_2p8h       -1.40E-01 -2.57E+04 1.906E+05
 4821   3   4  2s2_2p7i       2s2_2p9h       -2.80E-02 -1.46E+04 1.130E+05
 4822   3   5  2s2_2p7i       2s2_2p10h       -1.04E-02 -9.05E+03 8.756E+04
 4823   4   1  2s2_2p7g       2s2_2p6h        4.93E-01  2.15E+05 1.236E+05
 4824   4   2  2s2_2p7g       2s2_2p7h        2.62E-04  3.03E-06 7.597E+08
 4825   4   3  2s2_2p7g       2s2_2p8h       -1.59E-01 -2.92E+04 1.906E+05
 4826   4   4  2s2_2p7g       2s2_2p9h       -3.18E-02 -1.66E+04 1.130E+05
 4827   4   5  2s2_2p7g       2s2_2p10h       -1.19E-02 -1.04E+04 8.756E+04
 4828   5   1  2s2_2p8i       2s2_2p6h        5.44E-02  6.45E+04 7.498E+04
 4829   5   2  2s2_2p8i       2s2_2p7h        4.73E-01  8.70E+04 1.905E+05
 4830   5   3  2s2_2p8i       2s2_2p8h        5.08E-04  4.08E-06 9.111E+08
 4831   5   4  2s2_2p8i       2s2_2p9h       -1.68E-01 -1.45E+04 2.780E+05
 4832   5   5  2s2_2p8i       2s2_2p10h       -3.57E-02 -9.07E+03 1.620E+05
 4833   6   1  2s2_2p8g       2s2_2p6h        5.44E-02  6.45E+04 7.498E+04
 4834   6   2  2s2_2p8g       2s2_2p7h        4.73E-01  8.70E+04 1.905E+05
 4835   6   3  2s2_2p8g       2s2_2p8h        5.08E-04  4.08E-06 9.111E+08
 4836   6   4  2s2_2p8g       2s2_2p9h       -1.68E-01 -1.45E+04 2.780E+05
 4837   6   5  2s2_2p8g       2s2_2p10h       -3.57E-02 -9.07E+03 1.620E+05
 4838   7   1  2s2_2p9i       2s2_2p6h        1.44E-02  2.75E+04 5.905E+04
 4839   7   2  2s2_2p9i       2s2_2p7h        7.45E-02  3.89E+04 1.130E+05
 4840   7   3  2s2_2p9i       2s2_2p8h        4.46E-01  3.85E+04 2.778E+05
 4841   7   4  2s2_2p9i       2s2_2p9h        7.98E-04  4.10E-06 1.139E+09
 4842   7   5  2s2_2p9i       2s2_2p10h       -2.06E-01 -9.10E+03 3.886E+05
 4843   8   1  2s2_2p9g       2s2_2p6h        1.44E-02  2.75E+04 5.905E+04
 4844   8   2  2s2_2p9g       2s2_2p7h        7.44E-02  3.89E+04 1.130E+05
 4845   8   3  2s2_2p9g       2s2_2p8h        4.46E-01  3.85E+04 2.778E+05
 4846   8   4  2s2_2p9g       2s2_2p9h        7.99E-04  4.11E-06 1.139E+09
 4847   8   5  2s2_2p9g       2s2_2p10h       -2.07E-01 -9.14E+03 3.886E+05
 4848   9   1  2s2_2p10i       2s2_2p6h        5.75E-03  1.46E+04 5.126E+04
 4849   9   2  2s2_2p10i       2s2_2p7h        2.40E-02  2.09E+04 8.755E+04
 4850   9   3  2s2_2p10i       2s2_2p8h        8.49E-02  2.16E+04 1.620E+05
 4851   9   4  2s2_2p10i       2s2_2p9h        4.39E-01  1.94E+04 3.884E+05
 4852   9   5  2s2_2p10i       2s2_2p10h        1.09E-03  3.15E-06 1.519E+09
 4853   1   1  2s2_2p7i       2s2_2p6h        2.15E+01  9.38E+06 1.236E+05
 4854   1   2  2s2_2p7i       2s2_2p7h        4.33E-03  7.82E-05 6.078E+08
 4855   1   3  2s2_2p7i       2s2_2p8h       -6.97E-02 -1.28E+04 1.906E+05
 4856   1   4  2s2_2p7i       2s2_2p9h       -9.06E-03 -4.73E+03 1.130E+05
 4857   1   5  2s2_2p7i       2s2_2p10h       -2.61E-03 -2.27E+03 8.757E+04
 4858   2   1  2s2_2p8i       2s2_2p6h        2.32E+00  2.75E+06 7.498E+04
 4859   2   2  2s2_2p8i       2s2_2p7h        1.93E+01  3.55E+06 1.905E+05
 4860   2   3  2s2_2p8i       2s2_2p8h        1.11E-02  2.00E-04 6.078E+08
 4861   2   4  2s2_2p8i       2s2_2p9h       -1.93E-01 -1.67E+04 2.780E+05
 4862   2   5  2s2_2p8i       2s2_2p10h       -2.82E-02 -7.16E+03 1.620E+05
 4863   3   1  2s2_2p9i       2s2_2p6h        6.40E-01  1.22E+06 5.905E+04
 4864   3   2  2s2_2p9i       2s2_2p7h        3.19E+00  1.67E+06 1.130E+05
 4865   3   3  2s2_2p9i       2s2_2p8h        1.80E+01  1.56E+06 2.778E+05
 4866   3   4  2s2_2p9i       2s2_2p9h        1.91E-02  2.21E-04 7.591E+08
 4867   3   5  2s2_2p9i       2s2_2p10h       -3.57E-01 -1.58E+04 3.887E+05
 4868   4   1  2s2_2p10i       2s2_2p6h        2.63E-01  6.68E+05 5.126E+04
 4869   4   2  2s2_2p10i       2s2_2p7h        1.06E+00  9.23E+05 8.754E+04
 4870   4   3  2s2_2p10i       2s2_2p8h        3.56E+00  9.05E+05 1.620E+05
 4871   4   4  2s2_2p10i       2s2_2p9h        1.72E+01  7.61E+05 3.883E+05
 4872   4   5  2s2_2p10i       2s2_2p10h        2.74E-02  2.20E-04 9.111E+08
 4873   1   1  2s2_2p5g       2s2_2p6h       -6.04E-01 -7.24E+05 7.459E+04
 4874   1   2  2s2_2p5g       2s2_2p7h       -7.26E-02 -2.24E+05 4.652E+04
 4875   1   3  2s2_2p5g       2s2_2p8h       -2.15E-02 -1.03E+05 3.739E+04
 4876   1   4  2s2_2p5g       2s2_2p9h       -9.31E-03 -5.72E+04 3.296E+04
 4877   1   5  2s2_2p5g       2s2_2p10h       -4.93E-03 -3.56E+04 3.038E+04
 4878   2   1  2s2_2p6g       2s2_2p6h        1.99E-04  1.85E-05 2.679E+08
 4879   2   2  2s2_2p6g       2s2_2p7h       -5.38E-01 -2.34E+05 1.237E+05
 4880   2   3  2s2_2p6g       2s2_2p8h       -9.56E-02 -1.13E+05 7.501E+04
 4881   2   4  2s2_2p6g       2s2_2p9h       -3.34E-02 -6.39E+04 5.907E+04
 4882   2   5  2s2_2p6g       2s2_2p10h       -1.58E-02 -4.01E+04 5.127E+04
 4883   3   1  2s2_2p7i       2s2_2p6h        5.12E-01  2.23E+05 1.236E+05
 4884   3   2  2s2_2p7i       2s2_2p7h        2.49E-04  2.88E-06 7.597E+08
 4885   3   3  2s2_2p7i       2s2_2p8h       -1.40E-01 -2.57E+04 1.906E+05
 4886   3   4  2s2_2p7i       2s2_2p9h       -2.80E-02 -1.46E+04 1.130E+05
 4887   3   5  2s2_2p7i       2s2_2p10h       -1.04E-02 -9.05E+03 8.756E+04
 4888   4   1  2s2_2p7g       2s2_2p6h        4.93E-01  2.15E+05 1.236E+05
 4889   4   2  2s2_2p7g       2s2_2p7h        2.62E-04  3.03E-06 7.597E+08
 4890   4   3  2s2_2p7g       2s2_2p8h       -1.59E-01 -2.92E+04 1.906E+05
 4891   4   4  2s2_2p7g       2s2_2p9h       -3.18E-02 -1.66E+04 1.130E+05
 4892   4   5  2s2_2p7g       2s2_2p10h       -1.19E-02 -1.04E+04 8.756E+04
 4893   5   1  2s2_2p8i       2s2_2p6h        5.44E-02  6.45E+04 7.498E+04
 4894   5   2  2s2_2p8i       2s2_2p7h        4.73E-01  8.70E+04 1.905E+05
 4895   5   3  2s2_2p8i       2s2_2p8h        5.08E-04  4.08E-06 9.111E+08
 4896   5   4  2s2_2p8i       2s2_2p9h       -1.68E-01 -1.45E+04 2.780E+05
 4897   5   5  2s2_2p8i       2s2_2p10h       -3.57E-02 -9.07E+03 1.620E+05
 4898   6   1  2s2_2p8g       2s2_2p6h        5.44E-02  6.45E+04 7.498E+04
 4899   6   2  2s2_2p8g       2s2_2p7h        4.73E-01  8.70E+04 1.905E+05
 4900   6   3  2s2_2p8g       2s2_2p8h        5.08E-04  4.08E-06 9.111E+08
 4901   6   4  2s2_2p8g       2s2_2p9h       -1.68E-01 -1.45E+04 2.780E+05
 4902   6   5  2s2_2p8g       2s2_2p10h       -3.57E-02 -9.07E+03 1.620E+05
 4903   7   1  2s2_2p9i       2s2_2p6h        1.44E-02  2.75E+04 5.905E+04
 4904   7   2  2s2_2p9i       2s2_2p7h        7.45E-02  3.89E+04 1.130E+05
 4905   7   3  2s2_2p9i       2s2_2p8h        4.46E-01  3.85E+04 2.778E+05
 4906   7   4  2s2_2p9i       2s2_2p9h        7.98E-04  4.10E-06 1.139E+09
 4907   7   5  2s2_2p9i       2s2_2p10h       -2.06E-01 -9.10E+03 3.886E+05
 4908   8   1  2s2_2p9g       2s2_2p6h        1.44E-02  2.75E+04 5.905E+04
 4909   8   2  2s2_2p9g       2s2_2p7h        7.44E-02  3.89E+04 1.130E+05
 4910   8   3  2s2_2p9g       2s2_2p8h        4.46E-01  3.85E+04 2.778E+05
 4911   8   4  2s2_2p9g       2s2_2p9h        7.99E-04  4.11E-06 1.139E+09
 4912   8   5  2s2_2p9g       2s2_2p10h       -2.07E-01 -9.14E+03 3.886E+05
 4913   9   1  2s2_2p10i       2s2_2p6h        5.75E-03  1.46E+04 5.126E+04
 4914   9   2  2s2_2p10i       2s2_2p7h        2.40E-02  2.09E+04 8.755E+04
 4915   9   3  2s2_2p10i       2s2_2p8h        8.49E-02  2.16E+04 1.620E+05
 4916   9   4  2s2_2p10i       2s2_2p9h        4.39E-01  1.94E+04 3.884E+05
 4917   9   5  2s2_2p10i       2s2_2p10h        1.09E-03  3.15E-06 1.519E+09
 4918   1   1  2s2_2p6h       2s2_2p5g        1.78E+01  2.13E+07 7.458E+04
 4919   1   2  2s2_2p6h       2s2_2p6g       -3.29E-03 -9.54E-05 4.797E+08
 4920   1   3  2s2_2p6h       2s2_2p7i       -5.99E-03 -2.61E+03 1.237E+05
 4921   1   4  2s2_2p6h       2s2_2p7g       -7.85E-03 -3.42E+03 1.237E+05
 4922   1   5  2s2_2p6h       2s2_2p8i       -1.24E-03 -1.47E+03 7.499E+04
 4923   1   6  2s2_2p6h       2s2_2p8g       -1.24E-03 -1.47E+03 7.499E+04
 4924   1   7  2s2_2p6h       2s2_2p9i       -5.22E-04 -9.98E+02 5.906E+04
 4925   1   8  2s2_2p6h       2s2_2p9g       -5.27E-04 -1.01E+03 5.906E+04
 4926   1   9  2s2_2p6h       2s2_2p10i       -2.65E-04 -6.73E+02 5.126E+04
 4927   2   1  2s2_2p7h       2s2_2p5g        2.15E+00  6.63E+06 4.652E+04
 4928   2   2  2s2_2p7h       2s2_2p6g        1.59E+01  6.93E+06 1.237E+05
 4929   2   3  2s2_2p7h       2s2_2p7i        6.18E-04  1.79E-06 1.519E+09
 4930   2   4  2s2_2p7h       2s2_2p7g        6.96E-04  2.01E-06 1.519E+09
 4931   2   5  2s2_2p7h       2s2_2p8i       -3.29E-02 -6.04E+03 1.906E+05
 4932   2   6  2s2_2p7h       2s2_2p8g       -3.29E-02 -6.04E+03 1.906E+05
 4933   2   7  2s2_2p7h       2s2_2p9i       -6.42E-03 -3.35E+03 1.130E+05
 4934   2   8  2s2_2p7h       2s2_2p9g       -6.48E-03 -3.38E+03 1.130E+05
 4935   2   9  2s2_2p7h       2s2_2p10i       -2.33E-03 -2.03E+03 8.756E+04
 4936   3   1  2s2_2p8h       2s2_2p5g        9.22E-03  4.40E+04 3.739E+04
 4937   3   2  2s2_2p8h       2s2_2p6g        4.10E-02  4.86E+04 7.500E+04
 4938   3   3  2s2_2p8h       2s2_2p7i        2.17E+01  3.99E+06 1.905E+05
 4939   3   4  2s2_2p8h       2s2_2p7g        2.09E+01  3.84E+06 1.905E+05
 4940   3   5  2s2_2p8h       2s2_2p8i        1.80E-03  3.60E-06 1.826E+09
 4941   3   6  2s2_2p8h       2s2_2p8g        1.80E-03  3.60E-06 1.826E+09
 4942   3   7  2s2_2p8h       2s2_2p9i       -5.92E-02 -5.11E+03 2.779E+05
 4943   3   8  2s2_2p8h       2s2_2p9g       -5.91E-02 -5.10E+03 2.779E+05
 4944   3   9  2s2_2p8h       2s2_2p10i       -7.32E-03 -1.86E+03 1.620E+05
 4945   4   1  2s2_2p8k       2s2_2p5g        9.24E-03  4.41E+04 3.739E+04
 4946   4   2  2s2_2p8k       2s2_2p6g        4.11E-02  4.87E+04 7.500E+04
 4947   4   3  2s2_2p8k       2s2_2p7i        2.17E+01  3.99E+06 1.905E+05
 4948   4   4  2s2_2p8k       2s2_2p7g        2.09E+01  3.84E+06 1.905E+05
 4949   4   5  2s2_2p8k       2s2_2p8i        1.80E-03  3.60E-06 1.826E+09
 4950   4   6  2s2_2p8k       2s2_2p8g        1.80E-03  3.60E-06 1.826E+09
 4951   4   7  2s2_2p8k       2s2_2p9i       -5.93E-02 -5.12E+03 2.779E+05
 4952   4   8  2s2_2p8k       2s2_2p9g       -5.91E-02 -5.10E+03 2.779E+05
 4953   4   9  2s2_2p8k       2s2_2p10i       -7.33E-03 -1.86E+03 1.620E+05
 4954   5   1  2s2_2p9h       2s2_2p5g        8.64E-03  5.31E+04 3.296E+04
 4955   5   2  2s2_2p9h       2s2_2p6g        3.11E-02  5.95E+04 5.906E+04
 4956   5   3  2s2_2p9h       2s2_2p7i        2.32E+00  1.21E+06 1.130E+05
 4957   5   4  2s2_2p9h       2s2_2p7g        2.26E+00  1.18E+06 1.130E+05
 4958   5   5  2s2_2p9h       2s2_2p8i        1.99E+01  1.72E+06 2.779E+05
 4959   5   6  2s2_2p9h       2s2_2p8g        1.99E+01  1.72E+06 2.779E+05
 4960   5   7  2s2_2p9h       2s2_2p9i        4.75E-03  6.12E-06 2.276E+09
 4961   5   8  2s2_2p9h       2s2_2p9g        4.75E-03  6.12E-06 2.276E+09
 4962   5   9  2s2_2p9h       2s2_2p10i       -1.67E-01 -7.38E+03 3.886E+05
 4963   6   1  2s2_2p9k       2s2_2p5g        8.68E-03  5.33E+04 3.296E+04
 4964   6   2  2s2_2p9k       2s2_2p6g        3.12E-02  5.97E+04 5.906E+04
 4965   6   3  2s2_2p9k       2s2_2p7i        2.32E+00  1.21E+06 1.130E+05
 4966   6   4  2s2_2p9k       2s2_2p7g        2.26E+00  1.18E+06 1.130E+05
 4967   6   5  2s2_2p9k       2s2_2p8i        1.99E+01  1.72E+06 2.779E+05
 4968   6   6  2s2_2p9k       2s2_2p8g        1.99E+01  1.72E+06 2.779E+05
 4969   6   7  2s2_2p9k       2s2_2p9i        4.76E-03  6.13E-06 2.276E+09
 4970   6   8  2s2_2p9k       2s2_2p9g        4.75E-03  6.12E-06 2.276E+09
 4971   6   9  2s2_2p9k       2s2_2p10i       -1.67E-01 -7.38E+03 3.886E+05
 4972   7   1  2s2_2p10h       2s2_2p5g        6.85E-03  4.95E+04 3.038E+04
 4973   7   2  2s2_2p10h       2s2_2p6g        2.19E-02  5.56E+04 5.127E+04
 4974   7   3  2s2_2p10h       2s2_2p7i        6.45E-01  5.61E+05 8.755E+04
 4975   7   4  2s2_2p10h       2s2_2p7g        6.33E-01  5.51E+05 8.755E+04
 4976   7   5  2s2_2p10h       2s2_2p8i        3.22E+00  8.18E+05 1.620E+05
 4977   7   6  2s2_2p10h       2s2_2p8g        3.22E+00  8.18E+05 1.620E+05
 4978   7   7  2s2_2p10h       2s2_2p9i        1.83E+01  8.09E+05 3.884E+05
 4979   7   8  2s2_2p10h       2s2_2p9g        1.83E+01  8.09E+05 3.884E+05
 4980   7   9  2s2_2p10h       2s2_2p10i        8.33E-03  1.07E-05 2.276E+09
 4981   1   1  2s2_2p7i       2s2_2p6h        6.13E-01  2.67E+05 1.237E+05
 4982   1   2  2s2_2p7i       2s2_2p7h       -1.92E-05 -1.39E-08 3.039E+09
 4983   1   3  2s2_2p7i       2s2_2p8h       -6.20E-01 -1.14E+05 1.905E+05
 4984   1   4  2s2_2p7i       2s2_2p8k       -6.20E-01 -1.14E+05 1.905E+05
 4985   1   5  2s2_2p7i       2s2_2p9h       -6.02E-02 -3.14E+04 1.130E+05
 4986   1   6  2s2_2p7i       2s2_2p9k       -6.02E-02 -3.14E+04 1.130E+05
 4987   1   7  2s2_2p7i       2s2_2p10h       -1.53E-02 -1.33E+04 8.756E+04
 4988   2   1  2s2_2p8i       2s2_2p6h        6.63E-02  7.86E+04 7.499E+04
 4989   2   2  2s2_2p8i       2s2_2p7h        5.52E-01  1.01E+05 1.905E+05
 4990   2   3  2s2_2p8i       2s2_2p8h       -5.17E-06  0.00E+00 1.000E+30
 4991   2   4  2s2_2p8i       2s2_2p8k       -5.17E-06  0.00E+00 1.000E+30
 4992   2   5  2s2_2p8i       2s2_2p9h       -5.65E-01 -4.88E+04 2.779E+05
 4993   2   6  2s2_2p8i       2s2_2p9k       -5.65E-01 -4.88E+04 2.779E+05
 4994   2   7  2s2_2p8i       2s2_2p10h       -8.58E-02 -2.18E+04 1.620E+05
 4995   3   1  2s2_2p9i       2s2_2p6h        1.83E-02  3.50E+04 5.905E+04
 4996   3   2  2s2_2p9i       2s2_2p7h        9.10E-02  4.75E+04 1.130E+05
 4997   3   3  2s2_2p9i       2s2_2p8h        1.55E-02  1.34E+03 2.779E+05
 4998   3   4  2s2_2p9i       2s2_2p8k        1.55E-02  1.34E+03 2.779E+05
 4999   3   5  2s2_2p9i       2s2_2p9h       -1.54E-05  0.00E+00 1.000E+30
 5000   3   6  2s2_2p9i       2s2_2p9k       -1.54E-05  0.00E+00 1.000E+30
 5001   3   7  2s2_2p9i       2s2_2p10h       -5.34E-01 -2.36E+04 3.885E+05
 5002   4   1  2s2_2p10i       2s2_2p6h        7.50E-03  1.90E+04 5.126E+04
 5003   4   2  2s2_2p10i       2s2_2p7h        3.01E-02  2.62E+04 8.756E+04
 5004   4   3  2s2_2p10i       2s2_2p8h        2.65E-03  6.73E+02 1.620E+05
 5005   4   4  2s2_2p10i       2s2_2p8k        2.66E-03  6.76E+02 1.620E+05
 5006   4   5  2s2_2p10i       2s2_2p9h        3.52E-02  1.56E+03 3.885E+05
 5007   4   6  2s2_2p10i       2s2_2p9k        3.53E-02  1.56E+03 3.885E+05
 5008   4   7  2s2_2p10i       2s2_2p10h       -2.91E-05  0.00E+00 1.000E+30
 5009   1   1  2s2_2p7i       2s2_2p6h        6.13E-01  2.67E+05 1.237E+05
 5010   1   2  2s2_2p7i       2s2_2p7h       -1.92E-05 -1.39E-08 3.039E+09
 5011   1   3  2s2_2p7i       2s2_2p8h       -6.20E-01 -1.14E+05 1.905E+05
 5012   1   4  2s2_2p7i       2s2_2p8k       -6.20E-01 -1.14E+05 1.905E+05
 5013   1   5  2s2_2p7i       2s2_2p9h       -6.02E-02 -3.14E+04 1.130E+05
 5014   1   6  2s2_2p7i       2s2_2p9k       -6.02E-02 -3.14E+04 1.130E+05
 5015   1   7  2s2_2p7i       2s2_2p10h       -1.53E-02 -1.33E+04 8.756E+04
 5016   2   1  2s2_2p8i       2s2_2p6h        6.63E-02  7.86E+04 7.499E+04
 5017   2   2  2s2_2p8i       2s2_2p7h        5.52E-01  1.01E+05 1.905E+05
 5018   2   3  2s2_2p8i       2s2_2p8h       -5.17E-06  0.00E+00 1.000E+30
 5019   2   4  2s2_2p8i       2s2_2p8k       -5.17E-06  0.00E+00 1.000E+30
 5020   2   5  2s2_2p8i       2s2_2p9h       -5.65E-01 -4.88E+04 2.779E+05
 5021   2   6  2s2_2p8i       2s2_2p9k       -5.65E-01 -4.88E+04 2.779E+05
 5022   2   7  2s2_2p8i       2s2_2p10h       -8.58E-02 -2.18E+04 1.620E+05
 5023   3   1  2s2_2p9i       2s2_2p6h        1.83E-02  3.50E+04 5.905E+04
 5024   3   2  2s2_2p9i       2s2_2p7h        9.10E-02  4.75E+04 1.130E+05
 5025   3   3  2s2_2p9i       2s2_2p8h        1.55E-02  1.34E+03 2.779E+05
 5026   3   4  2s2_2p9i       2s2_2p8k        1.55E-02  1.34E+03 2.779E+05
 5027   3   5  2s2_2p9i       2s2_2p9h       -1.54E-05  0.00E+00 1.000E+30
 5028   3   6  2s2_2p9i       2s2_2p9k       -1.54E-05  0.00E+00 1.000E+30
 5029   3   7  2s2_2p9i       2s2_2p10h       -5.34E-01 -2.36E+04 3.885E+05
 5030   4   1  2s2_2p10i       2s2_2p6h        7.50E-03  1.90E+04 5.126E+04
 5031   4   2  2s2_2p10i       2s2_2p7h        3.01E-02  2.62E+04 8.756E+04
 5032   4   3  2s2_2p10i       2s2_2p8h        2.65E-03  6.73E+02 1.620E+05
 5033   4   4  2s2_2p10i       2s2_2p8k        2.66E-03  6.76E+02 1.620E+05
 5034   4   5  2s2_2p10i       2s2_2p9h        3.52E-02  1.56E+03 3.885E+05
 5035   4   6  2s2_2p10i       2s2_2p9k        3.53E-02  1.56E+03 3.885E+05
 5036   4   7  2s2_2p10i       2s2_2p10h       -2.91E-05  0.00E+00 1.000E+30
 5037   1   1  2s2_2p3s      2s2_2p3p      -9.64E-01 -7.70E+07 9.139E+03
 5038   1   2  2s2_2p3s      2s2_2p4p      -1.30E-03 -4.40E+05 4.439E+03
 5039   1   3  2s2_2p3s      2s2_2p5p      -2.94E-06 -1.39E+03 3.750E+03
 5040   1   4  2s2_2p3s      2s2_2p6p      -5.25E-05 -2.88E+04 3.488E+03
 5041   1   5  2s2_2p3s      2s2_2p7p      -5.97E-05 -3.53E+04 3.356E+03
 5042   1   6  2s2_2p3s      2s2_2p8p      -5.11E-05 -3.17E+04 3.280E+03
 5043   1   7  2s2_2p3s      2s2_2p9p      -4.08E-05 -2.61E+04 3.231E+03
 5044   1   8  2s2_2p3s      2s2_2p10p      -3.20E-05 -2.09E+04 3.198E+03
 5045   2   1  2s2p3          2s2_2p3p       3.71E-02  5.70E+05 2.084E+04
 5046   2   2  2s2p3          2s2_2p4p      -1.86E-02 -5.72E+05 1.473E+04
 5047   2   3  2s2p3          2s2_2p5p      -2.77E-03 -2.21E+05 9.151E+03
 5048   2   4  2s2p3          2s2_2p6p      -1.07E-03 -1.19E+05 7.734E+03
 5049   2   5  2s2p3          2s2_2p7p      -5.53E-04 -7.29E+04 7.115E+03
 5050   2   6  2s2p3          2s2_2p8p      -3.29E-04 -4.77E+04 6.780E+03
 5051   2   7  2s2p3          2s2_2p9p      -2.13E-04 -3.29E+04 6.575E+03
 5052   2   8  2s2p3          2s2_2p10p      -1.47E-04 -2.36E+04 6.439E+03
 5053   3   1  2s2_2p4s      2s2_2p3p       1.61E+00  8.12E+07 1.150E+04
 5054   3   2  2s2_2p4s      2s2_2p4p      -2.10E+00 -1.17E+07 3.463E+04
 5055   3   3  2s2_2p4s      2s2_2p5p      -2.30E-02 -7.58E+05 1.423E+04
 5056   3   4  2s2_2p4s      2s2_2p6p      -3.54E-03 -1.93E+05 1.107E+04
 5057   3   5  2s2_2p4s      2s2_2p7p      -1.10E-03 -7.57E+04 9.847E+03
 5058   3   6  2s2_2p4s      2s2_2p8p      -4.76E-04 -3.74E+04 9.216E+03
 5059   3   7  2s2_2p4s      2s2_2p9p      -2.49E-04 -2.12E+04 8.842E+03
 5060   3   8  2s2_2p4s      2s2_2p10p      -1.47E-04 -1.33E+04 8.598E+03
 5061   4   1  2s2_2p3d       2s2_2p3p       1.86E+00  1.20E+08 1.018E+04
 5062   4   2  2s2_2p3d       2s2_2p4p      -2.85E-01 -5.89E+05 5.682E+04
 5063   4   3  2s2_2p3d       2s2_2p5p      -2.34E-02 -5.43E+05 1.695E+04
 5064   4   4  2s2_2p3d       2s2_2p6p      -8.88E-03 -3.70E+05 1.265E+04
 5065   4   5  2s2_2p3d       2s2_2p7p      -4.52E-03 -2.46E+05 1.108E+04
 5066   4   6  2s2_2p3d       2s2_2p8p      -2.66E-03 -1.68E+05 1.029E+04
 5067   4   7  2s2_2p3d       2s2_2p9p      -1.71E-03 -1.18E+05 9.821E+03
 5068   4   8  2s2_2p3d       2s2_2p10p      -1.17E-03 -8.61E+04 9.522E+03
 5069   5   1  2s2_2p5s      2s2_2p3p       1.16E-01  1.62E+07 6.921E+03
 5070   5   2  2s2_2p5s      2s2_2p4p       2.45E+00  1.34E+07 3.494E+04
 5071   5   3  2s2_2p5s      2s2_2p5p      -3.11E+00 -3.39E+06 7.822E+04
 5072   5   4  2s2_2p5s      2s2_2p6p      -5.36E-02 -3.85E+05 3.048E+04
 5073   5   5  2s2_2p5s      2s2_2p7p      -1.03E-02 -1.33E+05 2.270E+04
 5074   5   6  2s2_2p5s      2s2_2p8p      -3.69E-03 -6.40E+04 1.961E+04
 5075   5   7  2s2_2p5s      2s2_2p9p      -1.76E-03 -3.63E+04 1.798E+04
 5076   5   8  2s2_2p5s      2s2_2p10p      -9.93E-04 -2.29E+04 1.701E+04
 5077   6   1  2s2_2p4d       2s2_2p3p       9.91E-02  1.44E+07 6.768E+03
 5078   6   2  2s2_2p4d       2s2_2p4p       2.27E+00  1.54E+07 3.135E+04
 5079   6   3  2s2_2p4d       2s2_2p5p      -6.52E-01 -3.93E+05 1.052E+05
 5080   6   4  2s2_2p4d       2s2_2p6p      -3.63E-02 -2.11E+05 3.386E+04
 5081   6   5  2s2_2p4d       2s2_2p7p      -1.29E-02 -1.43E+05 2.452E+04
 5082   6   6  2s2_2p4d       2s2_2p8p      -6.46E-03 -9.81E+04 2.095E+04
 5083   6   7  2s2_2p4d       2s2_2p9p      -3.81E-03 -6.96E+04 1.911E+04
 5084   6   8  2s2_2p4d       2s2_2p10p      -2.48E-03 -5.10E+04 1.801E+04
 5085   7   1  2s2_2p6s      2s2_2p3p       3.27E-02  6.35E+06 5.862E+03
 5086   7   2  2s2_2p6s      2s2_2p4p       1.84E-01  3.68E+06 1.827E+04
 5087   7   3  2s2_2p6s      2s2_2p5p       3.43E+00  4.07E+06 7.500E+04
 5088   7   4  2s2_2p6s      2s2_2p6p      -4.10E+00 -1.22E+06 1.494E+05
 5089   7   5  2s2_2p6s      2s2_2p7p      -8.38E-02 -1.80E+05 5.575E+04
 5090   7   6  2s2_2p6s      2s2_2p8p      -1.74E-02 -7.19E+04 4.018E+04
 5091   7   7  2s2_2p6s      2s2_2p9p      -6.54E-03 -3.79E+04 3.391E+04
 5092   7   8  2s2_2p6s      2s2_2p10p      -3.23E-03 -2.30E+04 3.060E+04
 5093   8   1  2s2_2p5d       2s2_2p3p       1.53E-02  3.02E+06 5.812E+03
 5094   8   2  2s2_2p5d       2s2_2p4p       1.38E-01  2.91E+06 1.780E+04
 5095   8   3  2s2_2p5d       2s2_2p5p       2.52E+00  3.67E+06 6.764E+04
 5096   8   4  2s2_2p5d       2s2_2p6p      -9.65E-01 -1.77E+05 1.908E+05
 5097   8   5  2s2_2p5d       2s2_2p7p      -4.50E-02 -8.16E+04 6.065E+04
 5098   8   6  2s2_2p5d       2s2_2p8p      -1.54E-02 -5.64E+04 4.267E+04
 5099   8   7  2s2_2p5d       2s2_2p9p      -7.71E-03 -4.04E+04 3.567E+04
 5100   8   8  2s2_2p5d       2s2_2p10p      -4.57E-03 -2.97E+04 3.202E+04
 5101   9   1  2s2_2p7s      2s2_2p3p       1.41E-02  3.20E+06 5.417E+03
 5102   9   2  2s2_2p7s      2s2_2p4p       5.31E-02  1.67E+06 1.455E+04
 5103   9   3  2s2_2p7s      2s2_2p5p       2.64E-01  1.32E+06 3.658E+04
 5104   9   4  2s2_2p7s      2s2_2p6p       4.37E+00  1.56E+06 1.367E+05
 5105   9   5  2s2_2p7s      2s2_2p7p      -5.09E+00 -5.25E+05 2.544E+05
 5106   9   6  2s2_2p7s      2s2_2p8p      -1.13E-01 -8.92E+04 9.190E+04
 5107   9   7  2s2_2p7s      2s2_2p9p      -2.45E-02 -3.92E+04 6.461E+04
 5108   9   8  2s2_2p7s      2s2_2p10p      -9.43E-03 -2.19E+04 5.354E+04
 5109  10   1  2s2_2p6d       2s2_2p3p       4.01E-03  9.19E+05 5.394E+03
 5110  10   2  2s2_2p6d       2s2_2p4p       2.96E-02  9.54E+05 1.438E+04
 5111  10   3  2s2_2p6d       2s2_2p5p       1.78E-01  9.39E+05 3.557E+04
 5112  10   4  2s2_2p6d       2s2_2p6p       2.75E+00  1.20E+06 1.236E+05
 5113  10   5  2s2_2p6d       2s2_2p7p      -1.26E+00 -8.36E+04 3.171E+05
 5114  10   6  2s2_2p6d       2s2_2p8p      -5.16E-02 -3.51E+04 9.897E+04
 5115  10   7  2s2_2p6d       2s2_2p9p      -1.72E-02 -2.48E+04 6.802E+04
 5116  10   8  2s2_2p6d       2s2_2p10p      -8.54E-03 -1.83E+04 5.587E+04
 5117  11   1  2s2_2p8s      2s2_2p3p       7.43E-03  1.85E+06 5.182E+03
 5118  11   2  2s2_2p8s      2s2_2p4p       2.34E-02  9.28E+05 1.297E+04
 5119  11   3  2s2_2p8s      2s2_2p5p       7.82E-02  6.65E+05 2.800E+04
 5120  11   4  2s2_2p8s      2s2_2p6p       3.42E-01  5.62E+05 6.372E+04
 5121  11   5  2s2_2p8s      2s2_2p7p       5.29E+00  6.98E+05 2.248E+05
 5122  11   6  2s2_2p8s      2s2_2p8p      -6.06E+00 -2.53E+05 3.997E+05
 5123  11   7  2s2_2p8s      2s2_2p9p      -1.42E-01 -4.77E+04 1.409E+05
 5124  11   8  2s2_2p8s      2s2_2p10p      -3.14E-02 -2.22E+04 9.711E+04
 5125  12   1  2s2_2p7d       2s2_2p3p       1.42E-03  3.54E+05 5.169E+03
 5126  12   2  2s2_2p7d       2s2_2p4p       1.03E-02  4.14E+05 1.289E+04
 5127  12   3  2s2_2p7d       2s2_2p5p       4.38E-02  3.83E+05 2.763E+04
 5128  12   4  2s2_2p7d       2s2_2p6p       2.12E-01  3.69E+05 6.187E+04
 5129  12   5  2s2_2p7d       2s2_2p7p       2.97E+00  4.79E+05 2.034E+05
 5130  12   6  2s2_2p7d       2s2_2p8p      -1.56E+00 -4.31E+04 4.915E+05
 5131  12   7  2s2_2p7d       2s2_2p9p      -5.69E-02 -1.67E+04 1.508E+05
 5132  12   8  2s2_2p7d       2s2_2p10p      -1.84E-02 -1.19E+04 1.017E+05
 5133  13   1  2s2_2p9s      2s2_2p3p       4.45E-03  1.17E+06 5.041E+03
 5134  13   2  2s2_2p9s      2s2_2p4p       1.26E-02  5.73E+05 1.212E+04
 5135  13   3  2s2_2p9s      2s2_2p5p       3.50E-02  3.95E+05 2.431E+04
 5136  13   4  2s2_2p9s      2s2_2p6p       1.03E-01  3.06E+05 4.738E+04
 5137  13   5  2s2_2p9s      2s2_2p7p       4.19E-01  2.72E+05 1.014E+05
 5138  13   6  2s2_2p9s      2s2_2p8p       6.19E+00  3.49E+05 3.440E+05
 5139  13   7  2s2_2p9s      2s2_2p9p      -7.03E+00 -1.34E+05 5.917E+05
 5140  13   8  2s2_2p9s      2s2_2p10p      -1.70E-01 -2.71E+04 2.046E+05
 5141  14   1  2s2_2p8d       2s2_2p3p       6.16E-04  1.62E+05 5.033E+03
 5142  14   2  2s2_2p8d       2s2_2p4p       4.60E-03  2.11E+05 1.207E+04
 5143  14   3  2s2_2p8d       2s2_2p5p       1.68E-02  1.92E+05 2.414E+04
 5144  14   4  2s2_2p8d       2s2_2p6p       5.63E-02  1.72E+05 4.671E+04
 5145  14   5  2s2_2p8d       2s2_2p7p       2.43E-01  1.67E+05 9.841E+04
 5146  14   6  2s2_2p8d       2s2_2p8p       3.20E+00  2.20E+05 3.114E+05
 5147  14   7  2s2_2p8d       2s2_2p9p      -1.85E+00 -2.37E+04 7.214E+05
 5148  14   8  2s2_2p8d       2s2_2p10p      -6.15E-02 -8.62E+03 2.181E+05
 5149  15   1  2s2_2p10s      2s2_2p3p       2.90E-03  7.90E+05 4.948E+03
 5150  15   2  2s2_2p10s      2s2_2p4p       7.70E-03  3.82E+05 1.160E+04
 5151  15   3  2s2_2p10s      2s2_2p5p       1.92E-02  2.57E+05 2.231E+04
 5152  15   4  2s2_2p10s      2s2_2p6p       4.65E-02  1.91E+05 4.033E+04
 5153  15   5  2s2_2p10s      2s2_2p7p       1.27E-01  1.56E+05 7.379E+04
 5154  15   6  2s2_2p10s      2s2_2p8p       4.93E-01  1.43E+05 1.515E+05
 5155  15   7  2s2_2p10s      2s2_2p9p       7.08E+00  1.90E+05 4.990E+05
 5156  15   8  2s2_2p10s      2s2_2p10p      -7.99E+00 -7.60E+04 8.372E+05
 5157  16   1  2s2_2p9d       2s2_2p3p       3.08E-04  8.41E+04 4.943E+03
 5158  16   2  2s2_2p9d       2s2_2p4p       2.44E-03  1.22E+05 1.157E+04
 5159  16   3  2s2_2p9d       2s2_2p5p       8.20E-03  1.11E+05 2.221E+04
 5160  16   4  2s2_2p9d       2s2_2p6p       2.29E-02  9.55E+04 3.999E+04
 5161  16   5  2s2_2p9d       2s2_2p7p       6.76E-02  8.54E+04 7.267E+04
 5162  16   6  2s2_2p9d       2s2_2p8p       2.72E-01  8.41E+04 1.468E+05
 5163  16   7  2s2_2p9d       2s2_2p9p       3.44E+00  1.12E+05 4.519E+05
 5164  16   8  2s2_2p9d       2s2_2p10p      -2.14E+00 -1.39E+04 1.015E+06
 5165  17   1  2s2_2p11s      2s2_2p3p       2.00E-03  5.59E+05 4.885E+03
 5166  17   2  2s2_2p11s      2s2_2p4p       5.09E-03  2.68E+05 1.125E+04
 5167  17   3  2s2_2p11s      2s2_2p5p       1.18E-02  1.77E+05 2.107E+04
 5168  17   4  2s2_2p11s      2s2_2p6p       2.57E-02  1.29E+05 3.645E+04
 5169  17   5  2s2_2p11s      2s2_2p7p       5.77E-02  1.01E+05 6.178E+04
 5170  17   6  2s2_2p11s      2s2_2p8p       1.50E-01  8.53E+04 1.083E+05
 5171  17   7  2s2_2p11s      2s2_2p9p       5.66E-01  8.12E+04 2.156E+05
 5172  17   8  2s2_2p11s      2s2_2p10p       7.97E+00  1.10E+05 6.944E+05
 5173  18   1  2s2_2p10d       2s2_2p3p       1.71E-04  4.79E+04 4.881E+03
 5174  18   2  2s2_2p10d       2s2_2p4p       1.44E-03  7.61E+04 1.123E+04
 5175  18   3  2s2_2p10d       2s2_2p5p       4.62E-03  6.98E+04 2.101E+04
 5176  18   4  2s2_2p10d       2s2_2p6p       1.16E-02  5.89E+04 3.625E+04
 5177  18   5  2s2_2p10d       2s2_2p7p       2.85E-02  5.07E+04 6.121E+04
 5178  18   6  2s2_2p10d       2s2_2p8p       7.82E-02  4.60E+04 1.065E+05
 5179  18   7  2s2_2p10d       2s2_2p9p       3.01E-01  4.60E+04 2.088E+05
 5180  18   8  2s2_2p10d       2s2_2p10p       3.68E+00  6.21E+04 6.289E+05
 5181   1   1  2s2_2p2         2s2p3:         -1.37E+00 -1.03E+10 9.435E+02
 5182   1   2  2s2_2p2         2s2p2(4PE)3p  -8.43E-01 -7.96E+09 8.406E+02
 5183   1   3  2s2_2p2         2s2p2(4PE)4p  -1.56E-01 -1.63E+09 7.981E+02
 5184   1   4  2s2_2p2         2s2p2(4PE)5p  -3.49E-02 -3.86E+08 7.763E+02
 5185   1   5  2s2_2p2         2s2p2(4PE)6p  -1.25E-02 -1.42E+08 7.651E+02
 5186   1   6  2s2_2p2         2s2p2(4PE)7p  -5.88E-03 -6.81E+07 7.588E+02
 5187   1   7  2s2_2p2         2s2p2(4PE)8p  -3.26E-03 -3.82E+07 7.550E+02
 5188   1   8  2s2_2p2         2s2p2(4PE)9p  -2.01E-03 -2.37E+07 7.524E+02
 5189   1   9  2s2_2p2         2s2p2(4PE)10p  -1.34E-03 -1.59E+07 7.506E+02
 5190   2   1  2s2_2p3p      2s2p3:         -1.45E-02 -1.11E+07 2.951E+03
 5191   2   2  2s2_2p3p      2s2p2(4PE)3p  -2.42E-03 -3.54E+06 2.134E+03
 5192   2   3  2s2_2p3p      2s2p2(4PE)4p  -3.31E-03 -6.25E+06 1.880E+03
 5193   2   4  2s2_2p3p      2s2p2(4PE)5p  -1.58E-03 -3.39E+06 1.763E+03
 5194   2   5  2s2_2p3p      2s2p2(4PE)6p  -8.24E-04 -1.89E+06 1.707E+03
 5195   2   6  2s2_2p3p      2s2p2(4PE)7p  -4.80E-04 -1.14E+06 1.676E+03
 5196   2   7  2s2_2p3p      2s2p2(4PE)8p  -3.04E-04 -7.38E+05 1.657E+03
 5197   2   8  2s2_2p3p      2s2p2(4PE)9p  -2.05E-04 -5.05E+05 1.645E+03
 5198   2   9  2s2_2p3p      2s2p2(4PE)10p  -1.45E-04 -3.61E+05 1.636E+03
 5199   3   1  2s2_2p4p      2s2p3:         -5.51E-03 -1.92E+06 4.370E+03
 5200   3   2  2s2_2p4p      2s2p2(4PE)3p  -1.48E-03 -1.27E+06 2.789E+03
 5201   3   3  2s2_2p4p      2s2p2(4PE)4p  -1.17E-03 -1.39E+06 2.371E+03
 5202   3   4  2s2_2p4p      2s2p2(4PE)5p  -4.76E-04 -6.63E+05 2.188E+03
 5203   3   5  2s2_2p4p      2s2p2(4PE)6p  -2.30E-04 -3.47E+05 2.102E+03
 5204   3   6  2s2_2p4p      2s2p2(4PE)7p  -1.29E-04 -2.04E+05 2.055E+03
 5205   3   7  2s2_2p4p      2s2p2(4PE)8p  -7.97E-05 -1.29E+05 2.026E+03
 5206   3   8  2s2_2p4p      2s2p2(4PE)9p  -5.28E-05 -8.73E+04 2.008E+03
 5207   3   9  2s2_2p4p      2s2p2(4PE)10p  -3.69E-05 -6.18E+04 1.995E+03
 5208   4   1  2s2_2p5p      2s2p3:         -2.86E-03 -6.79E+05 5.299E+03
 5209   4   2  2s2_2p5p      2s2p2(4PE)3p  -9.89E-04 -6.69E+05 3.141E+03
 5210   4   3  2s2_2p5p      2s2p2(4PE)4p  -5.99E-04 -5.82E+05 2.620E+03
 5211   4   4  2s2_2p5p      2s2p2(4PE)5p  -2.22E-04 -2.57E+05 2.398E+03
 5212   4   5  2s2_2p5p      2s2p2(4PE)6p  -1.03E-04 -1.30E+05 2.295E+03
 5213   4   6  2s2_2p5p      2s2p2(4PE)7p  -5.64E-05 -7.50E+04 2.239E+03
 5214   4   7  2s2_2p5p      2s2p2(4PE)8p  -3.44E-05 -4.72E+04 2.206E+03
 5215   4   8  2s2_2p5p      2s2p2(4PE)9p  -2.26E-05 -3.16E+04 2.184E+03
 5216   4   9  2s2_2p5p      2s2p2(4PE)10p  -1.57E-05 -2.23E+04 2.169E+03
 5217   5   1  2s2_2p6p      2s2p3:         -1.67E-03 -3.19E+05 5.912E+03
 5218   5   2  2s2_2p6p      2s2p2(4PE)3p  -6.70E-04 -3.99E+05 3.346E+03
 5219   5   3  2s2_2p6p      2s2p2(4PE)4p  -3.49E-04 -3.05E+05 2.761E+03
 5220   5   4  2s2_2p6p      2s2p2(4PE)5p  -1.23E-04 -1.30E+05 2.516E+03
 5221   5   5  2s2_2p6p      2s2p2(4PE)6p  -5.53E-05 -6.39E+04 2.403E+03
 5222   5   6  2s2_2p6p      2s2p2(4PE)7p  -2.98E-05 -3.62E+04 2.342E+03
 5223   5   7  2s2_2p6p      2s2p2(4PE)8p  -1.80E-05 -2.26E+04 2.305E+03
 5224   5   8  2s2_2p6p      2s2p2(4PE)9p  -1.18E-05 -1.51E+04 2.281E+03
 5225   5   9  2s2_2p6p      2s2p2(4PE)10p  -8.16E-06 -1.06E+04 2.265E+03
 5226   6   1  2s2_2p7p      2s2p3:         -1.06E-03 -1.77E+05 6.325E+03
 5227   6   2  2s2_2p7p      2s2p2(4PE)3p  -4.63E-04 -2.56E+05 3.474E+03
 5228   6   3  2s2_2p7p      2s2p2(4PE)4p  -2.20E-04 -1.81E+05 2.848E+03
 5229   6   4  2s2_2p7p      2s2p2(4PE)5p  -7.46E-05 -7.43E+04 2.588E+03
 5230   6   5  2s2_2p7p      2s2p2(4PE)6p  -3.31E-05 -3.62E+04 2.468E+03
 5231   6   6  2s2_2p7p      2s2p2(4PE)7p  -1.77E-05 -2.04E+04 2.404E+03
 5232   6   7  2s2_2p7p      2s2p2(4PE)8p  -1.06E-05 -1.26E+04 2.365E+03
 5233   6   8  2s2_2p7p      2s2p2(4PE)9p  -6.93E-06 -8.44E+03 2.340E+03
 5234   6   9  2s2_2p7p      2s2p2(4PE)10p  -4.78E-06 -5.91E+03 2.323E+03
 5235   7   1  2s2_2p8p      2s2p3:         -7.11E-04 -1.09E+05 6.611E+03
 5236   7   2  2s2_2p8p      2s2p2(4PE)3p  -3.29E-04 -1.73E+05 3.559E+03
 5237   7   3  2s2_2p8p      2s2p2(4PE)4p  -1.47E-04 -1.16E+05 2.904E+03
 5238   7   4  2s2_2p8p      2s2p2(4PE)5p  -4.87E-05 -4.68E+04 2.635E+03
 5239   7   5  2s2_2p8p      2s2p2(4PE)6p  -2.14E-05 -2.26E+04 2.511E+03
 5240   7   6  2s2_2p8p      2s2p2(4PE)7p  -1.13E-05 -1.26E+04 2.444E+03
 5241   7   7  2s2_2p8p      2s2p2(4PE)8p  -6.79E-06 -7.83E+03 2.404E+03
 5242   7   8  2s2_2p8p      2s2p2(4PE)9p  -4.41E-06 -5.20E+03 2.378E+03
 5243   7   9  2s2_2p8p      2s2p2(4PE)10p  -3.04E-06 -3.64E+03 2.361E+03
 5244   8   1  2s2_2p9p      2s2p3:         -4.98E-04 -7.15E+04 6.815E+03
 5245   8   2  2s2_2p9p      2s2p2(4PE)3p  -2.40E-04 -1.22E+05 3.618E+03
 5246   8   3  2s2_2p9p      2s2p2(4PE)4p  -1.03E-04 -7.93E+04 2.943E+03
 5247   8   4  2s2_2p9p      2s2p2(4PE)5p  -3.35E-05 -3.14E+04 2.667E+03
 5248   8   5  2s2_2p9p      2s2p2(4PE)6p  -1.46E-05 -1.51E+04 2.540E+03
 5249   8   6  2s2_2p9p      2s2p2(4PE)7p  -7.70E-06 -8.41E+03 2.472E+03
 5250   8   7  2s2_2p9p      2s2p2(4PE)8p  -4.60E-06 -5.19E+03 2.431E+03
 5251   8   8  2s2_2p9p      2s2p2(4PE)9p  -2.98E-06 -3.44E+03 2.404E+03
 5252   8   9  2s2_2p9p      2s2p2(4PE)10p  -2.05E-06 -2.40E+03 2.386E+03
 5253   9   1  2s2_2p10p      2s2p3:         -3.62E-04 -4.98E+04 6.965E+03
 5254   9   2  2s2_2p10p      2s2p2(4PE)3p  -1.79E-04 -8.92E+04 3.659E+03
 5255   9   3  2s2_2p10p      2s2p2(4PE)4p  -7.48E-05 -5.65E+04 2.971E+03
 5256   9   4  2s2_2p10p      2s2p2(4PE)5p  -2.40E-05 -2.21E+04 2.689E+03
 5257   9   5  2s2_2p10p      2s2p2(4PE)6p  -1.04E-05 -1.06E+04 2.560E+03
 5258   9   6  2s2_2p10p      2s2p2(4PE)7p  -5.47E-06 -5.88E+03 2.491E+03
 5259   9   7  2s2_2p10p      2s2p2(4PE)8p  -3.26E-06 -3.62E+03 2.450E+03
 5260   9   8  2s2_2p10p      2s2p2(4PE)9p  -2.11E-06 -2.40E+03 2.423E+03
 5261   9   9  2s2_2p10p      2s2p2(4PE)10p  -1.45E-06 -1.67E+03 2.404E+03
 5262   1   1  2s2_2p3s      2s2_2p2          1.33E+00  3.23E+09 1.657E+03
 5263   1   2  2s2_2p3s      2s2_2p3p      -3.24E+00 -2.98E+08 8.510E+03
 5264   1   3  2s2_2p3s      2s2_2p4p      -2.54E-02 -8.77E+06 4.395E+03
 5265   1   4  2s2_2p3s      2s2_2p5p      -2.21E-03 -1.06E+06 3.736E+03
 5266   1   5  2s2_2p3s      2s2_2p6p      -3.55E-04 -1.95E+05 3.482E+03
 5267   1   6  2s2_2p3s      2s2_2p7p      -7.38E-05 -4.38E+04 3.353E+03
 5268   1   7  2s2_2p3s      2s2_2p8p      -1.69E-05 -1.05E+04 3.278E+03
 5269   1   8  2s2_2p3s      2s2_2p9p      -3.72E-06 -2.38E+03 3.230E+03
 5270   1   9  2s2_2p3s      2s2_2p10p      -6.11E-07 -3.99E+02 3.197E+03
 5271   2   1  2s2p3          2s2_2p2          5.54E-01  2.14E+09 1.314E+03
 5272   2   2  2s2p3          2s2_2p3p       5.19E-01  5.51E+06 2.507E+04
 5273   2   3  2s2p3          2s2_2p4p      -3.47E-01 -1.14E+07 1.426E+04
 5274   2   4  2s2p3          2s2_2p5p      -4.21E-02 -3.41E+06 9.071E+03
 5275   2   5  2s2p3          2s2_2p6p      -1.30E-02 -1.46E+06 7.704E+03
 5276   2   6  2s2p3          2s2_2p7p      -5.73E-03 -7.58E+05 7.100E+03
 5277   2   7  2s2p3          2s2_2p8p      -3.04E-03 -4.42E+05 6.771E+03
 5278   2   8  2s2p3          2s2_2p9p      -1.82E-03 -2.81E+05 6.569E+03
 5279   2   9  2s2p3          2s2_2p10p      -1.18E-03 -1.90E+05 6.436E+03
 5280   3   1  2s2_2p4s      2s2_2p2          1.95E-01  8.32E+08 1.250E+03
 5281   3   2  2s2_2p4s      2s2_2p3p       5.17E-01  2.15E+07 1.268E+04
 5282   3   3  2s2_2p4s      2s2_2p4p      -2.94E+00 -1.90E+07 3.211E+04
 5283   3   4  2s2_2p4s      2s2_2p5p      -2.50E-02 -8.46E+05 1.404E+04
 5284   3   5  2s2_2p4s      2s2_2p6p      -2.24E-03 -1.23E+05 1.101E+04
 5285   3   6  2s2_2p4s      2s2_2p7p      -3.80E-04 -2.63E+04 9.819E+03
 5286   3   7  2s2_2p4s      2s2_2p8p      -8.47E-05 -6.67E+03 9.201E+03
 5287   3   8  2s2_2p4s      2s2_2p9p      -2.13E-05 -1.82E+03 8.832E+03
 5288   3   9  2s2_2p4s      2s2_2p10p      -5.33E-06 -4.82E+02 8.592E+03
 5289   4   1  2s2_2p3d       2s2_2p2          3.56E-01  1.56E+09 1.233E+03
 5290   4   2  2s2_2p3d       2s2_2p3p       2.72E+00  1.47E+08 1.109E+04
 5291   4   3  2s2_2p3d       2s2_2p4p      -1.90E+00 -5.00E+06 5.033E+04
 5292   4   4  2s2_2p3d       2s2_2p5p      -6.09E-03 -1.46E+05 1.667E+04
 5293   4   5  2s2_2p3d       2s2_2p6p      -8.34E-04 -3.52E+04 1.257E+04
 5294   4   6  2s2_2p3d       2s2_2p7p      -2.72E-04 -1.49E+04 1.104E+04
 5295   4   7  2s2_2p3d       2s2_2p8p      -1.27E-04 -8.04E+03 1.027E+04
 5296   4   8  2s2_2p3d       2s2_2p9p      -7.20E-05 -4.99E+03 9.809E+03
 5297   4   9  2s2_2p3d       2s2_2p10p      -4.55E-05 -3.35E+03 9.514E+03
 5298   5   1  2s2_2p5s      2s2_2p2          9.72E-02  4.77E+08 1.166E+03
 5299   5   2  2s2_2p5s      2s2_2p3p       1.42E-01  1.76E+07 7.332E+03
 5300   5   3  2s2_2p5s      2s2_2p4p       1.03E+00  4.77E+06 3.794E+04
 5301   5   4  2s2_2p5s      2s2_2p5p      -3.56E+00 -4.49E+06 7.274E+04
 5302   5   5  2s2_2p5s      2s2_2p6p      -5.00E-02 -3.70E+05 3.002E+04
 5303   5   6  2s2_2p5s      2s2_2p7p      -6.78E-03 -8.89E+04 2.255E+04
 5304   5   7  2s2_2p5s      2s2_2p8p      -1.78E-03 -3.11E+04 1.954E+04
 5305   5   8  2s2_2p5s      2s2_2p9p      -6.49E-04 -1.34E+04 1.795E+04
 5306   5   9  2s2_2p5s      2s2_2p10p      -2.90E-04 -6.71E+03 1.698E+04
 5307   6   1  2s2_2p4d       2s2_2p2          1.19E-01  5.88E+08 1.162E+03
 5308   6   2  2s2_2p4d       2s2_2p3p       1.75E-01  2.28E+07 7.160E+03
 5309   6   3  2s2_2p4d       2s2_2p4p       4.42E+00  2.59E+07 3.375E+04
 5310   6   4  2s2_2p4d       2s2_2p5p      -3.62E+00 -2.65E+06 9.551E+04
 5311   6   5  2s2_2p4d       2s2_2p6p      -4.70E-02 -2.83E+05 3.330E+04
 5312   6   6  2s2_2p4d       2s2_2p7p      -9.72E-03 -1.09E+05 2.435E+04
 5313   6   7  2s2_2p4d       2s2_2p8p      -3.76E-03 -5.76E+04 2.087E+04
 5314   6   8  2s2_2p4d       2s2_2p9p      -1.91E-03 -3.50E+04 1.907E+04
 5315   6   9  2s2_2p4d       2s2_2p10p      -1.12E-03 -2.31E+04 1.798E+04
 5316   7   1  2s2_2p6s      2s2_2p2          5.13E-02  2.67E+08 1.132E+03
 5317   7   2  2s2_2p6s      2s2_2p3p       5.81E-02  1.02E+07 6.154E+03
 5318   7   3  2s2_2p6s      2s2_2p4p       1.50E-01  2.75E+06 1.906E+04
 5319   7   4  2s2_2p6s      2s2_2p5p       1.43E+00  1.46E+06 8.085E+04
 5320   7   5  2s2_2p6s      2s2_2p6p      -3.94E+00 -1.36E+06 1.391E+05
 5321   7   6  2s2_2p6s      2s2_2p7p      -6.60E-02 -1.46E+05 5.486E+04
 5322   7   7  2s2_2p6s      2s2_2p8p      -1.01E-02 -4.23E+04 3.989E+04
 5323   7   8  2s2_2p6s      2s2_2p9p      -2.93E-03 -1.71E+04 3.377E+04
 5324   7   9  2s2_2p6s      2s2_2p10p      -1.17E-03 -8.38E+03 3.051E+04
 5325   8   1  2s2_2p5d       2s2_2p2          5.57E-02  2.91E+08 1.130E+03
 5326   8   2  2s2_2p5d       2s2_2p3p       3.78E-02  6.78E+06 6.099E+03
 5327   8   3  2s2_2p5d       2s2_2p4p       3.26E-01  6.32E+06 1.855E+04
 5328   8   4  2s2_2p5d       2s2_2p5p       5.84E+00  7.44E+06 7.236E+04
 5329   8   5  2s2_2p5d       2s2_2p6p      -5.20E+00 -1.14E+06 1.742E+05
 5330   8   6  2s2_2p5d       2s2_2p7p      -8.42E-02 -1.58E+05 5.961E+04
 5331   8   7  2s2_2p5d       2s2_2p8p      -1.82E-02 -6.77E+04 4.234E+04
 5332   8   8  2s2_2p5d       2s2_2p9p      -7.18E-03 -3.80E+04 3.551E+04
 5333   8   9  2s2_2p5d       2s2_2p10p      -3.68E-03 -2.41E+04 3.193E+04
 5334   9   1  2s2_2p7s      2s2_2p2          3.02E-02  1.62E+08 1.114E+03
 5335   9   2  2s2_2p7s      2s2_2p3p       3.02E-02  6.28E+06 5.666E+03
 5336   9   3  2s2_2p7s      2s2_2p4p       5.76E-02  1.70E+06 1.504E+04
 5337   9   4  2s2_2p7s      2s2_2p5p       1.73E-01  8.03E+05 3.791E+04
 5338   9   5  2s2_2p7s      2s2_2p6p       1.82E+00  5.64E+05 1.467E+05
 5339   9   6  2s2_2p7s      2s2_2p7p      -4.32E+00 -5.13E+05 2.369E+05
 5340   9   7  2s2_2p7s      2s2_2p8p      -8.09E-02 -6.61E+04 9.038E+04
 5341   9   8  2s2_2p7s      2s2_2p9p      -1.34E-02 -2.18E+04 6.409E+04
 5342   9   9  2s2_2p7s      2s2_2p10p      -4.12E-03 -9.68E+03 5.329E+04
 5343  10   1  2s2_2p6d       2s2_2p2          3.08E-02  1.66E+08 1.113E+03
 5344  10   2  2s2_2p6d       2s2_2p3p       1.38E-02  2.89E+06 5.641E+03
 5345  10   3  2s2_2p6d       2s2_2p4p       8.66E-02  2.61E+06 1.487E+04
 5346  10   4  2s2_2p6d       2s2_2p5p       4.66E-01  2.29E+06 3.683E+04
 5347  10   5  2s2_2p6d       2s2_2p6p       7.18E+00  2.76E+06 1.317E+05
 5348  10   6  2s2_2p6d       2s2_2p7p      -6.73E+00 -5.32E+05 2.904E+05
 5349  10   7  2s2_2p6d       2s2_2p8p      -1.19E-01 -8.40E+04 9.721E+04
 5350  10   8  2s2_2p6d       2s2_2p9p      -2.61E-02 -3.83E+04 6.746E+04
 5351  10   9  2s2_2p6d       2s2_2p10p      -1.04E-02 -2.24E+04 5.560E+04
 5352  11   1  2s2_2p8s      2s2_2p2          1.92E-02  1.05E+08 1.104E+03
 5353  11   2  2s2_2p8s      2s2_2p3p       1.79E-02  4.08E+06 5.409E+03
 5354  11   3  2s2_2p8s      2s2_2p4p       2.96E-02  1.11E+06 1.336E+04
 5355  11   4  2s2_2p8s      2s2_2p5p       6.38E-02  5.14E+05 2.877E+04
 5356  11   5  2s2_2p8s      2s2_2p6p       1.99E-01  3.07E+05 6.581E+04
 5357  11   6  2s2_2p8s      2s2_2p7p       2.22E+00  2.56E+05 2.405E+05
 5358  11   7  2s2_2p8s      2s2_2p8p      -4.72E+00 -2.27E+05 3.724E+05
 5359  11   8  2s2_2p8s      2s2_2p9p      -9.57E-02 -3.33E+04 1.385E+05
 5360  11   9  2s2_2p8s      2s2_2p10p      -1.67E-02 -1.20E+04 9.629E+04
 5361  12   1  2s2_2p7d       2s2_2p2          1.88E-02  1.03E+08 1.103E+03
 5362  12   2  2s2_2p7d       2s2_2p3p       6.55E-03  1.50E+06 5.395E+03
 5363  12   3  2s2_2p7d       2s2_2p4p       3.58E-02  1.35E+06 1.328E+04
 5364  12   4  2s2_2p7d       2s2_2p5p       1.33E-01  1.10E+06 2.839E+04
 5365  12   5  2s2_2p7d       2s2_2p6p       5.99E-01  9.80E+05 6.384E+04
 5366  12   6  2s2_2p7d       2s2_2p7p       8.48E+00  1.21E+06 2.162E+05
 5367  12   7  2s2_2p7d       2s2_2p8p      -8.21E+00 -2.69E+05 4.508E+05
 5368  12   8  2s2_2p7d       2s2_2p9p      -1.51E-01 -4.60E+04 1.480E+05
 5369  12   9  2s2_2p7d       2s2_2p10p      -3.34E-02 -2.19E+04 1.008E+05
 5370  13   1  2s2_2p9s      2s2_2p2          1.29E-02  7.15E+07 1.097E+03
 5371  13   2  2s2_2p9s      2s2_2p3p       1.15E-02  2.78E+06 5.255E+03
 5372  13   3  2s2_2p9s      2s2_2p4p       1.76E-02  7.56E+05 1.246E+04
 5373  13   4  2s2_2p9s      2s2_2p5p       3.24E-02  3.49E+05 2.490E+04
 5374  13   5  2s2_2p9s      2s2_2p6p       7.14E-02  2.02E+05 4.853E+04
 5375  13   6  2s2_2p9s      2s2_2p7p       2.26E-01  1.38E+05 1.045E+05
 5376  13   7  2s2_2p9s      2s2_2p8p       2.63E+00  1.30E+05 3.671E+05
 5377  13   8  2s2_2p9s      2s2_2p9p      -5.13E+00 -1.13E+05 5.515E+05
 5378  13   9  2s2_2p9s      2s2_2p10p      -1.10E-01 -1.82E+04 2.010E+05
 5379  14   1  2s2_2p8d       2s2_2p2          1.24E-02  6.87E+07 1.097E+03
 5380  14   2  2s2_2p8d       2s2_2p3p       3.66E-03  8.87E+05 5.247E+03
 5381  14   3  2s2_2p8d       2s2_2p4p       1.86E-02  8.05E+05 1.241E+04
 5382  14   4  2s2_2p8d       2s2_2p5p       5.75E-02  6.28E+05 2.471E+04
 5383  14   5  2s2_2p8d       2s2_2p6p       1.77E-01  5.16E+05 4.783E+04
 5384  14   6  2s2_2p8d       2s2_2p7p       7.27E-01  4.73E+05 1.013E+05
 5385  14   7  2s2_2p8d       2s2_2p8p       9.77E+00  5.97E+05 3.303E+05
 5386  14   8  2s2_2p8d       2s2_2p9p      -9.68E+00 -1.47E+05 6.624E+05
 5387  14   9  2s2_2p8d       2s2_2p10p      -1.81E-01 -2.63E+04 2.141E+05
 5388  15   1  2s2_2p10s      2s2_2p2          9.12E-03  5.09E+07 1.093E+03
 5389  15   2  2s2_2p10s      2s2_2p3p       7.87E-03  1.98E+06 5.155E+03
 5390  15   3  2s2_2p10s      2s2_2p4p       1.14E-02  5.36E+05 1.191E+04
 5391  15   4  2s2_2p10s      2s2_2p5p       1.93E-02  2.48E+05 2.280E+04
 5392  15   5  2s2_2p10s      2s2_2p6p       3.60E-02  1.42E+05 4.115E+04
 5393  15   6  2s2_2p10s      2s2_2p7p       7.94E-02  9.31E+04 7.540E+04
 5394  15   7  2s2_2p10s      2s2_2p8p       2.54E-01  6.98E+04 1.558E+05
 5395  15   8  2s2_2p10s      2s2_2p9p       3.04E+00  7.17E+04 5.317E+05
 5396  15   9  2s2_2p10s      2s2_2p10p      -5.55E+00 -6.08E+04 7.804E+05
 5397  16   1  2s2_2p9d       2s2_2p2          8.56E-03  4.78E+07 1.093E+03
 5398  16   2  2s2_2p9d       2s2_2p3p       2.27E-03  5.71E+05 5.149E+03
 5399  16   3  2s2_2p9d       2s2_2p4p       1.10E-02  5.20E+05 1.188E+04
 5400  16   4  2s2_2p9d       2s2_2p5p       3.07E-02  3.98E+05 2.269E+04
 5401  16   5  2s2_2p9d       2s2_2p6p       7.85E-02  3.15E+05 4.080E+04
 5402  16   6  2s2_2p9d       2s2_2p7p       2.19E-01  2.65E+05 7.423E+04
 5403  16   7  2s2_2p9d       2s2_2p8p       8.51E-01  2.49E+05 1.509E+05
 5404  16   8  2s2_2p9d       2s2_2p9p       1.10E+01  3.20E+05 4.785E+05
 5405  16   9  2s2_2p9d       2s2_2p10p      -1.11E+01 -8.51E+04 9.325E+05
 5406  17   1  2s2_2p11s      2s2_2p2          6.67E-03  3.75E+07 1.090E+03
 5407  17   2  2s2_2p11s      2s2_2p3p       5.63E-03  1.45E+06 5.086E+03
 5408  17   3  2s2_2p11s      2s2_2p4p       7.88E-03  3.94E+05 1.155E+04
 5409  17   4  2s2_2p11s      2s2_2p5p       1.26E-02  1.82E+05 2.151E+04
 5410  17   5  2s2_2p11s      2s2_2p6p       2.13E-02  1.03E+05 3.713E+04
 5411  17   6  2s2_2p11s      2s2_2p7p       3.97E-02  6.69E+04 6.291E+04
 5412  17   7  2s2_2p11s      2s2_2p8p       8.77E-02  4.79E+04 1.105E+05
 5413  17   8  2s2_2p11s      2s2_2p9p       2.83E-01  3.85E+04 2.215E+05
 5414  17   9  2s2_2p11s      2s2_2p10p       3.45E+00  4.21E+04 7.390E+05
 5415  18   1  2s2_2p10d       2s2_2p2          6.18E-03  3.47E+07 1.089E+03
 5416  18   2  2s2_2p10d       2s2_2p3p       1.51E-03  3.90E+05 5.082E+03
 5417  18   3  2s2_2p10d       2s2_2p4p       7.11E-03  3.57E+05 1.153E+04
 5418  18   4  2s2_2p10d       2s2_2p5p       1.86E-02  2.70E+05 2.144E+04
 5419  18   5  2s2_2p10d       2s2_2p6p       4.27E-02  2.09E+05 3.692E+04
 5420  18   6  2s2_2p10d       2s2_2p7p       9.86E-02  1.69E+05 6.232E+04
 5421  18   7  2s2_2p10d       2s2_2p8p       2.60E-01  1.47E+05 1.087E+05
 5422  18   8  2s2_2p10d       2s2_2p9p       9.72E-01  1.41E+05 2.143E+05
 5423  18   9  2s2_2p10d       2s2_2p10p       1.23E+01  1.85E+05 6.652E+05
 5424   1   1  2s2p3          2s2_2p2          6.43E-01  1.76E+09 1.561E+03
 5425   1   2  2s2p3          2s2_2p3p      -1.10E-01 -4.73E+06 1.246E+04
 5426   1   3  2s2p3          2s2_2p4p      -1.95E-02 -4.71E+06 5.254E+03
 5427   1   4  2s2p3          2s2_2p5p      -1.01E-02 -3.58E+06 4.340E+03
 5428   1   5  2s2p3          2s2_2p6p      -5.98E-03 -2.49E+06 4.000E+03
 5429   1   6  2s2p3          2s2_2p7p      -3.83E-03 -1.74E+06 3.831E+03
 5430   1   7  2s2p3          2s2_2p8p      -2.59E-03 -1.24E+06 3.733E+03
 5431   1   8  2s2p3          2s2_2p9p      -1.83E-03 -9.06E+05 3.671E+03
 5432   1   9  2s2p3          2s2_2p10p      -1.33E-03 -6.74E+05 3.629E+03
 5433   2   1  2s2_2p3d       2s2_2p2          9.88E-01  4.24E+09 1.247E+03
 5434   2   2  2s2_2p3d       2s2_2p3p       6.33E+00  2.76E+08 1.236E+04
 5435   2   3  2s2_2p3d       2s2_2p4p      -2.05E+00 -1.16E+07 3.435E+04
 5436   2   4  2s2_2p3d       2s2_2p5p      -1.11E-01 -3.55E+06 1.445E+04
 5437   2   5  2s2_2p3d       2s2_2p6p      -3.48E-02 -1.83E+06 1.126E+04
 5438   2   6  2s2_2p3d       2s2_2p7p      -1.63E-02 -1.08E+06 1.002E+04
 5439   2   7  2s2_2p3d       2s2_2p8p      -9.21E-03 -6.99E+05 9.376E+03
 5440   2   8  2s2_2p3d       2s2_2p9p      -5.78E-03 -4.77E+05 8.994E+03
 5441   2   9  2s2_2p3d       2s2_2p10p      -3.90E-03 -3.40E+05 8.745E+03
 5442   3   1  2s2_2p4d       2s2_2p2          4.38E-01  2.15E+09 1.165E+03
 5443   3   2  2s2_2p4d       2s2_2p3p       7.16E-02  8.96E+06 7.300E+03
 5444   3   3  2s2_2p4d       2s2_2p4p       8.68E+00  4.21E+07 3.709E+04
 5445   3   4  2s2_2p4d       2s2_2p5p      -4.01E+00 -4.62E+06 7.610E+04
 5446   3   5  2s2_2p4d       2s2_2p6p      -2.07E-01 -1.48E+06 3.058E+04
 5447   3   6  2s2_2p4d       2s2_2p7p      -6.33E-02 -8.08E+05 2.286E+04
 5448   3   7  2s2_2p4d       2s2_2p8p      -2.95E-02 -5.03E+05 1.977E+04
 5449   3   8  2s2_2p4d       2s2_2p9p      -1.66E-02 -3.36E+05 1.814E+04
 5450   3   9  2s2_2p4d       2s2_2p10p      -1.05E-02 -2.38E+05 1.716E+04
 5451   4   1  2s2_2p5d       2s2_2p2          2.25E-01  1.17E+09 1.131E+03
 5452   4   2  2s2_2p5d       2s2_2p3p       1.64E-03  2.90E+05 6.146E+03
 5453   4   3  2s2_2p5d       2s2_2p4p       2.52E-01  4.66E+06 1.899E+04
 5454   4   4  2s2_2p5d       2s2_2p5p       1.08E+01  1.14E+07 7.956E+04
 5455   4   5  2s2_2p5d       2s2_2p6p      -5.97E+00 -1.95E+06 1.431E+05
 5456   4   6  2s2_2p5d       2s2_2p7p      -3.01E-01 -6.52E+05 5.547E+04
 5457   4   7  2s2_2p5d       2s2_2p8p      -9.05E-02 -3.73E+05 4.021E+04
 5458   4   8  2s2_2p5d       2s2_2p9p      -4.19E-02 -2.42E+05 3.400E+04
 5459   4   9  2s2_2p5d       2s2_2p10p      -2.37E-02 -1.68E+05 3.070E+04
 5460   5   1  2s2_2p6d       2s2_2p2          1.30E-01  6.99E+08 1.114E+03
 5461   5   2  2s2_2p6d       2s2_2p3p       1.01E-04  2.10E+04 5.663E+03
 5462   5   3  2s2_2p6d       2s2_2p4p       3.69E-02  1.09E+06 1.502E+04
 5463   5   4  2s2_2p6d       2s2_2p5p       4.21E-01  1.97E+06 3.780E+04
 5464   5   5  2s2_2p6d       2s2_2p6p       1.27E+01  4.03E+06 1.449E+05
 5465   5   6  2s2_2p6d       2s2_2p7p      -7.91E+00 -9.04E+05 2.416E+05
 5466   5   7  2s2_2p6d       2s2_2p8p      -3.89E-01 -3.13E+05 9.105E+04
 5467   5   8  2s2_2p6d       2s2_2p9p      -1.16E-01 -1.86E+05 6.443E+04
 5468   5   9  2s2_2p6d       2s2_2p10p      -5.34E-02 -1.24E+05 5.353E+04
 5469   6   1  2s2_2p7d       2s2_2p2          8.12E-02  4.45E+08 1.104E+03
 5470   6   2  2s2_2p7d       2s2_2p3p       5.57E-04  1.27E+05 5.408E+03
 5471   6   3  2s2_2p7d       2s2_2p4p       9.51E-03  3.56E+05 1.335E+04
 5472   6   4  2s2_2p7d       2s2_2p5p       8.24E-02  6.65E+05 2.874E+04
 5473   6   5  2s2_2p7d       2s2_2p6p       5.80E-01  8.98E+05 6.564E+04
 5474   6   6  2s2_2p7d       2s2_2p7p       1.46E+01  1.72E+06 2.382E+05
 5475   6   7  2s2_2p7d       2s2_2p8p      -9.84E+00 -4.60E+05 3.779E+05
 5476   6   8  2s2_2p7d       2s2_2p9p      -4.73E-01 -1.63E+05 1.392E+05
 5477   6   9  2s2_2p7d       2s2_2p10p      -1.39E-01 -9.92E+04 9.666E+04
 5478   7   1  2s2_2p8d       2s2_2p2          5.42E-02  3.00E+08 1.097E+03
 5479   7   2  2s2_2p8d       2s2_2p3p       7.05E-04  1.70E+05 5.254E+03
 5480   7   3  2s2_2p8d       2s2_2p4p       3.32E-03  1.43E+05 1.246E+04
 5481   7   4  2s2_2p8d       2s2_2p5p       2.74E-02  2.95E+05 2.488E+04
 5482   7   5  2s2_2p8d       2s2_2p6p       1.29E-01  3.66E+05 4.848E+04
 5483   7   6  2s2_2p8d       2s2_2p7p       7.30E-01  4.48E+05 1.043E+05
 5484   7   7  2s2_2p8d       2s2_2p8p       1.64E+01  8.24E+05 3.643E+05
 5485   7   8  2s2_2p8d       2s2_2p9p      -1.18E+01 -2.53E+05 5.580E+05
 5486   7   9  2s2_2p8d       2s2_2p10p      -5.53E-01 -9.05E+04 2.018E+05
 5487   8   1  2s2_2p9d       2s2_2p2          3.80E-02  2.12E+08 1.093E+03
 5488   8   2  2s2_2p9d       2s2_2p3p       6.79E-04  1.70E+05 5.155E+03
 5489   8   3  2s2_2p9d       2s2_2p4p       1.40E-03  6.58E+04 1.191E+04
 5490   8   4  2s2_2p9d       2s2_2p5p       1.20E-02  1.54E+05 2.279E+04
 5491   8   5  2s2_2p9d       2s2_2p6p       4.72E-02  1.86E+05 4.113E+04
 5492   8   6  2s2_2p9d       2s2_2p7p       1.74E-01  2.05E+05 7.533E+04
 5493   8   7  2s2_2p9d       2s2_2p8p       8.74E-01  2.41E+05 1.555E+05
 5494   8   8  2s2_2p9d       2s2_2p9p       1.83E+01  4.37E+05 5.282E+05
 5495   8   9  2s2_2p9d       2s2_2p10p      -1.37E+01 -1.47E+05 7.881E+05
 5496   9   1  2s2_2p10d       2s2_2p2          2.76E-02  1.55E+08 1.090E+03
 5497   9   2  2s2_2p10d       2s2_2p3p       5.96E-04  1.54E+05 5.086E+03
 5498   9   3  2s2_2p10d       2s2_2p4p       6.83E-04  3.42E+04 1.155E+04
 5499   9   4  2s2_2p10d       2s2_2p5p       6.26E-03  9.03E+04 2.151E+04
 5500   9   5  2s2_2p10d       2s2_2p6p       2.24E-02  1.08E+05 3.712E+04
 5501   9   6  2s2_2p10d       2s2_2p7p       6.72E-02  1.13E+05 6.288E+04
 5502   9   7  2s2_2p10d       2s2_2p8p       2.17E-01  1.19E+05 1.104E+05
 5503   9   8  2s2_2p10d       2s2_2p9p       1.01E+00  1.38E+05 2.211E+05
 5504   9   9  2s2_2p10d       2s2_2p10p       2.01E+01  2.48E+05 7.347E+05
 5505   1   1  2s2_2p3s      2s2_2p2          1.33E+00  3.23E+09 1.657E+03
 5506   1   2  2s2_2p3s      2s2_2p3p      -3.24E+00 -2.98E+08 8.510E+03
 5507   1   3  2s2_2p3s      2s2_2p4p      -2.54E-02 -8.77E+06 4.395E+03
 5508   1   4  2s2_2p3s      2s2_2p5p      -2.21E-03 -1.06E+06 3.736E+03
 5509   1   5  2s2_2p3s      2s2_2p6p      -3.55E-04 -1.95E+05 3.482E+03
 5510   1   6  2s2_2p3s      2s2_2p7p      -7.38E-05 -4.38E+04 3.353E+03
 5511   1   7  2s2_2p3s      2s2_2p8p      -1.69E-05 -1.05E+04 3.278E+03
 5512   1   8  2s2_2p3s      2s2_2p9p      -3.72E-06 -2.38E+03 3.230E+03
 5513   1   9  2s2_2p3s      2s2_2p10p      -6.11E-07 -3.99E+02 3.197E+03
 5514   2   1  2s2p3          2s2_2p2          5.54E-01  2.14E+09 1.314E+03
 5515   2   2  2s2p3          2s2_2p3p       5.19E-01  5.51E+06 2.507E+04
 5516   2   3  2s2p3          2s2_2p4p      -3.47E-01 -1.14E+07 1.426E+04
 5517   2   4  2s2p3          2s2_2p5p      -4.21E-02 -3.41E+06 9.071E+03
 5518   2   5  2s2p3          2s2_2p6p      -1.30E-02 -1.46E+06 7.704E+03
 5519   2   6  2s2p3          2s2_2p7p      -5.73E-03 -7.58E+05 7.100E+03
 5520   2   7  2s2p3          2s2_2p8p      -3.04E-03 -4.42E+05 6.771E+03
 5521   2   8  2s2p3          2s2_2p9p      -1.82E-03 -2.81E+05 6.569E+03
 5522   2   9  2s2p3          2s2_2p10p      -1.18E-03 -1.90E+05 6.436E+03
 5523   3   1  2s2_2p4s      2s2_2p2          1.95E-01  8.32E+08 1.250E+03
 5524   3   2  2s2_2p4s      2s2_2p3p       5.17E-01  2.15E+07 1.268E+04
 5525   3   3  2s2_2p4s      2s2_2p4p      -2.94E+00 -1.90E+07 3.211E+04
 5526   3   4  2s2_2p4s      2s2_2p5p      -2.50E-02 -8.46E+05 1.404E+04
 5527   3   5  2s2_2p4s      2s2_2p6p      -2.24E-03 -1.23E+05 1.101E+04
 5528   3   6  2s2_2p4s      2s2_2p7p      -3.80E-04 -2.63E+04 9.819E+03
 5529   3   7  2s2_2p4s      2s2_2p8p      -8.47E-05 -6.67E+03 9.201E+03
 5530   3   8  2s2_2p4s      2s2_2p9p      -2.13E-05 -1.82E+03 8.832E+03
 5531   3   9  2s2_2p4s      2s2_2p10p      -5.33E-06 -4.82E+02 8.592E+03
 5532   4   1  2s2_2p3d       2s2_2p2          3.56E-01  1.56E+09 1.233E+03
 5533   4   2  2s2_2p3d       2s2_2p3p       2.72E+00  1.47E+08 1.109E+04
 5534   4   3  2s2_2p3d       2s2_2p4p      -1.90E+00 -5.00E+06 5.033E+04
 5535   4   4  2s2_2p3d       2s2_2p5p      -6.09E-03 -1.46E+05 1.667E+04
 5536   4   5  2s2_2p3d       2s2_2p6p      -8.34E-04 -3.52E+04 1.257E+04
 5537   4   6  2s2_2p3d       2s2_2p7p      -2.72E-04 -1.49E+04 1.104E+04
 5538   4   7  2s2_2p3d       2s2_2p8p      -1.27E-04 -8.04E+03 1.027E+04
 5539   4   8  2s2_2p3d       2s2_2p9p      -7.20E-05 -4.99E+03 9.809E+03
 5540   4   9  2s2_2p3d       2s2_2p10p      -4.55E-05 -3.35E+03 9.514E+03
 5541   5   1  2s2_2p5s      2s2_2p2          9.72E-02  4.77E+08 1.166E+03
 5542   5   2  2s2_2p5s      2s2_2p3p       1.42E-01  1.76E+07 7.332E+03
 5543   5   3  2s2_2p5s      2s2_2p4p       1.03E+00  4.77E+06 3.794E+04
 5544   5   4  2s2_2p5s      2s2_2p5p      -3.56E+00 -4.49E+06 7.274E+04
 5545   5   5  2s2_2p5s      2s2_2p6p      -5.00E-02 -3.70E+05 3.002E+04
 5546   5   6  2s2_2p5s      2s2_2p7p      -6.78E-03 -8.89E+04 2.255E+04
 5547   5   7  2s2_2p5s      2s2_2p8p      -1.78E-03 -3.11E+04 1.954E+04
 5548   5   8  2s2_2p5s      2s2_2p9p      -6.49E-04 -1.34E+04 1.795E+04
 5549   5   9  2s2_2p5s      2s2_2p10p      -2.90E-04 -6.71E+03 1.698E+04
 5550   6   1  2s2_2p4d       2s2_2p2          1.19E-01  5.88E+08 1.162E+03
 5551   6   2  2s2_2p4d       2s2_2p3p       1.75E-01  2.28E+07 7.160E+03
 5552   6   3  2s2_2p4d       2s2_2p4p       4.42E+00  2.59E+07 3.375E+04
 5553   6   4  2s2_2p4d       2s2_2p5p      -3.62E+00 -2.65E+06 9.551E+04
 5554   6   5  2s2_2p4d       2s2_2p6p      -4.70E-02 -2.83E+05 3.330E+04
 5555   6   6  2s2_2p4d       2s2_2p7p      -9.72E-03 -1.09E+05 2.435E+04
 5556   6   7  2s2_2p4d       2s2_2p8p      -3.76E-03 -5.76E+04 2.087E+04
 5557   6   8  2s2_2p4d       2s2_2p9p      -1.91E-03 -3.50E+04 1.907E+04
 5558   6   9  2s2_2p4d       2s2_2p10p      -1.12E-03 -2.31E+04 1.798E+04
 5559   7   1  2s2_2p6s      2s2_2p2          5.13E-02  2.67E+08 1.132E+03
 5560   7   2  2s2_2p6s      2s2_2p3p       5.81E-02  1.02E+07 6.154E+03
 5561   7   3  2s2_2p6s      2s2_2p4p       1.50E-01  2.75E+06 1.906E+04
 5562   7   4  2s2_2p6s      2s2_2p5p       1.43E+00  1.46E+06 8.085E+04
 5563   7   5  2s2_2p6s      2s2_2p6p      -3.94E+00 -1.36E+06 1.391E+05
 5564   7   6  2s2_2p6s      2s2_2p7p      -6.60E-02 -1.46E+05 5.486E+04
 5565   7   7  2s2_2p6s      2s2_2p8p      -1.01E-02 -4.23E+04 3.989E+04
 5566   7   8  2s2_2p6s      2s2_2p9p      -2.93E-03 -1.71E+04 3.377E+04
 5567   7   9  2s2_2p6s      2s2_2p10p      -1.17E-03 -8.38E+03 3.051E+04
 5568   8   1  2s2_2p5d       2s2_2p2          5.57E-02  2.91E+08 1.130E+03
 5569   8   2  2s2_2p5d       2s2_2p3p       3.78E-02  6.78E+06 6.099E+03
 5570   8   3  2s2_2p5d       2s2_2p4p       3.26E-01  6.32E+06 1.855E+04
 5571   8   4  2s2_2p5d       2s2_2p5p       5.84E+00  7.44E+06 7.236E+04
 5572   8   5  2s2_2p5d       2s2_2p6p      -5.20E+00 -1.14E+06 1.742E+05
 5573   8   6  2s2_2p5d       2s2_2p7p      -8.42E-02 -1.58E+05 5.961E+04
 5574   8   7  2s2_2p5d       2s2_2p8p      -1.82E-02 -6.77E+04 4.234E+04
 5575   8   8  2s2_2p5d       2s2_2p9p      -7.18E-03 -3.80E+04 3.551E+04
 5576   8   9  2s2_2p5d       2s2_2p10p      -3.68E-03 -2.41E+04 3.193E+04
 5577   9   1  2s2_2p7s      2s2_2p2          3.02E-02  1.62E+08 1.114E+03
 5578   9   2  2s2_2p7s      2s2_2p3p       3.02E-02  6.28E+06 5.666E+03
 5579   9   3  2s2_2p7s      2s2_2p4p       5.76E-02  1.70E+06 1.504E+04
 5580   9   4  2s2_2p7s      2s2_2p5p       1.73E-01  8.03E+05 3.791E+04
 5581   9   5  2s2_2p7s      2s2_2p6p       1.82E+00  5.64E+05 1.467E+05
 5582   9   6  2s2_2p7s      2s2_2p7p      -4.32E+00 -5.13E+05 2.369E+05
 5583   9   7  2s2_2p7s      2s2_2p8p      -8.09E-02 -6.61E+04 9.038E+04
 5584   9   8  2s2_2p7s      2s2_2p9p      -1.34E-02 -2.18E+04 6.409E+04
 5585   9   9  2s2_2p7s      2s2_2p10p      -4.12E-03 -9.68E+03 5.329E+04
 5586  10   1  2s2_2p6d       2s2_2p2          3.08E-02  1.66E+08 1.113E+03
 5587  10   2  2s2_2p6d       2s2_2p3p       1.38E-02  2.89E+06 5.641E+03
 5588  10   3  2s2_2p6d       2s2_2p4p       8.66E-02  2.61E+06 1.487E+04
 5589  10   4  2s2_2p6d       2s2_2p5p       4.66E-01  2.29E+06 3.683E+04
 5590  10   5  2s2_2p6d       2s2_2p6p       7.18E+00  2.76E+06 1.317E+05
 5591  10   6  2s2_2p6d       2s2_2p7p      -6.73E+00 -5.32E+05 2.904E+05
 5592  10   7  2s2_2p6d       2s2_2p8p      -1.19E-01 -8.40E+04 9.721E+04
 5593  10   8  2s2_2p6d       2s2_2p9p      -2.61E-02 -3.83E+04 6.746E+04
 5594  10   9  2s2_2p6d       2s2_2p10p      -1.04E-02 -2.24E+04 5.560E+04
 5595  11   1  2s2_2p8s      2s2_2p2          1.92E-02  1.05E+08 1.104E+03
 5596  11   2  2s2_2p8s      2s2_2p3p       1.79E-02  4.08E+06 5.409E+03
 5597  11   3  2s2_2p8s      2s2_2p4p       2.96E-02  1.11E+06 1.336E+04
 5598  11   4  2s2_2p8s      2s2_2p5p       6.38E-02  5.14E+05 2.877E+04
 5599  11   5  2s2_2p8s      2s2_2p6p       1.99E-01  3.07E+05 6.581E+04
 5600  11   6  2s2_2p8s      2s2_2p7p       2.22E+00  2.56E+05 2.405E+05
 5601  11   7  2s2_2p8s      2s2_2p8p      -4.72E+00 -2.27E+05 3.724E+05
 5602  11   8  2s2_2p8s      2s2_2p9p      -9.57E-02 -3.33E+04 1.385E+05
 5603  11   9  2s2_2p8s      2s2_2p10p      -1.67E-02 -1.20E+04 9.629E+04
 5604  12   1  2s2_2p7d       2s2_2p2          1.88E-02  1.03E+08 1.103E+03
 5605  12   2  2s2_2p7d       2s2_2p3p       6.55E-03  1.50E+06 5.395E+03
 5606  12   3  2s2_2p7d       2s2_2p4p       3.58E-02  1.35E+06 1.328E+04
 5607  12   4  2s2_2p7d       2s2_2p5p       1.33E-01  1.10E+06 2.839E+04
 5608  12   5  2s2_2p7d       2s2_2p6p       5.99E-01  9.80E+05 6.384E+04
 5609  12   6  2s2_2p7d       2s2_2p7p       8.48E+00  1.21E+06 2.162E+05
 5610  12   7  2s2_2p7d       2s2_2p8p      -8.21E+00 -2.69E+05 4.508E+05
 5611  12   8  2s2_2p7d       2s2_2p9p      -1.51E-01 -4.60E+04 1.480E+05
 5612  12   9  2s2_2p7d       2s2_2p10p      -3.34E-02 -2.19E+04 1.008E+05
 5613  13   1  2s2_2p9s      2s2_2p2          1.29E-02  7.15E+07 1.097E+03
 5614  13   2  2s2_2p9s      2s2_2p3p       1.15E-02  2.78E+06 5.255E+03
 5615  13   3  2s2_2p9s      2s2_2p4p       1.76E-02  7.56E+05 1.246E+04
 5616  13   4  2s2_2p9s      2s2_2p5p       3.24E-02  3.49E+05 2.490E+04
 5617  13   5  2s2_2p9s      2s2_2p6p       7.14E-02  2.02E+05 4.853E+04
 5618  13   6  2s2_2p9s      2s2_2p7p       2.26E-01  1.38E+05 1.045E+05
 5619  13   7  2s2_2p9s      2s2_2p8p       2.63E+00  1.30E+05 3.671E+05
 5620  13   8  2s2_2p9s      2s2_2p9p      -5.13E+00 -1.13E+05 5.515E+05
 5621  13   9  2s2_2p9s      2s2_2p10p      -1.10E-01 -1.82E+04 2.010E+05
 5622  14   1  2s2_2p8d       2s2_2p2          1.24E-02  6.87E+07 1.097E+03
 5623  14   2  2s2_2p8d       2s2_2p3p       3.66E-03  8.87E+05 5.247E+03
 5624  14   3  2s2_2p8d       2s2_2p4p       1.86E-02  8.05E+05 1.241E+04
 5625  14   4  2s2_2p8d       2s2_2p5p       5.75E-02  6.28E+05 2.471E+04
 5626  14   5  2s2_2p8d       2s2_2p6p       1.77E-01  5.16E+05 4.783E+04
 5627  14   6  2s2_2p8d       2s2_2p7p       7.27E-01  4.73E+05 1.013E+05
 5628  14   7  2s2_2p8d       2s2_2p8p       9.77E+00  5.97E+05 3.303E+05
 5629  14   8  2s2_2p8d       2s2_2p9p      -9.68E+00 -1.47E+05 6.624E+05
 5630  14   9  2s2_2p8d       2s2_2p10p      -1.81E-01 -2.63E+04 2.141E+05
 5631  15   1  2s2_2p10s      2s2_2p2          9.12E-03  5.09E+07 1.093E+03
 5632  15   2  2s2_2p10s      2s2_2p3p       7.87E-03  1.98E+06 5.155E+03
 5633  15   3  2s2_2p10s      2s2_2p4p       1.14E-02  5.36E+05 1.191E+04
 5634  15   4  2s2_2p10s      2s2_2p5p       1.93E-02  2.48E+05 2.280E+04
 5635  15   5  2s2_2p10s      2s2_2p6p       3.60E-02  1.42E+05 4.115E+04
 5636  15   6  2s2_2p10s      2s2_2p7p       7.94E-02  9.31E+04 7.540E+04
 5637  15   7  2s2_2p10s      2s2_2p8p       2.54E-01  6.98E+04 1.558E+05
 5638  15   8  2s2_2p10s      2s2_2p9p       3.04E+00  7.17E+04 5.317E+05
 5639  15   9  2s2_2p10s      2s2_2p10p      -5.55E+00 -6.08E+04 7.804E+05
 5640  16   1  2s2_2p9d       2s2_2p2          8.56E-03  4.78E+07 1.093E+03
 5641  16   2  2s2_2p9d       2s2_2p3p       2.27E-03  5.71E+05 5.149E+03
 5642  16   3  2s2_2p9d       2s2_2p4p       1.10E-02  5.20E+05 1.188E+04
 5643  16   4  2s2_2p9d       2s2_2p5p       3.07E-02  3.98E+05 2.269E+04
 5644  16   5  2s2_2p9d       2s2_2p6p       7.85E-02  3.15E+05 4.080E+04
 5645  16   6  2s2_2p9d       2s2_2p7p       2.19E-01  2.65E+05 7.423E+04
 5646  16   7  2s2_2p9d       2s2_2p8p       8.51E-01  2.49E+05 1.509E+05
 5647  16   8  2s2_2p9d       2s2_2p9p       1.10E+01  3.20E+05 4.785E+05
 5648  16   9  2s2_2p9d       2s2_2p10p      -1.11E+01 -8.51E+04 9.325E+05
 5649  17   1  2s2_2p11s      2s2_2p2          6.67E-03  3.75E+07 1.090E+03
 5650  17   2  2s2_2p11s      2s2_2p3p       5.63E-03  1.45E+06 5.086E+03
 5651  17   3  2s2_2p11s      2s2_2p4p       7.88E-03  3.94E+05 1.155E+04
 5652  17   4  2s2_2p11s      2s2_2p5p       1.26E-02  1.82E+05 2.151E+04
 5653  17   5  2s2_2p11s      2s2_2p6p       2.13E-02  1.03E+05 3.713E+04
 5654  17   6  2s2_2p11s      2s2_2p7p       3.97E-02  6.69E+04 6.291E+04
 5655  17   7  2s2_2p11s      2s2_2p8p       8.77E-02  4.79E+04 1.105E+05
 5656  17   8  2s2_2p11s      2s2_2p9p       2.83E-01  3.85E+04 2.215E+05
 5657  17   9  2s2_2p11s      2s2_2p10p       3.45E+00  4.21E+04 7.390E+05
 5658  18   1  2s2_2p10d       2s2_2p2          6.18E-03  3.47E+07 1.089E+03
 5659  18   2  2s2_2p10d       2s2_2p3p       1.51E-03  3.90E+05 5.082E+03
 5660  18   3  2s2_2p10d       2s2_2p4p       7.11E-03  3.57E+05 1.153E+04
 5661  18   4  2s2_2p10d       2s2_2p5p       1.86E-02  2.70E+05 2.144E+04
 5662  18   5  2s2_2p10d       2s2_2p6p       4.27E-02  2.09E+05 3.692E+04
 5663  18   6  2s2_2p10d       2s2_2p7p       9.86E-02  1.69E+05 6.232E+04
 5664  18   7  2s2_2p10d       2s2_2p8p       2.60E-01  1.47E+05 1.087E+05
 5665  18   8  2s2_2p10d       2s2_2p9p       9.72E-01  1.41E+05 2.143E+05
 5666  18   9  2s2_2p10d       2s2_2p10p       1.23E+01  1.85E+05 6.652E+05
 5667   1   1  2s2_2p3p      2s2_2p3s       4.47E+00  2.83E+08 1.027E+04
 5668   1   2  2s2_2p3p      2s2p3          -1.86E-01 -4.47E+06 1.666E+04
 5669   1   3  2s2_2p3p      2s2_2p4s      -2.24E+00 -1.47E+08 1.010E+04
 5670   1   4  2s2_2p3p      2s2_2p3d       -5.21E-05 -4.23E+03 9.066E+03
 5671   1   5  2s2_2p3p      2s2_2p5s      -3.24E-01 -5.29E+07 6.389E+03
 5672   1   6  2s2_2p3p      2s2_2p4d       -6.68E-03 -1.14E+06 6.258E+03
 5673   1   7  2s2_2p3p      2s2_2p6s      -1.14E-01 -2.54E+07 5.475E+03
 5674   1   8  2s2_2p3p      2s2_2p5d       -5.38E-03 -1.22E+06 5.432E+03
 5675   1   9  2s2_2p3p      2s2_2p7s      -5.50E-02 -1.42E+07 5.085E+03
 5676   1  10  2s2_2p3p      2s2_2p6d       -3.67E-03 -9.54E+05 5.065E+03
 5677   1  11  2s2_2p3p      2s2_2p8s      -3.12E-02 -8.75E+06 4.877E+03
 5678   1  12  2s2_2p3p      2s2_2p7d       -2.51E-03 -7.07E+05 4.866E+03
 5679   1  13  2s2_2p3p      2s2_2p9s      -1.95E-02 -5.76E+06 4.752E+03
 5680   1  14  2s2_2p3p      2s2_2p8d       -1.77E-03 -5.24E+05 4.745E+03
 5681   1  15  2s2_2p3p      2s2_2p10s      -1.31E-02 -4.01E+06 4.670E+03
 5682   1  16  2s2_2p3p      2s2_2p9d       -1.28E-03 -3.92E+05 4.665E+03
 5683   1  17  2s2_2p3p      2s2_2p11s      -9.25E-03 -2.90E+06 4.613E+03
 5684   1  18  2s2_2p3p      2s2_2p10d       -9.56E-04 -3.00E+05 4.610E+03
 5685   2   1  2s2_2p4p      2s2_2p3s       4.72E-03  1.56E+06 4.495E+03
 5686   2   2  2s2_2p4p      2s2p3           4.11E-01  1.16E+07 1.536E+04
 5687   2   3  2s2_2p4p      2s2_2p4s       6.26E+00  2.84E+07 3.832E+04
 5688   2   4  2s2_2p4p      2s2_2p3d        2.48E-01  3.63E+05 6.747E+04
 5689   2   5  2s2_2p4p      2s2_2p5s      -4.06E+00 -2.67E+07 3.185E+04
 5690   2   6  2s2_2p4p      2s2_2p4d       -4.21E-02 -3.38E+05 2.883E+04
 5691   2   7  2s2_2p4p      2s2_2p6s      -4.65E-01 -1.03E+07 1.739E+04
 5692   2   8  2s2_2p4p      2s2_2p5d       -1.69E-02 -3.92E+05 1.696E+04
 5693   2   9  2s2_2p4p      2s2_2p7s      -1.58E-01 -5.39E+06 1.398E+04
 5694   2  10  2s2_2p4p      2s2_2p6d       -8.82E-03 -3.08E+05 1.383E+04
 5695   2  11  2s2_2p4p      2s2_2p8s      -7.56E-02 -3.22E+06 1.251E+04
 5696   2  12  2s2_2p4p      2s2_2p7d       -5.26E-03 -2.27E+05 1.244E+04
 5697   2  13  2s2_2p4p      2s2_2p9s      -4.31E-02 -2.09E+06 1.172E+04
 5698   2  14  2s2_2p4p      2s2_2p8d       -3.41E-03 -1.67E+05 1.168E+04
 5699   2  15  2s2_2p4p      2s2_2p10s      -2.72E-02 -1.44E+06 1.123E+04
 5700   2  16  2s2_2p4p      2s2_2p9d       -2.35E-03 -1.25E+05 1.121E+04
 5701   2  17  2s2_2p4p      2s2_2p11s      -1.84E-02 -1.03E+06 1.091E+04
 5702   2  18  2s2_2p4p      2s2_2p10d       -1.69E-03 -9.50E+04 1.089E+04
 5703   3   1  2s2_2p4f       2s2_2p3s       3.34E-05  1.47E+04 3.894E+03
 5704   3   2  2s2_2p4f       2s2p3           4.31E-01  2.84E+07 1.006E+04
 5705   3   3  2s2_2p4f       2s2_2p4s       9.99E-01  2.43E+07 1.655E+04
 5706   3   4  2s2_2p4f       2s2_2p3d        7.70E+00  1.24E+08 2.034E+04
 5707   3   5  2s2_2p4f       2s2_2p5s       1.60E-01  9.19E+03 3.409E+05
 5708   3   6  2s2_2p4f       2s2_2p4d       -1.21E-01 -9.58E+01 2.902E+06
 5709   3   7  2s2_2p4f       2s2_2p6s      -4.00E-02 -1.43E+05 4.314E+04
 5710   3   8  2s2_2p4f       2s2_2p5d       -9.54E-02 -3.86E+05 4.059E+04
 5711   3   9  2s2_2p4f       2s2_2p7s      -7.14E-03 -6.59E+04 2.689E+04
 5712   3  10  2s2_2p4f       2s2_2p6d       -1.77E-02 -1.70E+05 2.634E+04
 5713   3  11  2s2_2p4f       2s2_2p8s      -2.65E-03 -3.67E+04 2.194E+04
 5714   3  12  2s2_2p4f       2s2_2p7d       -6.41E-03 -9.06E+04 2.172E+04
 5715   3  13  2s2_2p4f       2s2_2p9s      -1.32E-03 -2.29E+04 1.962E+04
 5716   3  14  2s2_2p4f       2s2_2p8d       -3.11E-03 -5.46E+04 1.950E+04
 5717   3  15  2s2_2p4f       2s2_2p10s      -7.69E-04 -1.53E+04 1.829E+04
 5718   3  16  2s2_2p4f       2s2_2p9d       -1.77E-03 -3.56E+04 1.822E+04
 5719   3  17  2s2_2p4f       2s2_2p11s      -4.94E-04 -1.08E+04 1.745E+04
 5720   3  18  2s2_2p4f       2s2_2p10d       -1.12E-03 -2.47E+04 1.740E+04
 5721   4   1  2s2_2p5p      2s2_2p3s       7.84E-03  3.69E+06 3.766E+03
 5722   4   2  2s2_2p5p      2s2p3           4.22E-02  3.29E+06 9.249E+03
 5723   4   3  2s2_2p5p      2s2_2p4s       2.63E-03  8.38E+04 1.447E+04
 5724   4   4  2s2_2p5p      2s2_2p3d        3.60E-02  8.04E+05 1.729E+04
 5725   4   5  2s2_2p5p      2s2_2p5s       8.61E+00  7.76E+06 8.601E+04
 5726   4   6  2s2_2p5p      2s2_2p4d        4.60E-01  2.14E+05 1.198E+05
 5727   4   7  2s2_2p5p      2s2_2p6s      -5.82E+00 -8.15E+06 6.901E+04
 5728   4   8  2s2_2p5p      2s2_2p5d       -1.30E-01 -2.20E+05 6.273E+04
 5729   4   9  2s2_2p5p      2s2_2p7s      -6.32E-01 -3.42E+06 3.509E+04
 5730   4  10  2s2_2p5p      2s2_2p6d       -2.93E-02 -1.67E+05 3.416E+04
 5731   4  11  2s2_2p5p      2s2_2p8s      -2.12E-01 -1.92E+06 2.712E+04
 5732   4  12  2s2_2p5p      2s2_2p7d       -1.31E-02 -1.22E+05 2.678E+04
 5733   4  13  2s2_2p5p      2s2_2p9s      -1.02E-01 -1.22E+06 2.365E+04
 5734   4  14  2s2_2p5p      2s2_2p8d       -7.34E-03 -8.88E+04 2.348E+04
 5735   4  15  2s2_2p5p      2s2_2p10s      -5.83E-02 -8.22E+05 2.175E+04
 5736   4  16  2s2_2p5p      2s2_2p9d       -4.63E-03 -6.59E+04 2.165E+04
 5737   4  17  2s2_2p5p      2s2_2p11s      -3.71E-02 -5.85E+05 2.057E+04
 5738   4  18  2s2_2p5p      2s2_2p10d       -3.15E-03 -5.00E+04 2.051E+04
 5739   5   1  2s2_2p5f       2s2_2p3s       1.32E-05  6.97E+03 3.553E+03
 5740   5   2  2s2_2p5f       2s2p3           1.60E-01  1.64E+07 8.061E+03
 5741   5   3  2s2_2p5f       2s2_2p4s       2.02E-01  9.75E+06 1.176E+04
 5742   5   4  2s2_2p5f       2s2_2p3d        9.92E-01  3.60E+07 1.355E+04
 5743   5   5  2s2_2p5f       2s2_2p5s       7.31E-01  3.70E+06 3.629E+04
 5744   5   6  2s2_2p5f       2s2_2p4d        7.14E+00  2.81E+07 4.120E+04
 5745   5   7  2s2_2p5f       2s2_2p6s       2.95E-01  4.05E+03 6.966E+05
 5746   5   8  2s2_2p5f       2s2_2p5d       -1.98E-02 -3.16E-02 6.463E+07
 5747   5   9  2s2_2p5f       2s2_2p7s      -9.50E-02 -1.00E+05 7.954E+04
 5748   5  10  2s2_2p5f       2s2_2p6d       -2.61E-01 -3.10E+05 7.491E+04
 5749   5  11  2s2_2p5f       2s2_2p8s      -1.73E-02 -5.06E+04 4.773E+04
 5750   5  12  2s2_2p5f       2s2_2p7d       -5.04E-02 -1.54E+05 4.669E+04
 5751   5  13  2s2_2p5f       2s2_2p9s      -6.43E-03 -2.98E+04 3.794E+04
 5752   5  14  2s2_2p5f       2s2_2p8d       -1.87E-02 -8.87E+04 3.750E+04
 5753   5  15  2s2_2p5f       2s2_2p10s      -3.21E-03 -1.93E+04 3.327E+04
 5754   5  16  2s2_2p5f       2s2_2p9d       -9.19E-03 -5.61E+04 3.304E+04
 5755   5  17  2s2_2p5f       2s2_2p11s      -1.87E-03 -1.33E+04 3.059E+04
 5756   5  18  2s2_2p5f       2s2_2p10d       -5.30E-03 -3.81E+04 3.045E+04
 5757   6   1  2s2_2p6p      2s2_2p3s       5.42E-03  2.96E+06 3.495E+03
 5758   6   2  2s2_2p6p      2s2p3           1.37E-02  1.51E+06 7.770E+03
 5759   6   3  2s2_2p6p      2s2_2p4s       8.66E-04  4.65E+04 1.115E+04
 5760   6   4  2s2_2p6p      2s2_2p3d        1.39E-02  5.70E+05 1.275E+04
 5761   6   5  2s2_2p6p      2s2_2p5s       2.75E-02  1.90E+05 3.105E+04
 5762   6   6  2s2_2p6p      2s2_2p4d        1.24E-02  6.92E+04 3.456E+04
 5763   6   7  2s2_2p6p      2s2_2p6s       1.06E+01  2.63E+06 1.641E+05
 5764   6   8  2s2_2p6p      2s2_2p5d        6.48E-01  9.32E+04 2.154E+05
 5765   6   9  2s2_2p6p      2s2_2p7s      -7.55E+00 -3.15E+06 1.264E+05
 5766   6  10  2s2_2p6p      2s2_2p6d       -2.35E-01 -1.18E+05 1.151E+05
 5767   6  11  2s2_2p6p      2s2_2p8s      -7.98E-01 -1.41E+06 6.138E+04
 5768   6  12  2s2_2p6p      2s2_2p7d       -4.26E-02 -7.98E+04 5.967E+04
 5769   6  13  2s2_2p6p      2s2_2p9s      -2.67E-01 -8.39E+05 4.608E+04
 5770   6  14  2s2_2p6p      2s2_2p8d       -1.76E-02 -5.68E+04 4.544E+04
 5771   6  15  2s2_2p6p      2s2_2p10s      -1.28E-01 -5.51E+05 3.938E+04
 5772   6  16  2s2_2p6p      2s2_2p9d       -9.52E-03 -4.16E+04 3.906E+04
 5773   6  17  2s2_2p6p      2s2_2p11s      -7.36E-02 -3.86E+05 3.568E+04
 5774   6  18  2s2_2p6p      2s2_2p10d       -5.91E-03 -3.13E+04 3.549E+04
 5775   7   1  2s2_2p6f       2s2_2p3s       6.00E-06  3.48E+03 3.392E+03
 5776   7   2  2s2_2p6f       2s2p3           7.91E-02  9.96E+06 7.277E+03
 5777   7   3  2s2_2p6f       2s2_2p4s       7.79E-02  5.03E+06 1.016E+04
 5778   7   4  2s2_2p6f       2s2_2p3d        3.16E-01  1.60E+07 1.147E+04
 5779   7   5  2s2_2p6f       2s2_2p5s       1.89E-01  2.11E+06 2.443E+04
 5780   7   6  2s2_2p6f       2s2_2p4d        1.45E+00  1.37E+07 2.656E+04
 5781   7   7  2s2_2p6f       2s2_2p6s       7.14E-01  1.05E+06 6.750E+04
 5782   7   8  2s2_2p6f       2s2_2p5d        6.57E+00  7.83E+06 7.483E+04
 5783   7   9  2s2_2p6f       2s2_2p7s       4.23E-01  1.84E+03 1.238E+06
 5784   7  10  2s2_2p6f       2s2_2p6d        9.43E-02  5.90E-01 3.266E+07
 5785   7  11  2s2_2p6f       2s2_2p8s      -1.63E-01 -6.23E+04 1.321E+05
 5786   7  12  2s2_2p6f       2s2_2p7d       -4.71E-01 -2.03E+05 1.244E+05
 5787   7  13  2s2_2p6f       2s2_2p9s      -3.02E-02 -3.39E+04 7.704E+04
 5788   7  14  2s2_2p6f       2s2_2p8d       -9.37E-02 -1.10E+05 7.528E+04
 5789   7  15  2s2_2p6f       2s2_2p10s      -1.13E-02 -2.10E+04 5.997E+04
 5790   7  16  2s2_2p6f       2s2_2p9d       -3.53E-02 -6.71E+04 5.923E+04
 5791   7  17  2s2_2p6f       2s2_2p11s      -5.68E-03 -1.41E+04 5.179E+04
 5792   7  18  2s2_2p6f       2s2_2p10d       -1.76E-02 -4.45E+04 5.139E+04
 5793   8   1  2s2_2p7p      2s2_2p3s       3.59E-03  2.12E+06 3.360E+03
 5794   8   2  2s2_2p7p      2s2p3           6.43E-03  8.43E+05 7.133E+03
 5795   8   3  2s2_2p7p      2s2_2p4s       1.34E-03  9.15E+04 9.881E+03
 5796   8   4  2s2_2p7p      2s2_2p3d        6.93E-03  3.74E+05 1.112E+04
 5797   8   5  2s2_2p7p      2s2_2p5s       7.68E-04  9.78E+03 2.288E+04
 5798   8   6  2s2_2p7p      2s2_2p4d        6.85E-03  7.47E+04 2.474E+04
 5799   8   7  2s2_2p7p      2s2_2p6s       5.67E-02  1.17E+05 5.686E+04
 5800   8   8  2s2_2p7p      2s2_2p5d        6.74E-03  1.17E+04 6.197E+04
 5801   8   9  2s2_2p7p      2s2_2p7s       1.26E+01  1.08E+06 2.793E+05
 5802   8  10  2s2_2p7p      2s2_2p6d        8.29E-01  4.35E+04 3.567E+05
 5803   8  11  2s2_2p7p      2s2_2p8s      -9.26E+00 -1.42E+06 2.084E+05
 5804   8  12  2s2_2p7p      2s2_2p7d       -3.51E-01 -6.49E+04 1.899E+05
 5805   8  13  2s2_2p7p      2s2_2p9s      -9.62E-01 -6.69E+05 9.796E+04
 5806   8  14  2s2_2p7p      2s2_2p8d       -5.65E-02 -4.16E+04 9.513E+04
 5807   8  15  2s2_2p7p      2s2_2p10s      -3.21E-01 -4.14E+05 7.193E+04
 5808   8  16  2s2_2p7p      2s2_2p9d       -2.23E-02 -2.96E+04 7.087E+04
 5809   8  17  2s2_2p7p      2s2_2p11s      -1.54E-01 -2.81E+05 6.047E+04
 5810   8  18  2s2_2p7p      2s2_2p10d       -1.18E-02 -2.19E+04 5.993E+04
 5811   9   1  2s2_2p7f       2s2_2p3s       3.16E-06  1.93E+03 3.301E+03
 5812   9   2  2s2_2p7f       2s2p3           4.54E-02  6.41E+06 6.873E+03
 5813   9   3  2s2_2p7f       2s2_2p4s       3.94E-02  2.98E+06 9.389E+03
 5814   9   4  2s2_2p7f       2s2_2p3d        1.43E-01  8.65E+06 1.050E+04
 5815   9   5  2s2_2p7f       2s2_2p5s       8.00E-02  1.28E+06 2.041E+04
 5816   9   6  2s2_2p7f       2s2_2p4d        5.57E-01  7.77E+06 2.187E+04
 5817   9   7  2s2_2p7f       2s2_2p6s       2.02E-01  7.06E+05 4.369E+04
 5818   9   8  2s2_2p7f       2s2_2p5d        1.53E+00  4.69E+06 4.665E+04
 5819   9   9  2s2_2p7f       2s2_2p7s       7.17E-01  3.77E+05 1.126E+05
 5820   9  10  2s2_2p7f       2s2_2p6d        6.33E+00  2.77E+06 1.234E+05
 5821   9  11  2s2_2p7f       2s2_2p8s       5.45E-01  9.10E+02 1.999E+06
 5822   9  12  2s2_2p7f       2s2_2p7d        2.03E-01  1.47E+00 3.038E+07
 5823   9  13  2s2_2p7f       2s2_2p9s      -2.40E-01 -3.86E+04 2.037E+05
 5824   9  14  2s2_2p7f       2s2_2p8d       -7.10E-01 -1.29E+05 1.918E+05
 5825   9  15  2s2_2p7f       2s2_2p10s      -4.52E-02 -2.23E+04 1.162E+05
 5826   9  16  2s2_2p7f       2s2_2p9d       -1.45E-01 -7.51E+04 1.135E+05
 5827   9  17  2s2_2p7f       2s2_2p11s      -1.71E-02 -1.44E+04 8.899E+04
 5828   9  18  2s2_2p7f       2s2_2p10d       -5.52E-02 -4.77E+04 8.781E+04
 5829  10   1  2s2_2p8p      2s2_2p3s       2.44E-03  1.51E+06 3.282E+03
 5830  10   2  2s2_2p8p      2s2p3           3.60E-03  5.21E+05 6.790E+03
 5831  10   3  2s2_2p8p      2s2_2p4s       1.16E-03  9.07E+04 9.235E+03
 5832  10   4  2s2_2p8p      2s2_2p3d        4.00E-03  2.51E+05 1.031E+04
 5833  10   5  2s2_2p8p      2s2_2p5s       4.25E-07  7.31E+00 1.969E+04
 5834  10   6  2s2_2p8p      2s2_2p4d        3.88E-03  5.84E+04 2.105E+04
 5835  10   7  2s2_2p8p      2s2_2p6s       4.10E-03  1.66E+04 4.054E+04
 5836  10   8  2s2_2p8p      2s2_2p5d        4.96E-03  1.78E+04 4.308E+04
 5837  10   9  2s2_2p8p      2s2_2p7s       8.70E-02  6.59E+04 9.382E+04
 5838  10  10  2s2_2p8p      2s2_2p6d        3.99E-03  2.60E+03 1.012E+05
 5839  10  11  2s2_2p8p      2s2_2p8s       1.45E+01  5.02E+05 4.388E+05
 5840  10  12  2s2_2p8p      2s2_2p7d        1.00E+00  2.19E+04 5.519E+05
 5841  10  13  2s2_2p8p      2s2_2p9s      -1.09E+01 -7.12E+05 3.195E+05
 5842  10  14  2s2_2p8p      2s2_2p8d       -4.70E-01 -3.70E+04 2.912E+05
 5843  10  15  2s2_2p8p      2s2_2p10s      -1.13E+00 -3.51E+05 1.465E+05
 5844  10  16  2s2_2p8p      2s2_2p9d       -7.06E-02 -2.33E+04 1.422E+05
 5845  10  17  2s2_2p8p      2s2_2p11s      -3.74E-01 -2.23E+05 1.057E+05
 5846  10  18  2s2_2p8p      2s2_2p10d       -2.70E-02 -1.66E+04 1.041E+05
 5847  11   1  2s2_2p8f       2s2_2p3s       1.87E-06  1.18E+03 3.245E+03
 5848  11   2  2s2_2p8f       2s2p3           2.87E-02  4.35E+06 6.634E+03
 5849  11   3  2s2_2p8f       2s2_2p4s       2.30E-02  1.92E+06 8.949E+03
 5850  11   4  2s2_2p8f       2s2_2p3d        7.85E-02  5.29E+06 9.953E+03
 5851  11   5  2s2_2p8f       2s2_2p5s       4.24E-02  8.32E+05 1.844E+04
 5852  11   6  2s2_2p8f       2s2_2p4d        2.80E-01  4.85E+06 1.962E+04
 5853  11   7  2s2_2p8f       2s2_2p6s       9.00E-02  4.75E+05 3.555E+04
 5854  11   8  2s2_2p8f       2s2_2p5d        6.27E-01  2.98E+06 3.749E+04
 5855  11   9  2s2_2p8f       2s2_2p7s       2.12E-01  2.82E+05 7.082E+04
 5856  11  10  2s2_2p8f       2s2_2p6d        1.56E+00  1.85E+06 7.495E+04
 5857  11  11  2s2_2p8f       2s2_2p8s       7.29E-01  1.60E+05 1.742E+05
 5858  11  12  2s2_2p8f       2s2_2p7d        6.26E+00  1.16E+06 1.896E+05
 5859  11  13  2s2_2p8f       2s2_2p9s       6.64E-01  4.86E+02 3.018E+06
 5860  11  14  2s2_2p8f       2s2_2p8d        3.05E-01  1.56E+00 3.616E+07
 5861  11  15  2s2_2p8f       2s2_2p10s      -3.24E-01 -2.44E+04 2.974E+05
 5862  11  16  2s2_2p8f       2s2_2p9d       -9.70E-01 -8.25E+04 2.800E+05
 5863  11  17  2s2_2p8f       2s2_2p11s      -6.17E-02 -1.48E+04 1.667E+05
 5864  11  18  2s2_2p8f       2s2_2p10d       -2.01E-01 -5.07E+04 1.627E+05
 5865  12   1  2s2_2p9p      2s2_2p3s       1.71E-03  1.09E+06 3.233E+03
 5866  12   2  2s2_2p9p      2s2p3           2.25E-03  3.46E+05 6.581E+03
 5867  12   3  2s2_2p9p      2s2_2p4s       9.06E-04  7.71E+04 8.853E+03
 5868  12   4  2s2_2p9p      2s2_2p3d        2.55E-03  1.76E+05 9.835E+03
 5869  12   5  2s2_2p9p      2s2_2p5s       7.55E-05  1.55E+03 1.803E+04
 5870  12   6  2s2_2p9p      2s2_2p4d        2.41E-03  4.38E+04 1.917E+04
 5871  12   7  2s2_2p9p      2s2_2p6s       5.02E-04  2.88E+03 3.409E+04
 5872  12   8  2s2_2p9p      2s2_2p5d        3.08E-03  1.60E+04 3.586E+04
 5873  12   9  2s2_2p9p      2s2_2p7s       8.59E-03  1.35E+04 6.524E+04
 5874  12  10  2s2_2p9p      2s2_2p6d        3.88E-03  5.48E+03 6.873E+04
 5875  12  11  2s2_2p9p      2s2_2p8s       1.18E-01  3.80E+04 1.439E+05
 5876  12  12  2s2_2p9p      2s2_2p7d        2.38E-03  6.67E+02 1.543E+05
 5877  12  13  2s2_2p9p      2s2_2p9s       1.64E+01  2.59E+05 6.498E+05
 5878  12  14  2s2_2p9p      2s2_2p8d        1.17E+00  1.19E+04 8.095E+05
 5879  12  15  2s2_2p9p      2s2_2p10s      -1.26E+01 -3.90E+05 4.640E+05
 5880  12  16  2s2_2p9p      2s2_2p9d       -5.93E-01 -2.21E+04 4.230E+05
 5881  12  17  2s2_2p9p      2s2_2p11s      -1.29E+00 -1.97E+05 2.088E+05
 5882  12  18  2s2_2p9p      2s2_2p10d       -8.49E-02 -1.38E+04 2.024E+05
 5883  13   1  2s2_2p9f       2s2_2p3s       1.19E-06  7.71E+02 3.208E+03
 5884  13   2  2s2_2p9f       2s2p3           1.94E-02  3.08E+06 6.479E+03
 5885  13   3  2s2_2p9f       2s2_2p4s       1.48E-02  1.31E+06 8.670E+03
 5886  13   4  2s2_2p9f       2s2_2p3d        4.82E-02  3.48E+06 9.610E+03
 5887  13   5  2s2_2p9f       2s2_2p5s       2.57E-02  5.73E+05 1.729E+04
 5888  13   6  2s2_2p9f       2s2_2p4d        1.64E-01  3.26E+06 1.833E+04
 5889  13   7  2s2_2p9f       2s2_2p6s       4.93E-02  3.31E+05 3.152E+04
 5890  13   8  2s2_2p9f       2s2_2p5d        3.29E-01  2.01E+06 3.304E+04
 5891  13   9  2s2_2p9f       2s2_2p7s       9.68E-02  2.03E+05 5.645E+04
 5892  13  10  2s2_2p9f       2s2_2p6d        6.62E-01  1.27E+06 5.904E+04
 5893  13  11  2s2_2p9f       2s2_2p8s       2.20E-01  1.28E+05 1.071E+05
 5894  13  12  2s2_2p9f       2s2_2p7d        1.59E+00  8.34E+05 1.128E+05
 5895  13  13  2s2_2p9f       2s2_2p9s       7.45E-01  7.66E+04 2.548E+05
 5896  13  14  2s2_2p9f       2s2_2p8d        6.30E+00  5.51E+05 2.761E+05
 5897  13  15  2s2_2p9f       2s2_2p10s       7.80E-01  2.78E+02 4.329E+06
 5898  13  16  2s2_2p9f       2s2_2p9d        4.01E-01  1.30E+00 4.534E+07
 5899  13  17  2s2_2p9f       2s2_2p11s      -4.13E-01 -1.59E+04 4.160E+05
 5900  13  18  2s2_2p9f       2s2_2p10d       -1.24E+00 -5.39E+04 3.916E+05
 5901  14   1  2s2_2p10p      2s2_2p3s       1.24E-03  8.08E+05 3.199E+03
 5902  14   2  2s2_2p10p      2s2p3           1.51E-03  2.43E+05 6.444E+03
 5903  14   3  2s2_2p10p      2s2_2p4s       6.97E-04  6.28E+04 8.606E+03
 5904  14   4  2s2_2p10p      2s2_2p3d        1.73E-03  1.27E+05 9.531E+03
 5905  14   5  2s2_2p10p      2s2_2p5s       1.21E-04  2.78E+03 1.704E+04
 5906  14   6  2s2_2p10p      2s2_2p4d        1.60E-03  3.28E+04 1.805E+04
 5907  14   7  2s2_2p10p      2s2_2p6s       5.85E-05  4.14E+02 3.070E+04
 5908  14   8  2s2_2p10p      2s2_2p5d        2.01E-03  1.30E+04 3.213E+04
 5909  14   9  2s2_2p10p      2s2_2p7s       1.66E-03  3.82E+03 5.385E+04
 5910  14  10  2s2_2p10p      2s2_2p6d        2.60E-03  5.49E+03 5.620E+04
 5911  14  11  2s2_2p10p      2s2_2p8s       1.36E-02  9.42E+03 9.813E+04
 5912  14  12  2s2_2p10p      2s2_2p7d        3.13E-03  1.97E+03 1.028E+05
 5913  14  13  2s2_2p10p      2s2_2p9s       1.48E-01  2.26E+04 2.091E+05
 5914  14  14  2s2_2p10p      2s2_2p8d        1.38E-03  1.85E+02 2.233E+05
 5915  14  15  2s2_2p10p      2s2_2p10s       1.83E+01  1.44E+05 9.195E+05
 5916  14  16  2s2_2p10p      2s2_2p9d        1.34E+00  6.90E+03 1.138E+06
 5917  14  17  2s2_2p10p      2s2_2p11s      -1.43E+01 -2.28E+05 6.464E+05
 5918  14  18  2s2_2p10p      2s2_2p10d       -7.16E-01 -1.38E+04 5.893E+05
 5919   1   1  2s2p3          2s2_2p3p      -2.68E-02 -6.47E+05 1.663E+04
 5920   1   2  2s2p3          2s2_2p4p      -2.20E-03 -5.04E+05 5.398E+03
 5921   1   3  2s2p3          2s2_2p4f       -4.60E-03 -1.48E+06 4.554E+03
 5922   1   4  2s2p3          2s2_2p5p      -1.03E-03 -3.58E+05 4.380E+03
 5923   1   5  2s2p3          2s2_2p5f       -2.78E-03 -1.11E+06 4.095E+03
 5924   1   6  2s2p3          2s2_2p6p      -5.63E-04 -2.33E+05 4.018E+03
 5925   1   7  2s2p3          2s2_2p6f       -1.69E-03 -7.48E+05 3.882E+03
 5926   1   8  2s2p3          2s2_2p7p      -3.39E-04 -1.53E+05 3.841E+03
 5927   1   9  2s2p3          2s2_2p7f       -1.09E-03 -5.13E+05 3.764E+03
 5928   1  10  2s2p3          2s2_2p8p      -2.20E-04 -1.05E+05 3.739E+03
 5929   1  11  2s2p3          2s2_2p8f       -7.36E-04 -3.60E+05 3.691E+03
 5930   1  12  2s2p3          2s2_2p9p      -1.50E-04 -7.41E+04 3.675E+03
 5931   1  13  2s2p3          2s2_2p9f       -5.21E-04 -2.62E+05 3.643E+03
 5932   1  14  2s2p3          2s2_2p10p      -1.07E-04 -5.41E+04 3.632E+03
 5933   2   1  2s2_2p3d       2s2_2p3p       2.23E+00  1.52E+08 9.895E+03
 5934   2   2  2s2_2p3d       2s2_2p4p      -6.88E-01 -2.66E+06 4.156E+04
 5935   2   3  2s2_2p3d       2s2_2p4f       -1.53E+00 -3.48E+07 1.712E+04
 5936   2   4  2s2_2p3d       2s2_2p5p      -2.07E-02 -6.21E+05 1.491E+04
 5937   2   5  2s2_2p3d       2s2_2p5f       -2.80E-01 -1.29E+07 1.205E+04
 5938   2   6  2s2_2p3d       2s2_2p6p      -6.62E-03 -3.39E+05 1.141E+04
 5939   2   7  2s2_2p3d       2s2_2p6f       -1.03E-01 -6.38E+06 1.037E+04
 5940   2   8  2s2_2p3d       2s2_2p7p      -3.18E-03 -2.09E+05 1.008E+04
 5941   2   9  2s2_2p3d       2s2_2p7f       -5.06E-02 -3.68E+06 9.572E+03
 5942   2  10  2s2_2p3d       2s2_2p8p      -1.82E-03 -1.37E+05 9.412E+03
 5943   2  11  2s2_2p3d       2s2_2p8f       -2.91E-02 -2.34E+06 9.115E+03
 5944   2  12  2s2_2p3d       2s2_2p9p      -1.15E-03 -9.44E+04 9.016E+03
 5945   2  13  2s2_2p3d       2s2_2p9f       -1.85E-02 -1.58E+06 8.826E+03
 5946   2  14  2s2_2p3d       2s2_2p10p      -7.80E-04 -6.78E+04 8.760E+03
 5947   3   1  2s2_2p4d       2s2_2p3p       1.00E-01  1.65E+07 6.364E+03
 5948   3   2  2s2_2p4d       2s2_2p4p       2.83E+00  1.93E+07 3.124E+04
 5949   3   3  2s2_2p4d       2s2_2p4f       -1.87E-01 -6.75E+03 4.300E+05
 5950   3   4  2s2_2p4d       2s2_2p5p      -1.35E+00 -1.09E+06 9.075E+04
 5951   3   5  2s2_2p4d       2s2_2p5f       -1.19E+00 -5.76E+06 3.711E+04
 5952   3   6  2s2_2p4d       2s2_2p6p      -4.13E-02 -2.75E+05 3.164E+04
 5953   3   7  2s2_2p4d       2s2_2p6f       -2.97E-01 -3.22E+06 2.480E+04
 5954   3   8  2s2_2p4d       2s2_2p7p      -1.24E-02 -1.54E+05 2.320E+04
 5955   3   9  2s2_2p4d       2s2_2p7f       -1.23E-01 -1.92E+06 2.066E+04
 5956   3  10  2s2_2p4d       2s2_2p8p      -5.81E-03 -9.76E+04 1.993E+04
 5957   3  11  2s2_2p4d       2s2_2p8f       -6.50E-02 -1.25E+06 1.864E+04
 5958   3  12  2s2_2p4d       2s2_2p9p      -3.30E-03 -6.62E+04 1.823E+04
 5959   3  13  2s2_2p4d       2s2_2p9f       -3.91E-02 -8.54E+05 1.747E+04
 5960   3  14  2s2_2p4d       2s2_2p10p      -2.10E-03 -4.73E+04 1.722E+04
 5961   4   1  2s2_2p5d       2s2_2p3p       1.79E-02  3.99E+06 5.469E+03
 5962   4   2  2s2_2p5d       2s2_2p4p       1.73E-01  3.84E+06 1.733E+04
 5963   4   3  2s2_2p5d       2s2_2p4f        4.37E-02  1.59E+05 4.276E+04
 5964   4   4  2s2_2p5d       2s2_2p5p       3.43E+00  4.94E+06 6.807E+04
 5965   4   5  2s2_2p5d       2s2_2p5f       -3.53E-01 -3.59E+03 8.101E+05
 5966   4   6  2s2_2p5d       2s2_2p6p      -1.99E+00 -4.61E+05 1.697E+05
 5967   4   7  2s2_2p5d       2s2_2p6f       -1.05E+00 -1.50E+06 6.843E+04
 5968   4   8  2s2_2p5d       2s2_2p7p      -5.90E-02 -1.19E+05 5.752E+04
 5969   4   9  2s2_2p5d       2s2_2p7f       -2.91E-01 -9.99E+05 4.408E+04
 5970   4  10  2s2_2p5d       2s2_2p8p      -1.71E-02 -6.83E+04 4.088E+04
 5971   4  11  2s2_2p5d       2s2_2p8f       -1.28E-01 -6.66E+05 3.581E+04
 5972   4  12  2s2_2p5d       2s2_2p9p      -7.93E-03 -4.49E+04 3.432E+04
 5973   4  13  2s2_2p5d       2s2_2p9f       -6.99E-02 -4.63E+05 3.173E+04
 5974   4  14  2s2_2p5d       2s2_2p10p      -4.50E-03 -3.15E+04 3.089E+04
 5975   5   1  2s2_2p6d       2s2_2p3p       5.54E-03  1.43E+06 5.083E+03
 5976   5   2  2s2_2p6d       2s2_2p4p       4.03E-02  1.38E+06 1.396E+04
 5977   5   3  2s2_2p6d       2s2_2p4f        7.32E-03  6.78E+04 2.683E+04
 5978   5   4  2s2_2p6d       2s2_2p5p       2.40E-01  1.31E+06 3.499E+04
 5979   5   5  2s2_2p6d       2s2_2p5f        1.16E-01  1.24E+05 7.903E+04
 5980   5   6  2s2_2p6d       2s2_2p6p       3.99E+00  1.70E+06 1.251E+05
 5981   5   7  2s2_2p6d       2s2_2p6f       -5.02E-01 -1.76E+03 1.378E+06
 5982   5   8  2s2_2p6d       2s2_2p7p      -2.61E+00 -2.13E+05 2.859E+05
 5983   5   9  2s2_2p6d       2s2_2p7f       -9.81E-01 -5.06E+05 1.137E+05
 5984   5  10  2s2_2p6d       2s2_2p8p      -7.46E-02 -5.57E+04 9.455E+04
 5985   5  11  2s2_2p6d       2s2_2p8f       -2.85E-01 -3.75E+05 7.124E+04
 5986   5  12  2s2_2p6d       2s2_2p9p      -2.11E-02 -3.27E+04 6.559E+04
 5987   5  13  2s2_2p6d       2s2_2p9f       -1.29E-01 -2.67E+05 5.672E+04
 5988   5  14  2s2_2p6d       2s2_2p10p      -9.68E-03 -2.21E+04 5.409E+04
 5989   6   1  2s2_2p7d       2s2_2p3p       2.30E-03  6.45E+05 4.876E+03
 5990   6   2  2s2_2p7d       2s2_2p4p       1.52E-02  6.48E+05 1.251E+04
 5991   6   3  2s2_2p7d       2s2_2p4f        2.59E-03  3.59E+04 2.193E+04
 5992   6   4  2s2_2p7d       2s2_2p5p       6.26E-02  5.69E+05 2.709E+04
 5993   6   5  2s2_2p7d       2s2_2p5f        2.05E-02  6.02E+04 4.764E+04
 5994   6   6  2s2_2p7d       2s2_2p6p       3.03E-01  5.39E+05 6.123E+04
 5995   6   7  2s2_2p7d       2s2_2p6f        2.02E-01  7.80E+04 1.314E+05
 5996   6   8  2s2_2p7d       2s2_2p7p       4.54E+00  7.09E+05 2.067E+05
 5997   6   9  2s2_2p7d       2s2_2p7f       -6.41E-01 -9.08E+02 2.170E+06
 5998   6  10  2s2_2p7d       2s2_2p8p      -3.23E+00 -1.08E+05 4.465E+05
 5999   6  11  2s2_2p7d       2s2_2p8f       -9.51E-01 -2.06E+05 1.754E+05
 6000   6  12  2s2_2p7d       2s2_2p9p      -8.86E-02 -2.82E+04 1.447E+05
 6001   6  13  2s2_2p7d       2s2_2p9f       -2.83E-01 -1.63E+05 1.076E+05
 6002   6  14  2s2_2p7d       2s2_2p10p      -2.45E-02 -1.68E+04 9.851E+04
 6003   7   1  2s2_2p8d       2s2_2p3p       1.15E-03  3.40E+05 4.751E+03
 6004   7   2  2s2_2p8d       2s2_2p4p       7.33E-03  3.56E+05 1.172E+04
 6005   7   3  2s2_2p8d       2s2_2p4f        1.25E-03  2.17E+04 1.961E+04
 6006   7   4  2s2_2p8d       2s2_2p5p       2.54E-02  3.03E+05 2.364E+04
 6007   7   5  2s2_2p8d       2s2_2p5f        7.46E-03  3.46E+04 3.791E+04
 6008   7   6  2s2_2p8d       2s2_2p6p       8.34E-02  2.62E+05 4.603E+04
 6009   7   7  2s2_2p8d       2s2_2p6f        3.69E-02  4.16E+04 7.691E+04
 6010   7   8  2s2_2p8d       2s2_2p7p       3.61E-01  2.52E+05 9.776E+04
 6011   7   9  2s2_2p8d       2s2_2p7f        2.95E-01  4.78E+04 2.028E+05
 6012   7  10  2s2_2p8d       2s2_2p8p       5.08E+00  3.36E+05 3.173E+05
 6013   7  11  2s2_2p8d       2s2_2p8f       -7.73E-01 -4.97E+02 3.222E+06
 6014   7  12  2s2_2p8d       2s2_2p9p      -3.85E+00 -5.92E+04 6.588E+05
 6015   7  13  2s2_2p8d       2s2_2p9f       -9.41E-01 -9.57E+04 2.561E+05
 6016   7  14  2s2_2p8d       2s2_2p10p      -1.01E-01 -1.53E+04 2.101E+05
 6017   8   1  2s2_2p9d       2s2_2p3p       6.57E-04  2.01E+05 4.670E+03
 6018   8   2  2s2_2p9d       2s2_2p4p       4.12E-03  2.18E+05 1.123E+04
 6019   8   3  2s2_2p9d       2s2_2p4f        7.11E-04  1.42E+04 1.829E+04
 6020   8   4  2s2_2p9d       2s2_2p5p       1.29E-02  1.82E+05 2.174E+04
 6021   8   5  2s2_2p9d       2s2_2p5f        3.65E-03  2.20E+04 3.326E+04
 6022   8   6  2s2_2p9d       2s2_2p6p       3.52E-02  1.52E+05 3.936E+04
 6023   8   7  2s2_2p9d       2s2_2p6f        1.37E-02  2.54E+04 5.993E+04
 6024   8   8  2s2_2p9d       2s2_2p7p       1.03E-01  1.33E+05 7.187E+04
 6025   8   9  2s2_2p9d       2s2_2p7f        5.52E-02  2.73E+04 1.161E+05
 6026   8  10  2s2_2p9d       2s2_2p8p       4.17E-01  1.30E+05 1.463E+05
 6027   8  11  2s2_2p9d       2s2_2p8f        3.95E-01  3.00E+04 2.963E+05
 6028   8  12  2s2_2p9d       2s2_2p9p       5.61E+00  1.76E+05 4.614E+05
 6029   8  13  2s2_2p9d       2s2_2p9f       -9.00E-01 -2.87E+02 4.575E+06
 6030   8  14  2s2_2p9d       2s2_2p10p      -4.46E+00 -3.44E+04 9.301E+05
 6031   9   1  2s2_2p10d       2s2_2p3p       4.09E-04  1.28E+05 4.613E+03
 6032   9   2  2s2_2p10d       2s2_2p4p       2.56E-03  1.43E+05 1.091E+04
 6033   9   3  2s2_2p10d       2s2_2p4f        4.49E-04  9.84E+03 1.745E+04
 6034   9   4  2s2_2p10d       2s2_2p5p       7.57E-03  1.19E+05 2.057E+04
 6035   9   5  2s2_2p10d       2s2_2p5f        2.10E-03  1.50E+04 3.058E+04
 6036   9   6  2s2_2p10d       2s2_2p6p       1.85E-02  9.70E+04 3.567E+04
 6037   9   7  2s2_2p10d       2s2_2p6f        6.75E-03  1.68E+04 5.177E+04
 6038   9   8  2s2_2p10d       2s2_2p7p       4.46E-02  8.14E+04 6.044E+04
 6039   9   9  2s2_2p10d       2s2_2p7f        2.07E-02  1.75E+04 8.892E+04
 6040   9  10  2s2_2p10d       2s2_2p8p       1.22E-01  7.29E+04 1.056E+05
 6041   9  11  2s2_2p10d       2s2_2p8f        7.49E-02  1.80E+04 1.665E+05
 6042   9  12  2s2_2p10d       2s2_2p9p       4.72E-01  7.25E+04 2.084E+05
 6043   9  13  2s2_2p10d       2s2_2p9f        4.98E-01  1.93E+04 4.147E+05
 6044   9  14  2s2_2p10d       2s2_2p10p       6.15E+00  9.92E+04 6.432E+05
 6045   1   1  2s2_2p3d       2s2_2p3p       1.22E+01  8.10E+08 1.003E+04
 6046   1   2  2s2_2p3d       2s2_2p4p      -3.68E+00 -1.58E+07 3.940E+04
 6047   1   3  2s2_2p3d       2s2_2p4f       -3.74E-02 -8.90E+05 1.675E+04
 6048   1   4  2s2_2p3d       2s2_2p5p      -1.32E-01 -4.12E+06 1.462E+04
 6049   1   5  2s2_2p3d       2s2_2p5f       -7.30E-03 -3.46E+05 1.186E+04
 6050   1   6  2s2_2p3d       2s2_2p6p      -4.06E-02 -2.14E+06 1.124E+04
 6051   1   7  2s2_2p3d       2s2_2p6f       -2.78E-03 -1.77E+05 1.023E+04
 6052   1   8  2s2_2p3d       2s2_2p7p      -1.89E-02 -1.27E+06 9.951E+03
 6053   1   9  2s2_2p3d       2s2_2p7f       -1.39E-03 -1.04E+05 9.453E+03
 6054   1  10  2s2_2p3d       2s2_2p8p      -1.06E-02 -8.18E+05 9.296E+03
 6055   1  11  2s2_2p3d       2s2_2p8f       -8.11E-04 -6.67E+04 9.007E+03
 6056   1  12  2s2_2p3d       2s2_2p9p      -6.62E-03 -5.56E+05 8.910E+03
 6057   1  13  2s2_2p3d       2s2_2p9f       -5.19E-04 -4.55E+04 8.724E+03
 6058   1  14  2s2_2p3d       2s2_2p10p      -4.45E-03 -3.96E+05 8.660E+03
 6059   2   1  2s2_2p4d       2s2_2p3p       4.13E-01  6.71E+07 6.405E+03
 6060   2   2  2s2_2p4d       2s2_2p4p       1.59E+01  1.02E+08 3.226E+04
 6061   2   3  2s2_2p4d       2s2_2p4f       -9.38E-03 -6.96E+02 2.998E+05
 6062   2   4  2s2_2p4d       2s2_2p5p      -7.44E+00 -7.18E+06 8.313E+04
 6063   2   5  2s2_2p4d       2s2_2p5f       -3.02E-02 -1.57E+05 3.577E+04
 6064   2   6  2s2_2p4d       2s2_2p6p      -2.82E-01 -2.00E+06 3.066E+04
 6065   2   7  2s2_2p4d       2s2_2p6f       -7.92E-03 -9.03E+04 2.419E+04
 6066   2   8  2s2_2p4d       2s2_2p7p      -8.41E-02 -1.09E+06 2.267E+04
 6067   2   9  2s2_2p4d       2s2_2p7f       -3.35E-03 -5.45E+04 2.024E+04
 6068   2  10  2s2_2p4d       2s2_2p8p      -3.90E-02 -6.81E+05 1.954E+04
 6069   2  11  2s2_2p4d       2s2_2p8f       -1.78E-03 -3.55E+04 1.830E+04
 6070   2  12  2s2_2p4d       2s2_2p9p      -2.20E-02 -4.58E+05 1.790E+04
 6071   2  13  2s2_2p4d       2s2_2p9f       -1.08E-03 -2.44E+04 1.717E+04
 6072   2  14  2s2_2p4d       2s2_2p10p      -1.38E-02 -3.21E+05 1.692E+04
 6073   3   1  2s2_2p5d       2s2_2p3p       5.43E-02  1.20E+07 5.486E+03
 6074   3   2  2s2_2p5d       2s2_2p4p       7.62E-01  1.66E+07 1.750E+04
 6075   3   3  2s2_2p5d       2s2_2p4f        2.67E-03  9.27E+03 4.383E+04
 6076   3   4  2s2_2p5d       2s2_2p5p       1.95E+01  2.59E+07 7.082E+04
 6077   3   5  2s2_2p5d       2s2_2p5f       -1.39E-02 -3.02E+02 5.540E+05
 6078   3   6  2s2_2p5d       2s2_2p6p      -1.11E+01 -3.09E+06 1.547E+05
 6079   3   7  2s2_2p5d       2s2_2p6f       -2.48E-02 -3.81E+04 6.586E+04
 6080   3   8  2s2_2p5d       2s2_2p7p      -4.21E-01 -9.05E+05 5.569E+04
 6081   3   9  2s2_2p5d       2s2_2p7f       -7.33E-03 -2.64E+04 4.300E+04
 6082   3  10  2s2_2p5d       2s2_2p8p      -1.23E-01 -5.14E+05 3.994E+04
 6083   3  11  2s2_2p5d       2s2_2p8f       -3.31E-03 -1.79E+04 3.509E+04
 6084   3  12  2s2_2p5d       2s2_2p9p      -5.68E-02 -3.34E+05 3.367E+04
 6085   3  13  2s2_2p5d       2s2_2p9f       -1.82E-03 -1.25E+04 3.116E+04
 6086   3  14  2s2_2p5d       2s2_2p10p      -3.20E-02 -2.32E+05 3.035E+04
 6087   4   1  2s2_2p5g       2s2_2p3p       1.51E-05  3.41E+03 5.434E+03
 6088   4   2  2s2_2p5g       2s2_2p4p       8.73E-05  2.02E+03 1.698E+04
 6089   4   3  2s2_2p5g       2s2_2p4f        2.03E+01  8.17E+07 4.072E+04
 6090   4   4  2s2_2p5g       2s2_2p5p       9.54E-05  1.60E+02 6.302E+04
 6091   4   5  2s2_2p5g       2s2_2p5f       -7.62E-02 -1.71E+00 1.726E+07
 6092   4   6  2s2_2p5g       2s2_2p6p      -3.11E-05 -4.61E+00 2.120E+05
 6093   4   7  2s2_2p5g       2s2_2p6f       -1.36E-01 -1.64E+05 7.442E+04
 6094   4   8  2s2_2p5g       2s2_2p7p      -3.29E-06 -5.77E+00 6.169E+04
 6095   4   9  2s2_2p5g       2s2_2p7f       -2.18E-02 -6.73E+04 4.649E+04
 6096   4  10  2s2_2p5g       2s2_2p8p      -1.74E-06 -6.29E+00 4.294E+04
 6097   4  11  2s2_2p5g       2s2_2p8f       -7.23E-03 -3.45E+04 3.738E+04
 6098   4  12  2s2_2p5g       2s2_2p9p      -1.10E-06 -5.73E+00 3.577E+04
 6099   4  13  2s2_2p5g       2s2_2p9f       -3.32E-03 -2.04E+04 3.296E+04
 6100   4  14  2s2_2p5g       2s2_2p10p      -7.48E-07 -4.86E+00 3.205E+04
 6101   5   1  2s2_2p6d       2s2_2p3p       1.24E-02  3.19E+06 5.092E+03
 6102   5   2  2s2_2p6d       2s2_2p4p       1.54E-01  5.22E+06 1.403E+04
 6103   5   3  2s2_2p6d       2s2_2p4f        5.92E-04  5.38E+03 2.708E+04
 6104   5   4  2s2_2p6d       2s2_2p5p       1.10E+00  5.85E+06 3.542E+04
 6105   5   5  2s2_2p6d       2s2_2p5f        4.93E-03  4.98E+03 8.124E+04
 6106   5   6  2s2_2p6d       2s2_2p6p       2.30E+01  8.98E+06 1.307E+05
 6107   5   7  2s2_2p6d       2s2_2p6f       -1.92E-02 -1.47E+02 9.349E+05
 6108   5   8  2s2_2p6d       2s2_2p7p      -1.48E+01 -1.46E+06 2.603E+05
 6109   5   9  2s2_2p6d       2s2_2p7f       -2.21E-02 -1.23E+04 1.094E+05
 6110   5  10  2s2_2p6d       2s2_2p8p      -5.50E-01 -4.37E+05 9.157E+04
 6111   5  11  2s2_2p6d       2s2_2p8f       -6.90E-03 -9.52E+03 6.953E+04
 6112   5  12  2s2_2p6d       2s2_2p9p      -1.59E-01 -2.58E+05 6.415E+04
 6113   5  13  2s2_2p6d       2s2_2p9f       -3.22E-03 -6.94E+03 5.563E+04
 6114   5  14  2s2_2p6d       2s2_2p10p      -7.27E-02 -1.72E+05 5.310E+04
 6115   6   1  2s2_2p6g       2s2_2p3p       2.01E-05  5.23E+03 5.065E+03
 6116   6   2  2s2_2p6g       2s2_2p4p       1.57E-05  5.47E+02 1.383E+04
 6117   6   3  2s2_2p6g       2s2_2p4f        2.71E+00  2.61E+07 2.634E+04
 6118   6   4  2s2_2p6g       2s2_2p5p       3.00E-05  1.72E+02 3.416E+04
 6119   6   5  2s2_2p6g       2s2_2p5f        1.79E+01  2.13E+07 7.490E+04
 6120   6   6  2s2_2p6g       2s2_2p6p       1.81E-06  9.12E-01 1.150E+05
 6121   6   7  2s2_2p6g       2s2_2p6f       -1.16E-01 -5.92E-01 3.616E+07
 6122   6   8  2s2_2p6g       2s2_2p7p      -2.10E-05 -1.10E+00 3.571E+05
 6123   6   9  2s2_2p6g       2s2_2p7f       -3.69E-01 -1.61E+05 1.235E+05
 6124   6  10  2s2_2p6g       2s2_2p8p      -2.64E-06 -1.72E+00 1.012E+05
 6125   6  11  2s2_2p6g       2s2_2p8f       -6.42E-02 -7.62E+04 7.496E+04
 6126   6  12  2s2_2p6g       2s2_2p9p      -1.32E-06 -1.86E+00 6.874E+04
 6127   6  13  2s2_2p6g       2s2_2p9f       -2.22E-02 -4.25E+04 5.905E+04
 6128   6  14  2s2_2p6g       2s2_2p10p      -8.17E-07 -1.72E+00 5.621E+04
 6129   7   1  2s2_2p7d       2s2_2p3p       3.90E-03  1.09E+06 4.882E+03
 6130   7   2  2s2_2p7d       2s2_2p4p       5.19E-02  2.20E+06 1.254E+04
 6131   7   3  2s2_2p7d       2s2_2p4f        2.16E-04  2.97E+03 2.203E+04
 6132   7   4  2s2_2p7d       2s2_2p5p       2.59E-01  2.33E+06 2.725E+04
 6133   7   5  2s2_2p7d       2s2_2p5f        9.12E-04  2.62E+03 4.815E+04
 6134   7   6  2s2_2p7d       2s2_2p6p       1.43E+00  2.48E+06 6.207E+04
 6135   7   7  2s2_2p7d       2s2_2p6f        7.41E-03  2.70E+03 1.353E+05
 6136   7   8  2s2_2p7d       2s2_2p7p       2.64E+01  3.75E+06 2.166E+05
 6137   7   9  2s2_2p7d       2s2_2p7f       -2.41E-02 -7.48E+01 1.466E+06
 6138   7  10  2s2_2p7d       2s2_2p8p      -1.84E+01 -7.43E+05 4.063E+05
 6139   7  11  2s2_2p7d       2s2_2p8f       -2.06E-02 -4.82E+03 1.688E+05
 6140   7  12  2s2_2p7d       2s2_2p9p      -6.69E-01 -2.27E+05 1.402E+05
 6141   7  13  2s2_2p7d       2s2_2p9f       -6.62E-03 -4.00E+03 1.051E+05
 6142   7  14  2s2_2p7d       2s2_2p10p      -1.90E-01 -1.36E+05 9.641E+04
 6143   8   1  2s2_2p7g       2s2_2p3p       1.68E-05  4.73E+03 4.866E+03
 6144   8   2  2s2_2p7g       2s2_2p4p       4.27E-06  1.84E+02 1.244E+04
 6145   8   3  2s2_2p7g       2s2_2p4f        8.62E-01  1.22E+07 2.171E+04
 6146   8   4  2s2_2p7g       2s2_2p5p       1.63E-05  1.52E+02 2.677E+04
 6147   8   5  2s2_2p7g       2s2_2p5f        3.42E+00  1.05E+07 4.665E+04
 6148   8   6  2s2_2p7g       2s2_2p6p       1.15E-05  2.16E+01 5.960E+04
 6149   8   7  2s2_2p7g       2s2_2p6f        1.68E+01  7.27E+06 1.241E+05
 6150   8   8  2s2_2p7g       2s2_2p7p       7.83E-05  1.46E+01 1.893E+05
 6151   8   9  2s2_2p7g       2s2_2p7f       -1.44E-01 -2.23E-01 6.557E+07
 6152   8  10  2s2_2p7g       2s2_2p8p      -3.51E-05 -7.54E-01 5.574E+05
 6153   8  11  2s2_2p7g       2s2_2p8f       -6.71E-01 -1.24E+05 1.903E+05
 6154   8  12  2s2_2p7g       2s2_2p9p      -3.06E-06 -8.53E-01 1.547E+05
 6155   8  13  2s2_2p7g       2s2_2p9f       -1.23E-01 -6.42E+04 1.130E+05
 6156   8  14  2s2_2p7g       2s2_2p10p      -1.34E-06 -8.42E-01 1.030E+05
 6157   9   1  2s2_2p8d       2s2_2p3p       1.50E-03  4.43E+05 4.755E+03
 6158   9   2  2s2_2p8d       2s2_2p4p       2.31E-02  1.12E+06 1.174E+04
 6159   9   3  2s2_2p8d       2s2_2p4f        1.02E-04  1.76E+03 1.967E+04
 6160   9   4  2s2_2p8d       2s2_2p5p       9.78E-02  1.16E+06 2.372E+04
 6161   9   5  2s2_2p8d       2s2_2p5f        3.32E-04  1.52E+03 3.812E+04
 6162   9   6  2s2_2p8d       2s2_2p6p       3.60E-01  1.12E+06 4.635E+04
 6163   9   7  2s2_2p8d       2s2_2p6f        1.32E-03  1.45E+03 7.781E+04
 6164   9   8  2s2_2p8d       2s2_2p7p       1.73E+00  1.17E+06 9.921E+04
 6165   9   9  2s2_2p8d       2s2_2p7f        1.01E-02  1.54E+03 2.092E+05
 6166   9  10  2s2_2p8d       2s2_2p8p       2.96E+01  1.78E+06 3.332E+05
 6167   9  11  2s2_2p8d       2s2_2p8f       -2.88E-02 -4.07E+01 2.173E+06
 6168   9  12  2s2_2p8d       2s2_2p9p      -2.20E+01 -4.08E+05 5.996E+05
 6169   9  13  2s2_2p8d       2s2_2p9f       -1.97E-02 -2.16E+03 2.467E+05
 6170   9  14  2s2_2p8d       2s2_2p10p      -7.82E-01 -1.26E+05 2.036E+05
 6171  10   1  2s2_2p8g       2s2_2p3p       1.29E-05  3.82E+03 4.745E+03
 6172  10   2  2s2_2p8g       2s2_2p4p       1.52E-06  7.44E+01 1.168E+04
 6173  10   3  2s2_2p8g       2s2_2p4f        3.91E-01  6.86E+06 1.949E+04
 6174  10   4  2s2_2p8g       2s2_2p5p       1.00E-05  1.21E+02 2.347E+04
 6175  10   5  2s2_2p8g       2s2_2p5f        1.26E+00  5.98E+06 3.748E+04
 6176  10   6  2s2_2p8g       2s2_2p6p       9.98E-06  3.23E+01 4.541E+04
 6177  10   7  2s2_2p8g       2s2_2p6f        3.68E+00  4.34E+06 7.517E+04
 6178  10   8  2s2_2p8g       2s2_2p7p       2.40E-07  1.78E-01 9.497E+04
 6179  10   9  2s2_2p8g       2s2_2p7f        1.63E+01  2.98E+06 1.912E+05
 6180  10  10  2s2_2p8g       2s2_2p8p       1.97E-04  1.57E+01 2.897E+05
 6181  10  11  2s2_2p8g       2s2_2p8f       -1.67E-01 -9.69E-02 1.072E+08
 6182  10  12  2s2_2p8g       2s2_2p9p      -6.57E-05 -6.49E-01 8.217E+05
 6183  10  13  2s2_2p8g       2s2_2p9f       -1.03E+00 -8.92E+04 2.775E+05
 6184  10  14  2s2_2p8g       2s2_2p10p      -3.93E-06 -5.21E-01 2.242E+05
 6185  11   1  2s2_2p9d       2s2_2p3p       6.72E-04  2.05E+05 4.672E+03
 6186  11   2  2s2_2p9d       2s2_2p4p       1.22E-02  6.43E+05 1.125E+04
 6187  11   3  2s2_2p9d       2s2_2p4f        5.59E-05  1.11E+03 1.832E+04
 6188  11   4  2s2_2p9d       2s2_2p5p       4.73E-02  6.64E+05 2.179E+04
 6189  11   5  2s2_2p9d       2s2_2p5f        1.60E-04  9.58E+02 3.338E+04
 6190  11   6  2s2_2p9d       2s2_2p6p       1.44E-01  6.15E+05 3.952E+04
 6191  11   7  2s2_2p9d       2s2_2p6f        4.81E-04  8.82E+02 6.031E+04
 6192  11   8  2s2_2p9d       2s2_2p7p       4.58E-01  5.82E+05 7.242E+04
 6193  11   9  2s2_2p9d       2s2_2p7f        1.79E-03  8.65E+02 1.175E+05
 6194  11  10  2s2_2p9d       2s2_2p8p       2.02E+00  6.10E+05 1.486E+05
 6195  11  11  2s2_2p9d       2s2_2p8f        1.29E-02  9.20E+02 3.059E+05
 6196  11  12  2s2_2p9d       2s2_2p9p       3.29E+01  9.33E+05 4.851E+05
 6197  11  13  2s2_2p9d       2s2_2p9f       -3.33E-02 -2.34E+01 3.080E+06
 6198  11  14  2s2_2p9d       2s2_2p10p      -2.55E+01 -2.37E+05 8.465E+05
 6199  12   1  2s2_2p9g       2s2_2p3p       9.79E-06  3.00E+03 4.665E+03
 6200  12   2  2s2_2p9g       2s2_2p4p       6.50E-07  3.45E+01 1.121E+04
 6201  12   3  2s2_2p9g       2s2_2p4f        2.14E-01  4.30E+06 1.822E+04
 6202  12   4  2s2_2p9g       2s2_2p5p       6.63E-06  9.44E+01 2.164E+04
 6203  12   5  2s2_2p9g       2s2_2p5f        6.17E-01  3.77E+06 3.303E+04
 6204  12   6  2s2_2p9g       2s2_2p6p       7.24E-06  3.17E+01 3.903E+04
 6205  12   7  2s2_2p9g       2s2_2p6f        1.46E+00  2.78E+06 5.917E+04
 6206  12   8  2s2_2p9g       2s2_2p7p       2.13E-06  2.84E+00 7.079E+04
 6207  12   9  2s2_2p9g       2s2_2p7f        3.82E+00  1.99E+06 1.133E+05
 6208  12  10  2s2_2p9g       2s2_2p8p       3.31E-06  1.10E+00 1.419E+05
 6209  12  11  2s2_2p9g       2s2_2p8f        1.61E+01  1.38E+06 2.787E+05
 6210  12  12  2s2_2p9g       2s2_2p9p       3.19E-04  1.21E+01 4.202E+05
 6211  12  13  2s2_2p9g       2s2_2p9f       -1.88E-01 -4.73E-02 1.628E+08
 6212  12  14  2s2_2p9g       2s2_2p10p      -1.10E-04 -5.46E-01 1.159E+06
 6213  13   1  2s2_2p10d       2s2_2p3p       3.36E-04  1.05E+05 4.615E+03
 6214  13   2  2s2_2p10d       2s2_2p4p       7.20E-03  4.03E+05 1.092E+04
 6215  13   3  2s2_2p10d       2s2_2p4f        3.42E-05  7.47E+02 1.747E+04
 6216  13   4  2s2_2p10d       2s2_2p5p       2.66E-02  4.18E+05 2.060E+04
 6217  13   5  2s2_2p10d       2s2_2p5f        9.09E-05  6.45E+02 3.066E+04
 6218  13   6  2s2_2p10d       2s2_2p6p       7.27E-02  3.79E+05 3.577E+04
 6219  13   7  2s2_2p10d       2s2_2p6f        2.35E-04  5.80E+02 5.198E+04
 6220  13   8  2s2_2p10d       2s2_2p7p       1.89E-01  3.42E+05 6.073E+04
 6221  13   9  2s2_2p10d       2s2_2p7f        6.56E-04  5.46E+02 8.954E+04
 6222  13  10  2s2_2p10d       2s2_2p8p       5.52E-01  3.25E+05 1.065E+05
 6223  13  11  2s2_2p10d       2s2_2p8f        2.30E-03  5.39E+02 1.687E+05
 6224  13  12  2s2_2p10d       2s2_2p9p       2.31E+00  3.43E+05 2.119E+05
 6225  13  13  2s2_2p10d       2s2_2p9f        1.57E-02  5.70E+02 4.285E+05
 6226  13  14  2s2_2p10d       2s2_2p10p       3.61E+01  5.25E+05 6.770E+05
 6227   1   1  2s2p3          2s2_2p3p      -2.68E-02 -6.47E+05 1.663E+04
 6228   1   2  2s2p3          2s2_2p4p      -2.20E-03 -5.04E+05 5.398E+03
 6229   1   3  2s2p3          2s2_2p4f       -4.60E-03 -1.48E+06 4.554E+03
 6230   1   4  2s2p3          2s2_2p5p      -1.03E-03 -3.58E+05 4.380E+03
 6231   1   5  2s2p3          2s2_2p5f       -2.78E-03 -1.11E+06 4.095E+03
 6232   1   6  2s2p3          2s2_2p6p      -5.63E-04 -2.33E+05 4.018E+03
 6233   1   7  2s2p3          2s2_2p6f       -1.69E-03 -7.48E+05 3.882E+03
 6234   1   8  2s2p3          2s2_2p7p      -3.39E-04 -1.53E+05 3.841E+03
 6235   1   9  2s2p3          2s2_2p7f       -1.09E-03 -5.13E+05 3.764E+03
 6236   1  10  2s2p3          2s2_2p8p      -2.20E-04 -1.05E+05 3.739E+03
 6237   1  11  2s2p3          2s2_2p8f       -7.36E-04 -3.60E+05 3.691E+03
 6238   1  12  2s2p3          2s2_2p9p      -1.50E-04 -7.41E+04 3.675E+03
 6239   1  13  2s2p3          2s2_2p9f       -5.21E-04 -2.62E+05 3.643E+03
 6240   1  14  2s2p3          2s2_2p10p      -1.07E-04 -5.41E+04 3.632E+03
 6241   2   1  2s2_2p3d       2s2_2p3p       2.23E+00  1.52E+08 9.895E+03
 6242   2   2  2s2_2p3d       2s2_2p4p      -6.88E-01 -2.66E+06 4.156E+04
 6243   2   3  2s2_2p3d       2s2_2p4f       -1.53E+00 -3.48E+07 1.712E+04
 6244   2   4  2s2_2p3d       2s2_2p5p      -2.07E-02 -6.21E+05 1.491E+04
 6245   2   5  2s2_2p3d       2s2_2p5f       -2.80E-01 -1.29E+07 1.205E+04
 6246   2   6  2s2_2p3d       2s2_2p6p      -6.62E-03 -3.39E+05 1.141E+04
 6247   2   7  2s2_2p3d       2s2_2p6f       -1.03E-01 -6.38E+06 1.037E+04
 6248   2   8  2s2_2p3d       2s2_2p7p      -3.18E-03 -2.09E+05 1.008E+04
 6249   2   9  2s2_2p3d       2s2_2p7f       -5.06E-02 -3.68E+06 9.572E+03
 6250   2  10  2s2_2p3d       2s2_2p8p      -1.82E-03 -1.37E+05 9.412E+03
 6251   2  11  2s2_2p3d       2s2_2p8f       -2.91E-02 -2.34E+06 9.115E+03
 6252   2  12  2s2_2p3d       2s2_2p9p      -1.15E-03 -9.44E+04 9.016E+03
 6253   2  13  2s2_2p3d       2s2_2p9f       -1.85E-02 -1.58E+06 8.826E+03
 6254   2  14  2s2_2p3d       2s2_2p10p      -7.80E-04 -6.78E+04 8.760E+03
 6255   3   1  2s2_2p4d       2s2_2p3p       1.00E-01  1.65E+07 6.364E+03
 6256   3   2  2s2_2p4d       2s2_2p4p       2.83E+00  1.93E+07 3.124E+04
 6257   3   3  2s2_2p4d       2s2_2p4f       -1.87E-01 -6.75E+03 4.300E+05
 6258   3   4  2s2_2p4d       2s2_2p5p      -1.35E+00 -1.09E+06 9.075E+04
 6259   3   5  2s2_2p4d       2s2_2p5f       -1.19E+00 -5.76E+06 3.711E+04
 6260   3   6  2s2_2p4d       2s2_2p6p      -4.13E-02 -2.75E+05 3.164E+04
 6261   3   7  2s2_2p4d       2s2_2p6f       -2.97E-01 -3.22E+06 2.480E+04
 6262   3   8  2s2_2p4d       2s2_2p7p      -1.24E-02 -1.54E+05 2.320E+04
 6263   3   9  2s2_2p4d       2s2_2p7f       -1.23E-01 -1.92E+06 2.066E+04
 6264   3  10  2s2_2p4d       2s2_2p8p      -5.81E-03 -9.76E+04 1.993E+04
 6265   3  11  2s2_2p4d       2s2_2p8f       -6.50E-02 -1.25E+06 1.864E+04
 6266   3  12  2s2_2p4d       2s2_2p9p      -3.30E-03 -6.62E+04 1.823E+04
 6267   3  13  2s2_2p4d       2s2_2p9f       -3.91E-02 -8.54E+05 1.747E+04
 6268   3  14  2s2_2p4d       2s2_2p10p      -2.10E-03 -4.73E+04 1.722E+04
 6269   4   1  2s2_2p5d       2s2_2p3p       1.79E-02  3.99E+06 5.469E+03
 6270   4   2  2s2_2p5d       2s2_2p4p       1.73E-01  3.84E+06 1.733E+04
 6271   4   3  2s2_2p5d       2s2_2p4f        4.37E-02  1.59E+05 4.276E+04
 6272   4   4  2s2_2p5d       2s2_2p5p       3.43E+00  4.94E+06 6.807E+04
 6273   4   5  2s2_2p5d       2s2_2p5f       -3.53E-01 -3.59E+03 8.101E+05
 6274   4   6  2s2_2p5d       2s2_2p6p      -1.99E+00 -4.61E+05 1.697E+05
 6275   4   7  2s2_2p5d       2s2_2p6f       -1.05E+00 -1.50E+06 6.843E+04
 6276   4   8  2s2_2p5d       2s2_2p7p      -5.90E-02 -1.19E+05 5.752E+04
 6277   4   9  2s2_2p5d       2s2_2p7f       -2.91E-01 -9.99E+05 4.408E+04
 6278   4  10  2s2_2p5d       2s2_2p8p      -1.71E-02 -6.83E+04 4.088E+04
 6279   4  11  2s2_2p5d       2s2_2p8f       -1.28E-01 -6.66E+05 3.581E+04
 6280   4  12  2s2_2p5d       2s2_2p9p      -7.93E-03 -4.49E+04 3.432E+04
 6281   4  13  2s2_2p5d       2s2_2p9f       -6.99E-02 -4.63E+05 3.173E+04
 6282   4  14  2s2_2p5d       2s2_2p10p      -4.50E-03 -3.15E+04 3.089E+04
 6283   5   1  2s2_2p6d       2s2_2p3p       5.54E-03  1.43E+06 5.083E+03
 6284   5   2  2s2_2p6d       2s2_2p4p       4.03E-02  1.38E+06 1.396E+04
 6285   5   3  2s2_2p6d       2s2_2p4f        7.32E-03  6.78E+04 2.683E+04
 6286   5   4  2s2_2p6d       2s2_2p5p       2.40E-01  1.31E+06 3.499E+04
 6287   5   5  2s2_2p6d       2s2_2p5f        1.16E-01  1.24E+05 7.903E+04
 6288   5   6  2s2_2p6d       2s2_2p6p       3.99E+00  1.70E+06 1.251E+05
 6289   5   7  2s2_2p6d       2s2_2p6f       -5.02E-01 -1.76E+03 1.378E+06
 6290   5   8  2s2_2p6d       2s2_2p7p      -2.61E+00 -2.13E+05 2.859E+05
 6291   5   9  2s2_2p6d       2s2_2p7f       -9.81E-01 -5.06E+05 1.137E+05
 6292   5  10  2s2_2p6d       2s2_2p8p      -7.46E-02 -5.57E+04 9.455E+04
 6293   5  11  2s2_2p6d       2s2_2p8f       -2.85E-01 -3.75E+05 7.124E+04
 6294   5  12  2s2_2p6d       2s2_2p9p      -2.11E-02 -3.27E+04 6.559E+04
 6295   5  13  2s2_2p6d       2s2_2p9f       -1.29E-01 -2.67E+05 5.672E+04
 6296   5  14  2s2_2p6d       2s2_2p10p      -9.68E-03 -2.21E+04 5.409E+04
 6297   6   1  2s2_2p7d       2s2_2p3p       2.30E-03  6.45E+05 4.876E+03
 6298   6   2  2s2_2p7d       2s2_2p4p       1.52E-02  6.48E+05 1.251E+04
 6299   6   3  2s2_2p7d       2s2_2p4f        2.59E-03  3.59E+04 2.193E+04
 6300   6   4  2s2_2p7d       2s2_2p5p       6.26E-02  5.69E+05 2.709E+04
 6301   6   5  2s2_2p7d       2s2_2p5f        2.05E-02  6.02E+04 4.764E+04
 6302   6   6  2s2_2p7d       2s2_2p6p       3.03E-01  5.39E+05 6.123E+04
 6303   6   7  2s2_2p7d       2s2_2p6f        2.02E-01  7.80E+04 1.314E+05
 6304   6   8  2s2_2p7d       2s2_2p7p       4.54E+00  7.09E+05 2.067E+05
 6305   6   9  2s2_2p7d       2s2_2p7f       -6.41E-01 -9.08E+02 2.170E+06
 6306   6  10  2s2_2p7d       2s2_2p8p      -3.23E+00 -1.08E+05 4.465E+05
 6307   6  11  2s2_2p7d       2s2_2p8f       -9.51E-01 -2.06E+05 1.754E+05
 6308   6  12  2s2_2p7d       2s2_2p9p      -8.86E-02 -2.82E+04 1.447E+05
 6309   6  13  2s2_2p7d       2s2_2p9f       -2.83E-01 -1.63E+05 1.076E+05
 6310   6  14  2s2_2p7d       2s2_2p10p      -2.45E-02 -1.68E+04 9.851E+04
 6311   7   1  2s2_2p8d       2s2_2p3p       1.15E-03  3.40E+05 4.751E+03
 6312   7   2  2s2_2p8d       2s2_2p4p       7.33E-03  3.56E+05 1.172E+04
 6313   7   3  2s2_2p8d       2s2_2p4f        1.25E-03  2.17E+04 1.961E+04
 6314   7   4  2s2_2p8d       2s2_2p5p       2.54E-02  3.03E+05 2.364E+04
 6315   7   5  2s2_2p8d       2s2_2p5f        7.46E-03  3.46E+04 3.791E+04
 6316   7   6  2s2_2p8d       2s2_2p6p       8.34E-02  2.62E+05 4.603E+04
 6317   7   7  2s2_2p8d       2s2_2p6f        3.69E-02  4.16E+04 7.691E+04
 6318   7   8  2s2_2p8d       2s2_2p7p       3.61E-01  2.52E+05 9.776E+04
 6319   7   9  2s2_2p8d       2s2_2p7f        2.95E-01  4.78E+04 2.028E+05
 6320   7  10  2s2_2p8d       2s2_2p8p       5.08E+00  3.36E+05 3.173E+05
 6321   7  11  2s2_2p8d       2s2_2p8f       -7.73E-01 -4.97E+02 3.222E+06
 6322   7  12  2s2_2p8d       2s2_2p9p      -3.85E+00 -5.92E+04 6.588E+05
 6323   7  13  2s2_2p8d       2s2_2p9f       -9.41E-01 -9.57E+04 2.561E+05
 6324   7  14  2s2_2p8d       2s2_2p10p      -1.01E-01 -1.53E+04 2.101E+05
 6325   8   1  2s2_2p9d       2s2_2p3p       6.57E-04  2.01E+05 4.670E+03
 6326   8   2  2s2_2p9d       2s2_2p4p       4.12E-03  2.18E+05 1.123E+04
 6327   8   3  2s2_2p9d       2s2_2p4f        7.11E-04  1.42E+04 1.829E+04
 6328   8   4  2s2_2p9d       2s2_2p5p       1.29E-02  1.82E+05 2.174E+04
 6329   8   5  2s2_2p9d       2s2_2p5f        3.65E-03  2.20E+04 3.326E+04
 6330   8   6  2s2_2p9d       2s2_2p6p       3.52E-02  1.52E+05 3.936E+04
 6331   8   7  2s2_2p9d       2s2_2p6f        1.37E-02  2.54E+04 5.993E+04
 6332   8   8  2s2_2p9d       2s2_2p7p       1.03E-01  1.33E+05 7.187E+04
 6333   8   9  2s2_2p9d       2s2_2p7f        5.52E-02  2.73E+04 1.161E+05
 6334   8  10  2s2_2p9d       2s2_2p8p       4.17E-01  1.30E+05 1.463E+05
 6335   8  11  2s2_2p9d       2s2_2p8f        3.95E-01  3.00E+04 2.963E+05
 6336   8  12  2s2_2p9d       2s2_2p9p       5.61E+00  1.76E+05 4.614E+05
 6337   8  13  2s2_2p9d       2s2_2p9f       -9.00E-01 -2.87E+02 4.575E+06
 6338   8  14  2s2_2p9d       2s2_2p10p      -4.46E+00 -3.44E+04 9.301E+05
 6339   9   1  2s2_2p10d       2s2_2p3p       4.09E-04  1.28E+05 4.613E+03
 6340   9   2  2s2_2p10d       2s2_2p4p       2.56E-03  1.43E+05 1.091E+04
 6341   9   3  2s2_2p10d       2s2_2p4f        4.49E-04  9.84E+03 1.745E+04
 6342   9   4  2s2_2p10d       2s2_2p5p       7.57E-03  1.19E+05 2.057E+04
 6343   9   5  2s2_2p10d       2s2_2p5f        2.10E-03  1.50E+04 3.058E+04
 6344   9   6  2s2_2p10d       2s2_2p6p       1.85E-02  9.70E+04 3.567E+04
 6345   9   7  2s2_2p10d       2s2_2p6f        6.75E-03  1.68E+04 5.177E+04
 6346   9   8  2s2_2p10d       2s2_2p7p       4.46E-02  8.14E+04 6.044E+04
 6347   9   9  2s2_2p10d       2s2_2p7f        2.07E-02  1.75E+04 8.892E+04
 6348   9  10  2s2_2p10d       2s2_2p8p       1.22E-01  7.29E+04 1.056E+05
 6349   9  11  2s2_2p10d       2s2_2p8f        7.49E-02  1.80E+04 1.665E+05
 6350   9  12  2s2_2p10d       2s2_2p9p       4.72E-01  7.25E+04 2.084E+05
 6351   9  13  2s2_2p10d       2s2_2p9f        4.98E-01  1.93E+04 4.147E+05
 6352   9  14  2s2_2p10d       2s2_2p10p       6.15E+00  9.92E+04 6.432E+05
 6353   1   1  2s2_2p4f       2s2p3           4.31E-02  1.38E+07 4.567E+03
 6354   1   2  2s2_2p4f       2s2_2p3d        1.26E+01  2.81E+08 1.731E+04
 6355   1   3  2s2_2p4f       2s2_2p4d        1.06E+00  2.06E+04 5.859E+05
 6356   1   4  2s2_2p4f       2s2_2p5d       -2.96E-01 -1.14E+06 4.166E+04
 6357   1   5  2s2_2p4f       2s2_2p6d       -5.05E-02 -4.84E+05 2.639E+04
 6358   1   6  2s2_2p4f       2s2_2p7d       -1.79E-02 -2.55E+05 2.163E+04
 6359   1   7  2s2_2p4f       2s2_2p8d       -8.63E-03 -1.53E+05 1.937E+04
 6360   1   8  2s2_2p4f       2s2_2p9d       -4.91E-03 -1.00E+05 1.808E+04
 6361   1   9  2s2_2p4f       2s2_2p10d       -3.10E-03 -6.94E+04 1.726E+04
 6362   2   1  2s2_2p5f       2s2p3           2.53E-02  1.00E+07 4.100E+03
 6363   2   2  2s2_2p5f       2s2_2p3d        2.16E+00  9.85E+07 1.210E+04
 6364   2   3  2s2_2p5f       2s2_2p4d        1.02E+01  4.81E+07 3.760E+04
 6365   2   4  2s2_2p5f       2s2_2p5d        1.96E+00  1.03E+04 1.127E+06
 6366   2   5  2s2_2p5f       2s2_2p6d       -7.51E-01 -8.47E+05 7.691E+04
 6367   2   6  2s2_2p5f       2s2_2p7d       -1.36E-01 -4.13E+05 4.687E+04
 6368   2   7  2s2_2p5f       2s2_2p8d       -4.95E-02 -2.36E+05 3.741E+04
 6369   2   8  2s2_2p5f       2s2_2p9d       -2.43E-02 -1.50E+05 3.288E+04
 6370   2   9  2s2_2p5f       2s2_2p10d       -1.40E-02 -1.02E+05 3.026E+04
 6371   3   1  2s2_2p6f       2s2p3           1.52E-02  6.72E+06 3.885E+03
 6372   3   2  2s2_2p6f       2s2_2p3d        7.74E-01  4.78E+07 1.040E+04
 6373   3   3  2s2_2p6f       2s2_2p4d        2.41E+00  2.59E+07 2.493E+04
 6374   3   4  2s2_2p6f       2s2_2p5d        9.19E+00  1.27E+07 6.940E+04
 6375   3   5  2s2_2p6f       2s2_2p6d        2.79E+00  5.05E+03 1.919E+06
 6376   3   6  2s2_2p6f       2s2_2p7d       -1.30E+00 -5.30E+05 1.280E+05
 6377   3   7  2s2_2p6f       2s2_2p8d       -2.43E-01 -2.83E+05 7.572E+04
 6378   3   8  2s2_2p6f       2s2_2p9d       -9.05E-02 -1.72E+05 5.920E+04
 6379   3   9  2s2_2p6f       2s2_2p10d       -4.48E-02 -1.14E+05 5.122E+04
 6380   4   1  2s2_2p7f       2s2p3           9.74E-03  4.58E+06 3.766E+03
 6381   4   2  2s2_2p7f       2s2_2p3d        3.75E-01  2.72E+07 9.584E+03
 6382   4   3  2s2_2p7f       2s2_2p4d        9.81E-01  1.52E+07 2.072E+04
 6383   4   4  2s2_2p7f       2s2_2p5d        2.42E+00  8.21E+06 4.433E+04
 6384   4   5  2s2_2p7f       2s2_2p6d        8.73E+00  4.37E+06 1.154E+05
 6385   4   6  2s2_2p7f       2s2_2p7d        3.57E+00  2.61E+03 3.021E+06
 6386   4   7  2s2_2p7f       2s2_2p8d       -1.91E+00 -3.26E+05 1.976E+05
 6387   4   8  2s2_2p7f       2s2_2p9d       -3.67E-01 -1.87E+05 1.143E+05
 6388   4   9  2s2_2p7f       2s2_2p10d       -1.38E-01 -1.19E+05 8.791E+04
 6389   5   1  2s2_2p8f       2s2p3           6.57E-03  3.21E+06 3.692E+03
 6390   5   2  2s2_2p8f       2s2_2p3d        2.14E-01  1.72E+07 9.122E+03
 6391   5   3  2s2_2p8f       2s2_2p4d        5.09E-01  9.74E+06 1.867E+04
 6392   5   4  2s2_2p8f       2s2_2p5d        1.04E+00  5.38E+06 3.592E+04
 6393   5   5  2s2_2p8f       2s2_2p6d        2.41E+00  3.13E+06 7.168E+04
 6394   5   6  2s2_2p8f       2s2_2p7d        8.54E+00  1.80E+06 1.781E+05
 6395   5   7  2s2_2p8f       2s2_2p8d        4.31E+00  1.43E+03 4.483E+06
 6396   5   8  2s2_2p8f       2s2_2p9d       -2.57E+00 -2.05E+05 2.888E+05
 6397   5   9  2s2_2p8f       2s2_2p10d       -5.00E-01 -1.24E+05 1.641E+05
 6398   6   1  2s2_2p9f       2s2p3           4.64E-03  2.33E+06 3.644E+03
 6399   6   2  2s2_2p9f       2s2_2p3d        1.35E-01  1.15E+07 8.831E+03
 6400   6   3  2s2_2p9f       2s2_2p4d        3.04E-01  6.63E+06 1.749E+04
 6401   6   4  2s2_2p9f       2s2_2p5d        5.63E-01  3.72E+06 3.179E+04
 6402   6   5  2s2_2p9f       2s2_2p6d        1.07E+00  2.20E+06 5.692E+04
 6403   6   6  2s2_2p9f       2s2_2p7d        2.42E+00  1.38E+06 1.083E+05
 6404   6   7  2s2_2p9f       2s2_2p8d        8.52E+00  8.39E+05 2.602E+05
 6405   6   8  2s2_2p9f       2s2_2p9d        5.03E+00  8.28E+02 6.364E+06
 6406   6   9  2s2_2p9f       2s2_2p10d       -3.26E+00 -1.33E+05 4.044E+05
 6407   7   1  2s2_2p10f       2s2p3           3.39E-03  1.74E+06 3.610E+03
 6408   7   2  2s2_2p10f       2s2_2p3d        9.11E-02  8.15E+06 8.633E+03
 6409   7   3  2s2_2p10f       2s2_2p4d        1.98E-01  4.72E+06 1.673E+04
 6410   7   4  2s2_2p10f       2s2_2p5d        3.44E-01  2.66E+06 2.937E+04
 6411   7   5  2s2_2p10f       2s2_2p6d        5.91E-01  1.60E+06 4.961E+04
 6412   7   6  2s2_2p10f       2s2_2p7d        1.09E+00  1.02E+06 8.459E+04
 6413   7   7  2s2_2p10f       2s2_2p8d        2.44E+00  6.73E+05 1.555E+05
 6414   7   8  2s2_2p10f       2s2_2p9d        8.60E+00  4.32E+05 3.643E+05
 6415   7   9  2s2_2p10f       2s2_2p10d        5.73E+00  5.04E+02 8.712E+06
 6416   1   1  2s2_2p3d       2s2_2p4f       -1.52E+00 -3.54E+07 1.692E+04
 6417   1   2  2s2_2p3d       2s2_2p5f       -2.78E-01 -1.31E+07 1.191E+04
 6418   1   3  2s2_2p3d       2s2_2p6f       -1.02E-01 -6.47E+06 1.026E+04
 6419   1   4  2s2_2p3d       2s2_2p7f       -5.02E-02 -3.74E+06 9.464E+03
 6420   1   5  2s2_2p3d       2s2_2p8f       -2.89E-02 -2.37E+06 9.014E+03
 6421   1   6  2s2_2p3d       2s2_2p9f       -1.84E-02 -1.61E+06 8.729E+03
 6422   1   7  2s2_2p3d       2s2_2p10f       -1.25E-02 -1.14E+06 8.536E+03
 6423   2   1  2s2_2p4d       2s2_2p4f       -2.13E-01 -1.05E+04 3.681E+05
 6424   2   2  2s2_2p4d       2s2_2p5f       -1.16E+00 -5.90E+06 3.622E+04
 6425   2   3  2s2_2p4d       2s2_2p6f       -2.93E-01 -3.31E+06 2.431E+04
 6426   2   4  2s2_2p4d       2s2_2p7f       -1.23E-01 -1.99E+06 2.029E+04
 6427   2   5  2s2_2p4d       2s2_2p8f       -6.49E-02 -1.29E+06 1.833E+04
 6428   2   6  2s2_2p4d       2s2_2p9f       -3.91E-02 -8.83E+05 1.719E+04
 6429   2   7  2s2_2p4d       2s2_2p10f       -2.57E-02 -6.33E+05 1.646E+04
 6430   3   1  2s2_2p5d       2s2_2p4f        5.08E-02  1.86E+05 4.268E+04
 6431   3   2  2s2_2p5d       2s2_2p5f       -4.07E-01 -5.77E+03 6.861E+05
 6432   3   3  2s2_2p5d       2s2_2p6f       -9.93E-01 -1.49E+06 6.676E+04
 6433   3   4  2s2_2p5d       2s2_2p7f       -2.83E-01 -1.01E+06 4.324E+04
 6434   3   5  2s2_2p5d       2s2_2p8f       -1.26E-01 -6.78E+05 3.520E+04
 6435   3   6  2s2_2p5d       2s2_2p9f       -6.89E-02 -4.71E+05 3.122E+04
 6436   3   7  2s2_2p5d       2s2_2p10f       -4.27E-02 -3.41E+05 2.889E+04
 6437   4   1  2s2_2p5g       2s2_2p4f        1.74E+00  7.36E+06 3.971E+04
 6438   4   2  2s2_2p5g       2s2_2p5f        3.33E-02  1.86E+01 3.453E+06
 6439   4   3  2s2_2p5g       2s2_2p6f       -1.56E-02 -1.82E+04 7.557E+04
 6440   4   4  2s2_2p5g       2s2_2p7f       -2.43E-03 -7.41E+03 4.677E+04
 6441   4   5  2s2_2p5g       2s2_2p8f       -8.00E-04 -3.79E+03 3.751E+04
 6442   4   6  2s2_2p5g       2s2_2p9f       -3.66E-04 -2.24E+03 3.302E+04
 6443   4   7  2s2_2p5g       2s2_2p10f       -2.00E-04 -1.44E+03 3.042E+04
 6444   5   1  2s2_2p6d       2s2_2p4f        8.29E-03  7.80E+04 2.663E+04
 6445   5   2  2s2_2p6d       2s2_2p5f        1.24E-01  1.33E+05 7.901E+04
 6446   5   3  2s2_2p6d       2s2_2p6f       -5.82E-01 -2.90E+03 1.156E+06
 6447   5   4  2s2_2p6d       2s2_2p7f       -9.11E-01 -4.93E+05 1.110E+05
 6448   5   5  2s2_2p6d       2s2_2p8f       -2.73E-01 -3.72E+05 6.996E+04
 6449   5   6  2s2_2p6d       2s2_2p9f       -1.25E-01 -2.68E+05 5.582E+04
 6450   5   7  2s2_2p6d       2s2_2p10f       -7.03E-02 -1.97E+05 4.878E+04
 6451   6   1  2s2_2p6g       2s2_2p4f        2.48E-01  2.46E+06 2.591E+04
 6452   6   2  2s2_2p6g       2s2_2p5f        1.49E+00  1.87E+06 7.300E+04
 6453   6   3  2s2_2p6g       2s2_2p6f        6.56E-02  1.37E+01 5.650E+06
 6454   6   4  2s2_2p6g       2s2_2p7f       -4.29E-02 -1.82E+04 1.255E+05
 6455   6   5  2s2_2p6g       2s2_2p8f       -7.35E-03 -8.61E+03 7.546E+04
 6456   6   6  2s2_2p6g       2s2_2p9f       -2.55E-03 -4.84E+03 5.927E+04
 6457   6   7  2s2_2p6g       2s2_2p10f       -1.20E-03 -3.03E+03 5.139E+04
 6458   7   1  2s2_2p7d       2s2_2p4f        2.93E-03  4.14E+04 2.174E+04
 6459   7   2  2s2_2p7d       2s2_2p5f        2.16E-02  6.42E+04 4.736E+04
 6460   7   3  2s2_2p7d       2s2_2p6f        2.12E-01  8.15E+04 1.317E+05
 6461   7   4  2s2_2p7d       2s2_2p7f       -7.45E-01 -1.52E+03 1.811E+06
 6462   7   5  2s2_2p7d       2s2_2p8f       -8.70E-01 -1.98E+05 1.714E+05
 6463   7   6  2s2_2p7d       2s2_2p9f       -2.67E-01 -1.59E+05 1.058E+05
 6464   7   7  2s2_2p7d       2s2_2p10f       -1.25E-01 -1.21E+05 8.304E+04
 6465   8   1  2s2_2p7g       2s2_2p4f        8.16E-02  1.19E+06 2.143E+04
 6466   8   2  2s2_2p7g       2s2_2p5f        3.03E-01  9.59E+05 4.591E+04
 6467   8   3  2s2_2p7g       2s2_2p6f        1.37E+00  6.24E+05 1.211E+05
 6468   8   4  2s2_2p7g       2s2_2p7f        9.69E-02  8.48E+00 8.729E+06
 6469   8   5  2s2_2p7g       2s2_2p8f       -7.74E-02 -1.38E+04 1.935E+05
 6470   8   6  2s2_2p7g       2s2_2p9f       -1.40E-02 -7.21E+03 1.138E+05
 6471   8   7  2s2_2p7g       2s2_2p10f       -4.99E-03 -4.31E+03 8.791E+04
 6472   9   1  2s2_2p8d       2s2_2p4f        1.41E-03  2.49E+04 1.943E+04
 6473   9   2  2s2_2p8d       2s2_2p5f        7.81E-03  3.68E+04 3.762E+04
 6474   9   3  2s2_2p8d       2s2_2p6f        3.81E-02  4.33E+04 7.659E+04
 6475   9   4  2s2_2p8d       2s2_2p7f        3.10E-01  4.98E+04 2.037E+05
 6476   9   5  2s2_2p8d       2s2_2p8f       -8.98E-01 -8.33E+02 2.681E+06
 6477   9   6  2s2_2p8d       2s2_2p9f       -8.50E-01 -9.04E+04 2.505E+05
 6478   9   7  2s2_2p8d       2s2_2p10f       -2.65E-01 -7.65E+04 1.520E+05
 6479  10   1  2s2_2p8g       2s2_2p4f        3.77E-02  6.78E+05 1.926E+04
 6480  10   2  2s2_2p8g       2s2_2p5f        1.14E-01  5.56E+05 3.700E+04
 6481  10   3  2s2_2p8g       2s2_2p6f        3.19E-01  3.88E+05 7.403E+04
 6482  10   4  2s2_2p8g       2s2_2p7f        1.32E+00  2.53E+05 1.865E+05
 6483  10   5  2s2_2p8g       2s2_2p8f        1.25E-01  5.06E+00 1.284E+07
 6484  10   6  2s2_2p8g       2s2_2p9f       -1.17E-01 -9.79E+03 2.824E+05
 6485  10   7  2s2_2p8g       2s2_2p10f       -2.19E-02 -5.49E+03 1.632E+05
 6486  11   1  2s2_2p9d       2s2_2p4f        8.05E-04  1.64E+04 1.812E+04
 6487  11   2  2s2_2p9d       2s2_2p5f        3.82E-03  2.34E+04 3.299E+04
 6488  11   3  2s2_2p9d       2s2_2p6f        1.40E-02  2.63E+04 5.957E+04
 6489  11   4  2s2_2p9d       2s2_2p7f        5.67E-02  2.82E+04 1.157E+05
 6490  11   5  2s2_2p9d       2s2_2p8f        4.14E-01  3.11E+04 2.979E+05
 6491  11   6  2s2_2p9d       2s2_2p9f       -1.05E+00 -4.85E+02 3.799E+06
 6492  11   7  2s2_2p9d       2s2_2p10f       -8.44E-01 -4.58E+04 3.508E+05
 6493  12   1  2s2_2p9g       2s2_2p4f        2.09E-02  4.30E+05 1.801E+04
 6494  12   2  2s2_2p9g       2s2_2p5f        5.70E-02  3.57E+05 3.265E+04
 6495  12   3  2s2_2p9g       2s2_2p6f        1.29E-01  2.52E+05 5.846E+04
 6496  12   4  2s2_2p9g       2s2_2p7f        3.26E-01  1.74E+05 1.116E+05
 6497  12   5  2s2_2p9g       2s2_2p8f        1.29E+00  1.16E+05 2.721E+05
 6498  12   6  2s2_2p9g       2s2_2p9f        1.50E-01  3.06E+00 1.808E+07
 6499  12   7  2s2_2p9g       2s2_2p10f       -1.60E-01 -6.84E+03 3.949E+05
 6500  13   1  2s2_2p10d       2s2_2p4f        5.10E-04  1.14E+04 1.728E+04
 6501  13   2  2s2_2p10d       2s2_2p5f        2.20E-03  1.59E+04 3.033E+04
 6502  13   3  2s2_2p10d       2s2_2p6f        6.92E-03  1.75E+04 5.143E+04
 6503  13   4  2s2_2p10d       2s2_2p7f        2.11E-02  1.80E+04 8.851E+04
 6504  13   5  2s2_2p10d       2s2_2p8f        7.68E-02  1.85E+04 1.663E+05
 6505  13   6  2s2_2p10d       2s2_2p9f        5.22E-01  2.00E+04 4.175E+05
 6506  13   7  2s2_2p10d       2s2_2p10f       -1.19E+00 -2.94E+02 5.193E+06
 6507   1   1  2s2_2p5g       2s2_2p4f        2.61E+01  1.10E+08 3.979E+04
 6508   1   2  2s2_2p5g       2s2_2p5f        4.21E-01  1.63E+02 4.156E+06
 6509   1   3  2s2_2p5g       2s2_2p6f       -2.26E-01 -2.66E+05 7.529E+04
 6510   1   4  2s2_2p5g       2s2_2p7f       -3.56E-02 -1.09E+05 4.667E+04
 6511   1   5  2s2_2p5g       2s2_2p8f       -1.18E-02 -5.62E+04 3.744E+04
 6512   1   6  2s2_2p5g       2s2_2p9f       -5.42E-03 -3.33E+04 3.297E+04
 6513   1   7  2s2_2p5g       2s2_2p10f       -2.98E-03 -2.15E+04 3.038E+04
 6514   2   1  2s2_2p6g       2s2_2p4f        3.69E+00  3.66E+07 2.594E+04
 6515   2   2  2s2_2p6g       2s2_2p5f        2.26E+01  2.81E+07 7.323E+04
 6516   2   3  2s2_2p6g       2s2_2p6f        7.46E-01  8.92E+01 7.470E+06
 6517   2   4  2s2_2p6g       2s2_2p7f       -5.93E-01 -2.54E+05 1.248E+05
 6518   2   5  2s2_2p6g       2s2_2p8f       -1.02E-01 -1.20E+05 7.521E+04
 6519   2   6  2s2_2p6g       2s2_2p9f       -3.52E-02 -6.72E+04 5.912E+04
 6520   2   7  2s2_2p6g       2s2_2p10f       -1.66E-02 -4.21E+04 5.127E+04
 6521   3   1  2s2_2p7g       2s2_2p4f        1.20E+00  1.74E+07 2.144E+04
 6522   3   2  2s2_2p7g       2s2_2p5f        4.53E+00  1.43E+07 4.597E+04
 6523   3   3  2s2_2p7g       2s2_2p6f        2.09E+01  9.44E+06 1.215E+05
 6524   3   4  2s2_2p7g       2s2_2p7f        1.02E+00  4.60E+01 1.217E+07
 6525   3   5  2s2_2p7g       2s2_2p8f       -1.06E+00 -1.91E+05 1.923E+05
 6526   3   6  2s2_2p7g       2s2_2p9f       -1.92E-01 -9.96E+04 1.134E+05
 6527   3   7  2s2_2p7g       2s2_2p10f       -6.82E-02 -5.92E+04 8.766E+04
 6528   4   1  2s2_2p8g       2s2_2p4f        5.51E-01  9.90E+06 1.927E+04
 6529   4   2  2s2_2p8g       2s2_2p5f        1.70E+00  8.27E+06 3.703E+04
 6530   4   3  2s2_2p8g       2s2_2p6f        4.79E+00  5.81E+06 7.416E+04
 6531   4   4  2s2_2p8g       2s2_2p7f        2.01E+01  3.82E+06 1.874E+05
 6532   4   5  2s2_2p8g       2s2_2p8f        1.28E+00  2.51E+01 1.845E+07
 6533   4   6  2s2_2p8g       2s2_2p9f       -1.60E+00 -1.36E+05 2.805E+05
 6534   4   7  2s2_2p8g       2s2_2p10f       -3.00E-01 -7.58E+04 1.625E+05
 6535   5   1  2s2_2p9g       2s2_2p4f        3.04E-01  6.25E+06 1.802E+04
 6536   5   2  2s2_2p9g       2s2_2p5f        8.41E-01  5.26E+06 3.267E+04
 6537   5   3  2s2_2p9g       2s2_2p6f        1.93E+00  3.76E+06 5.852E+04
 6538   5   4  2s2_2p9g       2s2_2p7f        4.92E+00  2.62E+06 1.119E+05
 6539   5   5  2s2_2p9g       2s2_2p8f        1.98E+01  1.77E+06 2.734E+05
 6540   5   6  2s2_2p9g       2s2_2p9f        1.52E+00  1.44E+01 2.649E+07
 6541   5   7  2s2_2p9g       2s2_2p10f       -2.19E+00 -9.50E+04 3.922E+05
 6542   6   1  2s2_2p10g       2s2_2p4f        1.88E-01  4.23E+06 1.722E+04
 6543   6   2  2s2_2p10g       2s2_2p5f        4.86E-01  3.57E+06 3.013E+04
 6544   6   3  2s2_2p10g       2s2_2p6f        9.97E-01  2.57E+06 5.085E+04
 6545   6   4  2s2_2p10g       2s2_2p7f        2.06E+00  1.82E+06 8.682E+04
 6546   6   5  2s2_2p10g       2s2_2p8f        5.00E+00  1.30E+06 1.604E+05
 6547   6   6  2s2_2p10g       2s2_2p9f        1.98E+01  9.03E+05 3.824E+05
 6548   6   7  2s2_2p10g       2s2_2p10f        1.76E+00  8.76E+00 3.660E+07
 6549   1   1  2s2_2p3d       2s2_2p4f       -1.52E+00 -3.54E+07 1.692E+04
 6550   1   2  2s2_2p3d       2s2_2p5f       -2.78E-01 -1.31E+07 1.191E+04
 6551   1   3  2s2_2p3d       2s2_2p6f       -1.02E-01 -6.47E+06 1.026E+04
 6552   1   4  2s2_2p3d       2s2_2p7f       -5.02E-02 -3.74E+06 9.464E+03
 6553   1   5  2s2_2p3d       2s2_2p8f       -2.89E-02 -2.37E+06 9.014E+03
 6554   1   6  2s2_2p3d       2s2_2p9f       -1.84E-02 -1.61E+06 8.729E+03
 6555   1   7  2s2_2p3d       2s2_2p10f       -1.25E-02 -1.14E+06 8.536E+03
 6556   2   1  2s2_2p4d       2s2_2p4f       -2.13E-01 -1.05E+04 3.681E+05
 6557   2   2  2s2_2p4d       2s2_2p5f       -1.16E+00 -5.90E+06 3.622E+04
 6558   2   3  2s2_2p4d       2s2_2p6f       -2.93E-01 -3.31E+06 2.431E+04
 6559   2   4  2s2_2p4d       2s2_2p7f       -1.23E-01 -1.99E+06 2.029E+04
 6560   2   5  2s2_2p4d       2s2_2p8f       -6.49E-02 -1.29E+06 1.833E+04
 6561   2   6  2s2_2p4d       2s2_2p9f       -3.91E-02 -8.83E+05 1.719E+04
 6562   2   7  2s2_2p4d       2s2_2p10f       -2.57E-02 -6.33E+05 1.646E+04
 6563   3   1  2s2_2p5d       2s2_2p4f        5.08E-02  1.86E+05 4.268E+04
 6564   3   2  2s2_2p5d       2s2_2p5f       -4.07E-01 -5.77E+03 6.861E+05
 6565   3   3  2s2_2p5d       2s2_2p6f       -9.93E-01 -1.49E+06 6.676E+04
 6566   3   4  2s2_2p5d       2s2_2p7f       -2.83E-01 -1.01E+06 4.324E+04
 6567   3   5  2s2_2p5d       2s2_2p8f       -1.26E-01 -6.78E+05 3.520E+04
 6568   3   6  2s2_2p5d       2s2_2p9f       -6.89E-02 -4.71E+05 3.122E+04
 6569   3   7  2s2_2p5d       2s2_2p10f       -4.27E-02 -3.41E+05 2.889E+04
 6570   4   1  2s2_2p5g       2s2_2p4f        1.74E+00  7.36E+06 3.971E+04
 6571   4   2  2s2_2p5g       2s2_2p5f        3.33E-02  1.86E+01 3.453E+06
 6572   4   3  2s2_2p5g       2s2_2p6f       -1.56E-02 -1.82E+04 7.557E+04
 6573   4   4  2s2_2p5g       2s2_2p7f       -2.43E-03 -7.41E+03 4.677E+04
 6574   4   5  2s2_2p5g       2s2_2p8f       -8.00E-04 -3.79E+03 3.751E+04
 6575   4   6  2s2_2p5g       2s2_2p9f       -3.66E-04 -2.24E+03 3.302E+04
 6576   4   7  2s2_2p5g       2s2_2p10f       -2.00E-04 -1.44E+03 3.042E+04
 6577   5   1  2s2_2p6d       2s2_2p4f        8.29E-03  7.80E+04 2.663E+04
 6578   5   2  2s2_2p6d       2s2_2p5f        1.24E-01  1.33E+05 7.901E+04
 6579   5   3  2s2_2p6d       2s2_2p6f       -5.82E-01 -2.90E+03 1.156E+06
 6580   5   4  2s2_2p6d       2s2_2p7f       -9.11E-01 -4.93E+05 1.110E+05
 6581   5   5  2s2_2p6d       2s2_2p8f       -2.73E-01 -3.72E+05 6.996E+04
 6582   5   6  2s2_2p6d       2s2_2p9f       -1.25E-01 -2.68E+05 5.582E+04
 6583   5   7  2s2_2p6d       2s2_2p10f       -7.03E-02 -1.97E+05 4.878E+04
 6584   6   1  2s2_2p6g       2s2_2p4f        2.48E-01  2.46E+06 2.591E+04
 6585   6   2  2s2_2p6g       2s2_2p5f        1.49E+00  1.87E+06 7.300E+04
 6586   6   3  2s2_2p6g       2s2_2p6f        6.56E-02  1.37E+01 5.650E+06
 6587   6   4  2s2_2p6g       2s2_2p7f       -4.29E-02 -1.82E+04 1.255E+05
 6588   6   5  2s2_2p6g       2s2_2p8f       -7.35E-03 -8.61E+03 7.546E+04
 6589   6   6  2s2_2p6g       2s2_2p9f       -2.55E-03 -4.84E+03 5.927E+04
 6590   6   7  2s2_2p6g       2s2_2p10f       -1.20E-03 -3.03E+03 5.139E+04
 6591   7   1  2s2_2p7d       2s2_2p4f        2.93E-03  4.14E+04 2.174E+04
 6592   7   2  2s2_2p7d       2s2_2p5f        2.16E-02  6.42E+04 4.736E+04
 6593   7   3  2s2_2p7d       2s2_2p6f        2.12E-01  8.15E+04 1.317E+05
 6594   7   4  2s2_2p7d       2s2_2p7f       -7.45E-01 -1.52E+03 1.811E+06
 6595   7   5  2s2_2p7d       2s2_2p8f       -8.70E-01 -1.98E+05 1.714E+05
 6596   7   6  2s2_2p7d       2s2_2p9f       -2.67E-01 -1.59E+05 1.058E+05
 6597   7   7  2s2_2p7d       2s2_2p10f       -1.25E-01 -1.21E+05 8.304E+04
 6598   8   1  2s2_2p7g       2s2_2p4f        8.16E-02  1.19E+06 2.143E+04
 6599   8   2  2s2_2p7g       2s2_2p5f        3.03E-01  9.59E+05 4.591E+04
 6600   8   3  2s2_2p7g       2s2_2p6f        1.37E+00  6.24E+05 1.211E+05
 6601   8   4  2s2_2p7g       2s2_2p7f        9.69E-02  8.48E+00 8.729E+06
 6602   8   5  2s2_2p7g       2s2_2p8f       -7.74E-02 -1.38E+04 1.935E+05
 6603   8   6  2s2_2p7g       2s2_2p9f       -1.40E-02 -7.21E+03 1.138E+05
 6604   8   7  2s2_2p7g       2s2_2p10f       -4.99E-03 -4.31E+03 8.791E+04
 6605   9   1  2s2_2p8d       2s2_2p4f        1.41E-03  2.49E+04 1.943E+04
 6606   9   2  2s2_2p8d       2s2_2p5f        7.81E-03  3.68E+04 3.762E+04
 6607   9   3  2s2_2p8d       2s2_2p6f        3.81E-02  4.33E+04 7.659E+04
 6608   9   4  2s2_2p8d       2s2_2p7f        3.10E-01  4.98E+04 2.037E+05
 6609   9   5  2s2_2p8d       2s2_2p8f       -8.98E-01 -8.33E+02 2.681E+06
 6610   9   6  2s2_2p8d       2s2_2p9f       -8.50E-01 -9.04E+04 2.505E+05
 6611   9   7  2s2_2p8d       2s2_2p10f       -2.65E-01 -7.65E+04 1.520E+05
 6612  10   1  2s2_2p8g       2s2_2p4f        3.77E-02  6.78E+05 1.926E+04
 6613  10   2  2s2_2p8g       2s2_2p5f        1.14E-01  5.56E+05 3.700E+04
 6614  10   3  2s2_2p8g       2s2_2p6f        3.19E-01  3.88E+05 7.403E+04
 6615  10   4  2s2_2p8g       2s2_2p7f        1.32E+00  2.53E+05 1.865E+05
 6616  10   5  2s2_2p8g       2s2_2p8f        1.25E-01  5.06E+00 1.284E+07
 6617  10   6  2s2_2p8g       2s2_2p9f       -1.17E-01 -9.79E+03 2.824E+05
 6618  10   7  2s2_2p8g       2s2_2p10f       -2.19E-02 -5.49E+03 1.632E+05
 6619  11   1  2s2_2p9d       2s2_2p4f        8.05E-04  1.64E+04 1.812E+04
 6620  11   2  2s2_2p9d       2s2_2p5f        3.82E-03  2.34E+04 3.299E+04
 6621  11   3  2s2_2p9d       2s2_2p6f        1.40E-02  2.63E+04 5.957E+04
 6622  11   4  2s2_2p9d       2s2_2p7f        5.67E-02  2.82E+04 1.157E+05
 6623  11   5  2s2_2p9d       2s2_2p8f        4.14E-01  3.11E+04 2.979E+05
 6624  11   6  2s2_2p9d       2s2_2p9f       -1.05E+00 -4.85E+02 3.799E+06
 6625  11   7  2s2_2p9d       2s2_2p10f       -8.44E-01 -4.58E+04 3.508E+05
 6626  12   1  2s2_2p9g       2s2_2p4f        2.09E-02  4.30E+05 1.801E+04
 6627  12   2  2s2_2p9g       2s2_2p5f        5.70E-02  3.57E+05 3.265E+04
 6628  12   3  2s2_2p9g       2s2_2p6f        1.29E-01  2.52E+05 5.846E+04
 6629  12   4  2s2_2p9g       2s2_2p7f        3.26E-01  1.74E+05 1.116E+05
 6630  12   5  2s2_2p9g       2s2_2p8f        1.29E+00  1.16E+05 2.721E+05
 6631  12   6  2s2_2p9g       2s2_2p9f        1.50E-01  3.06E+00 1.808E+07
 6632  12   7  2s2_2p9g       2s2_2p10f       -1.60E-01 -6.84E+03 3.949E+05
 6633  13   1  2s2_2p10d       2s2_2p4f        5.10E-04  1.14E+04 1.728E+04
 6634  13   2  2s2_2p10d       2s2_2p5f        2.20E-03  1.59E+04 3.033E+04
 6635  13   3  2s2_2p10d       2s2_2p6f        6.92E-03  1.75E+04 5.143E+04
 6636  13   4  2s2_2p10d       2s2_2p7f        2.11E-02  1.80E+04 8.851E+04
 6637  13   5  2s2_2p10d       2s2_2p8f        7.68E-02  1.85E+04 1.663E+05
 6638  13   6  2s2_2p10d       2s2_2p9f        5.22E-01  2.00E+04 4.175E+05
 6639  13   7  2s2_2p10d       2s2_2p10f       -1.19E+00 -2.94E+02 5.193E+06
 6640   1   1  2s2_2p4f       2s2_2p3d        1.72E+01  4.07E+08 1.679E+04
 6641   1   2  2s2_2p4f       2s2_2p4d        2.98E+00  2.00E+05 3.152E+05
 6642   1   3  2s2_2p4f       2s2_2p5d       -6.71E-01 -2.36E+06 4.352E+04
 6643   1   4  2s2_2p4f       2s2_2p5g       -2.60E-02 -1.06E+05 4.045E+04
 6644   1   5  2s2_2p4f       2s2_2p6d       -1.10E-01 -1.01E+06 2.696E+04
 6645   1   6  2s2_2p4f       2s2_2p6g       -3.29E-03 -3.19E+04 2.622E+04
 6646   1   7  2s2_2p4f       2s2_2p7d       -3.91E-02 -5.41E+05 2.195E+04
 6647   1   8  2s2_2p4f       2s2_2p7g       -1.01E-03 -1.44E+04 2.164E+04
 6648   1   9  2s2_2p4f       2s2_2p8d       -1.88E-02 -3.26E+05 1.960E+04
 6649   1  10  2s2_2p4f       2s2_2p8g       -4.48E-04 -7.91E+03 1.943E+04
 6650   1  11  2s2_2p4f       2s2_2p9d       -1.07E-02 -2.14E+05 1.827E+04
 6651   1  12  2s2_2p4f       2s2_2p9g       -2.42E-04 -4.89E+03 1.816E+04
 6652   1  13  2s2_2p4f       2s2_2p10d       -6.77E-03 -1.49E+05 1.742E+04
 6653   2   1  2s2_2p5f       2s2_2p3d        3.27E+00  1.55E+08 1.187E+04
 6654   2   2  2s2_2p5f       2s2_2p4d        1.27E+01  6.58E+07 3.589E+04
 6655   2   3  2s2_2p5f       2s2_2p5d        5.64E+00  1.10E+05 5.842E+05
 6656   2   4  2s2_2p5f       2s2_2p5g       -7.36E-05 -6.20E-04 2.813E+07
 6657   2   5  2s2_2p5f       2s2_2p6d       -1.66E+00 -1.70E+06 8.062E+04
 6658   2   6  2s2_2p5f       2s2_2p6g       -2.35E-02 -2.83E+04 7.437E+04
 6659   2   7  2s2_2p5f       2s2_2p7d       -2.85E-01 -8.27E+05 4.793E+04
 6660   2   8  2s2_2p5f       2s2_2p7g       -4.43E-03 -1.37E+04 4.645E+04
 6661   2   9  2s2_2p5f       2s2_2p8d       -1.03E-01 -4.76E+05 3.799E+04
 6662   2  10  2s2_2p5f       2s2_2p8g       -1.61E-03 -7.70E+03 3.735E+04
 6663   2  11  2s2_2p5f       2s2_2p9d       -5.04E-02 -3.04E+05 3.327E+04
 6664   2  12  2s2_2p5f       2s2_2p9g       -7.82E-04 -4.81E+03 3.292E+04
 6665   2  13  2s2_2p5f       2s2_2p10d       -2.90E-02 -2.07E+05 3.057E+04
 6666   3   1  2s2_2p6f       2s2_2p3d        1.00E+00  6.36E+07 1.024E+04
 6667   3   2  2s2_2p6f       2s2_2p4d        2.73E+00  3.10E+07 2.423E+04
 6668   3   3  2s2_2p6f       2s2_2p5d        8.74E+00  1.33E+07 6.612E+04
 6669   3   4  2s2_2p6f       2s2_2p5g        6.41E+00  7.65E+06 7.476E+04
 6670   3   5  2s2_2p6f       2s2_2p6d        6.62E+00  4.50E+04 9.911E+05
 6671   3   6  2s2_2p6f       2s2_2p6g       -1.59E-02 -1.16E-01 3.028E+07
 6672   3   7  2s2_2p6f       2s2_2p7d       -2.30E+00 -8.52E+05 1.342E+05
 6673   3   8  2s2_2p6f       2s2_2p7g       -1.22E-03 -5.36E+02 1.232E+05
 6674   3   9  2s2_2p6f       2s2_2p8d       -4.05E-01 -4.50E+05 7.744E+04
 6675   3  10  2s2_2p6f       2s2_2p8g       -1.24E-06 -1.48E+00 7.483E+04
 6676   3  11  2s2_2p6f       2s2_2p9d       -1.49E-01 -2.75E+05 6.009E+04
 6677   3  12  2s2_2p6f       2s2_2p9g       -1.57E-05 -3.01E+01 5.896E+04
 6678   3  13  2s2_2p6f       2s2_2p10d       -7.33E-02 -1.82E+05 5.181E+04
 6679   4   1  2s2_2p6h       2s2_2p3d        2.22E-01  1.41E+07 1.024E+04
 6680   4   2  2s2_2p6h       2s2_2p4d        6.06E-01  6.89E+06 2.421E+04
 6681   4   3  2s2_2p6h       2s2_2p5d        1.93E+00  2.96E+06 6.600E+04
 6682   4   4  2s2_2p6h       2s2_2p5g        2.88E+01  3.45E+07 7.460E+04
 6683   4   5  2s2_2p6h       2s2_2p6d        1.52E+00  1.09E+04 9.648E+05
 6684   4   6  2s2_2p6h       2s2_2p6g       -1.47E-02 -2.95E-03 1.822E+08
 6685   4   7  2s2_2p6h       2s2_2p7d       -5.33E-01 -1.96E+05 1.347E+05
 6686   4   8  2s2_2p6h       2s2_2p7g       -1.80E-01 -7.86E+04 1.236E+05
 6687   4   9  2s2_2p6h       2s2_2p8d       -9.35E-02 -1.04E+05 7.761E+04
 6688   4  10  2s2_2p6h       2s2_2p8g       -2.76E-02 -3.27E+04 7.499E+04
 6689   4  11  2s2_2p6h       2s2_2p9d       -3.43E-02 -6.32E+04 6.019E+04
 6690   4  12  2s2_2p6h       2s2_2p9g       -8.90E-03 -1.70E+04 5.906E+04
 6691   4  13  2s2_2p6h       2s2_2p10d       -1.69E-02 -4.19E+04 5.189E+04
 6692   5   1  2s2_2p7f       2s2_2p3d        4.84E-01  3.61E+07 9.456E+03
 6693   5   2  2s2_2p7f       2s2_2p4d        1.12E+00  1.82E+07 2.026E+04
 6694   5   3  2s2_2p7f       2s2_2p5d        2.49E+00  8.95E+06 4.307E+04
 6695   5   4  2s2_2p7f       2s2_2p5g        8.67E-01  2.67E+06 4.658E+04
 6696   5   5  2s2_2p7f       2s2_2p6d        7.64E+00  4.22E+06 1.099E+05
 6697   5   6  2s2_2p7f       2s2_2p6g        6.55E+00  2.84E+06 1.241E+05
 6698   5   7  2s2_2p7f       2s2_2p7d        8.13E+00  2.23E+04 1.558E+06
 6699   5   8  2s2_2p7f       2s2_2p7g       -4.24E-02 -1.75E-01 4.015E+07
 6700   5   9  2s2_2p7f       2s2_2p8d       -3.22E+00 -4.99E+05 2.075E+05
 6701   5  10  2s2_2p7f       2s2_2p8g       -2.83E-02 -5.25E+03 1.897E+05
 6702   5  11  2s2_2p7f       2s2_2p9d       -5.79E-01 -2.82E+05 1.170E+05
 6703   5  12  2s2_2p7f       2s2_2p9g       -3.12E-03 -1.64E+03 1.128E+05
 6704   5  13  2s2_2p7f       2s2_2p10d       -2.15E-01 -1.80E+05 8.922E+04
 6705   6   1  2s2_2p7h       2s2_2p3d        1.27E-01  9.48E+06 9.454E+03
 6706   6   2  2s2_2p7h       2s2_2p4d        2.97E-01  4.83E+06 2.025E+04
 6707   6   3  2s2_2p7h       2s2_2p5d        6.56E-01  2.36E+06 4.303E+04
 6708   6   4  2s2_2p7h       2s2_2p5g        3.35E+00  1.03E+07 4.653E+04
 6709   6   5  2s2_2p7h       2s2_2p6d        2.03E+00  1.13E+06 1.096E+05
 6710   6   6  2s2_2p7h       2s2_2p6g        2.48E+01  1.08E+07 1.237E+05
 6711   6   7  2s2_2p7h       2s2_2p7d        2.16E+00  6.35E+03 1.506E+06
 6712   6   8  2s2_2p7h       2s2_2p7g       -2.23E-02 -1.31E-03 3.374E+08
 6713   6   9  2s2_2p7h       2s2_2p8d       -8.94E-01 -1.37E+05 2.084E+05
 6714   6  10  2s2_2p7h       2s2_2p8g       -4.26E-01 -7.83E+04 1.905E+05
 6715   6  11  2s2_2p7h       2s2_2p9d       -1.60E-01 -7.76E+04 1.173E+05
 6716   6  12  2s2_2p7h       2s2_2p9g       -7.06E-02 -3.69E+04 1.130E+05
 6717   6  13  2s2_2p7h       2s2_2p10d       -5.90E-02 -4.92E+04 8.940E+04
 6718   7   1  2s2_2p8f       2s2_2p3d        2.78E-01  2.28E+07 9.009E+03
 6719   7   2  2s2_2p8f       2s2_2p4d        5.92E-01  1.18E+07 1.831E+04
 6720   7   3  2s2_2p8f       2s2_2p5d        1.11E+00  6.00E+06 3.513E+04
 6721   7   4  2s2_2p8f       2s2_2p5g        2.64E-01  1.26E+06 3.742E+04
 6722   7   5  2s2_2p8f       2s2_2p6d        2.35E+00  3.23E+06 6.967E+04
 6723   7   6  2s2_2p8f       2s2_2p6g        1.19E+00  1.41E+06 7.512E+04
 6724   7   7  2s2_2p8f       2s2_2p7d        7.15E+00  1.66E+06 1.696E+05
 6725   7   8  2s2_2p8f       2s2_2p7g        6.34E+00  1.16E+06 1.913E+05
 6726   7   9  2s2_2p8f       2s2_2p8d        9.60E+00  1.20E+04 2.311E+06
 6727   7  10  2s2_2p8f       2s2_2p8g       -6.94E-02 -1.54E-01 5.490E+07
 6728   7  11  2s2_2p8f       2s2_2p9d       -4.23E+00 -3.07E+05 3.033E+05
 6729   7  12  2s2_2p8f       2s2_2p9g       -7.99E-02 -6.96E+03 2.766E+05
 6730   7  13  2s2_2p8f       2s2_2p10d       -7.71E-01 -1.82E+05 1.679E+05
 6731   8   1  2s2_2p8h       2s2_2p3d        7.58E-02  6.23E+06 9.008E+03
 6732   8   2  2s2_2p8h       2s2_2p4d        1.64E-01  3.27E+06 1.830E+04
 6733   8   3  2s2_2p8h       2s2_2p5d        3.07E-01  1.66E+06 3.511E+04
 6734   8   4  2s2_2p8h       2s2_2p5g        9.86E-01  4.70E+06 3.740E+04
 6735   8   5  2s2_2p8h       2s2_2p6d        6.54E-01  9.01E+05 6.959E+04
 6736   8   6  2s2_2p8h       2s2_2p6g        4.37E+00  5.18E+06 7.503E+04
 6737   8   7  2s2_2p8h       2s2_2p7d        1.99E+00  4.64E+05 1.692E+05
 6738   8   8  2s2_2p8h       2s2_2p7g        2.29E+01  4.20E+06 1.907E+05
 6739   8   9  2s2_2p8h       2s2_2p8d        2.71E+00  3.65E+03 2.227E+06
 6740   8  10  2s2_2p8h       2s2_2p8g       -2.83E-02 -5.82E-04 5.696E+08
 6741   8  11  2s2_2p8h       2s2_2p9d       -1.23E+00 -8.83E+04 3.049E+05
 6742   8  12  2s2_2p8h       2s2_2p9g       -7.36E-01 -6.36E+04 2.779E+05
 6743   8  13  2s2_2p8h       2s2_2p10d       -2.23E-01 -5.25E+04 1.684E+05
 6744   9   1  2s2_2p9f       2s2_2p3d        1.77E-01  1.55E+07 8.726E+03
 6745   9   2  2s2_2p9f       2s2_2p4d        3.58E-01  8.09E+06 1.718E+04
 6746   9   3  2s2_2p9f       2s2_2p5d        6.14E-01  4.21E+06 3.118E+04
 6747   9   4  2s2_2p9f       2s2_2p5g        1.15E-01  7.05E+05 3.298E+04
 6748   9   5  2s2_2p9f       2s2_2p6d        1.09E+00  2.34E+06 5.569E+04
 6749   9   6  2s2_2p9f       2s2_2p6g        4.21E-01  8.03E+05 5.912E+04
 6750   9   7  2s2_2p9f       2s2_2p7d        2.27E+00  1.37E+06 1.053E+05
 6751   9   8  2s2_2p9f       2s2_2p7g        1.33E+00  6.92E+05 1.133E+05
 6752   9   9  2s2_2p9f       2s2_2p8d        6.91E+00  7.50E+05 2.479E+05
 6753   9  10  2s2_2p9f       2s2_2p8g        6.17E+00  5.28E+05 2.791E+05
 6754   9  11  2s2_2p9f       2s2_2p9d        1.13E+01  7.01E+03 3.278E+06
 6755   9  12  2s2_2p9f       2s2_2p9g       -9.52E-02 -1.16E-01 7.409E+07
 6756   9  13  2s2_2p9f       2s2_2p10d       -5.29E+00 -1.95E+05 4.250E+05
 6757  10   1  2s2_2p9h       2s2_2p3d        4.89E-02  4.28E+06 8.725E+03
 6758  10   2  2s2_2p9h       2s2_2p4d        1.00E-01  2.26E+06 1.717E+04
 6759  10   3  2s2_2p9h       2s2_2p5d        1.72E-01  1.18E+06 3.117E+04
 6760  10   4  2s2_2p9h       2s2_2p5g        4.26E-01  2.61E+06 3.296E+04
 6761  10   5  2s2_2p9h       2s2_2p6d        3.09E-01  6.65E+05 5.565E+04
 6762  10   6  2s2_2p9h       2s2_2p6g        1.52E+00  2.90E+06 5.908E+04
 6763  10   7  2s2_2p9h       2s2_2p7d        6.44E-01  3.88E+05 1.052E+05
 6764  10   8  2s2_2p9h       2s2_2p7g        4.77E+00  2.49E+06 1.131E+05
 6765  10   9  2s2_2p9h       2s2_2p8d        1.95E+00  2.13E+05 2.471E+05
 6766  10  10  2s2_2p9h       2s2_2p8g        2.20E+01  1.90E+06 2.781E+05
 6767  10  11  2s2_2p9h       2s2_2p9d        3.20E+00  2.15E+03 3.151E+06
 6768  10  12  2s2_2p9h       2s2_2p9g       -3.35E-02 -3.26E-04 8.278E+08
 6769  10  13  2s2_2p9h       2s2_2p10d       -1.57E+00 -5.74E+04 4.272E+05
 6770  11   1  2s2_2p10f       2s2_2p3d        1.20E-01  1.10E+07 8.534E+03
 6771  11   2  2s2_2p10f       2s2_2p4d        2.35E-01  5.79E+06 1.645E+04
 6772  11   3  2s2_2p10f       2s2_2p5d        3.81E-01  3.05E+06 2.886E+04
 6773  11   4  2s2_2p10f       2s2_2p5g        6.10E-02  4.40E+05 3.040E+04
 6774  11   5  2s2_2p10f       2s2_2p6d        6.15E-01  1.73E+06 4.870E+04
 6775  11   6  2s2_2p10f       2s2_2p6g        1.99E-01  5.04E+05 5.131E+04
 6776  11   7  2s2_2p10f       2s2_2p7d        1.07E+00  1.04E+06 8.283E+04
 6777  11   8  2s2_2p10f       2s2_2p7g        5.06E-01  4.39E+05 8.767E+04
 6778  11   9  2s2_2p10f       2s2_2p8d        2.22E+00  6.47E+05 1.513E+05
 6779  11  10  2s2_2p10f       2s2_2p8g        1.39E+00  3.52E+05 1.623E+05
 6780  11  11  2s2_2p10f       2s2_2p9d        6.81E+00  3.77E+05 3.471E+05
 6781  11  12  2s2_2p10f       2s2_2p9g        6.05E+00  2.65E+05 3.902E+05
 6782  11  13  2s2_2p10f       2s2_2p10d        1.27E+01  4.21E+03 4.485E+06
 6783   1   1  2s2_2p5g       2s2_2p4f        1.77E+00  7.19E+06 4.053E+04
 6784   1   2  2s2_2p5g       2s2_2p5f       -1.52E-03 -1.82E-03 7.470E+07
 6785   1   3  2s2_2p5g       2s2_2p6f       -4.58E-01 -5.51E+05 7.448E+04
 6786   1   4  2s2_2p5g       2s2_2p6h       -1.36E+00 -1.64E+06 7.433E+04
 6787   1   5  2s2_2p5g       2s2_2p7f       -6.41E-02 -1.98E+05 4.647E+04
 6788   1   6  2s2_2p5g       2s2_2p7h       -1.57E-01 -4.86E+05 4.643E+04
 6789   1   7  2s2_2p5g       2s2_2p8f       -1.99E-02 -9.51E+04 3.735E+04
 6790   1   8  2s2_2p5g       2s2_2p8h       -4.62E-02 -2.21E+05 3.733E+04
 6791   1   9  2s2_2p5g       2s2_2p9f       -8.80E-03 -5.41E+04 3.292E+04
 6792   1  10  2s2_2p5g       2s2_2p9h       -1.99E-02 -1.23E+05 3.291E+04
 6793   1  11  2s2_2p5g       2s2_2p10f       -4.71E-03 -3.41E+04 3.035E+04
 6794   2   1  2s2_2p6g       2s2_2p4f        2.38E-01  2.30E+06 2.625E+04
 6795   2   2  2s2_2p6g       2s2_2p5f        1.56E+00  1.87E+06 7.461E+04
 6796   2   3  2s2_2p6g       2s2_2p6f       -5.19E-03 -3.53E-03 9.906E+07
 6797   2   4  2s2_2p6g       2s2_2p6h       -4.23E-04 -4.00E-03 2.657E+07
 6798   2   5  2s2_2p6g       2s2_2p7f       -5.51E-01 -2.41E+05 1.234E+05
 6799   2   6  2s2_2p6g       2s2_2p7h       -1.08E+00 -4.75E+05 1.231E+05
 6800   2   7  2s2_2p6g       2s2_2p8f       -1.00E-01 -1.19E+05 7.488E+04
 6801   2   8  2s2_2p6g       2s2_2p8h       -1.94E-01 -2.31E+05 7.478E+04
 6802   2   9  2s2_2p6g       2s2_2p9f       -3.54E-02 -6.79E+04 5.897E+04
 6803   2  10  2s2_2p6g       2s2_2p9h       -6.81E-02 -1.31E+05 5.893E+04
 6804   2  11  2s2_2p6g       2s2_2p10f       -1.68E-02 -4.28E+04 5.120E+04
 6805   3   1  2s2_2p7g       2s2_2p4f        7.59E-02  1.08E+06 2.165E+04
 6806   3   2  2s2_2p7g       2s2_2p5f        3.00E-01  9.25E+05 4.652E+04
 6807   3   3  2s2_2p7g       2s2_2p6f        1.28E+00  5.58E+05 1.237E+05
 6808   3   4  2s2_2p7g       2s2_2p6h        1.90E-01  8.23E+04 1.241E+05
 6809   3   5  2s2_2p7g       2s2_2p7f       -9.41E-03 -3.50E-03 1.340E+08
 6810   3   6  2s2_2p7g       2s2_2p7h       -1.20E-03 -6.92E-03 3.400E+07
 6811   3   7  2s2_2p7g       2s2_2p8f       -6.18E-01 -1.14E+05 1.901E+05
 6812   3   8  2s2_2p7g       2s2_2p8h       -9.30E-01 -1.73E+05 1.895E+05
 6813   3   9  2s2_2p7g       2s2_2p9f       -1.26E-01 -6.60E+04 1.128E+05
 6814   3  10  2s2_2p7g       2s2_2p9h       -2.00E-01 -1.05E+05 1.127E+05
 6815   3  11  2s2_2p7g       2s2_2p10f       -4.75E-02 -4.15E+04 8.742E+04
 6816   4   1  2s2_2p8g       2s2_2p4f        3.44E-02  6.07E+05 1.944E+04
 6817   4   2  2s2_2p8g       2s2_2p5f        1.10E-01  5.25E+05 3.738E+04
 6818   4   3  2s2_2p8g       2s2_2p6f        2.79E-01  3.31E+05 7.496E+04
 6819   4   4  2s2_2p8g       2s2_2p6h        4.46E-02  5.27E+04 7.512E+04
 6820   4   5  2s2_2p8g       2s2_2p7f        1.27E+00  2.33E+05 1.906E+05
 6821   4   6  2s2_2p8g       2s2_2p7h        1.70E-01  3.10E+04 1.914E+05
 6822   4   7  2s2_2p8g       2s2_2p8f       -1.37E-02 -2.75E-03 1.823E+08
 6823   4   8  2s2_2p8g       2s2_2p8h       -2.15E-03 -6.91E-03 4.557E+07
 6824   4   9  2s2_2p8g       2s2_2p9f       -6.85E-01 -5.94E+04 2.772E+05
 6825   4  10  2s2_2p8g       2s2_2p9h       -8.32E-01 -7.27E+04 2.763E+05
 6826   4  11  2s2_2p8g       2s2_2p10f       -1.48E-01 -3.77E+04 1.617E+05
 6827   5   1  2s2_2p9g       2s2_2p4f        1.88E-02  3.80E+05 1.817E+04
 6828   5   2  2s2_2p9g       2s2_2p5f        5.40E-02  3.32E+05 3.294E+04
 6829   5   3  2s2_2p9g       2s2_2p6f        1.10E-01  2.11E+05 5.902E+04
 6830   5   4  2s2_2p9g       2s2_2p6h        1.82E-02  3.47E+04 5.912E+04
 6831   5   5  2s2_2p9g       2s2_2p7f        2.93E-01  1.53E+05 1.130E+05
 6832   5   6  2s2_2p9g       2s2_2p7h        4.44E-02  2.31E+04 1.133E+05
 6833   5   7  2s2_2p9g       2s2_2p8f        1.31E+00  1.13E+05 2.780E+05
 6834   5   8  2s2_2p9g       2s2_2p8h        1.38E-01  1.18E+04 2.792E+05
 6835   5   9  2s2_2p9g       2s2_2p9f       -1.79E-02 -1.97E-03 2.463E+08
 6836   5  10  2s2_2p9g       2s2_2p9h       -3.16E-03 -5.63E-03 6.116E+07
 6837   5  11  2s2_2p9g       2s2_2p10f       -7.55E-01 -3.35E+04 3.876E+05
 6838   6   1  2s2_2p10g       2s2_2p4f        1.16E-02  2.57E+05 1.735E+04
 6839   6   2  2s2_2p10g       2s2_2p5f        3.10E-02  2.24E+05 3.037E+04
 6840   6   3  2s2_2p10g       2s2_2p6f        5.59E-02  1.42E+05 5.123E+04
 6841   6   4  2s2_2p10g       2s2_2p6h        9.48E-03  2.40E+04 5.130E+04
 6842   6   5  2s2_2p10g       2s2_2p7f        1.19E-01  1.04E+05 8.751E+04
 6843   6   6  2s2_2p10g       2s2_2p7h        1.93E-02  1.67E+04 8.767E+04
 6844   6   7  2s2_2p10g       2s2_2p8f        3.11E-01  7.91E+04 1.619E+05
 6845   6   8  2s2_2p10g       2s2_2p8h        3.89E-02  9.84E+03 1.624E+05
 6846   6   9  2s2_2p10g       2s2_2p9f        1.36E+00  6.01E+04 3.886E+05
 6847   6  10  2s2_2p10g       2s2_2p9h        1.10E-01  4.81E+03 3.905E+05
 6848   6  11  2s2_2p10g       2s2_2p10f       -2.19E-02 -1.38E-03 3.255E+08
 6849   1   1  2s2_2p5g       2s2_2p4f        3.45E+01  1.41E+08 4.046E+04
 6850   1   2  2s2_2p5g       2s2_2p5f        5.75E-02  2.49E-01 3.928E+07
 6851   1   3  2s2_2p5g       2s2_2p6f       -1.56E-01 -1.86E+05 7.470E+04
 6852   1   4  2s2_2p5g       2s2_2p6h       -1.10E-01 -1.32E+05 7.455E+04
 6853   1   5  2s2_2p5g       2s2_2p7f       -2.46E-02 -7.57E+04 4.656E+04
 6854   1   6  2s2_2p5g       2s2_2p7h       -1.72E-02 -5.30E+04 4.651E+04
 6855   1   7  2s2_2p5g       2s2_2p8f       -8.21E-03 -3.91E+04 3.741E+04
 6856   1   8  2s2_2p5g       2s2_2p8h       -5.60E-03 -2.67E+04 3.739E+04
 6857   1   9  2s2_2p5g       2s2_2p9f       -3.79E-03 -2.33E+04 3.297E+04
 6858   1  10  2s2_2p5g       2s2_2p9h       -2.53E-03 -1.55E+04 3.295E+04
 6859   1  11  2s2_2p5g       2s2_2p10f       -2.09E-03 -1.51E+04 3.039E+04
 6860   2   1  2s2_2p6g       2s2_2p4f        4.69E+00  4.55E+07 2.623E+04
 6861   2   2  2s2_2p6g       2s2_2p5f        3.03E+01  3.65E+07 7.442E+04
 6862   2   3  2s2_2p6g       2s2_2p6f        1.41E-01  5.53E-01 4.124E+07
 6863   2   4  2s2_2p6g       2s2_2p6h       -4.76E-03 -3.44E-04 3.039E+08
 6864   2   5  2s2_2p6g       2s2_2p7f       -4.53E-01 -1.97E+05 1.239E+05
 6865   2   6  2s2_2p6g       2s2_2p7h       -2.34E-01 -1.02E+05 1.236E+05
 6866   2   7  2s2_2p6g       2s2_2p8f       -7.76E-02 -9.18E+04 7.507E+04
 6867   2   8  2s2_2p6g       2s2_2p8h       -4.16E-02 -4.94E+04 7.498E+04
 6868   2   9  2s2_2p6g       2s2_2p9f       -2.67E-02 -5.10E+04 5.909E+04
 6869   2  10  2s2_2p6g       2s2_2p9h       -1.45E-02 -2.77E+04 5.905E+04
 6870   2  11  2s2_2p6g       2s2_2p10f       -1.26E-02 -3.20E+04 5.129E+04
 6871   3   1  2s2_2p7g       2s2_2p4f        3.48E-01  4.96E+06 2.164E+04
 6872   3   2  2s2_2p7g       2s2_2p5f        1.36E+00  4.20E+06 4.647E+04
 6873   3   3  2s2_2p7g       2s2_2p6f        2.57E+01  1.13E+07 1.233E+05
 6874   3   4  2s2_2p7g       2s2_2p6h        2.25E+01  9.80E+06 1.237E+05
 6875   3   5  2s2_2p7g       2s2_2p7f        1.21E-01  2.16E-01 6.116E+07
 6876   3   6  2s2_2p7g       2s2_2p7h       -6.25E-03 -1.31E-03 1.787E+08
 6877   3   7  2s2_2p7g       2s2_2p8f       -3.82E-01 -6.99E+04 1.910E+05
 6878   3   8  2s2_2p7g       2s2_2p8h       -8.87E-04 -1.63E+02 1.904E+05
 6879   3   9  2s2_2p7g       2s2_2p9f       -6.34E-02 -3.30E+04 1.131E+05
 6880   3  10  2s2_2p7g       2s2_2p9h       -1.33E-04 -6.95E+01 1.130E+05
 6881   3  11  2s2_2p7g       2s2_2p10f       -2.14E-02 -1.86E+04 8.761E+04
 6882   4   1  2s2_2p7i       2s2_2p4f        4.01E-01  5.71E+06 2.164E+04
 6883   4   2  2s2_2p7i       2s2_2p5f        1.57E+00  4.85E+06 4.647E+04
 6884   4   3  2s2_2p7i       2s2_2p6f        2.68E+01  1.18E+07 1.233E+05
 6885   4   4  2s2_2p7i       2s2_2p6h        2.04E+01  8.89E+06 1.237E+05
 6886   4   5  2s2_2p7i       2s2_2p7f        1.31E-01  2.34E-01 6.116E+07
 6887   4   6  2s2_2p7i       2s2_2p7h       -4.95E-03 -1.03E-03 1.787E+08
 6888   4   7  2s2_2p7i       2s2_2p8f       -4.19E-01 -7.66E+04 1.910E+05
 6889   4   8  2s2_2p7i       2s2_2p8h       -4.16E-07 -7.66E-02 1.904E+05
 6890   4   9  2s2_2p7i       2s2_2p9f       -6.99E-02 -3.64E+04 1.131E+05
 6891   4  10  2s2_2p7i       2s2_2p9h       -5.60E-04 -2.93E+02 1.130E+05
 6892   4  11  2s2_2p7i       2s2_2p10f       -2.37E-02 -2.06E+04 8.761E+04
 6893   5   1  2s2_2p8g       2s2_2p4f        1.73E-01  3.06E+06 1.943E+04
 6894   5   2  2s2_2p8g       2s2_2p5f        5.52E-01  2.64E+06 3.736E+04
 6895   5   3  2s2_2p8g       2s2_2p6f        4.15E+00  4.94E+06 7.487E+04
 6896   5   4  2s2_2p8g       2s2_2p6h        1.82E+00  2.16E+06 7.502E+04
 6897   5   5  2s2_2p8g       2s2_2p7f        2.59E+01  4.79E+06 1.899E+05
 6898   5   6  2s2_2p8g       2s2_2p7h        1.72E+01  3.15E+06 1.907E+05
 6899   5   7  2s2_2p8g       2s2_2p8f        2.04E-01  1.88E-01 8.516E+07
 6900   5   8  2s2_2p8g       2s2_2p8h       -1.69E-02 -2.51E-03 2.120E+08
 6901   5   9  2s2_2p8g       2s2_2p9f       -7.45E-01 -6.40E+04 2.786E+05
 6902   5  10  2s2_2p8g       2s2_2p9h       -2.53E-02 -2.19E+03 2.776E+05
 6903   5  11  2s2_2p8g       2s2_2p10f       -1.30E-01 -3.30E+04 1.622E+05
 6904   6   1  2s2_2p8i       2s2_2p4f        1.73E-01  3.06E+06 1.943E+04
 6905   6   2  2s2_2p8i       2s2_2p5f        5.53E-01  2.64E+06 3.736E+04
 6906   6   3  2s2_2p8i       2s2_2p6f        4.15E+00  4.94E+06 7.487E+04
 6907   6   4  2s2_2p8i       2s2_2p6h        1.82E+00  2.16E+06 7.502E+04
 6908   6   5  2s2_2p8i       2s2_2p7f        2.59E+01  4.79E+06 1.899E+05
 6909   6   6  2s2_2p8i       2s2_2p7h        1.72E+01  3.15E+06 1.907E+05
 6910   6   7  2s2_2p8i       2s2_2p8f        2.04E-01  1.88E-01 8.516E+07
 6911   6   8  2s2_2p8i       2s2_2p8h       -1.69E-02 -2.51E-03 2.120E+08
 6912   6   9  2s2_2p8i       2s2_2p9f       -7.46E-01 -6.41E+04 2.786E+05
 6913   6  10  2s2_2p8i       2s2_2p9h       -2.53E-02 -2.19E+03 2.776E+05
 6914   6  11  2s2_2p8i       2s2_2p10f       -1.30E-01 -3.30E+04 1.622E+05
 6915   7   1  2s2_2p9g       2s2_2p4f        1.11E-01  2.24E+06 1.816E+04
 6916   7   2  2s2_2p9g       2s2_2p5f        3.17E-01  1.95E+06 3.293E+04
 6917   7   3  2s2_2p9g       2s2_2p6f        1.52E+00  2.91E+06 5.898E+04
 6918   7   4  2s2_2p9g       2s2_2p6h        3.54E-01  6.77E+05 5.907E+04
 6919   7   5  2s2_2p9g       2s2_2p7f        5.38E+00  2.82E+06 1.128E+05
 6920   7   6  2s2_2p9g       2s2_2p7h        2.18E+00  1.14E+06 1.131E+05
 6921   7   7  2s2_2p9g       2s2_2p8f        2.62E+01  2.28E+06 2.770E+05
 6922   7   8  2s2_2p9g       2s2_2p8h        1.36E+01  1.17E+06 2.783E+05
 6923   7   9  2s2_2p9g       2s2_2p9f        2.94E-01  1.47E-01 1.154E+08
 6924   7  10  2s2_2p9g       2s2_2p9h       -2.48E-02 -2.17E-03 2.762E+08
 6925   7  11  2s2_2p9g       2s2_2p10f       -1.25E+00 -5.50E+04 3.895E+05
 6926   8   1  2s2_2p9i       2s2_2p4f        1.12E-01  2.26E+06 1.816E+04
 6927   8   2  2s2_2p9i       2s2_2p5f        3.20E-01  1.97E+06 3.293E+04
 6928   8   3  2s2_2p9i       2s2_2p6f        1.53E+00  2.93E+06 5.898E+04
 6929   8   4  2s2_2p9i       2s2_2p6h        3.50E-01  6.69E+05 5.907E+04
 6930   8   5  2s2_2p9i       2s2_2p7f        5.40E+00  2.83E+06 1.128E+05
 6931   8   6  2s2_2p9i       2s2_2p7h        2.16E+00  1.13E+06 1.131E+05
 6932   8   7  2s2_2p9i       2s2_2p8f        2.62E+01  2.28E+06 2.770E+05
 6933   8   8  2s2_2p9i       2s2_2p8h        1.35E+01  1.16E+06 2.783E+05
 6934   8   9  2s2_2p9i       2s2_2p9f        2.95E-01  1.48E-01 1.154E+08
 6935   8  10  2s2_2p9i       2s2_2p9h       -2.45E-02 -2.14E-03 2.762E+08
 6936   8  11  2s2_2p9i       2s2_2p10f       -1.25E+00 -5.50E+04 3.895E+05
 6937   9   1  2s2_2p10g       2s2_2p4f        7.42E-02  1.64E+06 1.735E+04
 6938   9   2  2s2_2p10g       2s2_2p5f        1.98E-01  1.43E+06 3.036E+04
 6939   9   3  2s2_2p10g       2s2_2p6f        7.54E-01  1.92E+06 5.120E+04
 6940   9   4  2s2_2p10g       2s2_2p6h        1.10E-01  2.79E+05 5.128E+04
 6941   9   5  2s2_2p10g       2s2_2p7f        2.08E+00  1.81E+06 8.743E+04
 6942   9   6  2s2_2p10g       2s2_2p7h        5.90E-01  5.13E+05 8.760E+04
 6943   9   7  2s2_2p10g       2s2_2p8f        5.95E+00  1.52E+06 1.617E+05
 6944   9   8  2s2_2p10g       2s2_2p8h        2.26E+00  5.73E+05 1.621E+05
 6945   9   9  2s2_2p10g       2s2_2p9f        2.62E+01  1.17E+06 3.872E+05
 6946   9  10  2s2_2p10g       2s2_2p9h        1.17E+01  5.16E+05 3.890E+05
 6947   9  11  2s2_2p10g       2s2_2p10f        3.77E-01  1.05E-01 1.545E+08
 6948   1   1  2s2_2p5g       2s2_2p4f        1.77E+00  7.19E+06 4.053E+04
 6949   1   2  2s2_2p5g       2s2_2p5f       -1.52E-03 -1.82E-03 7.470E+07
 6950   1   3  2s2_2p5g       2s2_2p6f       -4.58E-01 -5.51E+05 7.448E+04
 6951   1   4  2s2_2p5g       2s2_2p6h       -1.36E+00 -1.64E+06 7.433E+04
 6952   1   5  2s2_2p5g       2s2_2p7f       -6.41E-02 -1.98E+05 4.647E+04
 6953   1   6  2s2_2p5g       2s2_2p7h       -1.57E-01 -4.86E+05 4.643E+04
 6954   1   7  2s2_2p5g       2s2_2p8f       -1.99E-02 -9.51E+04 3.735E+04
 6955   1   8  2s2_2p5g       2s2_2p8h       -4.62E-02 -2.21E+05 3.733E+04
 6956   1   9  2s2_2p5g       2s2_2p9f       -8.80E-03 -5.41E+04 3.292E+04
 6957   1  10  2s2_2p5g       2s2_2p9h       -1.99E-02 -1.23E+05 3.291E+04
 6958   1  11  2s2_2p5g       2s2_2p10f       -4.71E-03 -3.41E+04 3.035E+04
 6959   2   1  2s2_2p6g       2s2_2p4f        2.38E-01  2.30E+06 2.625E+04
 6960   2   2  2s2_2p6g       2s2_2p5f        1.56E+00  1.87E+06 7.461E+04
 6961   2   3  2s2_2p6g       2s2_2p6f       -5.19E-03 -3.53E-03 9.906E+07
 6962   2   4  2s2_2p6g       2s2_2p6h       -4.23E-04 -4.00E-03 2.657E+07
 6963   2   5  2s2_2p6g       2s2_2p7f       -5.51E-01 -2.41E+05 1.234E+05
 6964   2   6  2s2_2p6g       2s2_2p7h       -1.08E+00 -4.75E+05 1.231E+05
 6965   2   7  2s2_2p6g       2s2_2p8f       -1.00E-01 -1.19E+05 7.488E+04
 6966   2   8  2s2_2p6g       2s2_2p8h       -1.94E-01 -2.31E+05 7.478E+04
 6967   2   9  2s2_2p6g       2s2_2p9f       -3.54E-02 -6.79E+04 5.897E+04
 6968   2  10  2s2_2p6g       2s2_2p9h       -6.81E-02 -1.31E+05 5.893E+04
 6969   2  11  2s2_2p6g       2s2_2p10f       -1.68E-02 -4.28E+04 5.120E+04
 6970   3   1  2s2_2p7g       2s2_2p4f        7.59E-02  1.08E+06 2.165E+04
 6971   3   2  2s2_2p7g       2s2_2p5f        3.00E-01  9.25E+05 4.652E+04
 6972   3   3  2s2_2p7g       2s2_2p6f        1.28E+00  5.58E+05 1.237E+05
 6973   3   4  2s2_2p7g       2s2_2p6h        1.90E-01  8.23E+04 1.241E+05
 6974   3   5  2s2_2p7g       2s2_2p7f       -9.41E-03 -3.50E-03 1.340E+08
 6975   3   6  2s2_2p7g       2s2_2p7h       -1.20E-03 -6.92E-03 3.400E+07
 6976   3   7  2s2_2p7g       2s2_2p8f       -6.18E-01 -1.14E+05 1.901E+05
 6977   3   8  2s2_2p7g       2s2_2p8h       -9.30E-01 -1.73E+05 1.895E+05
 6978   3   9  2s2_2p7g       2s2_2p9f       -1.26E-01 -6.60E+04 1.128E+05
 6979   3  10  2s2_2p7g       2s2_2p9h       -2.00E-01 -1.05E+05 1.127E+05
 6980   3  11  2s2_2p7g       2s2_2p10f       -4.75E-02 -4.15E+04 8.742E+04
 6981   4   1  2s2_2p8g       2s2_2p4f        3.44E-02  6.07E+05 1.944E+04
 6982   4   2  2s2_2p8g       2s2_2p5f        1.10E-01  5.25E+05 3.738E+04
 6983   4   3  2s2_2p8g       2s2_2p6f        2.79E-01  3.31E+05 7.496E+04
 6984   4   4  2s2_2p8g       2s2_2p6h        4.46E-02  5.27E+04 7.512E+04
 6985   4   5  2s2_2p8g       2s2_2p7f        1.27E+00  2.33E+05 1.906E+05
 6986   4   6  2s2_2p8g       2s2_2p7h        1.70E-01  3.10E+04 1.914E+05
 6987   4   7  2s2_2p8g       2s2_2p8f       -1.37E-02 -2.75E-03 1.823E+08
 6988   4   8  2s2_2p8g       2s2_2p8h       -2.15E-03 -6.91E-03 4.557E+07
 6989   4   9  2s2_2p8g       2s2_2p9f       -6.85E-01 -5.94E+04 2.772E+05
 6990   4  10  2s2_2p8g       2s2_2p9h       -8.32E-01 -7.27E+04 2.763E+05
 6991   4  11  2s2_2p8g       2s2_2p10f       -1.48E-01 -3.77E+04 1.617E+05
 6992   5   1  2s2_2p9g       2s2_2p4f        1.88E-02  3.80E+05 1.817E+04
 6993   5   2  2s2_2p9g       2s2_2p5f        5.40E-02  3.32E+05 3.294E+04
 6994   5   3  2s2_2p9g       2s2_2p6f        1.10E-01  2.11E+05 5.902E+04
 6995   5   4  2s2_2p9g       2s2_2p6h        1.82E-02  3.47E+04 5.912E+04
 6996   5   5  2s2_2p9g       2s2_2p7f        2.93E-01  1.53E+05 1.130E+05
 6997   5   6  2s2_2p9g       2s2_2p7h        4.44E-02  2.31E+04 1.133E+05
 6998   5   7  2s2_2p9g       2s2_2p8f        1.31E+00  1.13E+05 2.780E+05
 6999   5   8  2s2_2p9g       2s2_2p8h        1.38E-01  1.18E+04 2.792E+05
 7000   5   9  2s2_2p9g       2s2_2p9f       -1.79E-02 -1.97E-03 2.463E+08
 7001   5  10  2s2_2p9g       2s2_2p9h       -3.16E-03 -5.63E-03 6.116E+07
 7002   5  11  2s2_2p9g       2s2_2p10f       -7.55E-01 -3.35E+04 3.876E+05
 7003   6   1  2s2_2p10g       2s2_2p4f        1.16E-02  2.57E+05 1.735E+04
 7004   6   2  2s2_2p10g       2s2_2p5f        3.10E-02  2.24E+05 3.037E+04
 7005   6   3  2s2_2p10g       2s2_2p6f        5.59E-02  1.42E+05 5.123E+04
 7006   6   4  2s2_2p10g       2s2_2p6h        9.48E-03  2.40E+04 5.130E+04
 7007   6   5  2s2_2p10g       2s2_2p7f        1.19E-01  1.04E+05 8.751E+04
 7008   6   6  2s2_2p10g       2s2_2p7h        1.93E-02  1.67E+04 8.767E+04
 7009   6   7  2s2_2p10g       2s2_2p8f        3.11E-01  7.91E+04 1.619E+05
 7010   6   8  2s2_2p10g       2s2_2p8h        3.89E-02  9.84E+03 1.624E+05
 7011   6   9  2s2_2p10g       2s2_2p9f        1.36E+00  6.01E+04 3.886E+05
 7012   6  10  2s2_2p10g       2s2_2p9h        1.10E-01  4.81E+03 3.905E+05
 7013   6  11  2s2_2p10g       2s2_2p10f       -2.19E-02 -1.38E-03 3.255E+08
 7014   1   1  2s2_2p6h       2s2_2p5g        4.33E+01  5.22E+07 7.437E+04
 7015   1   2  2s2_2p6h       2s2_2p6g        1.20E-01  7.50E-01 3.266E+07
 7016   1   3  2s2_2p6h       2s2_2p7g       -2.10E-01 -9.11E+04 1.240E+05
 7017   1   4  2s2_2p6h       2s2_2p8g       -3.02E-02 -3.57E+04 7.508E+04
 7018   1   5  2s2_2p6h       2s2_2p9g       -9.37E-03 -1.79E+04 5.909E+04
 7019   1   6  2s2_2p6h       2s2_2p10g       -4.10E-03 -1.04E+04 5.128E+04
 7020   2   1  2s2_2p7h       2s2_2p5g        5.26E+00  1.63E+07 4.644E+04
 7021   2   2  2s2_2p7h       2s2_2p6g        3.84E+01  1.69E+07 1.232E+05
 7022   2   3  2s2_2p7h       2s2_2p7g        2.60E-01  8.78E-01 4.445E+07
 7023   2   4  2s2_2p7h       2s2_2p8g       -5.73E-01 -1.05E+05 1.911E+05
 7024   2   5  2s2_2p7h       2s2_2p9g       -9.12E-02 -4.75E+04 1.132E+05
 7025   2   6  2s2_2p7h       2s2_2p10g       -2.98E-02 -2.59E+04 8.762E+04
 7026   3   1  2s2_2p8h       2s2_2p5g        1.57E+00  7.51E+06 3.734E+04
 7027   3   2  2s2_2p8h       2s2_2p6g        6.91E+00  8.23E+06 7.482E+04
 7028   3   3  2s2_2p8h       2s2_2p7g        3.57E+01  6.62E+06 1.897E+05
 7029   3   4  2s2_2p8h       2s2_2p8g        3.99E-01  6.92E-01 6.199E+07
 7030   3   5  2s2_2p8h       2s2_2p9g       -1.05E+00 -9.01E+04 2.788E+05
 7031   3   6  2s2_2p8h       2s2_2p10g       -1.79E-01 -4.54E+04 1.622E+05
 7032   4   1  2s2_2p9h       2s2_2p5g        6.81E-01  4.19E+06 3.292E+04
 7033   4   2  2s2_2p9h       2s2_2p6g        2.43E+00  4.66E+06 5.895E+04
 7034   4   3  2s2_2p9h       2s2_2p7g        7.54E+00  3.96E+06 1.127E+05
 7035   4   4  2s2_2p9h       2s2_2p8g        3.42E+01  2.98E+06 2.766E+05
 7036   4   5  2s2_2p9h       2s2_2p9g        5.32E-01  4.98E-01 8.438E+07
 7037   4   6  2s2_2p9h       2s2_2p10g       -1.62E+00 -7.11E+04 3.898E+05
 7038   5   1  2s2_2p10h       2s2_2p5g        3.62E-01  2.62E+06 3.034E+04
 7039   5   2  2s2_2p10h       2s2_2p6g        1.15E+00  2.93E+06 5.118E+04
 7040   5   3  2s2_2p10h       2s2_2p7g        2.89E+00  2.52E+06 8.738E+04
 7041   5   4  2s2_2p10h       2s2_2p8g        7.84E+00  2.00E+06 1.616E+05
 7042   5   5  2s2_2p10h       2s2_2p9g        3.34E+01  1.49E+06 3.867E+05
 7043   5   6  2s2_2p10h       2s2_2p10g        6.59E-01  3.47E-01 1.125E+08
 7044   1   1  2s2_2p5g       2s2_2p6h       -1.81E+00 -2.17E+06 7.459E+04
 7045   1   2  2s2_2p5g       2s2_2p7h       -2.18E-01 -6.72E+05 4.652E+04
 7046   1   3  2s2_2p5g       2s2_2p8h       -6.46E-02 -3.08E+05 3.739E+04
 7047   1   4  2s2_2p5g       2s2_2p9h       -2.79E-02 -1.71E+05 3.296E+04
 7048   1   5  2s2_2p5g       2s2_2p10h       -1.48E-02 -1.07E+05 3.038E+04
 7049   2   1  2s2_2p6g       2s2_2p6h        5.89E-04  5.47E-05 2.679E+08
 7050   2   2  2s2_2p6g       2s2_2p7h       -1.61E+00 -7.02E+05 1.237E+05
 7051   2   3  2s2_2p6g       2s2_2p8h       -2.87E-01 -3.40E+05 7.501E+04
 7052   2   4  2s2_2p6g       2s2_2p9h       -1.00E-01 -1.91E+05 5.907E+04
 7053   2   5  2s2_2p6g       2s2_2p10h       -4.74E-02 -1.20E+05 5.127E+04
 7054   3   1  2s2_2p7g       2s2_2p6h        1.52E+00  6.63E+05 1.236E+05
 7055   3   2  2s2_2p7g       2s2_2p7h        7.50E-04  8.67E-06 7.597E+08
 7056   3   3  2s2_2p7g       2s2_2p8h       -4.32E-01 -7.93E+04 1.906E+05
 7057   3   4  2s2_2p7g       2s2_2p9h       -8.63E-02 -4.50E+04 1.130E+05
 7058   3   5  2s2_2p7g       2s2_2p10h       -3.22E-02 -2.80E+04 8.756E+04
 7059   4   1  2s2_2p7i       2s2_2p6h        1.46E+00  6.37E+05 1.236E+05
 7060   4   2  2s2_2p7i       2s2_2p7h        7.91E-04  9.14E-06 7.597E+08
 7061   4   3  2s2_2p7i       2s2_2p8h       -4.89E-01 -8.98E+04 1.906E+05
 7062   4   4  2s2_2p7i       2s2_2p9h       -9.81E-02 -5.12E+04 1.130E+05
 7063   4   5  2s2_2p7i       2s2_2p10h       -3.67E-02 -3.19E+04 8.756E+04
 7064   5   1  2s2_2p8g       2s2_2p6h        1.62E-01  1.92E+05 7.498E+04
 7065   5   2  2s2_2p8g       2s2_2p7h        1.41E+00  2.59E+05 1.905E+05
 7066   5   3  2s2_2p8g       2s2_2p8h        1.52E-03  1.22E-05 9.111E+08
 7067   5   4  2s2_2p8g       2s2_2p9h       -5.10E-01 -4.40E+04 2.780E+05
 7068   5   5  2s2_2p8g       2s2_2p10h       -1.09E-01 -2.77E+04 1.620E+05
 7069   6   1  2s2_2p8i       2s2_2p6h        1.62E-01  1.92E+05 7.498E+04
 7070   6   2  2s2_2p8i       2s2_2p7h        1.41E+00  2.59E+05 1.905E+05
 7071   6   3  2s2_2p8i       2s2_2p8h        1.52E-03  1.22E-05 9.111E+08
 7072   6   4  2s2_2p8i       2s2_2p9h       -5.10E-01 -4.40E+04 2.780E+05
 7073   6   5  2s2_2p8i       2s2_2p10h       -1.09E-01 -2.77E+04 1.620E+05
 7074   7   1  2s2_2p9g       2s2_2p6h        4.29E-02  8.21E+04 5.905E+04
 7075   7   2  2s2_2p9g       2s2_2p7h        2.22E-01  1.16E+05 1.130E+05
 7076   7   3  2s2_2p9g       2s2_2p8h        1.33E+00  1.15E+05 2.778E+05
 7077   7   4  2s2_2p9g       2s2_2p9h        2.39E-03  1.23E-05 1.139E+09
 7078   7   5  2s2_2p9g       2s2_2p10h       -6.26E-01 -2.76E+04 3.886E+05
 7079   8   1  2s2_2p9i       2s2_2p6h        4.28E-02  8.19E+04 5.905E+04
 7080   8   2  2s2_2p9i       2s2_2p7h        2.22E-01  1.16E+05 1.130E+05
 7081   8   3  2s2_2p9i       2s2_2p8h        1.33E+00  1.15E+05 2.778E+05
 7082   8   4  2s2_2p9i       2s2_2p9h        2.39E-03  1.23E-05 1.139E+09
 7083   8   5  2s2_2p9i       2s2_2p10h       -6.31E-01 -2.79E+04 3.886E+05
 7084   9   1  2s2_2p10g       2s2_2p6h        1.72E-02  4.37E+04 5.126E+04
 7085   9   2  2s2_2p10g       2s2_2p7h        7.16E-02  6.23E+04 8.755E+04
 7086   9   3  2s2_2p10g       2s2_2p8h        2.53E-01  6.43E+04 1.620E+05
 7087   9   4  2s2_2p10g       2s2_2p9h        1.31E+00  5.79E+04 3.884E+05
 7088   9   5  2s2_2p10g       2s2_2p10h        3.24E-03  9.36E-06 1.519E+09
 7089   1   1  2s2_2p7i       2s2_2p6h        6.44E+01  2.81E+07 1.236E+05
 7090   1   2  2s2_2p7i       2s2_2p7h        1.30E-02  2.35E-04 6.078E+08
 7091   1   3  2s2_2p7i       2s2_2p8h       -2.09E-01 -3.84E+04 1.906E+05
 7092   1   4  2s2_2p7i       2s2_2p9h       -2.72E-02 -1.42E+04 1.130E+05
 7093   1   5  2s2_2p7i       2s2_2p10h       -7.83E-03 -6.81E+03 8.757E+04
 7094   2   1  2s2_2p8i       2s2_2p6h        6.96E+00  8.26E+06 7.498E+04
 7095   2   2  2s2_2p8i       2s2_2p7h        5.79E+01  1.06E+07 1.905E+05
 7096   2   3  2s2_2p8i       2s2_2p8h        3.34E-02  6.03E-04 6.078E+08
 7097   2   4  2s2_2p8i       2s2_2p9h       -5.78E-01 -4.99E+04 2.780E+05
 7098   2   5  2s2_2p8i       2s2_2p10h       -8.46E-02 -2.15E+04 1.620E+05
 7099   3   1  2s2_2p9i       2s2_2p6h        1.92E+00  3.67E+06 5.905E+04
 7100   3   2  2s2_2p9i       2s2_2p7h        9.56E+00  4.99E+06 1.130E+05
 7101   3   3  2s2_2p9i       2s2_2p8h        5.40E+01  4.67E+06 2.778E+05
 7102   3   4  2s2_2p9i       2s2_2p9h        5.72E-02  6.62E-04 7.591E+08
 7103   3   5  2s2_2p9i       2s2_2p10h       -1.07E+00 -4.72E+04 3.887E+05
 7104   4   1  2s2_2p10i       2s2_2p6h        7.89E-01  2.00E+06 5.126E+04
 7105   4   2  2s2_2p10i       2s2_2p7h        3.17E+00  2.76E+06 8.754E+04
 7106   4   3  2s2_2p10i       2s2_2p8h        1.07E+01  2.72E+06 1.620E+05
 7107   4   4  2s2_2p10i       2s2_2p9h        5.16E+01  2.28E+06 3.883E+05
 7108   4   5  2s2_2p10i       2s2_2p10h        8.23E-02  6.61E-04 9.111E+08
 7109   1   1  2s2_2p5g       2s2_2p6h       -1.81E+00 -2.17E+06 7.459E+04
 7110   1   2  2s2_2p5g       2s2_2p7h       -2.18E-01 -6.72E+05 4.652E+04
 7111   1   3  2s2_2p5g       2s2_2p8h       -6.46E-02 -3.08E+05 3.739E+04
 7112   1   4  2s2_2p5g       2s2_2p9h       -2.79E-02 -1.71E+05 3.296E+04
 7113   1   5  2s2_2p5g       2s2_2p10h       -1.48E-02 -1.07E+05 3.038E+04
 7114   2   1  2s2_2p6g       2s2_2p6h        5.89E-04  5.47E-05 2.679E+08
 7115   2   2  2s2_2p6g       2s2_2p7h       -1.61E+00 -7.02E+05 1.237E+05
 7116   2   3  2s2_2p6g       2s2_2p8h       -2.87E-01 -3.40E+05 7.501E+04
 7117   2   4  2s2_2p6g       2s2_2p9h       -1.00E-01 -1.91E+05 5.907E+04
 7118   2   5  2s2_2p6g       2s2_2p10h       -4.74E-02 -1.20E+05 5.127E+04
 7119   3   1  2s2_2p7g       2s2_2p6h        1.52E+00  6.63E+05 1.236E+05
 7120   3   2  2s2_2p7g       2s2_2p7h        7.50E-04  8.67E-06 7.597E+08
 7121   3   3  2s2_2p7g       2s2_2p8h       -4.32E-01 -7.93E+04 1.906E+05
 7122   3   4  2s2_2p7g       2s2_2p9h       -8.63E-02 -4.50E+04 1.130E+05
 7123   3   5  2s2_2p7g       2s2_2p10h       -3.22E-02 -2.80E+04 8.756E+04
 7124   4   1  2s2_2p7i       2s2_2p6h        1.46E+00  6.37E+05 1.236E+05
 7125   4   2  2s2_2p7i       2s2_2p7h        7.91E-04  9.14E-06 7.597E+08
 7126   4   3  2s2_2p7i       2s2_2p8h       -4.89E-01 -8.98E+04 1.906E+05
 7127   4   4  2s2_2p7i       2s2_2p9h       -9.81E-02 -5.12E+04 1.130E+05
 7128   4   5  2s2_2p7i       2s2_2p10h       -3.67E-02 -3.19E+04 8.756E+04
 7129   5   1  2s2_2p8g       2s2_2p6h        1.62E-01  1.92E+05 7.498E+04
 7130   5   2  2s2_2p8g       2s2_2p7h        1.41E+00  2.59E+05 1.905E+05
 7131   5   3  2s2_2p8g       2s2_2p8h        1.52E-03  1.22E-05 9.111E+08
 7132   5   4  2s2_2p8g       2s2_2p9h       -5.10E-01 -4.40E+04 2.780E+05
 7133   5   5  2s2_2p8g       2s2_2p10h       -1.09E-01 -2.77E+04 1.620E+05
 7134   6   1  2s2_2p8i       2s2_2p6h        1.62E-01  1.92E+05 7.498E+04
 7135   6   2  2s2_2p8i       2s2_2p7h        1.41E+00  2.59E+05 1.905E+05
 7136   6   3  2s2_2p8i       2s2_2p8h        1.52E-03  1.22E-05 9.111E+08
 7137   6   4  2s2_2p8i       2s2_2p9h       -5.10E-01 -4.40E+04 2.780E+05
 7138   6   5  2s2_2p8i       2s2_2p10h       -1.09E-01 -2.77E+04 1.620E+05
 7139   7   1  2s2_2p9g       2s2_2p6h        4.29E-02  8.21E+04 5.905E+04
 7140   7   2  2s2_2p9g       2s2_2p7h        2.22E-01  1.16E+05 1.130E+05
 7141   7   3  2s2_2p9g       2s2_2p8h        1.33E+00  1.15E+05 2.778E+05
 7142   7   4  2s2_2p9g       2s2_2p9h        2.39E-03  1.23E-05 1.139E+09
 7143   7   5  2s2_2p9g       2s2_2p10h       -6.26E-01 -2.76E+04 3.886E+05
 7144   8   1  2s2_2p9i       2s2_2p6h        4.28E-02  8.19E+04 5.905E+04
 7145   8   2  2s2_2p9i       2s2_2p7h        2.22E-01  1.16E+05 1.130E+05
 7146   8   3  2s2_2p9i       2s2_2p8h        1.33E+00  1.15E+05 2.778E+05
 7147   8   4  2s2_2p9i       2s2_2p9h        2.39E-03  1.23E-05 1.139E+09
 7148   8   5  2s2_2p9i       2s2_2p10h       -6.31E-01 -2.79E+04 3.886E+05
 7149   9   1  2s2_2p10g       2s2_2p6h        1.72E-02  4.37E+04 5.126E+04
 7150   9   2  2s2_2p10g       2s2_2p7h        7.16E-02  6.23E+04 8.755E+04
 7151   9   3  2s2_2p10g       2s2_2p8h        2.53E-01  6.43E+04 1.620E+05
 7152   9   4  2s2_2p10g       2s2_2p9h        1.31E+00  5.79E+04 3.884E+05
 7153   9   5  2s2_2p10g       2s2_2p10h        3.24E-03  9.36E-06 1.519E+09
 7154   1   1  2s2_2p6h       2s2_2p5g        5.35E+01  6.42E+07 7.458E+04
 7155   1   2  2s2_2p6h       2s2_2p6g       -9.70E-03 -2.81E-04 4.797E+08
 7156   1   3  2s2_2p6h       2s2_2p7g       -1.91E-02 -8.33E+03 1.237E+05
 7157   1   4  2s2_2p6h       2s2_2p7i       -2.50E-02 -1.09E+04 1.237E+05
 7158   1   5  2s2_2p6h       2s2_2p8g       -3.83E-03 -4.54E+03 7.499E+04
 7159   1   6  2s2_2p6h       2s2_2p8i       -3.84E-03 -4.55E+03 7.499E+04
 7160   1   7  2s2_2p6h       2s2_2p9g       -1.61E-03 -3.08E+03 5.906E+04
 7161   1   8  2s2_2p6h       2s2_2p9i       -1.62E-03 -3.10E+03 5.906E+04
 7162   1   9  2s2_2p6h       2s2_2p10g       -8.13E-04 -2.06E+03 5.126E+04
 7163   2   1  2s2_2p7h       2s2_2p5g        6.44E+00  1.98E+07 4.652E+04
 7164   2   2  2s2_2p7h       2s2_2p6g        4.76E+01  2.08E+07 1.237E+05
 7165   2   3  2s2_2p7h       2s2_2p7g        1.93E-03  5.58E-06 1.519E+09
 7166   2   4  2s2_2p7h       2s2_2p7i        2.17E-03  6.27E-06 1.519E+09
 7167   2   5  2s2_2p7h       2s2_2p8g       -1.01E-01 -1.86E+04 1.906E+05
 7168   2   6  2s2_2p7h       2s2_2p8i       -1.01E-01 -1.86E+04 1.906E+05
 7169   2   7  2s2_2p7h       2s2_2p9g       -1.97E-02 -1.03E+04 1.130E+05
 7170   2   8  2s2_2p7h       2s2_2p9i       -1.99E-02 -1.04E+04 1.130E+05
 7171   2   9  2s2_2p7h       2s2_2p10g       -7.14E-03 -6.21E+03 8.756E+04
 7172   3   1  2s2_2p8h       2s2_2p5g        2.78E-02  1.33E+05 3.739E+04
 7173   3   2  2s2_2p8h       2s2_2p6g        1.23E-01  1.46E+05 7.500E+04
 7174   3   3  2s2_2p8h       2s2_2p7g        6.46E+01  1.19E+07 1.905E+05
 7175   3   4  2s2_2p8h       2s2_2p7i        6.22E+01  1.14E+07 1.905E+05
 7176   3   5  2s2_2p8h       2s2_2p8g        5.44E-03  1.09E-05 1.826E+09
 7177   3   6  2s2_2p8h       2s2_2p8i        5.44E-03  1.09E-05 1.826E+09
 7178   3   7  2s2_2p8h       2s2_2p9g       -1.77E-01 -1.53E+04 2.779E+05
 7179   3   8  2s2_2p8h       2s2_2p9i       -1.77E-01 -1.53E+04 2.779E+05
 7180   3   9  2s2_2p8h       2s2_2p10g       -2.19E-02 -5.56E+03 1.620E+05
 7181   4   1  2s2_2p8k       2s2_2p5g        2.78E-02  1.33E+05 3.739E+04
 7182   4   2  2s2_2p8k       2s2_2p6g        1.24E-01  1.47E+05 7.500E+04
 7183   4   3  2s2_2p8k       2s2_2p7g        6.46E+01  1.19E+07 1.905E+05
 7184   4   4  2s2_2p8k       2s2_2p7i        6.22E+01  1.14E+07 1.905E+05
 7185   4   5  2s2_2p8k       2s2_2p8g        5.44E-03  1.09E-05 1.826E+09
 7186   4   6  2s2_2p8k       2s2_2p8i        5.44E-03  1.09E-05 1.826E+09
 7187   4   7  2s2_2p8k       2s2_2p9g       -1.77E-01 -1.53E+04 2.779E+05
 7188   4   8  2s2_2p8k       2s2_2p9i       -1.77E-01 -1.53E+04 2.779E+05
 7189   4   9  2s2_2p8k       2s2_2p10g       -2.19E-02 -5.56E+03 1.620E+05
 7190   5   1  2s2_2p9h       2s2_2p5g        2.60E-02  1.60E+05 3.296E+04
 7191   5   2  2s2_2p9h       2s2_2p6g        9.36E-02  1.79E+05 5.906E+04
 7192   5   3  2s2_2p9h       2s2_2p7g        6.93E+00  3.62E+06 1.130E+05
 7193   5   4  2s2_2p9h       2s2_2p7i        6.74E+00  3.52E+06 1.130E+05
 7194   5   5  2s2_2p9h       2s2_2p8g        5.94E+01  5.13E+06 2.779E+05
 7195   5   6  2s2_2p9h       2s2_2p8i        5.94E+01  5.13E+06 2.779E+05
 7196   5   7  2s2_2p9h       2s2_2p9g        1.44E-02  1.85E-05 2.276E+09
 7197   5   8  2s2_2p9h       2s2_2p9i        1.44E-02  1.85E-05 2.276E+09
 7198   5   9  2s2_2p9h       2s2_2p10g       -5.00E-01 -2.21E+04 3.886E+05
 7199   6   1  2s2_2p9k       2s2_2p5g        2.61E-02  1.60E+05 3.296E+04
 7200   6   2  2s2_2p9k       2s2_2p6g        9.40E-02  1.80E+05 5.906E+04
 7201   6   3  2s2_2p9k       2s2_2p7g        6.93E+00  3.62E+06 1.130E+05
 7202   6   4  2s2_2p9k       2s2_2p7i        6.74E+00  3.52E+06 1.130E+05
 7203   6   5  2s2_2p9k       2s2_2p8g        5.94E+01  5.13E+06 2.779E+05
 7204   6   6  2s2_2p9k       2s2_2p8i        5.94E+01  5.13E+06 2.779E+05
 7205   6   7  2s2_2p9k       2s2_2p9g        1.44E-02  1.85E-05 2.276E+09
 7206   6   8  2s2_2p9k       2s2_2p9i        1.44E-02  1.85E-05 2.276E+09
 7207   6   9  2s2_2p9k       2s2_2p10g       -5.00E-01 -2.21E+04 3.886E+05
 7208   7   1  2s2_2p10h       2s2_2p5g        2.06E-02  1.49E+05 3.038E+04
 7209   7   2  2s2_2p10h       2s2_2p6g        6.61E-02  1.68E+05 5.127E+04
 7210   7   3  2s2_2p10h       2s2_2p7g        1.93E+00  1.68E+06 8.755E+04
 7211   7   4  2s2_2p10h       2s2_2p7i        1.89E+00  1.64E+06 8.755E+04
 7212   7   5  2s2_2p10h       2s2_2p8g        9.64E+00  2.45E+06 1.620E+05
 7213   7   6  2s2_2p10h       2s2_2p8i        9.64E+00  2.45E+06 1.620E+05
 7214   7   7  2s2_2p10h       2s2_2p9g        5.47E+01  2.42E+06 3.884E+05
 7215   7   8  2s2_2p10h       2s2_2p9i        5.46E+01  2.41E+06 3.884E+05
 7216   7   9  2s2_2p10h       2s2_2p10g        2.52E-02  3.25E-05 2.276E+09
 7217   1   1  2s2_2p7i       2s2_2p6h        1.84E+00  8.03E+05 1.237E+05
 7218   1   2  2s2_2p7i       2s2_2p7h       -5.76E-05 -4.16E-08 3.039E+09
 7219   1   3  2s2_2p7i       2s2_2p8h       -1.86E+00 -3.42E+05 1.905E+05
 7220   1   4  2s2_2p7i       2s2_2p8k       -1.86E+00 -3.42E+05 1.905E+05
 7221   1   5  2s2_2p7i       2s2_2p9h       -1.81E-01 -9.45E+04 1.130E+05
 7222   1   6  2s2_2p7i       2s2_2p9k       -1.81E-01 -9.45E+04 1.130E+05
 7223   1   7  2s2_2p7i       2s2_2p10h       -4.59E-02 -3.99E+04 8.756E+04
 7224   2   1  2s2_2p8i       2s2_2p6h        1.99E-01  2.36E+05 7.499E+04
 7225   2   2  2s2_2p8i       2s2_2p7h        1.65E+00  3.03E+05 1.905E+05
 7226   2   3  2s2_2p8i       2s2_2p8h       -1.55E-05  0.00E+00 1.000E+30
 7227   2   4  2s2_2p8i       2s2_2p8k       -1.55E-05  0.00E+00 1.000E+30
 7228   2   5  2s2_2p8i       2s2_2p9h       -1.70E+00 -1.47E+05 2.779E+05
 7229   2   6  2s2_2p8i       2s2_2p9k       -1.70E+00 -1.47E+05 2.779E+05
 7230   2   7  2s2_2p8i       2s2_2p10h       -2.57E-01 -6.53E+04 1.620E+05
 7231   3   1  2s2_2p9i       2s2_2p6h        5.48E-02  1.05E+05 5.905E+04
 7232   3   2  2s2_2p9i       2s2_2p7h        2.73E-01  1.43E+05 1.130E+05
 7233   3   3  2s2_2p9i       2s2_2p8h        4.67E-02  4.03E+03 2.779E+05
 7234   3   4  2s2_2p9i       2s2_2p8k        4.67E-02  4.03E+03 2.779E+05
 7235   3   5  2s2_2p9i       2s2_2p9h       -4.62E-05  0.00E+00 1.000E+30
 7236   3   6  2s2_2p9i       2s2_2p9k       -4.62E-05  0.00E+00 1.000E+30
 7237   3   7  2s2_2p9i       2s2_2p10h       -1.60E+00 -7.07E+04 3.885E+05
 7238   4   1  2s2_2p10i       2s2_2p6h        2.25E-02  5.71E+04 5.126E+04
 7239   4   2  2s2_2p10i       2s2_2p7h        9.04E-02  7.86E+04 8.756E+04
 7240   4   3  2s2_2p10i       2s2_2p8h        7.99E-03  2.03E+03 1.620E+05
 7241   4   4  2s2_2p10i       2s2_2p8k        8.00E-03  2.03E+03 1.620E+05
 7242   4   5  2s2_2p10i       2s2_2p9h        1.06E-01  4.68E+03 3.885E+05
 7243   4   6  2s2_2p10i       2s2_2p9k        1.06E-01  4.68E+03 3.885E+05
 7244   4   7  2s2_2p10i       2s2_2p10h       -8.73E-05  0.00E+00 1.000E+30
 7245   1   1  2s2_2p7i       2s2_2p6h        1.84E+00  8.03E+05 1.237E+05
 7246   1   2  2s2_2p7i       2s2_2p7h       -5.76E-05 -4.16E-08 3.039E+09
 7247   1   3  2s2_2p7i       2s2_2p8h       -1.86E+00 -3.42E+05 1.905E+05
 7248   1   4  2s2_2p7i       2s2_2p8k       -1.86E+00 -3.42E+05 1.905E+05
 7249   1   5  2s2_2p7i       2s2_2p9h       -1.81E-01 -9.45E+04 1.130E+05
 7250   1   6  2s2_2p7i       2s2_2p9k       -1.81E-01 -9.45E+04 1.130E+05
 7251   1   7  2s2_2p7i       2s2_2p10h       -4.59E-02 -3.99E+04 8.756E+04
 7252   2   1  2s2_2p8i       2s2_2p6h        1.99E-01  2.36E+05 7.499E+04
 7253   2   2  2s2_2p8i       2s2_2p7h        1.65E+00  3.03E+05 1.905E+05
 7254   2   3  2s2_2p8i       2s2_2p8h       -1.55E-05  0.00E+00 1.000E+30
 7255   2   4  2s2_2p8i       2s2_2p8k       -1.55E-05  0.00E+00 1.000E+30
 7256   2   5  2s2_2p8i       2s2_2p9h       -1.70E+00 -1.47E+05 2.779E+05
 7257   2   6  2s2_2p8i       2s2_2p9k       -1.70E+00 -1.47E+05 2.779E+05
 7258   2   7  2s2_2p8i       2s2_2p10h       -2.57E-01 -6.53E+04 1.620E+05
 7259   3   1  2s2_2p9i       2s2_2p6h        5.48E-02  1.05E+05 5.905E+04
 7260   3   2  2s2_2p9i       2s2_2p7h        2.73E-01  1.43E+05 1.130E+05
 7261   3   3  2s2_2p9i       2s2_2p8h        4.67E-02  4.03E+03 2.779E+05
 7262   3   4  2s2_2p9i       2s2_2p8k        4.67E-02  4.03E+03 2.779E+05
 7263   3   5  2s2_2p9i       2s2_2p9h       -4.62E-05  0.00E+00 1.000E+30
 7264   3   6  2s2_2p9i       2s2_2p9k       -4.62E-05  0.00E+00 1.000E+30
 7265   3   7  2s2_2p9i       2s2_2p10h       -1.60E+00 -7.07E+04 3.885E+05
 7266   4   1  2s2_2p10i       2s2_2p6h        2.25E-02  5.71E+04 5.126E+04
 7267   4   2  2s2_2p10i       2s2_2p7h        9.04E-02  7.86E+04 8.756E+04
 7268   4   3  2s2_2p10i       2s2_2p8h        7.99E-03  2.03E+03 1.620E+05
 7269   4   4  2s2_2p10i       2s2_2p8k        8.00E-03  2.03E+03 1.620E+05
 7270   4   5  2s2_2p10i       2s2_2p9h        1.06E-01  4.68E+03 3.885E+05
 7271   4   6  2s2_2p10i       2s2_2p9k        1.06E-01  4.68E+03 3.885E+05
 7272   4   7  2s2_2p10i       2s2_2p10h       -8.73E-05  0.00E+00 1.000E+30
 7273   1   1  2s2p2(4PE)3s  2s2p3           9.57E-01  3.19E+09 1.415E+03
 7274   1   2  2s2p2(4PE)3s  2s2p2(4PE)3p  -2.10E+00 -1.89E+08 8.605E+03
 7275   1   3  2s2p2(4PE)3s  2s2p2(4PE)4p  -4.33E-02 -1.38E+07 4.575E+03
 7276   1   4  2s2p2(4PE)3s  2s2p2(4PE)5p  -8.53E-03 -3.76E+06 3.891E+03
 7277   1   5  2s2p2(4PE)3s  2s2p2(4PE)6p  -3.09E-03 -1.57E+06 3.624E+03
 7278   1   6  2s2p2(4PE)3s  2s2p2(4PE)7p  -1.48E-03 -8.11E+05 3.488E+03
 7279   1   7  2s2p2(4PE)3s  2s2p2(4PE)8p  -8.35E-04 -4.79E+05 3.409E+03
 7280   1   8  2s2p2(4PE)3s  2s2p2(4PE)9p  -5.21E-04 -3.08E+05 3.358E+03
 7281   1   9  2s2p2(4PE)3s  2s2p2(4PE)10p  -3.49E-04 -2.11E+05 3.323E+03
 7282   2   1  2s2p2(4PE)4s  2s2p3           6.47E-01  3.42E+09 1.123E+03
 7283   2   2  2s2p2(4PE)4s  2s2p2(4PE)3p   4.34E-02  1.31E+06 1.487E+04
 7284   2   3  2s2p2(4PE)4s  2s2p2(4PE)4p  -6.11E-01 -5.03E+06 2.847E+04
 7285   2   4  2s2p2(4PE)4s  2s2p2(4PE)5p  -6.99E-03 -2.52E+05 1.359E+04
 7286   2   5  2s2p2(4PE)4s  2s2p2(4PE)6p  -6.46E-04 -3.69E+04 1.081E+04
 7287   2   6  2s2p2(4PE)4s  2s2p2(4PE)7p  -1.10E-04 -7.82E+03 9.687E+03
 7288   2   7  2s2p2(4PE)4s  2s2p2(4PE)8p  -2.50E-05 -2.01E+03 9.098E+03
 7289   2   8  2s2p2(4PE)4s  2s2p2(4PE)9p  -6.40E-06 -5.58E+02 8.745E+03
 7290   2   9  2s2p2(4PE)4s  2s2p2(4PE)10p  -1.67E-06 -1.54E+02 8.514E+03
 7291   3   1  2s2p2(4PE)3d   2s2p3           2.37E-01  1.26E+09 1.120E+03
 7292   3   2  2s2p2(4PE)3d   2s2p2(4PE)3p   5.63E+00  1.85E+08 1.423E+04
 7293   3   3  2s2p2(4PE)3d   2s2p2(4PE)4p  -3.57E+00 -2.46E+07 3.113E+04
 7294   3   4  2s2p2(4PE)3d   2s2p2(4PE)5p  -1.50E-01 -4.98E+06 1.417E+04
 7295   3   5  2s2p2(4PE)3d   2s2p2(4PE)6p  -4.04E-02 -2.16E+06 1.117E+04
 7296   3   6  2s2p2(4PE)3d   2s2p2(4PE)7p  -1.75E-02 -1.17E+06 9.977E+03
 7297   3   7  2s2p2(4PE)3d   2s2p2(4PE)8p  -9.38E-03 -7.15E+05 9.354E+03
 7298   3   8  2s2p2(4PE)3d   2s2p2(4PE)9p  -5.71E-03 -4.72E+05 8.981E+03
 7299   3   9  2s2p2(4PE)3d   2s2p2(4PE)10p  -3.76E-03 -3.28E+05 8.738E+03
 7300   4   1  2s2p2(4PE)5s  2s2p3           3.32E-01  1.99E+09 1.055E+03
 7301   4   2  2s2p2(4PE)5s  2s2p2(4PE)3p   5.19E-02  5.42E+06 7.989E+03
 7302   4   3  2s2p2(4PE)5s  2s2p2(4PE)4p   4.99E-01  1.73E+06 4.385E+04
 7303   4   4  2s2p2(4PE)5s  2s2p2(4PE)5p  -5.62E-02 -9.17E+04 6.394E+04
 7304   4   5  2s2p2(4PE)5s  2s2p2(4PE)6p  -9.04E-04 -7.20E+03 2.893E+04
 7305   4   6  2s2p2(4PE)5s  2s2p2(4PE)7p  -1.23E-03 -1.68E+04 2.208E+04
 7306   4   7  2s2p2(4PE)5s  2s2p2(4PE)8p  -9.11E-04 -1.64E+04 1.924E+04
 7307   4   8  2s2p2(4PE)5s  2s2p2(4PE)9p  -6.46E-04 -1.37E+04 1.772E+04
 7308   4   9  2s2p2(4PE)5s  2s2p2(4PE)10p  -4.66E-04 -1.10E+04 1.680E+04
 7309   5   1  2s2p2(4PE)4d   2s2p3           6.22E-02  3.74E+08 1.053E+03
 7310   5   2  2s2p2(4PE)4d   2s2p2(4PE)3p   1.00E-01  1.07E+07 7.890E+03
 7311   5   3  2s2p2(4PE)4d   2s2p2(4PE)4p   7.64E+00  3.03E+07 4.102E+04
 7312   5   4  2s2p2(4PE)4d   2s2p2(4PE)5p  -6.23E+00 -8.22E+06 7.108E+04
 7313   5   5  2s2p2(4PE)4d   2s2p2(4PE)6p  -2.70E-01 -1.96E+06 3.031E+04
 7314   5   6  2s2p2(4PE)4d   2s2p2(4PE)7p  -7.29E-02 -9.30E+05 2.287E+04
 7315   5   7  2s2p2(4PE)4d   2s2p2(4PE)8p  -3.16E-02 -5.36E+05 1.984E+04
 7316   5   8  2s2p2(4PE)4d   2s2p2(4PE)9p  -1.71E-02 -3.43E+05 1.823E+04
 7317   5   9  2s2p2(4PE)4d   2s2p2(4PE)10p  -1.05E-02 -2.35E+05 1.726E+04
 7318   6   1  2s2p2(4PE)6s  2s2p3           1.77E-01  1.12E+09 1.026E+03
 7319   6   2  2s2p2(4PE)6s  2s2p2(4PE)3p   3.78E-02  5.79E+06 6.601E+03
 7320   6   3  2s2p2(4PE)6s  2s2p2(4PE)4p   8.52E-03  1.37E+05 2.036E+04
 7321   6   4  2s2p2(4PE)6s  2s2p2(4PE)5p   9.20E-01  6.98E+05 9.375E+04
 7322   6   5  2s2p2(4PE)6s  2s2p2(4PE)6p  -7.96E-03 -3.62E+03 1.211E+05
 7323   6   6  2s2p2(4PE)6s  2s2p2(4PE)7p  -1.08E-02 -2.60E+04 5.266E+04
 7324   6   7  2s2p2(4PE)6s  2s2p2(4PE)8p  -5.60E-03 -2.46E+04 3.895E+04
 7325   6   8  2s2p2(4PE)6s  2s2p2(4PE)9p  -3.26E-03 -1.97E+04 3.321E+04
 7326   6   9  2s2p2(4PE)6s  2s2p2(4PE)10p  -2.09E-03 -1.54E+04 3.011E+04
 7327   7   1  2s2p2(4PE)5d   2s2p3           2.48E-02  1.57E+08 1.025E+03
 7328   7   2  2s2p2(4PE)5d   2s2p2(4PE)3p   1.58E-02  2.44E+06 6.565E+03
 7329   7   3  2s2p2(4PE)5d   2s2p2(4PE)4p   2.69E-01  4.47E+06 2.002E+04
 7330   7   4  2s2p2(4PE)5d   2s2p2(4PE)5p   9.48E+00  8.35E+06 8.700E+04
 7331   7   5  2s2p2(4PE)5d   2s2p2(4PE)6p  -8.40E+00 -3.09E+06 1.346E+05
 7332   7   6  2s2p2(4PE)5d   2s2p2(4PE)7p  -3.77E-01 -8.30E+05 5.505E+04
 7333   7   7  2s2p2(4PE)5d   2s2p2(4PE)8p  -1.02E-01 -4.20E+05 4.025E+04
 7334   7   8  2s2p2(4PE)5d   2s2p2(4PE)9p  -4.46E-02 -2.55E+05 3.415E+04
 7335   7   9  2s2p2(4PE)5d   2s2p2(4PE)10p  -2.42E-02 -1.69E+05 3.088E+04
 7336   8   1  2s2p2(4PE)7s  2s2p3           1.04E-01  6.78E+08 1.012E+03
 7337   8   2  2s2p2(4PE)7s  2s2p2(4PE)3p   2.40E-02  4.39E+06 6.039E+03
 7338   8   3  2s2p2(4PE)7s  2s2p2(4PE)4p   1.29E-02  3.44E+05 1.582E+04
 7339   8   4  2s2p2(4PE)7s  2s2p2(4PE)5p   1.56E-04  6.39E+02 4.035E+04
 7340   8   5  2s2p2(4PE)7s  2s2p2(4PE)6p   1.27E+00  2.91E+05 1.707E+05
 7341   8   6  2s2p2(4PE)7s  2s2p2(4PE)7p  -1.02E-01 -1.62E+04 2.051E+05
 7342   8   7  2s2p2(4PE)7s  2s2p2(4PE)8p  -2.48E-02 -2.21E+04 8.653E+04
 7343   8   8  2s2p2(4PE)7s  2s2p2(4PE)9p  -1.08E-02 -1.84E+04 6.251E+04
 7344   8   9  2s2p2(4PE)7s  2s2p2(4PE)10p  -5.89E-03 -1.43E+04 5.236E+04
 7345   9   1  2s2p2(4PE)6d   2s2p3           1.24E-02  8.09E+07 1.011E+03
 7346   9   2  2s2p2(4PE)6d   2s2p2(4PE)3p   5.07E-03  9.33E+05 6.021E+03
 7347   9   3  2s2p2(4PE)6d   2s2p2(4PE)4p   5.80E-02  1.57E+06 1.570E+04
 7348   9   4  2s2p2(4PE)6d   2s2p2(4PE)5p   4.10E-01  1.75E+06 3.958E+04
 7349   9   5  2s2p2(4PE)6d   2s2p2(4PE)6p   1.13E+01  3.03E+06 1.577E+05
 7350   9   6  2s2p2(4PE)6d   2s2p2(4PE)7p  -1.04E+01 -1.34E+06 2.277E+05
 7351   9   7  2s2p2(4PE)6d   2s2p2(4PE)8p  -4.76E-01 -3.89E+05 9.032E+04
 7352   9   8  2s2p2(4PE)6d   2s2p2(4PE)9p  -1.30E-01 -2.09E+05 6.446E+04
 7353   9   9  2s2p2(4PE)6d   2s2p2(4PE)10p  -5.67E-02 -1.31E+05 5.372E+04
 7354  10   1  2s2p2(4PE)8s  2s2p3           6.60E-02  4.38E+08 1.003E+03
 7355  10   2  2s2p2(4PE)8s  2s2p2(4PE)3p   1.57E-02  3.17E+06 5.746E+03
 7356  10   3  2s2p2(4PE)8s  2s2p2(4PE)4p   9.99E-03  3.42E+05 1.395E+04
 7357  10   4  2s2p2(4PE)8s  2s2p2(4PE)5p   4.38E-03  3.22E+04 3.010E+04
 7358  10   5  2s2p2(4PE)8s  2s2p2(4PE)6p   1.91E-03  2.60E+03 6.994E+04
 7359  10   6  2s2p2(4PE)8s  2s2p2(4PE)7p   1.57E+00  1.33E+05 2.806E+05
 7360  10   7  2s2p2(4PE)8s  2s2p2(4PE)8p  -2.48E-01 -1.61E+04 3.209E+05
 7361  10   8  2s2p2(4PE)8s  2s2p2(4PE)9p  -3.97E-02 -1.51E+04 1.323E+05
 7362  10   9  2s2p2(4PE)8s  2s2p2(4PE)10p  -1.59E-02 -1.20E+04 9.382E+04
 7363  11   1  2s2p2(4PE)7d   2s2p3           7.13E-03  4.73E+07 1.003E+03
 7364  11   2  2s2p2(4PE)7d   2s2p2(4PE)3p   2.26E-03  4.58E+05 5.736E+03
 7365  11   3  2s2p2(4PE)7d   2s2p2(4PE)4p   2.18E-02  7.53E+05 1.389E+04
 7366  11   4  2s2p2(4PE)7d   2s2p2(4PE)5p   9.75E-02  7.31E+05 2.982E+04
 7367  11   5  2s2p2(4PE)7d   2s2p2(4PE)6p   5.39E-01  7.67E+05 6.846E+04
 7368  11   6  2s2p2(4PE)7d   2s2p2(4PE)7p   1.31E+01  1.31E+06 2.582E+05
 7369  11   7  2s2p2(4PE)7d   2s2p2(4PE)8p  -1.24E+01 -6.52E+05 3.561E+05
 7370  11   8  2s2p2(4PE)7d   2s2p2(4PE)9p  -5.72E-01 -2.00E+05 1.380E+05
 7371  11   9  2s2p2(4PE)7d   2s2p2(4PE)10p  -1.56E-01 -1.11E+05 9.662E+04
 7372  12   1  2s2p2(4PE)9s  2s2p3           4.43E-02  2.97E+08 9.975E+02
 7373  12   2  2s2p2(4PE)9s  2s2p2(4PE)3p   1.07E-02  2.30E+06 5.571E+03
 7374  12   3  2s2p2(4PE)9s  2s2p2(4PE)4p   7.23E-03  2.87E+05 1.297E+04
7375  12   4  2s2p2(4PE)9s  2s2p2(4PE)5p   4.54E-03  4.53E+04 2.586E+04
7376  12   5  2s2p2(4PE)9s  2s2p2(4PE)6p   1.03E-03  2.68E+03 5.065E+04
7377  12   6  2s2p2(4PE)9s  2s2p2(4PE)7p   7.57E-03  4.10E+03 1.110E+05
7378  12   7  2s2p2(4PE)9s  2s2p2(4PE)8p   1.84E+00  6.67E+04 4.291E+05
7379  12   8  2s2p2(4PE)9s  2s2p2(4PE)9p  -4.16E-01 -1.24E+04 4.739E+05
7380  12   9  2s2p2(4PE)9s  2s2p2(4PE)10p  -5.45E-02 -9.87E+03 1.919E+05
7381  13   1  2s2p2(4PE)8d   2s2p3           4.49E-03  3.01E+07 9.973E+02
7382  13   2  2s2p2(4PE)8d   2s2p2(4PE)3p   1.22E-03  2.63E+05 5.565E+03
7383  13   3  2s2p2(4PE)8d   2s2p2(4PE)4p   1.07E-02  4.27E+05 1.293E+04
7384  13   4  2s2p2(4PE)8d   2s2p2(4PE)5p   3.87E-02  3.90E+05 2.572E+04
7385  13   5  2s2p2(4PE)8d   2s2p2(4PE)6p   1.35E-01  3.58E+05 5.012E+04
7386  13   6  2s2p2(4PE)8d   2s2p2(4PE)7p   6.61E-01  3.75E+05 1.085E+05
7387  13   7  2s2p2(4PE)8d   2s2p2(4PE)8p   1.50E+01  6.44E+05 3.942E+05
7388  13   8  2s2p2(4PE)8d   2s2p2(4PE)9p  -1.43E+01 -3.46E+05 5.252E+05
7389  13   9  2s2p2(4PE)8d   2s2p2(4PE)10p  -6.65E-01 -1.11E+05 1.998E+05
7390  14   1  2s2p2(4PE)10s  2s2p3           3.11E-02  2.10E+08 9.938E+02
7391  14   2  2s2p2(4PE)10s  2s2p2(4PE)3p   7.55E-03  1.69E+06 5.458E+03
7392  14   3  2s2p2(4PE)10s  2s2p2(4PE)4p   5.27E-03  2.30E+05 1.237E+04
7393  14   4  2s2p2(4PE)10s  2s2p2(4PE)5p   3.72E-03  4.46E+04 2.359E+04
7394  14   5  2s2p2(4PE)10s  2s2p2(4PE)6p   1.91E-03  7.01E+03 4.262E+04
7395  14   6  2s2p2(4PE)10s  2s2p2(4PE)7p   3.18E-05  3.44E+01 7.856E+04
7396  14   7  2s2p2(4PE)10s  2s2p2(4PE)8p   1.49E-02  3.64E+03 1.653E+05
7397  14   8  2s2p2(4PE)10s  2s2p2(4PE)9p   2.09E+00  3.60E+04 6.221E+05
7398  14   9  2s2p2(4PE)10s  2s2p2(4PE)10p  -5.93E-01 -8.82E+03 6.696E+05
7399  15   1  2s2p2(4PE)9d   2s2p3           3.02E-03  2.04E+07 9.937E+02
7400  15   2  2s2p2(4PE)9d   2s2p2(4PE)3p   7.41E-04  1.66E+05 5.454E+03
7401  15   3  2s2p2(4PE)9d   2s2p2(4PE)4p   6.15E-03  2.69E+05 1.235E+04
7402  15   4  2s2p2(4PE)9d   2s2p2(4PE)5p   1.96E-02  2.36E+05 2.351E+04
7403  15   5  2s2p2(4PE)9d   2s2p2(4PE)6p   5.52E-02  2.05E+05 4.236E+04
7404  15   6  2s2p2(4PE)9d   2s2p2(4PE)7p   1.71E-01  1.89E+05 7.768E+04
7405  15   7  2s2p2(4PE)9d   2s2p2(4PE)8p   7.79E-01  1.99E+05 1.615E+05
7406  15   8  2s2p2(4PE)9d   2s2p2(4PE)9p   1.68E+01  3.44E+05 5.706E+05
7407  15   9  2s2p2(4PE)9d   2s2p2(4PE)10p  -1.62E+01 -1.97E+05 7.415E+05
7408  16   1  2s2p2(4PE)11s  2s2p3           2.27E-02  1.54E+08 9.912E+02
7409  16   2  2s2p2(4PE)11s  2s2p2(4PE)3p   5.53E-03  1.27E+06 5.381E+03
7410  16   3  2s2p2(4PE)11s  2s2p2(4PE)4p   3.92E-03  1.82E+05 1.198E+04
7411  16   4  2s2p2(4PE)11s  2s2p2(4PE)5p   2.92E-03  3.95E+04 2.220E+04
7412  16   5  2s2p2(4PE)11s  2s2p2(4PE)6p   1.88E-03  8.55E+03 3.830E+04
7413  16   6  2s2p2(4PE)11s  2s2p2(4PE)7p   6.25E-04  9.86E+02 6.502E+04
7414  16   7  2s2p2(4PE)11s  2s2p2(4PE)8p   2.54E-04  1.28E+02 1.150E+05
7415  16   8  2s2p2(4PE)11s  2s2p2(4PE)9p   2.30E-02  2.78E+03 2.349E+05
7416  16   9  2s2p2(4PE)11s  2s2p2(4PE)10p   2.33E+00  2.08E+04 8.646E+05
7417  17   1  2s2p2(4PE)10d   2s2p3           2.14E-03  1.45E+07 9.911E+02
7418  17   2  2s2p2(4PE)10d   2s2p2(4PE)3p   4.87E-04  1.12E+05 5.377E+03
7419  17   3  2s2p2(4PE)10d   2s2p2(4PE)4p   3.89E-03  1.81E+05 1.196E+04
7420  17   4  2s2p2(4PE)10d   2s2p2(4PE)5p   1.15E-02  1.56E+05 2.215E+04
7421  17   5  2s2p2(4PE)10d   2s2p2(4PE)6p   2.86E-02  1.31E+05 3.814E+04
7422  17   6  2s2p2(4PE)10d   2s2p2(4PE)7p   7.13E-02  1.14E+05 6.458E+04
7423  17   7  2s2p2(4PE)10d   2s2p2(4PE)8p   2.06E-01  1.06E+05 1.136E+05
7424  17   8  2s2p2(4PE)10d   2s2p2(4PE)9p   8.94E-01  1.14E+05 2.292E+05
7425  17   9  2s2p2(4PE)10d   2s2p2(4PE)10p   1.86E+01  1.98E+05 7.924E+05
7426   1   1  2s2p2(4PE)3p  2s2p2(4PE)3s   4.85E+00  3.39E+08 9.773E+03
7427   1   2  2s2p2(4PE)3p  2s2p2(4PE)4s  -5.61E+00 -2.46E+08 1.232E+04
7428   1   3  2s2p2(4PE)3p  2s2p2(4PE)3d   -6.41E-01 -3.03E+07 1.188E+04
7429   1   4  2s2p2(4PE)3p  2s2p2(4PE)5s  -3.19E-01 -4.12E+07 7.190E+03
7430   1   5  2s2p2(4PE)3p  2s2p2(4PE)4d   -2.17E-02 -2.86E+06 7.110E+03
7431   1   6  2s2p2(4PE)3p  2s2p2(4PE)6s  -7.12E-02 -1.30E+07 6.047E+03
7432   1   7  2s2p2(4PE)3p  2s2p2(4PE)5d   -2.53E-02 -4.66E+06 6.017E+03
7433   1   8  2s2p2(4PE)3p  2s2p2(4PE)7s  -2.62E-02 -5.63E+06 5.571E+03
7434   1   9  2s2p2(4PE)3p  2s2p2(4PE)6d   -1.76E-02 -3.80E+06 5.556E+03
7435   1  10  2s2p2(4PE)3p  2s2p2(4PE)8s  -1.25E-02 -2.94E+06 5.321E+03
7436   1  11  2s2p2(4PE)3p  2s2p2(4PE)7d   -1.18E-02 -2.79E+06 5.312E+03
7437   1  12  2s2p2(4PE)3p  2s2p2(4PE)9s  -6.97E-03 -1.74E+06 5.171E+03
7438   1  13  2s2p2(4PE)3p  2s2p2(4PE)8d   -8.19E-03 -2.05E+06 5.166E+03
7439   1  14  2s2p2(4PE)3p  2s2p2(4PE)10s  -4.31E-03 -1.12E+06 5.074E+03
7440   1  15  2s2p2(4PE)3p  2s2p2(4PE)9d   -5.86E-03 -1.52E+06 5.070E+03
7441   1  16  2s2p2(4PE)3p  2s2p2(4PE)11s  -2.87E-03 -7.64E+05 5.006E+03
7442   1  17  2s2p2(4PE)3p  2s2p2(4PE)10d   -4.31E-03 -1.15E+06 5.004E+03
7443   2   1  2s2p2(4PE)4p  2s2p2(4PE)3s   4.60E-03  1.40E+06 4.681E+03
7444   2   2  2s2p2(4PE)4p  2s2p2(4PE)4s   8.17E+00  4.95E+07 3.317E+04
7445   2   3  2s2p2(4PE)4p  2s2p2(4PE)3d    2.73E-01  1.34E+06 3.684E+04
7446   2   4  2s2p2(4PE)4p  2s2p2(4PE)5s  -9.39E+00 -4.84E+07 3.599E+04
7447   2   5  2s2p2(4PE)4p  2s2p2(4PE)4d   -4.95E-02 -2.85E+05 3.406E+04
7448   2   6  2s2p2(4PE)4p  2s2p2(4PE)6s  -5.57E-01 -1.09E+07 1.849E+04
7449   2   7  2s2p2(4PE)4p  2s2p2(4PE)5d   -2.87E-02 -5.77E+05 1.821E+04
7450   2   8  2s2p2(4PE)4p  2s2p2(4PE)7s  -1.41E-01 -4.38E+06 1.466E+04
7451   2   9  2s2p2(4PE)4p  2s2p2(4PE)6d   -2.37E-02 -7.46E+05 1.456E+04
7452   2  10  2s2p2(4PE)4p  2s2p2(4PE)8s  -5.71E-02 -2.24E+06 1.305E+04
7453   2  11  2s2p2(4PE)4p  2s2p2(4PE)7d   -1.60E-02 -6.32E+05 1.299E+04
7454   2  12  2s2p2(4PE)4p  2s2p2(4PE)9s  -2.91E-02 -1.31E+06 1.218E+04
7455   2  13  2s2p2(4PE)4p  2s2p2(4PE)8d   -1.09E-02 -4.92E+05 1.215E+04
7456   2  14  2s2p2(4PE)4p  2s2p2(4PE)10s  -1.71E-02 -8.40E+05 1.165E+04
7457   2  15  2s2p2(4PE)4p  2s2p2(4PE)9d   -7.67E-03 -3.78E+05 1.163E+04
7458   2  16  2s2p2(4PE)4p  2s2p2(4PE)11s  -1.09E-02 -5.69E+05 1.130E+04
7459   2  17  2s2p2(4PE)4p  2s2p2(4PE)10d   -5.59E-03 -2.92E+05 1.129E+04
7460   3   1  2s2p2(4PE)5p  2s2p2(4PE)3s   1.77E-04  7.66E+04 3.926E+03
7461   3   2  2s2p2(4PE)5p  2s2p2(4PE)4s   1.09E-01  3.69E+06 1.403E+04
7462   3   3  2s2p2(4PE)5p  2s2p2(4PE)3d    1.47E-02  4.57E+05 1.465E+04
7463   3   4  2s2p2(4PE)5p  2s2p2(4PE)5s   1.09E+01  1.29E+07 7.497E+04
7464   3   5  2s2p2(4PE)5p  2s2p2(4PE)4d    9.40E-01  8.68E+05 8.498E+04
7465   3   6  2s2p2(4PE)5p  2s2p2(4PE)6s  -1.25E+01 -1.40E+07 7.711E+04
7466   3   7  2s2p2(4PE)5p  2s2p2(4PE)5d   -1.81E-02 -2.30E+04 7.249E+04
7467   3   8  2s2p2(4PE)5p  2s2p2(4PE)7s  -7.95E-01 -3.89E+06 3.692E+04
7468   3   9  2s2p2(4PE)5p  2s2p2(4PE)6d   -4.55E-02 -2.31E+05 3.627E+04
7469   3  10  2s2p2(4PE)5p  2s2p2(4PE)8s  -2.14E-01 -1.80E+06 2.815E+04
7470   3  11  2s2p2(4PE)5p  2s2p2(4PE)7d   -2.81E-02 -2.41E+05 2.791E+04
7471   3  12  2s2p2(4PE)5p  2s2p2(4PE)9s  -9.04E-02 -1.01E+06 2.441E+04
7472   3  13  2s2p2(4PE)5p  2s2p2(4PE)8d   -1.78E-02 -2.01E+05 2.429E+04
7473   3  14  2s2p2(4PE)5p  2s2p2(4PE)10s  -4.75E-02 -6.33E+05 2.238E+04
7474   3  15  2s2p2(4PE)5p  2s2p2(4PE)9d   -1.19E-02 -1.60E+05 2.230E+04
7475   3  16  2s2p2(4PE)5p  2s2p2(4PE)11s  -2.85E-02 -4.26E+05 2.112E+04
7476   3  17  2s2p2(4PE)5p  2s2p2(4PE)10d   -8.38E-03 -1.26E+05 2.108E+04
7477   4   1  2s2p2(4PE)6p  2s2p2(4PE)3s   5.23E-04  2.63E+05 3.640E+03
7478   4   2  2s2p2(4PE)6p  2s2p2(4PE)4s   1.81E-02  1.01E+06 1.096E+04
7479   4   3  2s2p2(4PE)6p  2s2p2(4PE)3d    9.91E-03  5.15E+05 1.133E+04
7480   4   4  2s2p2(4PE)6p  2s2p2(4PE)5s   2.46E-01  1.82E+06 3.002E+04
7481   4   5  2s2p2(4PE)6p  2s2p2(4PE)4d    5.22E-03  3.51E+04 3.150E+04
7482   4   6  2s2p2(4PE)6p  2s2p2(4PE)6s   1.36E+01  4.45E+06 1.427E+05
7483   4   7  2s2p2(4PE)6p  2s2p2(4PE)5d    1.47E+00  3.74E+05 1.619E+05
7484   4   8  2s2p2(4PE)6p  2s2p2(4PE)7s  -1.54E+01 -5.19E+06 1.407E+05
7485   4   9  2s2p2(4PE)6p  2s2p2(4PE)6d   -1.52E-01 -5.85E+04 1.317E+05
7486   4  10  2s2p2(4PE)6p  2s2p2(4PE)8s  -1.02E+00 -1.65E+06 6.431E+04
7487   4  11  2s2p2(4PE)6p  2s2p2(4PE)7d   -6.52E-02 -1.09E+05 6.306E+04
7488   4  12  2s2p2(4PE)6p  2s2p2(4PE)9s  -2.85E-01 -8.38E+05 4.763E+04
7489   4  13  2s2p2(4PE)6p  2s2p2(4PE)8d   -3.38E-02 -1.01E+05 4.716E+04
7490   4  14  2s2p2(4PE)6p  2s2p2(4PE)10s  -1.23E-01 -5.01E+05 4.046E+04
7491   4  15  2s2p2(4PE)6p  2s2p2(4PE)9d   -2.03E-02 -8.37E+04 4.023E+04
7492   4  16  2s2p2(4PE)6p  2s2p2(4PE)11s  -6.57E-02 -3.28E+05 3.654E+04
7493   4  17  2s2p2(4PE)6p  2s2p2(4PE)10d   -1.33E-02 -6.69E+04 3.640E+04
7494   5   1  2s2p2(4PE)7p  2s2p2(4PE)3s   4.95E-04  2.70E+05 3.497E+03
7495   5   2  2s2p2(4PE)7p  2s2p2(4PE)4s   5.90E-03  4.13E+05 9.758E+03
7496   5   3  2s2p2(4PE)7p  2s2p2(4PE)3d    5.96E-03  3.93E+05 1.005E+04
7497   5   4  2s2p2(4PE)7p  2s2p2(4PE)5s   5.26E-02  6.96E+05 2.245E+04
7498   5   5  2s2p2(4PE)7p  2s2p2(4PE)4d    6.95E-03  8.56E+04 2.327E+04
7499   5   6  2s2p2(4PE)7p  2s2p2(4PE)6s   3.67E-01  8.14E+05 5.484E+04
7500   5   7  2s2p2(4PE)7p  2s2p2(4PE)5d    8.81E-04  1.78E+03 5.744E+04
7501   5   8  2s2p2(4PE)7p  2s2p2(4PE)7s   1.63E+01  1.85E+06 2.426E+05
7502   5   9  2s2p2(4PE)7p  2s2p2(4PE)6d    1.91E+00  1.68E+05 2.750E+05
7503   5  10  2s2p2(4PE)7p  2s2p2(4PE)8s  -1.82E+01 -2.26E+06 2.315E+05
7504   5  11  2s2p2(4PE)7p  2s2p2(4PE)7d   -3.47E-01 -4.96E+04 2.161E+05
7505   5  12  2s2p2(4PE)7p  2s2p2(4PE)9s  -1.24E+00 -7.89E+05 1.024E+05
7506   5  13  2s2p2(4PE)7p  2s2p2(4PE)8d   -8.63E-02 -5.72E+04 1.003E+05
7507   5  14  2s2p2(4PE)7p  2s2p2(4PE)10s  -3.52E-01 -4.27E+05 7.416E+04
7508   5  15  2s2p2(4PE)7p  2s2p2(4PE)9d   -4.00E-02 -4.96E+04 7.337E+04
7509   5  16  2s2p2(4PE)7p  2s2p2(4PE)11s  -1.54E-01 -2.67E+05 6.198E+04
7510   5  17  2s2p2(4PE)7p  2s2p2(4PE)10d   -2.30E-02 -4.05E+04 6.158E+04
7511   6   1  2s2p2(4PE)8p  2s2p2(4PE)3s   3.95E-04  2.26E+05 3.414E+03
7512   6   2  2s2p2(4PE)8p  2s2p2(4PE)4s   2.64E-03  2.11E+05 9.139E+03
7513   6   3  2s2p2(4PE)8p  2s2p2(4PE)3d    3.79E-03  2.86E+05 9.397E+03
7514   6   4  2s2p2(4PE)8p  2s2p2(4PE)5s   2.01E-02  3.55E+05 1.942E+04
7515   6   5  2s2p2(4PE)8p  2s2p2(4PE)4d    4.97E-03  8.26E+04 2.003E+04
7516   6   6  2s2p2(4PE)8p  2s2p2(4PE)6s   8.45E-02  3.57E+05 3.971E+04
7517   6   7  2s2p2(4PE)8p  2s2p2(4PE)5d    4.14E-03  1.64E+04 4.106E+04
7518   6   8  2s2p2(4PE)8p  2s2p2(4PE)7s   4.79E-01  3.91E+05 9.036E+04
7519   6   9  2s2p2(4PE)8p  2s2p2(4PE)6d    2.06E-05  1.54E+01 9.450E+04
7520   6  10  2s2p2(4PE)8p  2s2p2(4PE)8s   1.91E+01  8.78E+05 3.808E+05
7521   6  11  2s2p2(4PE)8p  2s2p2(4PE)7d    2.30E+00  8.24E+04 4.315E+05
7522   6  12  2s2p2(4PE)8p  2s2p2(4PE)9s  -2.09E+01 -1.11E+06 3.545E+05
7523   6  13  2s2p2(4PE)8p  2s2p2(4PE)8d   -5.68E-01 -3.47E+04 3.303E+05
7524   6  14  2s2p2(4PE)8p  2s2p2(4PE)10s  -1.45E+00 -4.14E+05 1.529E+05
7525   6  15  2s2p2(4PE)8p  2s2p2(4PE)9d   -1.08E-01 -3.22E+04 1.496E+05
7526   6  16  2s2p2(4PE)8p  2s2p2(4PE)11s  -4.17E-01 -2.35E+05 1.088E+05
7527   6  17  2s2p2(4PE)8p  2s2p2(4PE)10d   -4.65E-02 -2.68E+04 1.076E+05
7528   7   1  2s2p2(4PE)9p  2s2p2(4PE)3s   3.03E-04  1.79E+05 3.362E+03
7529   7   2  2s2p2(4PE)9p  2s2p2(4PE)4s   1.42E-03  1.23E+05 8.771E+03
7530   7   3  2s2p2(4PE)9p  2s2p2(4PE)3d    2.55E-03  2.10E+05 9.008E+03
7531   7   4  2s2p2(4PE)9p  2s2p2(4PE)5s   1.00E-02  2.10E+05 1.783E+04
7532   7   5  2s2p2(4PE)9p  2s2p2(4PE)4d    3.45E-03  6.84E+04 1.834E+04
7533   7   6  2s2p2(4PE)9p  2s2p2(4PE)6s   3.38E-02  2.00E+05 3.358E+04
7534   7   7  2s2p2(4PE)9p  2s2p2(4PE)5d    3.57E-03  2.00E+04 3.454E+04
7535   7   8  2s2p2(4PE)9p  2s2p2(4PE)7s   1.14E-01  1.87E+05 6.385E+04
7536   7   9  2s2p2(4PE)9p  2s2p2(4PE)6d    2.27E-03  3.49E+03 6.589E+04
7537   7  10  2s2p2(4PE)9p  2s2p2(4PE)8s   5.85E-01  2.03E+05 1.385E+05
7538   7  11  2s2p2(4PE)9p  2s2p2(4PE)7d    1.08E-03  3.44E+02 1.447E+05
7539   7  12  2s2p2(4PE)9p  2s2p2(4PE)9s   2.19E+01  4.60E+05 5.636E+05
7540   7  13  2s2p2(4PE)9p  2s2p2(4PE)8d    2.65E+00  4.35E+04 6.377E+05
7541   7  14  2s2p2(4PE)9p  2s2p2(4PE)10s  -2.36E+01 -5.94E+05 5.146E+05
7542   7  15  2s2p2(4PE)9p  2s2p2(4PE)9d   -8.02E-01 -2.33E+04 4.789E+05
7543   7  16  2s2p2(4PE)9p  2s2p2(4PE)11s  -1.65E+00 -2.32E+05 2.177E+05
7544   7  17  2s2p2(4PE)9p  2s2p2(4PE)10d   -1.30E-01 -1.91E+04 2.128E+05
7545   8   1  2s2p2(4PE)10p  2s2p2(4PE)3s   2.33E-04  1.41E+05 3.326E+03
7546   8   2  2s2p2(4PE)10p  2s2p2(4PE)4s   8.58E-04  7.86E+04 8.531E+03
7547   8   3  2s2p2(4PE)10p  2s2p2(4PE)3d    1.79E-03  1.56E+05 8.756E+03
7548   8   4  2s2p2(4PE)10p  2s2p2(4PE)5s   5.82E-03  1.36E+05 1.687E+04
7549   8   5  2s2p2(4PE)10p  2s2p2(4PE)4d    2.46E-03  5.46E+04 1.733E+04
7550   8   6  2s2p2(4PE)10p  2s2p2(4PE)6s   1.73E-02  1.25E+05 3.033E+04
7551   8   7  2s2p2(4PE)10p  2s2p2(4PE)5d    2.70E-03  1.86E+04 3.111E+04
7552   8   8  2s2p2(4PE)10p  2s2p2(4PE)7s   4.65E-02  1.10E+05 5.302E+04
7553   8   9  2s2p2(4PE)10p  2s2p2(4PE)6d    2.46E-03  5.54E+03 5.442E+04
7554   8  10  2s2p2(4PE)10p  2s2p2(4PE)8s   1.42E-01  1.03E+05 9.598E+04
7555   8  11  2s2p2(4PE)10p  2s2p2(4PE)7d    1.11E-03  7.57E+02 9.890E+04
7556   8  12  2s2p2(4PE)10p  2s2p2(4PE)9s   6.88E-01  1.13E+05 2.011E+05
7557   8  13  2s2p2(4PE)10p  2s2p2(4PE)8d    3.24E-03  4.91E+02 2.098E+05
7558   8  14  2s2p2(4PE)10p  2s2p2(4PE)10s   2.47E+01  2.59E+05 7.973E+05
7559   8  15  2s2p2(4PE)10p  2s2p2(4PE)9d    2.99E+00  2.45E+04 9.014E+05
7560   8  16  2s2p2(4PE)10p  2s2p2(4PE)11s  -2.63E+01 -3.42E+05 7.164E+05
7561   8  17  2s2p2(4PE)10p  2s2p2(4PE)10d   -1.04E+00 -1.56E+04 6.662E+05
7562   1   1  2s2p2(4PE)3p  2s2p2(4PE)3s   7.83E+00  4.46E+08 1.082E+04
7563   1   2  2s2p2(4PE)3p  2s2p2(4PE)4s  -1.95E+00 -1.08E+08 1.099E+04
7564   1   3  2s2p2(4PE)3p  2s2p2(4PE)3d   -2.03E+00 -1.20E+08 1.064E+04
7565   1   4  2s2p2(4PE)3p  2s2p2(4PE)5s  -2.32E-01 -3.43E+07 6.713E+03
7566   1   5  2s2p2(4PE)3p  2s2p2(4PE)4d   -3.11E-01 -4.70E+07 6.643E+03
7567   1   6  2s2p2(4PE)3p  2s2p2(4PE)6s  -7.73E-02 -1.58E+07 5.706E+03
7568   1   7  2s2p2(4PE)3p  2s2p2(4PE)5d   -1.17E-01 -2.42E+07 5.679E+03
7569   1   8  2s2p2(4PE)3p  2s2p2(4PE)7s  -3.62E-02 -8.66E+06 5.280E+03
7570   1   9  2s2p2(4PE)3p  2s2p2(4PE)6d   -5.89E-02 -1.42E+07 5.267E+03
7571   1  10  2s2p2(4PE)3p  2s2p2(4PE)8s  -2.03E-02 -5.30E+06 5.055E+03
7572   1  11  2s2p2(4PE)3p  2s2p2(4PE)7d   -3.42E-02 -8.95E+06 5.047E+03
7573   1  12  2s2p2(4PE)3p  2s2p2(4PE)9s  -1.26E-02 -3.47E+06 4.920E+03
7574   1  13  2s2p2(4PE)3p  2s2p2(4PE)8d   -2.18E-02 -6.02E+06 4.915E+03
7575   1  14  2s2p2(4PE)3p  2s2p2(4PE)10s  -8.40E-03 -2.40E+06 4.831E+03
7576   1  15  2s2p2(4PE)3p  2s2p2(4PE)9d   -1.48E-02 -4.24E+06 4.828E+03
7577   1  16  2s2p2(4PE)3p  2s2p2(4PE)11s  -5.90E-03 -1.73E+06 4.770E+03
7578   1  17  2s2p2(4PE)3p  2s2p2(4PE)10d   -1.05E-02 -3.08E+06 4.768E+03
7579   2   1  2s2p2(4PE)4p  2s2p2(4PE)3s   5.83E-03  1.73E+06 4.736E+03
7580   2   2  2s2p2(4PE)4p  2s2p2(4PE)4s   7.67E+00  3.92E+07 3.610E+04
7581   2   3  2s2p2(4PE)4p  2s2p2(4PE)3d    4.05E+00  1.65E+07 4.050E+04
7582   2   4  2s2p2(4PE)4p  2s2p2(4PE)5s  -2.42E+00 -1.48E+07 3.307E+04
7583   2   5  2s2p2(4PE)4p  2s2p2(4PE)4d   -4.46E+00 -3.01E+07 3.144E+04
7584   2   6  2s2p2(4PE)4p  2s2p2(4PE)6s  -2.69E-01 -5.74E+06 1.769E+04
7585   2   7  2s2p2(4PE)4p  2s2p2(4PE)5d   -5.59E-01 -1.23E+07 1.743E+04
7586   2   8  2s2p2(4PE)4p  2s2p2(4PE)7s  -9.04E-02 -3.01E+06 1.415E+04
7587   2   9  2s2p2(4PE)4p  2s2p2(4PE)6d   -1.98E-01 -6.68E+06 1.406E+04
7588   2  10  2s2p2(4PE)4p  2s2p2(4PE)8s  -4.31E-02 -1.80E+06 1.264E+04
7589   2  11  2s2p2(4PE)4p  2s2p2(4PE)7d   -9.71E-02 -4.08E+06 1.259E+04
7590   2  12  2s2p2(4PE)4p  2s2p2(4PE)9s  -2.45E-02 -1.17E+06 1.183E+04
7591   2  13  2s2p2(4PE)4p  2s2p2(4PE)8d   -5.62E-02 -2.69E+06 1.180E+04
7592   2  14  2s2p2(4PE)4p  2s2p2(4PE)10s  -1.55E-02 -8.05E+05 1.133E+04
7593   2  15  2s2p2(4PE)4p  2s2p2(4PE)9d   -3.59E-02 -1.87E+06 1.131E+04
7594   2  16  2s2p2(4PE)4p  2s2p2(4PE)11s  -1.05E-02 -5.79E+05 1.100E+04
7595   2  17  2s2p2(4PE)4p  2s2p2(4PE)10d   -2.45E-02 -1.35E+06 1.099E+04
7596   3   1  2s2p2(4PE)4f   2s2p2(4PE)3s   2.13E-03  8.48E+05 4.093E+03
7597   3   2  2s2p2(4PE)4f   2s2p2(4PE)4s   3.72E+00  9.19E+07 1.643E+04
7598   3   3  2s2p2(4PE)4f   2s2p2(4PE)3d    1.03E+01  2.30E+08 1.729E+04
7599   3   4  2s2p2(4PE)4f   2s2p2(4PE)5s   9.59E-01  5.45E+04 3.425E+05
7600   3   5  2s2p2(4PE)4f   2s2p2(4PE)4d    5.14E-01  6.25E+03 7.409E+05
7601   3   6  2s2p2(4PE)4f   2s2p2(4PE)6s  -2.42E-01 -8.83E+05 4.276E+04
7602   3   7  2s2p2(4PE)4f   2s2p2(4PE)5d   -1.33E-01 -5.20E+05 4.130E+04
7603   3   8  2s2p2(4PE)4f   2s2p2(4PE)7s  -4.24E-02 -3.98E+05 2.667E+04
7604   3   9  2s2p2(4PE)4f   2s2p2(4PE)6d   -2.05E-02 -1.97E+05 2.633E+04
7605   3  10  2s2p2(4PE)4f   2s2p2(4PE)8s  -1.55E-02 -2.18E+05 2.177E+04
7606   3  11  2s2p2(4PE)4f   2s2p2(4PE)7d   -6.78E-03 -9.67E+04 2.162E+04
7607   3  12  2s2p2(4PE)4f   2s2p2(4PE)9s  -7.58E-03 -1.34E+05 1.946E+04
7608   3  13  2s2p2(4PE)4f   2s2p2(4PE)8d   -3.11E-03 -5.52E+04 1.938E+04
7609   3  14  2s2p2(4PE)4f   2s2p2(4PE)10s  -4.37E-03 -8.85E+04 1.815E+04
7610   3  15  2s2p2(4PE)4f   2s2p2(4PE)9d   -1.71E-03 -3.48E+04 1.810E+04
7611   3  16  2s2p2(4PE)4f   2s2p2(4PE)11s  -2.78E-03 -6.19E+04 1.731E+04
7612   3  17  2s2p2(4PE)4f   2s2p2(4PE)10d   -1.05E-03 -2.34E+04 1.728E+04
7613   4   1  2s2p2(4PE)5p  2s2p2(4PE)3s   1.16E-02  4.98E+06 3.941E+03
7614   4   2  2s2p2(4PE)5p  2s2p2(4PE)4s   8.32E-03  2.74E+05 1.424E+04
7615   4   3  2s2p2(4PE)5p  2s2p2(4PE)3d    4.18E-04  1.26E+04 1.487E+04
7616   4   4  2s2p2(4PE)5p  2s2p2(4PE)5s   7.03E+00  7.11E+06 8.121E+04
7617   4   5  2s2p2(4PE)5p  2s2p2(4PE)4d    8.28E+00  6.37E+06 9.308E+04
7618   4   6  2s2p2(4PE)5p  2s2p2(4PE)6s  -3.01E+00 -3.93E+06 7.147E+04
7619   4   7  2s2p2(4PE)5p  2s2p2(4PE)5d   -6.85E+00 -1.00E+07 6.748E+04
7620   4   8  2s2p2(4PE)5p  2s2p2(4PE)7s  -3.26E-01 -1.72E+06 3.558E+04
7621   4   9  2s2p2(4PE)5p  2s2p2(4PE)6d   -8.06E-01 -4.39E+06 3.497E+04
7622   4  10  2s2p2(4PE)5p  2s2p2(4PE)8s  -1.10E-01 -9.80E+05 2.736E+04
7623   4  11  2s2p2(4PE)5p  2s2p2(4PE)7d   -2.79E-01 -2.53E+06 2.713E+04
7624   4  12  2s2p2(4PE)5p  2s2p2(4PE)9s  -5.29E-02 -6.22E+05 2.381E+04
7625   4  13  2s2p2(4PE)5p  2s2p2(4PE)8d   -1.36E-01 -1.62E+06 2.370E+04
7626   4  14  2s2p2(4PE)5p  2s2p2(4PE)10s  -3.03E-02 -4.22E+05 2.188E+04
7627   4  15  2s2p2(4PE)5p  2s2p2(4PE)9d   -7.90E-02 -1.11E+06 2.181E+04
7628   4  16  2s2p2(4PE)5p  2s2p2(4PE)11s  -1.93E-02 -3.01E+05 2.068E+04
7629   4  17  2s2p2(4PE)5p  2s2p2(4PE)10d   -5.06E-02 -7.93E+05 2.063E+04
7630   5   1  2s2p2(4PE)5f   2s2p2(4PE)3s   1.19E-03  5.75E+05 3.715E+03
7631   5   2  2s2p2(4PE)5f   2s2p2(4PE)4s   7.22E-01  3.54E+07 1.167E+04
7632   5   3  2s2p2(4PE)5f   2s2p2(4PE)3d    1.80E+00  8.21E+07 1.209E+04
7633   5   4  2s2p2(4PE)5f   2s2p2(4PE)5s   4.66E+00  2.40E+07 3.602E+04
7634   5   5  2s2p2(4PE)5f   2s2p2(4PE)4d    6.47E+00  2.96E+07 3.818E+04
7635   5   6  2s2p2(4PE)5f   2s2p2(4PE)6s   1.92E+00  2.70E+04 6.883E+05
7636   5   7  2s2p2(4PE)5f   2s2p2(4PE)5d    7.33E-01  1.91E+03 1.599E+06
7637   5   8  2s2p2(4PE)5f   2s2p2(4PE)7s  -6.18E-01 -6.61E+05 7.898E+04
7638   5   9  2s2p2(4PE)5f   2s2p2(4PE)6d   -3.22E-01 -3.71E+05 7.606E+04
7639   5  10  2s2p2(4PE)5f   2s2p2(4PE)8s  -1.11E-01 -3.30E+05 4.739E+04
7640   5  11  2s2p2(4PE)5f   2s2p2(4PE)7d   -5.60E-02 -1.71E+05 4.671E+04
7641   5  12  2s2p2(4PE)5f   2s2p2(4PE)9s  -4.09E-02 -1.92E+05 3.767E+04
7642   5  13  2s2p2(4PE)5f   2s2p2(4PE)8d   -1.98E-02 -9.45E+04 3.737E+04
7643   5  14  2s2p2(4PE)5f   2s2p2(4PE)10s  -2.02E-02 -1.23E+05 3.304E+04
7644   5  15  2s2p2(4PE)5f   2s2p2(4PE)9d   -9.44E-03 -5.82E+04 3.288E+04
7645   5  16  2s2p2(4PE)5f   2s2p2(4PE)11s  -1.17E-02 -8.46E+04 3.038E+04
7646   5  17  2s2p2(4PE)5f   2s2p2(4PE)10d   -5.33E-03 -3.88E+04 3.028E+04
7647   6   1  2s2p2(4PE)6p  2s2p2(4PE)3s   8.14E-03  4.08E+06 3.647E+03
7648   6   2  2s2p2(4PE)6p  2s2p2(4PE)4s   3.43E-04  1.88E+04 1.102E+04
7649   6   3  2s2p2(4PE)6p  2s2p2(4PE)3d    8.50E-04  4.36E+04 1.140E+04
7650   6   4  2s2p2(4PE)6p  2s2p2(4PE)5s   2.69E-02  1.93E+05 3.050E+04
7651   6   5  2s2p2(4PE)6p  2s2p2(4PE)4d    1.20E-02  7.80E+04 3.204E+04
7652   6   6  2s2p2(4PE)6p  2s2p2(4PE)6s   7.23E+00  2.02E+06 1.544E+05
7653   6   7  2s2p2(4PE)6p  2s2p2(4PE)5d    1.16E+01  2.47E+06 1.770E+05
7654   6   8  2s2p2(4PE)6p  2s2p2(4PE)7s  -3.66E+00 -1.42E+06 1.309E+05
7655   6   9  2s2p2(4PE)6p  2s2p2(4PE)6d   -9.16E+00 -4.03E+06 1.231E+05
7656   6  10  2s2p2(4PE)6p  2s2p2(4PE)8s  -3.87E-01 -6.67E+05 6.219E+04
7657   6  11  2s2p2(4PE)6p  2s2p2(4PE)7d   -1.05E+00 -1.88E+06 6.102E+04
7658   6  12  2s2p2(4PE)6p  2s2p2(4PE)9s  -1.31E-01 -4.05E+05 4.646E+04
7659   6  13  2s2p2(4PE)6p  2s2p2(4PE)8d   -3.59E-01 -1.13E+06 4.601E+04
7660   6  14  2s2p2(4PE)6p  2s2p2(4PE)10s  -6.30E-02 -2.68E+05 3.961E+04
7661   6  15  2s2p2(4PE)6p  2s2p2(4PE)9d   -1.75E-01 -7.52E+05 3.939E+04
7662   6  16  2s2p2(4PE)6p  2s2p2(4PE)11s  -3.63E-02 -1.88E+05 3.585E+04
7663   6  17  2s2p2(4PE)6p  2s2p2(4PE)10d   -1.01E-01 -5.28E+05 3.572E+04
7664   7   1  2s2p2(4PE)6f   2s2p2(4PE)3s   6.95E-04  3.70E+05 3.538E+03
7665   7   2  2s2p2(4PE)6f   2s2p2(4PE)4s   2.72E-01  1.78E+07 1.008E+04
7666   7   3  2s2p2(4PE)6f   2s2p2(4PE)3d    6.47E-01  3.99E+07 1.040E+04
7667   7   4  2s2p2(4PE)6f   2s2p2(4PE)5s   1.20E+00  1.36E+07 2.424E+04
7668   7   5  2s2p2(4PE)6f   2s2p2(4PE)4d    1.49E+00  1.56E+07 2.520E+04
7669   7   6  2s2p2(4PE)6f   2s2p2(4PE)6s   4.69E+00  6.99E+06 6.691E+04
7670   7   7  2s2p2(4PE)6f   2s2p2(4PE)5d    5.24E+00  6.97E+06 7.083E+04
7671   7   8  2s2p2(4PE)6f   2s2p2(4PE)7s   2.81E+00  1.29E+04 1.204E+06
7672   7   9  2s2p2(4PE)6f   2s2p2(4PE)6d    9.01E-01  7.18E+02 2.893E+06
7673   7  10  2s2p2(4PE)6f   2s2p2(4PE)8s  -1.08E+00 -4.17E+05 1.314E+05
7674   7  11  2s2p2(4PE)6f   2s2p2(4PE)7d   -5.37E-01 -2.25E+05 1.263E+05
7675   7  12  2s2p2(4PE)6f   2s2p2(4PE)9s  -1.98E-01 -2.25E+05 7.659E+04
7676   7  13  2s2p2(4PE)6f   2s2p2(4PE)8d   -9.93E-02 -1.17E+05 7.540E+04
7677   7  14  2s2p2(4PE)6f   2s2p2(4PE)10s  -7.36E-02 -1.38E+05 5.961E+04
7678   7  15  2s2p2(4PE)6f   2s2p2(4PE)9d   -3.62E-02 -6.91E+04 5.910E+04
7679   7  16  2s2p2(4PE)6f   2s2p2(4PE)11s  -3.66E-02 -9.21E+04 5.148E+04
7680   7  17  2s2p2(4PE)6f   2s2p2(4PE)10d   -1.77E-02 -4.50E+04 5.120E+04
7681   8   1  2s2p2(4PE)7p  2s2p2(4PE)3s   5.39E-03  2.93E+06 3.501E+03
7682   8   2  2s2p2(4PE)7p  2s2p2(4PE)4s   1.08E-03  7.52E+04 9.788E+03
7683   8   3  2s2p2(4PE)7p  2s2p2(4PE)3d    9.40E-04  6.17E+04 1.008E+04
7684   8   4  2s2p2(4PE)7p  2s2p2(4PE)5s   6.69E-04  8.73E+03 2.261E+04
7685   8   5  2s2p2(4PE)7p  2s2p2(4PE)4d    1.54E-06  1.87E+01 2.344E+04
7686   8   6  2s2p2(4PE)7p  2s2p2(4PE)6s   4.46E-02  9.56E+04 5.578E+04
7687   8   7  2s2p2(4PE)7p  2s2p2(4PE)5d    3.24E-02  6.32E+04 5.848E+04
7688   8   8  2s2p2(4PE)7p  2s2p2(4PE)7s   7.72E+00  7.48E+05 2.623E+05
7689   8   9  2s2p2(4PE)7p  2s2p2(4PE)6d    1.45E+01  1.07E+06 3.006E+05
7690   8  10  2s2p2(4PE)7p  2s2p2(4PE)8s  -4.35E+00 -6.22E+05 2.161E+05
7691   8  11  2s2p2(4PE)7p  2s2p2(4PE)7d   -1.14E+01 -1.85E+06 2.026E+05
7692   8  12  2s2p2(4PE)7p  2s2p2(4PE)9s  -4.49E-01 -3.04E+05 9.925E+04
7693   8  13  2s2p2(4PE)7p  2s2p2(4PE)8d   -1.28E+00 -9.03E+05 9.726E+04
7694   8  14  2s2p2(4PE)7p  2s2p2(4PE)10s  -1.51E-01 -1.92E+05 7.250E+04
7695   8  15  2s2p2(4PE)7p  2s2p2(4PE)9d   -4.37E-01 -5.66E+05 7.175E+04
7696   8  16  2s2p2(4PE)7p  2s2p2(4PE)11s  -7.31E-02 -1.32E+05 6.081E+04
7697   8  17  2s2p2(4PE)7p  2s2p2(4PE)10d   -2.12E-01 -3.87E+05 6.043E+04
7698   9   1  2s2p2(4PE)7f   2s2p2(4PE)3s   4.35E-04  2.45E+05 3.439E+03
7699   9   2  2s2p2(4PE)7f   2s2p2(4PE)4s   1.36E-01  1.04E+07 9.318E+03
7700   9   3  2s2p2(4PE)7f   2s2p2(4PE)3d    3.14E-01  2.28E+07 9.587E+03
7701   9   4  2s2p2(4PE)7f   2s2p2(4PE)5s   5.04E-01  8.20E+06 2.025E+04
7702   9   5  2s2p2(4PE)7f   2s2p2(4PE)4d    6.04E-01  9.21E+06 2.092E+04
7703   9   6  2s2p2(4PE)7f   2s2p2(4PE)6s   1.33E+00  4.72E+06 4.334E+04
7704   9   7  2s2p2(4PE)7f   2s2p2(4PE)5d    1.34E+00  4.42E+06 4.495E+04
7705   9   8  2s2p2(4PE)7f   2s2p2(4PE)7s   4.66E+00  2.50E+06 1.116E+05
7706   9   9  2s2p2(4PE)7f   2s2p2(4PE)6d    4.73E+00  2.27E+06 1.180E+05
7707   9  10  2s2p2(4PE)7f   2s2p2(4PE)8s   3.65E+00  6.59E+03 1.923E+06
7708   9  11  2s2p2(4PE)7f   2s2p2(4PE)7d    1.10E+00  3.29E+02 4.722E+06
7709   9  12  2s2p2(4PE)7f   2s2p2(4PE)9s  -1.59E+00 -2.57E+05 2.030E+05
7710   9  13  2s2p2(4PE)7f   2s2p2(4PE)8d   -7.68E-01 -1.35E+05 1.948E+05
7711   9  14  2s2p2(4PE)7f   2s2p2(4PE)10s  -2.97E-01 -1.48E+05 1.157E+05
7712   9  15  2s2p2(4PE)7f   2s2p2(4PE)9d   -1.48E-01 -7.63E+04 1.138E+05
7713   9  16  2s2p2(4PE)7f   2s2p2(4PE)11s  -1.11E-01 -9.45E+04 8.854E+04
7714   9  17  2s2p2(4PE)7f   2s2p2(4PE)10d   -5.50E-02 -4.77E+04 8.772E+04
7715  10   1  2s2p2(4PE)8p  2s2p2(4PE)3s   3.65E-03  2.09E+06 3.417E+03
7716  10   2  2s2p2(4PE)8p  2s2p2(4PE)4s   1.08E-03  8.59E+04 9.155E+03
7717  10   3  2s2p2(4PE)8p  2s2p2(4PE)3d    7.35E-04  5.53E+04 9.414E+03
7718  10   4  2s2p2(4PE)8p  2s2p2(4PE)5s   8.17E-06  1.43E+02 1.950E+04
7719  10   5  2s2p2(4PE)8p  2s2p2(4PE)4d    2.67E-04  4.40E+03 2.011E+04
7720  10   6  2s2p2(4PE)8p  2s2p2(4PE)6s   2.93E-03  1.22E+04 4.002E+04
7721  10   7  2s2p2(4PE)8p  2s2p2(4PE)5d    9.23E-04  3.59E+03 4.139E+04
7722  10   8  2s2p2(4PE)8p  2s2p2(4PE)7s   6.23E-02  4.91E+04 9.200E+04
7723  10   9  2s2p2(4PE)8p  2s2p2(4PE)6d    5.61E-02  4.04E+04 9.629E+04
7724  10  10  2s2p2(4PE)8p  2s2p2(4PE)8s   8.35E+00  3.29E+05 4.116E+05
7725  10  11  2s2p2(4PE)8p  2s2p2(4PE)7d    1.73E+01  5.19E+05 4.714E+05
7726  10  12  2s2p2(4PE)8p  2s2p2(4PE)9s  -5.06E+00 -3.07E+05 3.314E+05
7727  10  13  2s2p2(4PE)8p  2s2p2(4PE)8d   -1.37E+01 -9.50E+05 3.102E+05
7728  10  14  2s2p2(4PE)8p  2s2p2(4PE)10s  -5.12E-01 -1.55E+05 1.485E+05
7729  10  15  2s2p2(4PE)8p  2s2p2(4PE)9d   -1.51E+00 -4.77E+05 1.453E+05
7730  10  16  2s2p2(4PE)8p  2s2p2(4PE)11s  -1.72E-01 -1.01E+05 1.065E+05
7731  10  17  2s2p2(4PE)8p  2s2p2(4PE)10d   -5.13E-01 -3.08E+05 1.054E+05
7732  11   1  2s2p2(4PE)8f   2s2p2(4PE)3s   2.90E-04  1.70E+05 3.378E+03
7733  11   2  2s2p2(4PE)8f   2s2p2(4PE)4s   7.88E-02  6.66E+06 8.882E+03
7734  11   3  2s2p2(4PE)8f   2s2p2(4PE)3d    1.80E-01  1.44E+07 9.125E+03
7735  11   4  2s2p2(4PE)8f   2s2p2(4PE)5s   2.67E-01  5.32E+06 1.830E+04
7736  11   5  2s2p2(4PE)8f   2s2p2(4PE)4d    3.13E-01  5.88E+06 1.884E+04
7737  11   6  2s2p2(4PE)8f   2s2p2(4PE)6s   5.93E-01  3.18E+06 3.528E+04
7738  11   7  2s2p2(4PE)8f   2s2p2(4PE)5d    5.70E-01  2.88E+06 3.634E+04
7739  11   8  2s2p2(4PE)8f   2s2p2(4PE)7s   1.39E+00  1.88E+06 7.026E+04
7740  11   9  2s2p2(4PE)8f   2s2p2(4PE)6d    1.26E+00  1.59E+06 7.274E+04
7741  11  10  2s2p2(4PE)8f   2s2p2(4PE)8s   4.66E+00  1.04E+06 1.726E+05
7742  11  11  2s2p2(4PE)8f   2s2p2(4PE)7d    4.52E+00  9.07E+05 1.823E+05
7743  11  12  2s2p2(4PE)8f   2s2p2(4PE)9s   4.45E+00  3.55E+03 2.893E+06
7744  11  13  2s2p2(4PE)8f   2s2p2(4PE)8d    1.26E+00  1.63E+02 7.176E+06
7745  11  14  2s2p2(4PE)8f   2s2p2(4PE)10s  -2.14E+00 -1.62E+05 2.966E+05
7746  11  15  2s2p2(4PE)8f   2s2p2(4PE)9d   -1.01E+00 -8.33E+04 2.843E+05
7747  11  16  2s2p2(4PE)8f   2s2p2(4PE)11s  -4.04E-01 -9.77E+04 1.661E+05
7748  11  17  2s2p2(4PE)8f   2s2p2(4PE)10d   -2.00E-01 -5.01E+04 1.632E+05
7749  12   1  2s2p2(4PE)9p  2s2p2(4PE)3s   2.57E-03  1.52E+06 3.363E+03
7750  12   2  2s2p2(4PE)9p  2s2p2(4PE)4s   8.95E-04  7.74E+04 8.781E+03
7751  12   3  2s2p2(4PE)9p  2s2p2(4PE)3d    5.47E-04  4.49E+04 9.019E+03
7752  12   4  2s2p2(4PE)9p  2s2p2(4PE)5s   1.19E-04  2.48E+03 1.787E+04
7753  12   5  2s2p2(4PE)9p  2s2p2(4PE)4d    3.72E-04  7.34E+03 1.839E+04
7754  12   6  2s2p2(4PE)9p  2s2p2(4PE)6s   2.68E-04  1.57E+03 3.373E+04
7755  12   7  2s2p2(4PE)9p  2s2p2(4PE)5d    2.16E-08  1.20E-01 3.470E+04
7756  12   8  2s2p2(4PE)9p  2s2p2(4PE)7s   5.81E-03  9.34E+03 6.440E+04
7757  12   9  2s2p2(4PE)9p  2s2p2(4PE)6d    3.09E-03  4.66E+03 6.648E+04
7758  12  10  2s2p2(4PE)9p  2s2p2(4PE)8s   8.02E-02  2.69E+04 1.411E+05
7759  12  11  2s2p2(4PE)9p  2s2p2(4PE)7d    8.12E-02  2.49E+04 1.475E+05
7760  12  12  2s2p2(4PE)9p  2s2p2(4PE)9s   9.06E+00  1.63E+05 6.096E+05
7761  12  13  2s2p2(4PE)9p  2s2p2(4PE)8d    2.01E+01  2.76E+05 6.973E+05
7762  12  14  2s2p2(4PE)9p  2s2p2(4PE)10s  -5.79E+00 -1.67E+05 4.814E+05
7763  12  15  2s2p2(4PE)9p  2s2p2(4PE)9d   -1.59E+01 -5.24E+05 4.500E+05
7764  12  16  2s2p2(4PE)9p  2s2p2(4PE)11s  -5.76E-01 -8.59E+04 2.115E+05
7765  12  17  2s2p2(4PE)9p  2s2p2(4PE)10d   -1.74E+00 -2.71E+05 2.069E+05
7766  13   1  2s2p2(4PE)9f   2s2p2(4PE)3s   2.03E-04  1.22E+05 3.337E+03
7767  13   2  2s2p2(4PE)9f   2s2p2(4PE)4s   5.04E-02  4.54E+06 8.606E+03
7768  13   3  2s2p2(4PE)9f   2s2p2(4PE)3d    1.14E-01  9.74E+06 8.834E+03
7769  13   4  2s2p2(4PE)9f   2s2p2(4PE)5s   1.61E-01  3.65E+06 1.716E+04
7770  13   5  2s2p2(4PE)9f   2s2p2(4PE)4d    1.86E-01  3.99E+06 1.764E+04
7771  13   6  2s2p2(4PE)9f   2s2p2(4PE)6s   3.25E-01  2.21E+06 3.129E+04
7772  13   7  2s2p2(4PE)9f   2s2p2(4PE)5d    3.05E-01  1.97E+06 3.212E+04
7773  13   8  2s2p2(4PE)9f   2s2p2(4PE)7s   6.34E-01  1.35E+06 5.603E+04
7774  13   9  2s2p2(4PE)9f   2s2p2(4PE)6d    5.52E-01  1.11E+06 5.760E+04
7775  13  10  2s2p2(4PE)9f   2s2p2(4PE)8s   1.41E+00  8.32E+05 1.063E+05
7776  13  11  2s2p2(4PE)9f   2s2p2(4PE)7d    1.23E+00  6.79E+05 1.099E+05
7777  13  12  2s2p2(4PE)9f   2s2p2(4PE)9s   4.70E+00  4.91E+05 2.526E+05
7778  13  13  2s2p2(4PE)9f   2s2p2(4PE)8d    4.44E+00  4.17E+05 2.665E+05
7779  13  14  2s2p2(4PE)9f   2s2p2(4PE)10s   5.23E+00  2.03E+03 4.142E+06
7780  13  15  2s2p2(4PE)9f   2s2p2(4PE)9d    1.36E+00  8.46E+01 1.036E+07
7781  13  16  2s2p2(4PE)9f   2s2p2(4PE)11s  -2.72E+00 -1.05E+05 4.152E+05
7782  13  17  2s2p2(4PE)9f   2s2p2(4PE)10d   -1.27E+00 -5.35E+04 3.978E+05
7783  14   1  2s2p2(4PE)10p  2s2p2(4PE)3s   1.86E-03  1.12E+06 3.327E+03
7784  14   2  2s2p2(4PE)10p  2s2p2(4PE)4s   7.10E-04  6.50E+04 8.538E+03
7785  14   3  2s2p2(4PE)10p  2s2p2(4PE)3d    4.08E-04  3.54E+04 8.763E+03
7786  14   4  2s2p2(4PE)10p  2s2p2(4PE)5s   1.70E-04  3.97E+03 1.690E+04
7787  14   5  2s2p2(4PE)10p  2s2p2(4PE)4d    3.51E-04  7.77E+03 1.736E+04
7788  14   6  2s2p2(4PE)10p  2s2p2(4PE)6s   1.05E-05  7.57E+01 3.041E+04
7789  14   7  2s2p2(4PE)10p  2s2p2(4PE)5d    7.98E-05  5.47E+02 3.120E+04
7790  14   8  2s2p2(4PE)10p  2s2p2(4PE)7s   9.79E-04  2.30E+03 5.329E+04
7791  14   9  2s2p2(4PE)10p  2s2p2(4PE)6d    2.13E-04  4.75E+02 5.471E+04
7792  14  10  2s2p2(4PE)10p  2s2p2(4PE)8s   9.01E-03  6.40E+03 9.687E+04
7793  14  11  2s2p2(4PE)10p  2s2p2(4PE)7d    5.98E-03  4.00E+03 9.985E+04
7794  14  12  2s2p2(4PE)10p  2s2p2(4PE)9s   9.82E-02  1.56E+04 2.051E+05
7795  14  13  2s2p2(4PE)10p  2s2p2(4PE)8d    1.07E-01  1.56E+04 2.141E+05
7796  14  14  2s2p2(4PE)10p  2s2p2(4PE)10s   9.81E+00  8.79E+04 8.630E+05
7797  14  15  2s2p2(4PE)10p  2s2p2(4PE)9d    2.27E+01  1.56E+05 9.863E+05
7798  14  16  2s2p2(4PE)10p  2s2p2(4PE)11s  -6.52E+00 -9.67E+04 6.706E+05
7799  14  17  2s2p2(4PE)10p  2s2p2(4PE)10d   -1.81E+01 -3.08E+05 6.263E+05
7800  15   1  2s2p2(4PE)10f   2s2p2(4PE)3s   1.47E-04  8.96E+04 3.309E+03
7801  15   2  2s2p2(4PE)10f   2s2p2(4PE)4s   3.44E-02  3.24E+06 8.418E+03
7802  15   3  2s2p2(4PE)10f   2s2p2(4PE)3d    7.70E-02  6.88E+06 8.637E+03
7803  15   4  2s2p2(4PE)10f   2s2p2(4PE)5s   1.06E-01  2.62E+06 1.643E+04
7804  15   5  2s2p2(4PE)10f   2s2p2(4PE)4d    1.21E-01  2.84E+06 1.687E+04
7805  15   6  2s2p2(4PE)10f   2s2p2(4PE)6s   2.01E-01  1.60E+06 2.895E+04
7806  15   7  2s2p2(4PE)10f   2s2p2(4PE)5d    1.86E-01  1.41E+06 2.966E+04
7807  15   8  2s2p2(4PE)10f   2s2p2(4PE)7s   3.54E-01  9.86E+05 4.895E+04
7808  15   9  2s2p2(4PE)10f   2s2p2(4PE)6d    3.01E-01  7.99E+05 5.014E+04
7809  15  10  2s2p2(4PE)10f   2s2p2(4PE)8s   6.58E-01  6.31E+05 8.340E+04
7810  15  11  2s2p2(4PE)10f   2s2p2(4PE)7d    5.45E-01  4.96E+05 8.560E+04
7811  15  12  2s2p2(4PE)10f   2s2p2(4PE)9s   1.44E+00  4.11E+05 1.528E+05
7812  15  13  2s2p2(4PE)10f   2s2p2(4PE)8d    1.22E+00  3.27E+05 1.578E+05
7813  15  14  2s2p2(4PE)10f   2s2p2(4PE)10s   4.77E+00  2.54E+05 3.539E+05
7814  15  15  2s2p2(4PE)10f   2s2p2(4PE)9d    4.45E+00  2.13E+05 3.730E+05
7815  15  16  2s2p2(4PE)10f   2s2p2(4PE)11s   5.98E+00  1.23E+03 5.695E+06
7816  15  17  2s2p2(4PE)10f   2s2p2(4PE)10d    1.51E+00  4.97E+01 1.424E+07
7817   1   1  2s2p2(4PE)3p  2s2p2(4PE)3s   4.85E+00  3.39E+08 9.773E+03
7818   1   2  2s2p2(4PE)3p  2s2p2(4PE)4s  -5.61E+00 -2.46E+08 1.232E+04
7819   1   3  2s2p2(4PE)3p  2s2p2(4PE)3d   -6.41E-01 -3.03E+07 1.188E+04
7820   1   4  2s2p2(4PE)3p  2s2p2(4PE)5s  -3.19E-01 -4.12E+07 7.190E+03
7821   1   5  2s2p2(4PE)3p  2s2p2(4PE)4d   -2.17E-02 -2.86E+06 7.110E+03
7822   1   6  2s2p2(4PE)3p  2s2p2(4PE)6s  -7.12E-02 -1.30E+07 6.047E+03
7823   1   7  2s2p2(4PE)3p  2s2p2(4PE)5d   -2.53E-02 -4.66E+06 6.017E+03
7824   1   8  2s2p2(4PE)3p  2s2p2(4PE)7s  -2.62E-02 -5.63E+06 5.571E+03
7825   1   9  2s2p2(4PE)3p  2s2p2(4PE)6d   -1.76E-02 -3.80E+06 5.556E+03
7826   1  10  2s2p2(4PE)3p  2s2p2(4PE)8s  -1.25E-02 -2.94E+06 5.321E+03
7827   1  11  2s2p2(4PE)3p  2s2p2(4PE)7d   -1.18E-02 -2.79E+06 5.312E+03
7828   1  12  2s2p2(4PE)3p  2s2p2(4PE)9s  -6.97E-03 -1.74E+06 5.171E+03
7829   1  13  2s2p2(4PE)3p  2s2p2(4PE)8d   -8.19E-03 -2.05E+06 5.166E+03
7830   1  14  2s2p2(4PE)3p  2s2p2(4PE)10s  -4.31E-03 -1.12E+06 5.074E+03
7831   1  15  2s2p2(4PE)3p  2s2p2(4PE)9d   -5.86E-03 -1.52E+06 5.070E+03
7832   1  16  2s2p2(4PE)3p  2s2p2(4PE)11s  -2.87E-03 -7.64E+05 5.006E+03
7833   1  17  2s2p2(4PE)3p  2s2p2(4PE)10d   -4.31E-03 -1.15E+06 5.004E+03
7834   2   1  2s2p2(4PE)4p  2s2p2(4PE)3s   4.60E-03  1.40E+06 4.681E+03
7835   2   2  2s2p2(4PE)4p  2s2p2(4PE)4s   8.17E+00  4.95E+07 3.317E+04
7836   2   3  2s2p2(4PE)4p  2s2p2(4PE)3d    2.73E-01  1.34E+06 3.684E+04
7837   2   4  2s2p2(4PE)4p  2s2p2(4PE)5s  -9.39E+00 -4.84E+07 3.599E+04
7838   2   5  2s2p2(4PE)4p  2s2p2(4PE)4d   -4.95E-02 -2.85E+05 3.406E+04
7839   2   6  2s2p2(4PE)4p  2s2p2(4PE)6s  -5.57E-01 -1.09E+07 1.849E+04
7840   2   7  2s2p2(4PE)4p  2s2p2(4PE)5d   -2.87E-02 -5.77E+05 1.821E+04
7841   2   8  2s2p2(4PE)4p  2s2p2(4PE)7s  -1.41E-01 -4.38E+06 1.466E+04
7842   2   9  2s2p2(4PE)4p  2s2p2(4PE)6d   -2.37E-02 -7.46E+05 1.456E+04
7843   2  10  2s2p2(4PE)4p  2s2p2(4PE)8s  -5.71E-02 -2.24E+06 1.305E+04
7844   2  11  2s2p2(4PE)4p  2s2p2(4PE)7d   -1.60E-02 -6.32E+05 1.299E+04
7845   2  12  2s2p2(4PE)4p  2s2p2(4PE)9s  -2.91E-02 -1.31E+06 1.218E+04
7846   2  13  2s2p2(4PE)4p  2s2p2(4PE)8d   -1.09E-02 -4.92E+05 1.215E+04
7847   2  14  2s2p2(4PE)4p  2s2p2(4PE)10s  -1.71E-02 -8.40E+05 1.165E+04
7848   2  15  2s2p2(4PE)4p  2s2p2(4PE)9d   -7.67E-03 -3.78E+05 1.163E+04
7849   2  16  2s2p2(4PE)4p  2s2p2(4PE)11s  -1.09E-02 -5.69E+05 1.130E+04
7850   2  17  2s2p2(4PE)4p  2s2p2(4PE)10d   -5.59E-03 -2.92E+05 1.129E+04
7851   3   1  2s2p2(4PE)5p  2s2p2(4PE)3s   1.77E-04  7.66E+04 3.926E+03
7852   3   2  2s2p2(4PE)5p  2s2p2(4PE)4s   1.09E-01  3.69E+06 1.403E+04
7853   3   3  2s2p2(4PE)5p  2s2p2(4PE)3d    1.47E-02  4.57E+05 1.465E+04
7854   3   4  2s2p2(4PE)5p  2s2p2(4PE)5s   1.09E+01  1.29E+07 7.497E+04
7855   3   5  2s2p2(4PE)5p  2s2p2(4PE)4d    9.40E-01  8.68E+05 8.498E+04
7856   3   6  2s2p2(4PE)5p  2s2p2(4PE)6s  -1.25E+01 -1.40E+07 7.711E+04
7857   3   7  2s2p2(4PE)5p  2s2p2(4PE)5d   -1.81E-02 -2.30E+04 7.249E+04
7858   3   8  2s2p2(4PE)5p  2s2p2(4PE)7s  -7.95E-01 -3.89E+06 3.692E+04
7859   3   9  2s2p2(4PE)5p  2s2p2(4PE)6d   -4.55E-02 -2.31E+05 3.627E+04
7860   3  10  2s2p2(4PE)5p  2s2p2(4PE)8s  -2.14E-01 -1.80E+06 2.815E+04
7861   3  11  2s2p2(4PE)5p  2s2p2(4PE)7d   -2.81E-02 -2.41E+05 2.791E+04
7862   3  12  2s2p2(4PE)5p  2s2p2(4PE)9s  -9.04E-02 -1.01E+06 2.441E+04
7863   3  13  2s2p2(4PE)5p  2s2p2(4PE)8d   -1.78E-02 -2.01E+05 2.429E+04
7864   3  14  2s2p2(4PE)5p  2s2p2(4PE)10s  -4.75E-02 -6.33E+05 2.238E+04
7865   3  15  2s2p2(4PE)5p  2s2p2(4PE)9d   -1.19E-02 -1.60E+05 2.230E+04
7866   3  16  2s2p2(4PE)5p  2s2p2(4PE)11s  -2.85E-02 -4.26E+05 2.112E+04
7867   3  17  2s2p2(4PE)5p  2s2p2(4PE)10d   -8.38E-03 -1.26E+05 2.108E+04
7868   4   1  2s2p2(4PE)6p  2s2p2(4PE)3s   5.23E-04  2.63E+05 3.640E+03
7869   4   2  2s2p2(4PE)6p  2s2p2(4PE)4s   1.81E-02  1.01E+06 1.096E+04
7870   4   3  2s2p2(4PE)6p  2s2p2(4PE)3d    9.91E-03  5.15E+05 1.133E+04
7871   4   4  2s2p2(4PE)6p  2s2p2(4PE)5s   2.46E-01  1.82E+06 3.002E+04
7872   4   5  2s2p2(4PE)6p  2s2p2(4PE)4d    5.22E-03  3.51E+04 3.150E+04
7873   4   6  2s2p2(4PE)6p  2s2p2(4PE)6s   1.36E+01  4.45E+06 1.427E+05
7874   4   7  2s2p2(4PE)6p  2s2p2(4PE)5d    1.47E+00  3.74E+05 1.619E+05
7875   4   8  2s2p2(4PE)6p  2s2p2(4PE)7s  -1.54E+01 -5.19E+06 1.407E+05
7876   4   9  2s2p2(4PE)6p  2s2p2(4PE)6d   -1.52E-01 -5.85E+04 1.317E+05
7877   4  10  2s2p2(4PE)6p  2s2p2(4PE)8s  -1.02E+00 -1.65E+06 6.431E+04
7878   4  11  2s2p2(4PE)6p  2s2p2(4PE)7d   -6.52E-02 -1.09E+05 6.306E+04
7879   4  12  2s2p2(4PE)6p  2s2p2(4PE)9s  -2.85E-01 -8.38E+05 4.763E+04
7880   4  13  2s2p2(4PE)6p  2s2p2(4PE)8d   -3.38E-02 -1.01E+05 4.716E+04
7881   4  14  2s2p2(4PE)6p  2s2p2(4PE)10s  -1.23E-01 -5.01E+05 4.046E+04
7882   4  15  2s2p2(4PE)6p  2s2p2(4PE)9d   -2.03E-02 -8.37E+04 4.023E+04
7883   4  16  2s2p2(4PE)6p  2s2p2(4PE)11s  -6.57E-02 -3.28E+05 3.654E+04
7884   4  17  2s2p2(4PE)6p  2s2p2(4PE)10d   -1.33E-02 -6.69E+04 3.640E+04
7885   5   1  2s2p2(4PE)7p  2s2p2(4PE)3s   4.95E-04  2.70E+05 3.497E+03
7886   5   2  2s2p2(4PE)7p  2s2p2(4PE)4s   5.90E-03  4.13E+05 9.758E+03
7887   5   3  2s2p2(4PE)7p  2s2p2(4PE)3d    5.96E-03  3.93E+05 1.005E+04
7888   5   4  2s2p2(4PE)7p  2s2p2(4PE)5s   5.26E-02  6.96E+05 2.245E+04
7889   5   5  2s2p2(4PE)7p  2s2p2(4PE)4d    6.95E-03  8.56E+04 2.327E+04
7890   5   6  2s2p2(4PE)7p  2s2p2(4PE)6s   3.67E-01  8.14E+05 5.484E+04
7891   5   7  2s2p2(4PE)7p  2s2p2(4PE)5d    8.81E-04  1.78E+03 5.744E+04
7892   5   8  2s2p2(4PE)7p  2s2p2(4PE)7s   1.63E+01  1.85E+06 2.426E+05
7893   5   9  2s2p2(4PE)7p  2s2p2(4PE)6d    1.91E+00  1.68E+05 2.750E+05
7894   5  10  2s2p2(4PE)7p  2s2p2(4PE)8s  -1.82E+01 -2.26E+06 2.315E+05
7895   5  11  2s2p2(4PE)7p  2s2p2(4PE)7d   -3.47E-01 -4.96E+04 2.161E+05
7896   5  12  2s2p2(4PE)7p  2s2p2(4PE)9s  -1.24E+00 -7.89E+05 1.024E+05
7897   5  13  2s2p2(4PE)7p  2s2p2(4PE)8d   -8.63E-02 -5.72E+04 1.003E+05
7898   5  14  2s2p2(4PE)7p  2s2p2(4PE)10s  -3.52E-01 -4.27E+05 7.416E+04
7899   5  15  2s2p2(4PE)7p  2s2p2(4PE)9d   -4.00E-02 -4.96E+04 7.337E+04
7900   5  16  2s2p2(4PE)7p  2s2p2(4PE)11s  -1.54E-01 -2.67E+05 6.198E+04
7901   5  17  2s2p2(4PE)7p  2s2p2(4PE)10d   -2.30E-02 -4.05E+04 6.158E+04
7902   6   1  2s2p2(4PE)8p  2s2p2(4PE)3s   3.95E-04  2.26E+05 3.414E+03
7903   6   2  2s2p2(4PE)8p  2s2p2(4PE)4s   2.64E-03  2.11E+05 9.139E+03
7904   6   3  2s2p2(4PE)8p  2s2p2(4PE)3d    3.79E-03  2.86E+05 9.397E+03
7905   6   4  2s2p2(4PE)8p  2s2p2(4PE)5s   2.01E-02  3.55E+05 1.942E+04
7906   6   5  2s2p2(4PE)8p  2s2p2(4PE)4d    4.97E-03  8.26E+04 2.003E+04
7907   6   6  2s2p2(4PE)8p  2s2p2(4PE)6s   8.45E-02  3.57E+05 3.971E+04
7908   6   7  2s2p2(4PE)8p  2s2p2(4PE)5d    4.14E-03  1.64E+04 4.106E+04
7909   6   8  2s2p2(4PE)8p  2s2p2(4PE)7s   4.79E-01  3.91E+05 9.036E+04
7910   6   9  2s2p2(4PE)8p  2s2p2(4PE)6d    2.06E-05  1.54E+01 9.450E+04
7911   6  10  2s2p2(4PE)8p  2s2p2(4PE)8s   1.91E+01  8.78E+05 3.808E+05
7912   6  11  2s2p2(4PE)8p  2s2p2(4PE)7d    2.30E+00  8.24E+04 4.315E+05
7913   6  12  2s2p2(4PE)8p  2s2p2(4PE)9s  -2.09E+01 -1.11E+06 3.545E+05
7914   6  13  2s2p2(4PE)8p  2s2p2(4PE)8d   -5.68E-01 -3.47E+04 3.303E+05
7915   6  14  2s2p2(4PE)8p  2s2p2(4PE)10s  -1.45E+00 -4.14E+05 1.529E+05
7916   6  15  2s2p2(4PE)8p  2s2p2(4PE)9d   -1.08E-01 -3.22E+04 1.496E+05
7917   6  16  2s2p2(4PE)8p  2s2p2(4PE)11s  -4.17E-01 -2.35E+05 1.088E+05
7918   6  17  2s2p2(4PE)8p  2s2p2(4PE)10d   -4.65E-02 -2.68E+04 1.076E+05
7919   7   1  2s2p2(4PE)9p  2s2p2(4PE)3s   3.03E-04  1.79E+05 3.362E+03
7920   7   2  2s2p2(4PE)9p  2s2p2(4PE)4s   1.42E-03  1.23E+05 8.771E+03
7921   7   3  2s2p2(4PE)9p  2s2p2(4PE)3d    2.55E-03  2.10E+05 9.008E+03
7922   7   4  2s2p2(4PE)9p  2s2p2(4PE)5s   1.00E-02  2.10E+05 1.783E+04
7923   7   5  2s2p2(4PE)9p  2s2p2(4PE)4d    3.45E-03  6.84E+04 1.834E+04
7924   7   6  2s2p2(4PE)9p  2s2p2(4PE)6s   3.38E-02  2.00E+05 3.358E+04
7925   7   7  2s2p2(4PE)9p  2s2p2(4PE)5d    3.57E-03  2.00E+04 3.454E+04
7926   7   8  2s2p2(4PE)9p  2s2p2(4PE)7s   1.14E-01  1.87E+05 6.385E+04
7927   7   9  2s2p2(4PE)9p  2s2p2(4PE)6d    2.27E-03  3.49E+03 6.589E+04
7928   7  10  2s2p2(4PE)9p  2s2p2(4PE)8s   5.85E-01  2.03E+05 1.385E+05
7929   7  11  2s2p2(4PE)9p  2s2p2(4PE)7d    1.08E-03  3.44E+02 1.447E+05
7930   7  12  2s2p2(4PE)9p  2s2p2(4PE)9s   2.19E+01  4.60E+05 5.636E+05
7931   7  13  2s2p2(4PE)9p  2s2p2(4PE)8d    2.65E+00  4.35E+04 6.377E+05
7932   7  14  2s2p2(4PE)9p  2s2p2(4PE)10s  -2.36E+01 -5.94E+05 5.146E+05
7933   7  15  2s2p2(4PE)9p  2s2p2(4PE)9d   -8.02E-01 -2.33E+04 4.789E+05
7934   7  16  2s2p2(4PE)9p  2s2p2(4PE)11s  -1.65E+00 -2.32E+05 2.177E+05
7935   7  17  2s2p2(4PE)9p  2s2p2(4PE)10d   -1.30E-01 -1.91E+04 2.128E+05
7936   8   1  2s2p2(4PE)10p  2s2p2(4PE)3s   2.33E-04  1.41E+05 3.326E+03
7937   8   2  2s2p2(4PE)10p  2s2p2(4PE)4s   8.58E-04  7.86E+04 8.531E+03
7938   8   3  2s2p2(4PE)10p  2s2p2(4PE)3d    1.79E-03  1.56E+05 8.756E+03
7939   8   4  2s2p2(4PE)10p  2s2p2(4PE)5s   5.82E-03  1.36E+05 1.687E+04
7940   8   5  2s2p2(4PE)10p  2s2p2(4PE)4d    2.46E-03  5.46E+04 1.733E+04
7941   8   6  2s2p2(4PE)10p  2s2p2(4PE)6s   1.73E-02  1.25E+05 3.033E+04
7942   8   7  2s2p2(4PE)10p  2s2p2(4PE)5d    2.70E-03  1.86E+04 3.111E+04
7943   8   8  2s2p2(4PE)10p  2s2p2(4PE)7s   4.65E-02  1.10E+05 5.302E+04
7944   8   9  2s2p2(4PE)10p  2s2p2(4PE)6d    2.46E-03  5.54E+03 5.442E+04
7945   8  10  2s2p2(4PE)10p  2s2p2(4PE)8s   1.42E-01  1.03E+05 9.598E+04
7946   8  11  2s2p2(4PE)10p  2s2p2(4PE)7d    1.11E-03  7.57E+02 9.890E+04
7947   8  12  2s2p2(4PE)10p  2s2p2(4PE)9s   6.88E-01  1.13E+05 2.011E+05
7948   8  13  2s2p2(4PE)10p  2s2p2(4PE)8d    3.24E-03  4.91E+02 2.098E+05
7949   8  14  2s2p2(4PE)10p  2s2p2(4PE)10s   2.47E+01  2.59E+05 7.973E+05
7950   8  15  2s2p2(4PE)10p  2s2p2(4PE)9d    2.99E+00  2.45E+04 9.014E+05
7951   8  16  2s2p2(4PE)10p  2s2p2(4PE)11s  -2.63E+01 -3.42E+05 7.164E+05
7952   8  17  2s2p2(4PE)10p  2s2p2(4PE)10d   -1.04E+00 -1.56E+04 6.662E+05
7953   1   1  2s2p2(4PE)3d   2s2p2(4PE)3p   1.10E+01  5.65E+08 1.140E+04
7954   1   2  2s2p2(4PE)3d   2s2p2(4PE)4p  -3.37E+00 -1.25E+07 4.245E+04
7955   1   3  2s2p2(4PE)3d   2s2p2(4PE)5p  -1.04E-01 -2.90E+06 1.546E+04
7956   1   4  2s2p2(4PE)3d   2s2p2(4PE)6p  -3.07E-02 -1.47E+06 1.181E+04
7957   1   5  2s2p2(4PE)3d   2s2p2(4PE)7p  -1.40E-02 -8.59E+05 1.043E+04
7958   1   6  2s2p2(4PE)3d   2s2p2(4PE)8p  -7.81E-03 -5.51E+05 9.724E+03
7959   1   7  2s2p2(4PE)3d   2s2p2(4PE)9p  -4.86E-03 -3.74E+05 9.308E+03
7960   1   8  2s2p2(4PE)3d   2s2p2(4PE)10p  -3.26E-03 -2.66E+05 9.039E+03
7961   2   1  2s2p2(4PE)4d   2s2p2(4PE)3p   3.86E-01  5.13E+07 7.085E+03
7962   2   2  2s2p2(4PE)4d   2s2p2(4PE)4p   1.43E+01  8.50E+07 3.349E+04
7963   2   3  2s2p2(4PE)4d   2s2p2(4PE)5p  -6.77E+00 -5.73E+06 8.877E+04
7964   2   4  2s2p2(4PE)4d   2s2p2(4PE)6p  -2.29E-01 -1.49E+06 3.201E+04
7965   2   5  2s2p2(4PE)4d   2s2p2(4PE)7p  -6.65E-02 -8.00E+05 2.355E+04
7966   2   6  2s2p2(4PE)4d   2s2p2(4PE)8p  -3.05E-02 -4.97E+05 2.024E+04
7967   2   7  2s2p2(4PE)4d   2s2p2(4PE)9p  -1.71E-02 -3.33E+05 1.852E+04
7968   2   8  2s2p2(4PE)4d   2s2p2(4PE)10p  -1.07E-02 -2.34E+05 1.748E+04
7969   3   1  2s2p2(4PE)5d   2s2p2(4PE)3p   5.61E-02  1.03E+07 6.013E+03
7970   3   2  2s2p2(4PE)5d   2s2p2(4PE)4p   7.42E-01  1.50E+07 1.817E+04
7971   3   3  2s2p2(4PE)5d   2s2p2(4PE)5p   1.74E+01  2.24E+07 7.195E+04
7972   3   4  2s2p2(4PE)5d   2s2p2(4PE)6p  -1.01E+01 -2.49E+06 1.646E+05
7973   3   5  2s2p2(4PE)5d   2s2p2(4PE)7p  -3.40E-01 -6.79E+05 5.778E+04
7974   3   6  2s2p2(4PE)5d   2s2p2(4PE)8p  -9.74E-02 -3.82E+05 4.123E+04
7975   3   7  2s2p2(4PE)5d   2s2p2(4PE)9p  -4.45E-02 -2.47E+05 3.467E+04
7976   3   8  2s2p2(4PE)5d   2s2p2(4PE)10p  -2.50E-02 -1.71E+05 3.121E+04
7977   4   1  2s2p2(4PE)6d   2s2p2(4PE)3p   1.44E-02  3.11E+06 5.556E+03
7978   4   2  2s2p2(4PE)6d   2s2p2(4PE)4p   1.58E-01  4.98E+06 1.455E+04
7979   4   3  2s2p2(4PE)6d   2s2p2(4PE)5p   1.07E+00  5.43E+06 3.626E+04
7980   4   4  2s2p2(4PE)6d   2s2p2(4PE)6p   2.04E+01  7.88E+06 1.314E+05
7981   4   5  2s2p2(4PE)6d   2s2p2(4PE)7p  -1.33E+01 -1.16E+06 2.761E+05
7982   4   6  2s2p2(4PE)6d   2s2p2(4PE)8p  -4.39E-01 -3.27E+05 9.463E+04
7983   4   7  2s2p2(4PE)6d   2s2p2(4PE)9p  -1.24E-01 -1.90E+05 6.595E+04
7984   4   8  2s2p2(4PE)6d   2s2p2(4PE)10p  -5.67E-02 -1.27E+05 5.446E+04
7985   5   1  2s2p2(4PE)7d   2s2p2(4PE)3p   5.13E-03  1.21E+06 5.312E+03
7986   5   2  2s2p2(4PE)7d   2s2p2(4PE)4p   5.60E-02  2.21E+06 1.300E+04
7987   5   3  2s2p2(4PE)7d   2s2p2(4PE)5p   2.63E-01  2.25E+06 2.791E+04
7988   5   4  2s2p2(4PE)7d   2s2p2(4PE)6p   1.38E+00  2.31E+06 6.309E+04
7989   5   5  2s2p2(4PE)7d   2s2p2(4PE)7p   2.34E+01  3.33E+06 2.165E+05
7990   5   6  2s2p2(4PE)7d   2s2p2(4PE)8p  -1.65E+01 -5.96E+05 4.299E+05
7991   5   7  2s2p2(4PE)7d   2s2p2(4PE)9p  -5.31E-01 -1.70E+05 1.445E+05
7992   5   8  2s2p2(4PE)7d   2s2p2(4PE)10p  -1.48E-01 -1.01E+05 9.882E+04
7993   6   1  2s2p2(4PE)8d   2s2p2(4PE)3p   2.25E-03  5.62E+05 5.166E+03
7994   6   2  2s2p2(4PE)8d   2s2p2(4PE)4p   2.58E-02  1.17E+06 1.215E+04
7995   6   3  2s2p2(4PE)8d   2s2p2(4PE)5p   1.02E-01  1.15E+06 2.429E+04
7996   6   4  2s2p2(4PE)8d   2s2p2(4PE)6p   3.62E-01  1.08E+06 4.719E+04
7997   6   5  2s2p2(4PE)8d   2s2p2(4PE)7p   1.67E+00  1.11E+06 1.004E+05
7998   6   6  2s2p2(4PE)8d   2s2p2(4PE)8p   2.62E+01  1.59E+06 3.316E+05
7999   6   7  2s2p2(4PE)8d   2s2p2(4PE)9p  -1.97E+01 -3.28E+05 6.329E+05
8000   6   8  2s2p2(4PE)8d   2s2p2(4PE)10p  -6.17E-01 -9.39E+04 2.093E+05
8001   7   1  2s2p2(4PE)9d   2s2p2(4PE)3p   1.14E-03  2.96E+05 5.070E+03
8002   7   2  2s2p2(4PE)9d   2s2p2(4PE)4p   1.40E-02  6.90E+05 1.164E+04
8003   7   3  2s2p2(4PE)9d   2s2p2(4PE)5p   5.07E-02  6.79E+05 2.231E+04
8004   7   4  2s2p2(4PE)9d   2s2p2(4PE)6p   1.48E-01  6.09E+05 4.025E+04
8005   7   5  2s2p2(4PE)9d   2s2p2(4PE)7p   4.56E-01  5.64E+05 7.344E+04
8006   7   6  2s2p2(4PE)9d   2s2p2(4PE)8p   1.94E+00  5.76E+05 1.499E+05
8007   7   7  2s2p2(4PE)9d   2s2p2(4PE)9p   2.91E+01  8.37E+05 4.817E+05
8008   7   8  2s2p2(4PE)9d   2s2p2(4PE)10p  -2.29E+01 -1.92E+05 8.917E+05
8009   8   1  2s2p2(4PE)10d   2s2p2(4PE)3p   6.39E-04  1.70E+05 5.004E+03
8010   8   2  2s2p2(4PE)10d   2s2p2(4PE)4p   8.45E-03  4.42E+05 1.129E+04
8011   8   3  2s2p2(4PE)10d   2s2p2(4PE)5p   2.90E-02  4.35E+05 2.108E+04
8012   8   4  2s2p2(4PE)10d   2s2p2(4PE)6p   7.60E-02  3.82E+05 3.642E+04
8013   8   5  2s2p2(4PE)10d   2s2p2(4PE)7p   1.92E-01  3.37E+05 6.162E+04
8014   8   6  2s2p2(4PE)10d   2s2p2(4PE)8p   5.45E-01  3.13E+05 1.077E+05
8015   8   7  2s2p2(4PE)10d   2s2p2(4PE)9p   2.21E+00  3.24E+05 2.133E+05
8016   8   8  2s2p2(4PE)10d   2s2p2(4PE)10p   3.19E+01  4.72E+05 6.711E+05
8017   1   1  2s2p2(4PE)3p  2s2p2(4PE)3d   -3.60E+00 -2.29E+08 1.025E+04
8018   1   2  2s2p2(4PE)3p  2s2p2(4PE)4d   -1.84E-01 -2.80E+07 6.621E+03
8019   1   3  2s2p2(4PE)3p  2s2p2(4PE)5d   -3.44E-02 -7.12E+06 5.676E+03
8020   1   4  2s2p2(4PE)3p  2s2p2(4PE)6d   -1.10E-02 -2.65E+06 5.267E+03
8021   1   5  2s2p2(4PE)3p  2s2p2(4PE)7d   -4.69E-03 -1.23E+06 5.048E+03
8022   1   6  2s2p2(4PE)3p  2s2p2(4PE)8d   -2.40E-03 -6.63E+05 4.915E+03
8023   1   7  2s2p2(4PE)3p  2s2p2(4PE)9d   -1.39E-03 -3.98E+05 4.828E+03
8024   1   8  2s2p2(4PE)3p  2s2p2(4PE)10d   -8.77E-04 -2.57E+05 4.768E+03
8025   2   1  2s2p2(4PE)4p  2s2p2(4PE)3d    1.10E+00  3.27E+06 4.737E+04
8026   2   2  2s2p2(4PE)4p  2s2p2(4PE)4d   -4.61E+00 -3.21E+07 3.095E+04
8027   2   3  2s2p2(4PE)4p  2s2p2(4PE)5d   -3.15E-01 -6.94E+06 1.740E+04
8028   2   4  2s2p2(4PE)4p  2s2p2(4PE)6d   -7.69E-02 -2.60E+06 1.405E+04
8029   2   5  2s2p2(4PE)4p  2s2p2(4PE)7d   -2.98E-02 -1.25E+06 1.259E+04
8030   2   6  2s2p2(4PE)4p  2s2p2(4PE)8d   -1.47E-02 -7.04E+05 1.180E+04
8031   2   7  2s2p2(4PE)4p  2s2p2(4PE)9d   -8.36E-03 -4.36E+05 1.131E+04
8032   2   8  2s2p2(4PE)4p  2s2p2(4PE)10d   -5.25E-03 -2.90E+05 1.099E+04
8033   3   1  2s2p2(4PE)4f   2s2p2(4PE)3d    2.73E+00  5.36E+07 1.843E+04
8034   3   2  2s2p2(4PE)4f   2s2p2(4PE)4d    1.07E-01  5.12E+02 1.180E+06
8035   3   3  2s2p2(4PE)4f   2s2p2(4PE)5d   -4.90E-02 -1.93E+05 4.113E+04
8036   3   4  2s2p2(4PE)4f   2s2p2(4PE)6d   -8.77E-03 -8.45E+04 2.632E+04
8037   3   5  2s2p2(4PE)4f   2s2p2(4PE)7d   -3.16E-03 -4.51E+04 2.163E+04
8038   3   6  2s2p2(4PE)4f   2s2p2(4PE)8d   -1.54E-03 -2.73E+04 1.939E+04
8039   3   7  2s2p2(4PE)4f   2s2p2(4PE)9d   -8.77E-04 -1.78E+04 1.810E+04
8040   3   8  2s2p2(4PE)4f   2s2p2(4PE)10d   -5.55E-04 -1.24E+04 1.729E+04
8041   4   1  2s2p2(4PE)5p  2s2p2(4PE)3d    2.44E-02  6.60E+05 1.571E+04
8042   4   2  2s2p2(4PE)5p  2s2p2(4PE)4d    2.24E+00  1.57E+06 9.764E+04
8043   4   3  2s2p2(4PE)5p  2s2p2(4PE)5d   -5.62E+00 -8.35E+06 6.702E+04
8044   4   4  2s2p2(4PE)5p  2s2p2(4PE)6d   -4.35E-01 -2.37E+06 3.496E+04
8045   4   5  2s2p2(4PE)5p  2s2p2(4PE)7d   -1.17E-01 -1.06E+06 2.714E+04
8046   4   6  2s2p2(4PE)5p  2s2p2(4PE)8d   -4.86E-02 -5.77E+05 2.370E+04
8047   4   7  2s2p2(4PE)5p  2s2p2(4PE)9d   -2.51E-02 -3.52E+05 2.181E+04
8048   4   8  2s2p2(4PE)5p  2s2p2(4PE)10d   -1.48E-02 -2.32E+05 2.064E+04
8049   5   1  2s2p2(4PE)5f   2s2p2(4PE)3d    4.29E-01  1.79E+07 1.264E+04
8050   5   2  2s2p2(4PE)5f   2s2p2(4PE)4d    2.28E+00  1.00E+07 3.893E+04
8051   5   3  2s2p2(4PE)5f   2s2p2(4PE)5d    2.34E-01  4.28E+02 1.911E+06
8052   5   4  2s2p2(4PE)5f   2s2p2(4PE)6d   -1.21E-01 -1.40E+05 7.598E+04
8053   5   5  2s2p2(4PE)5f   2s2p2(4PE)7d   -2.25E-02 -6.87E+04 4.672E+04
8054   5   6  2s2p2(4PE)5f   2s2p2(4PE)8d   -8.26E-03 -3.94E+04 3.739E+04
8055   5   7  2s2p2(4PE)5f   2s2p2(4PE)9d   -4.06E-03 -2.50E+04 3.289E+04
8056   5   8  2s2p2(4PE)5f   2s2p2(4PE)10d   -2.34E-03 -1.70E+04 3.029E+04
8057   6   1  2s2p2(4PE)6p  2s2p2(4PE)3d    6.88E-03  3.25E+05 1.189E+04
8058   6   2  2s2p2(4PE)6p  2s2p2(4PE)4d    5.21E-02  3.28E+05 3.256E+04
8059   6   3  2s2p2(4PE)6p  2s2p2(4PE)5d    3.37E+00  6.92E+05 1.803E+05
8060   6   4  2s2p2(4PE)6p  2s2p2(4PE)6d   -6.60E+00 -2.92E+06 1.229E+05
8061   6   5  2s2p2(4PE)6p  2s2p2(4PE)7d   -5.46E-01 -9.77E+05 6.106E+04
8062   6   6  2s2p2(4PE)6p  2s2p2(4PE)8d   -1.55E-01 -4.88E+05 4.604E+04
8063   6   7  2s2p2(4PE)6p  2s2p2(4PE)9d   -6.67E-02 -2.86E+05 3.941E+04
8064   6   8  2s2p2(4PE)6p  2s2p2(4PE)10d   -3.54E-02 -1.85E+05 3.573E+04
8065   7   1  2s2p2(4PE)6f   2s2p2(4PE)3d    1.49E-01  8.52E+06 1.080E+04
8066   7   2  2s2p2(4PE)6f   2s2p2(4PE)4d    5.07E-01  5.19E+06 2.552E+04
8067   7   3  2s2p2(4PE)6f   2s2p2(4PE)5d    2.07E+00  2.71E+06 7.135E+04
8068   7   4  2s2p2(4PE)6f   2s2p2(4PE)6d    3.58E-01  2.62E+02 3.018E+06
8069   7   5  2s2p2(4PE)6f   2s2p2(4PE)7d   -2.13E-01 -8.89E+04 1.264E+05
8070   7   6  2s2p2(4PE)6f   2s2p2(4PE)8d   -4.06E-02 -4.76E+04 7.546E+04
8071   7   7  2s2p2(4PE)6f   2s2p2(4PE)9d   -1.51E-02 -2.88E+04 5.915E+04
8072   7   8  2s2p2(4PE)6f   2s2p2(4PE)10d   -7.50E-03 -1.91E+04 5.123E+04
8073   8   1  2s2p2(4PE)7p  2s2p2(4PE)3d    3.09E-03  1.88E+05 1.046E+04
8074   8   2  2s2p2(4PE)7p  2s2p2(4PE)4d    1.45E-02  1.72E+05 2.372E+04
8075   8   3  2s2p2(4PE)7p  2s2p2(4PE)5d    7.74E-02  1.49E+05 5.883E+04
8076   8   4  2s2p2(4PE)7p  2s2p2(4PE)6d    4.48E+00  3.28E+05 3.019E+05
8077   8   5  2s2p2(4PE)7p  2s2p2(4PE)7d   -7.54E+00 -1.22E+06 2.029E+05
8078   8   6  2s2p2(4PE)7p  2s2p2(4PE)8d   -6.51E-01 -4.58E+05 9.737E+04
8079   8   7  2s2p2(4PE)7p  2s2p2(4PE)9d   -1.91E-01 -2.47E+05 7.181E+04
8080   8   8  2s2p2(4PE)7p  2s2p2(4PE)10d   -8.40E-02 -1.53E+05 6.047E+04
8081   9   1  2s2p2(4PE)7f   2s2p2(4PE)3d    7.11E-02  4.81E+06 9.928E+03
8082   9   2  2s2p2(4PE)7f   2s2p2(4PE)4d    2.02E-01  3.02E+06 2.114E+04
8083   9   3  2s2p2(4PE)7f   2s2p2(4PE)5d    5.18E-01  1.69E+06 4.515E+04
8084   9   4  2s2p2(4PE)7f   2s2p2(4PE)6d    1.97E+00  9.41E+05 1.182E+05
8085   9   5  2s2p2(4PE)7f   2s2p2(4PE)7d    4.76E-01  1.54E+02 4.534E+06
8086   9   6  2s2p2(4PE)7f   2s2p2(4PE)8d   -3.17E-01 -5.55E+04 1.953E+05
8087   9   7  2s2p2(4PE)7f   2s2p2(4PE)9d   -6.19E-02 -3.18E+04 1.139E+05
8088   9   8  2s2p2(4PE)7f   2s2p2(4PE)10d   -2.34E-02 -2.02E+04 8.780E+04
8089  10   1  2s2p2(4PE)8p  2s2p2(4PE)3d    1.70E-03  1.19E+05 9.743E+03
8090  10   2  2s2p2(4PE)8p  2s2p2(4PE)4d    6.55E-03  1.06E+05 2.032E+04
8091  10   3  2s2p2(4PE)8p  2s2p2(4PE)5d    2.11E-02  8.14E+04 4.157E+04
8092  10   4  2s2p2(4PE)8p  2s2p2(4PE)6d    1.00E-01  7.17E+04 9.642E+04
8093  10   5  2s2p2(4PE)8p  2s2p2(4PE)7d    5.56E+00  1.68E+05 4.695E+05
8094  10   6  2s2p2(4PE)8p  2s2p2(4PE)8d   -8.47E+00 -5.83E+05 3.113E+05
8095  10   7  2s2p2(4PE)8p  2s2p2(4PE)9d   -7.52E-01 -2.37E+05 1.456E+05
8096  10   8  2s2p2(4PE)8p  2s2p2(4PE)10d   -2.25E-01 -1.35E+05 1.055E+05
8097  11   1  2s2p2(4PE)8f   2s2p2(4PE)3d    4.02E-02  3.01E+06 9.434E+03
8098  11   2  2s2p2(4PE)8f   2s2p2(4PE)4d    1.04E-01  1.92E+06 1.902E+04
8099  11   3  2s2p2(4PE)8f   2s2p2(4PE)5d    2.19E-01  1.10E+06 3.647E+04
8100  11   4  2s2p2(4PE)8f   2s2p2(4PE)6d    5.21E-01  6.55E+05 7.281E+04
8101  11   5  2s2p2(4PE)8f   2s2p2(4PE)7d    1.93E+00  3.88E+05 1.820E+05
8102  11   6  2s2p2(4PE)8f   2s2p2(4PE)8d    5.89E-01  9.01E+01 6.604E+06
8103  11   7  2s2p2(4PE)8f   2s2p2(4PE)9d   -4.31E-01 -3.53E+04 2.853E+05
8104  11   8  2s2p2(4PE)8f   2s2p2(4PE)10d   -8.55E-02 -2.13E+04 1.635E+05
8105  12   1  2s2p2(4PE)9p  2s2p2(4PE)3d    1.05E-03  8.06E+04 9.320E+03
8106  12   2  2s2p2(4PE)9p  2s2p2(4PE)4d    3.64E-03  7.05E+04 1.856E+04
8107  12   3  2s2p2(4PE)9p  2s2p2(4PE)5d    9.53E-03  5.24E+04 3.483E+04
8108  12   4  2s2p2(4PE)9p  2s2p2(4PE)6d    2.68E-02  4.04E+04 6.654E+04
8109  12   5  2s2p2(4PE)9p  2s2p2(4PE)7d    1.21E-01  3.72E+04 1.473E+05
8110  12   6  2s2p2(4PE)9p  2s2p2(4PE)8d    6.64E+00  9.26E+04 6.914E+05
8111  12   7  2s2p2(4PE)9p  2s2p2(4PE)9d   -9.39E+00 -3.06E+05 4.525E+05
8112  12   8  2s2p2(4PE)9p  2s2p2(4PE)10d   -8.49E-01 -1.32E+05 2.074E+05
8113  13   1  2s2p2(4PE)9f   2s2p2(4PE)3d    2.53E-02  2.03E+06 9.123E+03
8114  13   2  2s2p2(4PE)9f   2s2p2(4PE)4d    6.12E-02  1.29E+06 1.780E+04
8115  13   3  2s2p2(4PE)9f   2s2p2(4PE)5d    1.17E-01  7.52E+05 3.222E+04
8116  13   4  2s2p2(4PE)9f   2s2p2(4PE)6d    2.28E-01  4.58E+05 5.764E+04
8117  13   5  2s2p2(4PE)9f   2s2p2(4PE)7d    5.25E-01  2.90E+05 1.098E+05
8118  13   6  2s2p2(4PE)9f   2s2p2(4PE)8d    1.93E+00  1.82E+05 2.656E+05
8119  13   7  2s2p2(4PE)9f   2s2p2(4PE)9d    6.99E-01  5.50E+01 9.205E+06
8120  13   8  2s2p2(4PE)9f   2s2p2(4PE)10d   -5.52E-01 -2.31E+04 3.995E+05
8121  14   1  2s2p2(4PE)10p  2s2p2(4PE)3d    7.02E-04  5.72E+04 9.047E+03
8122  14   2  2s2p2(4PE)10p  2s2p2(4PE)4d    2.28E-03  4.96E+04 1.751E+04
8123  14   3  2s2p2(4PE)10p  2s2p2(4PE)5d    5.31E-03  3.62E+04 3.130E+04
8124  14   4  2s2p2(4PE)10p  2s2p2(4PE)6d    1.20E-02  2.67E+04 5.475E+04
8125  14   5  2s2p2(4PE)10p  2s2p2(4PE)7d    3.17E-02  2.12E+04 9.976E+04
8126  14   6  2s2p2(4PE)10p  2s2p2(4PE)8d    1.39E-01  2.03E+04 2.136E+05
8127  14   7  2s2p2(4PE)10p  2s2p2(4PE)9d    7.71E+00  5.41E+04 9.747E+05
8128  14   8  2s2p2(4PE)10p  2s2p2(4PE)10d   -1.03E+01 -1.73E+05 6.307E+05
8129  15   1  2s2p2(4PE)10f   2s2p2(4PE)3d    1.70E-02  1.43E+06 8.913E+03
8130  15   2  2s2p2(4PE)10f   2s2p2(4PE)4d    3.97E-02  9.15E+05 1.701E+04
8131  15   3  2s2p2(4PE)10f   2s2p2(4PE)5d    7.10E-02  5.35E+05 2.975E+04
8132  15   4  2s2p2(4PE)10f   2s2p2(4PE)6d    1.24E-01  3.29E+05 5.017E+04
8133  15   5  2s2p2(4PE)10f   2s2p2(4PE)7d    2.33E-01  2.12E+05 8.554E+04
8134  15   6  2s2p2(4PE)10f   2s2p2(4PE)8d    5.31E-01  1.43E+05 1.575E+05
8135  15   7  2s2p2(4PE)10f   2s2p2(4PE)9d    1.94E+00  9.38E+04 3.714E+05
8136  15   8  2s2p2(4PE)10f   2s2p2(4PE)10d    8.05E-01  3.54E+01 1.232E+07
8137   1   1  2s2p2(4PE)4f   2s2p2(4PE)3d    2.13E+01  4.29E+08 1.819E+04
8138   1   2  2s2p2(4PE)4f   2s2p2(4PE)4d    1.65E+00  2.63E+04 6.468E+05
8139   1   3  2s2p2(4PE)4f   2s2p2(4PE)5d   -5.18E-01 -1.93E+06 4.234E+04
8140   1   4  2s2p2(4PE)4f   2s2p2(4PE)6d   -9.11E-02 -8.45E+05 2.681E+04
8141   1   5  2s2p2(4PE)4f   2s2p2(4PE)7d   -3.28E-02 -4.54E+05 2.196E+04
8142   1   6  2s2p2(4PE)4f   2s2p2(4PE)8d   -1.60E-02 -2.76E+05 1.965E+04
8143   1   7  2s2p2(4PE)4f   2s2p2(4PE)9d   -9.13E-03 -1.81E+05 1.834E+04
8144   1   8  2s2p2(4PE)4f   2s2p2(4PE)10d   -5.79E-03 -1.26E+05 1.750E+04
8145   2   1  2s2p2(4PE)5f   2s2p2(4PE)3d    3.63E+00  1.53E+08 1.258E+04
8146   2   2  2s2p2(4PE)5f   2s2p2(4PE)4d    1.70E+01  7.71E+07 3.834E+04
8147   2   3  2s2p2(4PE)5f   2s2p2(4PE)5d    3.47E+00  1.95E+04 1.090E+06
8148   2   4  2s2p2(4PE)5f   2s2p2(4PE)6d   -1.33E+00 -1.45E+06 7.832E+04
8149   2   5  2s2p2(4PE)5f   2s2p2(4PE)7d   -2.42E-01 -7.12E+05 4.760E+04
8150   2   6  2s2p2(4PE)5f   2s2p2(4PE)8d   -8.90E-02 -4.12E+05 3.795E+04
8151   2   7  2s2p2(4PE)5f   2s2p2(4PE)9d   -4.38E-02 -2.63E+05 3.333E+04
8152   2   8  2s2p2(4PE)5f   2s2p2(4PE)10d   -2.53E-02 -1.80E+05 3.066E+04
8153   3   1  2s2p2(4PE)6f   2s2p2(4PE)3d    1.31E+00  7.53E+07 1.077E+04
8154   3   2  2s2p2(4PE)6f   2s2p2(4PE)4d    4.03E+00  4.18E+07 2.537E+04
8155   3   3  2s2p2(4PE)6f   2s2p2(4PE)5d    1.51E+01  2.04E+07 7.018E+04
8156   3   4  2s2p2(4PE)6f   2s2p2(4PE)6d    5.15E+00  1.09E+04 1.773E+06
8157   3   5  2s2p2(4PE)6f   2s2p2(4PE)7d   -2.32E+00 -9.12E+05 1.303E+05
8158   3   6  2s2p2(4PE)6f   2s2p2(4PE)8d   -4.34E-01 -4.91E+05 7.681E+04
8159   3   7  2s2p2(4PE)6f   2s2p2(4PE)9d   -1.61E-01 -2.99E+05 5.997E+04
8160   3   8  2s2p2(4PE)6f   2s2p2(4PE)10d   -8.02E-02 -1.99E+05 5.185E+04
8161   4   1  2s2p2(4PE)7f   2s2p2(4PE)3d    6.37E-01  4.32E+07 9.913E+03
8162   4   2  2s2p2(4PE)7f   2s2p2(4PE)4d    1.65E+00  2.48E+07 2.107E+04
8163   4   3  2s2p2(4PE)7f   2s2p2(4PE)5d    4.01E+00  1.33E+07 4.486E+04
8164   4   4  2s2p2(4PE)7f   2s2p2(4PE)6d    1.41E+01  6.97E+06 1.162E+05
8165   4   5  2s2p2(4PE)7f   2s2p2(4PE)7d    6.73E+00  6.07E+03 2.721E+06
8166   4   6  2s2p2(4PE)7f   2s2p2(4PE)8d   -3.42E+00 -5.64E+05 2.010E+05
8167   4   7  2s2p2(4PE)7f   2s2p2(4PE)9d   -6.51E-01 -3.23E+05 1.159E+05
8168   4   8  2s2p2(4PE)7f   2s2p2(4PE)10d   -2.45E-01 -2.07E+05 8.895E+04
8169   5   1  2s2p2(4PE)8f   2s2p2(4PE)3d    3.65E-01  2.74E+07 9.425E+03
8170   5   2  2s2p2(4PE)8f   2s2p2(4PE)4d    8.59E-01  1.59E+07 1.898E+04
8171   5   3  2s2p2(4PE)8f   2s2p2(4PE)5d    1.74E+00  8.79E+06 3.634E+04
8172   5   4  2s2p2(4PE)8f   2s2p2(4PE)6d    3.96E+00  5.05E+06 7.229E+04
8173   5   5  2s2p2(4PE)8f   2s2p2(4PE)7d    1.37E+01  2.86E+06 1.788E+05
8174   5   6  2s2p2(4PE)8f   2s2p2(4PE)8d    8.23E+00  3.47E+03 3.979E+06
8175   5   7  2s2p2(4PE)8f   2s2p2(4PE)9d   -4.59E+00 -3.55E+05 2.937E+05
8176   5   8  2s2p2(4PE)8f   2s2p2(4PE)10d   -8.88E-01 -2.14E+05 1.662E+05
8177   6   1  2s2p2(4PE)9f   2s2p2(4PE)3d    2.31E-01  1.85E+07 9.117E+03
8178   6   2  2s2p2(4PE)9f   2s2p2(4PE)4d    5.13E-01  1.08E+07 1.777E+04
8179   6   3  2s2p2(4PE)9f   2s2p2(4PE)5d    9.39E-01  6.06E+06 3.215E+04
8180   6   4  2s2p2(4PE)9f   2s2p2(4PE)6d    1.77E+00  3.58E+06 5.741E+04
8181   6   5  2s2p2(4PE)9f   2s2p2(4PE)7d    3.94E+00  2.21E+06 1.090E+05
8182   6   6  2s2p2(4PE)9f   2s2p2(4PE)8d    1.36E+01  1.33E+06 2.607E+05
8183   6   7  2s2p2(4PE)9f   2s2p2(4PE)9d    9.68E+00  2.07E+03 5.591E+06
8184   6   8  2s2p2(4PE)9f   2s2p2(4PE)10d   -5.82E+00 -2.30E+05 4.111E+05
8185   1   1  2s2p2(4PE)3p  2s2p2(4PE)3d   -3.60E+00 -2.29E+08 1.025E+04
8186   1   2  2s2p2(4PE)3p  2s2p2(4PE)4d   -1.84E-01 -2.80E+07 6.621E+03
8187   1   3  2s2p2(4PE)3p  2s2p2(4PE)5d   -3.44E-02 -7.12E+06 5.676E+03
8188   1   4  2s2p2(4PE)3p  2s2p2(4PE)6d   -1.10E-02 -2.65E+06 5.267E+03
8189   1   5  2s2p2(4PE)3p  2s2p2(4PE)7d   -4.69E-03 -1.23E+06 5.048E+03
8190   1   6  2s2p2(4PE)3p  2s2p2(4PE)8d   -2.40E-03 -6.63E+05 4.915E+03
8191   1   7  2s2p2(4PE)3p  2s2p2(4PE)9d   -1.39E-03 -3.98E+05 4.828E+03
8192   1   8  2s2p2(4PE)3p  2s2p2(4PE)10d   -8.77E-04 -2.57E+05 4.768E+03
8193   2   1  2s2p2(4PE)4p  2s2p2(4PE)3d    1.10E+00  3.27E+06 4.737E+04
8194   2   2  2s2p2(4PE)4p  2s2p2(4PE)4d   -4.61E+00 -3.21E+07 3.095E+04
8195   2   3  2s2p2(4PE)4p  2s2p2(4PE)5d   -3.15E-01 -6.94E+06 1.740E+04
8196   2   4  2s2p2(4PE)4p  2s2p2(4PE)6d   -7.69E-02 -2.60E+06 1.405E+04
8197   2   5  2s2p2(4PE)4p  2s2p2(4PE)7d   -2.98E-02 -1.25E+06 1.259E+04
8198   2   6  2s2p2(4PE)4p  2s2p2(4PE)8d   -1.47E-02 -7.04E+05 1.180E+04
8199   2   7  2s2p2(4PE)4p  2s2p2(4PE)9d   -8.36E-03 -4.36E+05 1.131E+04
8200   2   8  2s2p2(4PE)4p  2s2p2(4PE)10d   -5.25E-03 -2.90E+05 1.099E+04
8201   3   1  2s2p2(4PE)4f   2s2p2(4PE)3d    2.73E+00  5.36E+07 1.843E+04
8202   3   2  2s2p2(4PE)4f   2s2p2(4PE)4d    1.07E-01  5.12E+02 1.180E+06
8203   3   3  2s2p2(4PE)4f   2s2p2(4PE)5d   -4.90E-02 -1.93E+05 4.113E+04
8204   3   4  2s2p2(4PE)4f   2s2p2(4PE)6d   -8.77E-03 -8.45E+04 2.632E+04
8205   3   5  2s2p2(4PE)4f   2s2p2(4PE)7d   -3.16E-03 -4.51E+04 2.163E+04
8206   3   6  2s2p2(4PE)4f   2s2p2(4PE)8d   -1.54E-03 -2.73E+04 1.939E+04
8207   3   7  2s2p2(4PE)4f   2s2p2(4PE)9d   -8.77E-04 -1.78E+04 1.810E+04
8208   3   8  2s2p2(4PE)4f   2s2p2(4PE)10d   -5.55E-04 -1.24E+04 1.729E+04
8209   4   1  2s2p2(4PE)5p  2s2p2(4PE)3d    2.44E-02  6.60E+05 1.571E+04
8210   4   2  2s2p2(4PE)5p  2s2p2(4PE)4d    2.24E+00  1.57E+06 9.764E+04
8211   4   3  2s2p2(4PE)5p  2s2p2(4PE)5d   -5.62E+00 -8.35E+06 6.702E+04
8212   4   4  2s2p2(4PE)5p  2s2p2(4PE)6d   -4.35E-01 -2.37E+06 3.496E+04
8213   4   5  2s2p2(4PE)5p  2s2p2(4PE)7d   -1.17E-01 -1.06E+06 2.714E+04
8214   4   6  2s2p2(4PE)5p  2s2p2(4PE)8d   -4.86E-02 -5.77E+05 2.370E+04
8215   4   7  2s2p2(4PE)5p  2s2p2(4PE)9d   -2.51E-02 -3.52E+05 2.181E+04
8216   4   8  2s2p2(4PE)5p  2s2p2(4PE)10d   -1.48E-02 -2.32E+05 2.064E+04
8217   5   1  2s2p2(4PE)5f   2s2p2(4PE)3d    4.29E-01  1.79E+07 1.264E+04
8218   5   2  2s2p2(4PE)5f   2s2p2(4PE)4d    2.28E+00  1.00E+07 3.893E+04
8219   5   3  2s2p2(4PE)5f   2s2p2(4PE)5d    2.34E-01  4.28E+02 1.911E+06
8220   5   4  2s2p2(4PE)5f   2s2p2(4PE)6d   -1.21E-01 -1.40E+05 7.598E+04
8221   5   5  2s2p2(4PE)5f   2s2p2(4PE)7d   -2.25E-02 -6.87E+04 4.672E+04
8222   5   6  2s2p2(4PE)5f   2s2p2(4PE)8d   -8.26E-03 -3.94E+04 3.739E+04
8223   5   7  2s2p2(4PE)5f   2s2p2(4PE)9d   -4.06E-03 -2.50E+04 3.289E+04
8224   5   8  2s2p2(4PE)5f   2s2p2(4PE)10d   -2.34E-03 -1.70E+04 3.029E+04
8225   6   1  2s2p2(4PE)6p  2s2p2(4PE)3d    6.88E-03  3.25E+05 1.189E+04
8226   6   2  2s2p2(4PE)6p  2s2p2(4PE)4d    5.21E-02  3.28E+05 3.256E+04
8227   6   3  2s2p2(4PE)6p  2s2p2(4PE)5d    3.37E+00  6.92E+05 1.803E+05
8228   6   4  2s2p2(4PE)6p  2s2p2(4PE)6d   -6.60E+00 -2.92E+06 1.229E+05
8229   6   5  2s2p2(4PE)6p  2s2p2(4PE)7d   -5.46E-01 -9.77E+05 6.106E+04
8230   6   6  2s2p2(4PE)6p  2s2p2(4PE)8d   -1.55E-01 -4.88E+05 4.604E+04
8231   6   7  2s2p2(4PE)6p  2s2p2(4PE)9d   -6.67E-02 -2.86E+05 3.941E+04
8232   6   8  2s2p2(4PE)6p  2s2p2(4PE)10d   -3.54E-02 -1.85E+05 3.573E+04
8233   7   1  2s2p2(4PE)6f   2s2p2(4PE)3d    1.49E-01  8.52E+06 1.080E+04
8234   7   2  2s2p2(4PE)6f   2s2p2(4PE)4d    5.07E-01  5.19E+06 2.552E+04
8235   7   3  2s2p2(4PE)6f   2s2p2(4PE)5d    2.07E+00  2.71E+06 7.135E+04
8236   7   4  2s2p2(4PE)6f   2s2p2(4PE)6d    3.58E-01  2.62E+02 3.018E+06
8237   7   5  2s2p2(4PE)6f   2s2p2(4PE)7d   -2.13E-01 -8.89E+04 1.264E+05
8238   7   6  2s2p2(4PE)6f   2s2p2(4PE)8d   -4.06E-02 -4.76E+04 7.546E+04
8239   7   7  2s2p2(4PE)6f   2s2p2(4PE)9d   -1.51E-02 -2.88E+04 5.915E+04
8240   7   8  2s2p2(4PE)6f   2s2p2(4PE)10d   -7.50E-03 -1.91E+04 5.123E+04
8241   8   1  2s2p2(4PE)7p  2s2p2(4PE)3d    3.09E-03  1.88E+05 1.046E+04
8242   8   2  2s2p2(4PE)7p  2s2p2(4PE)4d    1.45E-02  1.72E+05 2.372E+04
8243   8   3  2s2p2(4PE)7p  2s2p2(4PE)5d    7.74E-02  1.49E+05 5.883E+04
8244   8   4  2s2p2(4PE)7p  2s2p2(4PE)6d    4.48E+00  3.28E+05 3.019E+05
8245   8   5  2s2p2(4PE)7p  2s2p2(4PE)7d   -7.54E+00 -1.22E+06 2.029E+05
8246   8   6  2s2p2(4PE)7p  2s2p2(4PE)8d   -6.51E-01 -4.58E+05 9.737E+04
8247   8   7  2s2p2(4PE)7p  2s2p2(4PE)9d   -1.91E-01 -2.47E+05 7.181E+04
8248   8   8  2s2p2(4PE)7p  2s2p2(4PE)10d   -8.40E-02 -1.53E+05 6.047E+04
8249   9   1  2s2p2(4PE)7f   2s2p2(4PE)3d    7.11E-02  4.81E+06 9.928E+03
8250   9   2  2s2p2(4PE)7f   2s2p2(4PE)4d    2.02E-01  3.02E+06 2.114E+04
8251   9   3  2s2p2(4PE)7f   2s2p2(4PE)5d    5.18E-01  1.69E+06 4.515E+04
8252   9   4  2s2p2(4PE)7f   2s2p2(4PE)6d    1.97E+00  9.41E+05 1.182E+05
8253   9   5  2s2p2(4PE)7f   2s2p2(4PE)7d    4.76E-01  1.54E+02 4.534E+06
8254   9   6  2s2p2(4PE)7f   2s2p2(4PE)8d   -3.17E-01 -5.55E+04 1.953E+05
8255   9   7  2s2p2(4PE)7f   2s2p2(4PE)9d   -6.19E-02 -3.18E+04 1.139E+05
8256   9   8  2s2p2(4PE)7f   2s2p2(4PE)10d   -2.34E-02 -2.02E+04 8.780E+04
8257  10   1  2s2p2(4PE)8p  2s2p2(4PE)3d    1.70E-03  1.19E+05 9.743E+03
8258  10   2  2s2p2(4PE)8p  2s2p2(4PE)4d    6.55E-03  1.06E+05 2.032E+04
8259  10   3  2s2p2(4PE)8p  2s2p2(4PE)5d    2.11E-02  8.14E+04 4.157E+04
8260  10   4  2s2p2(4PE)8p  2s2p2(4PE)6d    1.00E-01  7.17E+04 9.642E+04
8261  10   5  2s2p2(4PE)8p  2s2p2(4PE)7d    5.56E+00  1.68E+05 4.695E+05
8262  10   6  2s2p2(4PE)8p  2s2p2(4PE)8d   -8.47E+00 -5.83E+05 3.113E+05
8263  10   7  2s2p2(4PE)8p  2s2p2(4PE)9d   -7.52E-01 -2.37E+05 1.456E+05
8264  10   8  2s2p2(4PE)8p  2s2p2(4PE)10d   -2.25E-01 -1.35E+05 1.055E+05
8265  11   1  2s2p2(4PE)8f   2s2p2(4PE)3d    4.02E-02  3.01E+06 9.434E+03
8266  11   2  2s2p2(4PE)8f   2s2p2(4PE)4d    1.04E-01  1.92E+06 1.902E+04
8267  11   3  2s2p2(4PE)8f   2s2p2(4PE)5d    2.19E-01  1.10E+06 3.647E+04
8268  11   4  2s2p2(4PE)8f   2s2p2(4PE)6d    5.21E-01  6.55E+05 7.281E+04
8269  11   5  2s2p2(4PE)8f   2s2p2(4PE)7d    1.93E+00  3.88E+05 1.820E+05
8270  11   6  2s2p2(4PE)8f   2s2p2(4PE)8d    5.89E-01  9.01E+01 6.604E+06
8271  11   7  2s2p2(4PE)8f   2s2p2(4PE)9d   -4.31E-01 -3.53E+04 2.853E+05
8272  11   8  2s2p2(4PE)8f   2s2p2(4PE)10d   -8.55E-02 -2.13E+04 1.635E+05
8273  12   1  2s2p2(4PE)9p  2s2p2(4PE)3d    1.05E-03  8.06E+04 9.320E+03
8274  12   2  2s2p2(4PE)9p  2s2p2(4PE)4d    3.64E-03  7.05E+04 1.856E+04
8275  12   3  2s2p2(4PE)9p  2s2p2(4PE)5d    9.53E-03  5.24E+04 3.483E+04
8276  12   4  2s2p2(4PE)9p  2s2p2(4PE)6d    2.68E-02  4.04E+04 6.654E+04
8277  12   5  2s2p2(4PE)9p  2s2p2(4PE)7d    1.21E-01  3.72E+04 1.473E+05
8278  12   6  2s2p2(4PE)9p  2s2p2(4PE)8d    6.64E+00  9.26E+04 6.914E+05
8279  12   7  2s2p2(4PE)9p  2s2p2(4PE)9d   -9.39E+00 -3.06E+05 4.525E+05
8280  12   8  2s2p2(4PE)9p  2s2p2(4PE)10d   -8.49E-01 -1.32E+05 2.074E+05
8281  13   1  2s2p2(4PE)9f   2s2p2(4PE)3d    2.53E-02  2.03E+06 9.123E+03
8282  13   2  2s2p2(4PE)9f   2s2p2(4PE)4d    6.12E-02  1.29E+06 1.780E+04
8283  13   3  2s2p2(4PE)9f   2s2p2(4PE)5d    1.17E-01  7.52E+05 3.222E+04
8284  13   4  2s2p2(4PE)9f   2s2p2(4PE)6d    2.28E-01  4.58E+05 5.764E+04
8285  13   5  2s2p2(4PE)9f   2s2p2(4PE)7d    5.25E-01  2.90E+05 1.098E+05
8286  13   6  2s2p2(4PE)9f   2s2p2(4PE)8d    1.93E+00  1.82E+05 2.656E+05
8287  13   7  2s2p2(4PE)9f   2s2p2(4PE)9d    6.99E-01  5.50E+01 9.205E+06
8288  13   8  2s2p2(4PE)9f   2s2p2(4PE)10d   -5.52E-01 -2.31E+04 3.995E+05
8289  14   1  2s2p2(4PE)10p  2s2p2(4PE)3d    7.02E-04  5.72E+04 9.047E+03
8290  14   2  2s2p2(4PE)10p  2s2p2(4PE)4d    2.28E-03  4.96E+04 1.751E+04
8291  14   3  2s2p2(4PE)10p  2s2p2(4PE)5d    5.31E-03  3.62E+04 3.130E+04
8292  14   4  2s2p2(4PE)10p  2s2p2(4PE)6d    1.20E-02  2.67E+04 5.475E+04
8293  14   5  2s2p2(4PE)10p  2s2p2(4PE)7d    3.17E-02  2.12E+04 9.976E+04
8294  14   6  2s2p2(4PE)10p  2s2p2(4PE)8d    1.39E-01  2.03E+04 2.136E+05
8295  14   7  2s2p2(4PE)10p  2s2p2(4PE)9d    7.71E+00  5.41E+04 9.747E+05
8296  14   8  2s2p2(4PE)10p  2s2p2(4PE)10d   -1.03E+01 -1.73E+05 6.307E+05
8297  15   1  2s2p2(4PE)10f   2s2p2(4PE)3d    1.70E-02  1.43E+06 8.913E+03
8298  15   2  2s2p2(4PE)10f   2s2p2(4PE)4d    3.97E-02  9.15E+05 1.701E+04
8299  15   3  2s2p2(4PE)10f   2s2p2(4PE)5d    7.10E-02  5.35E+05 2.975E+04
8300  15   4  2s2p2(4PE)10f   2s2p2(4PE)6d    1.24E-01  3.29E+05 5.017E+04
8301  15   5  2s2p2(4PE)10f   2s2p2(4PE)7d    2.33E-01  2.12E+05 8.554E+04
8302  15   6  2s2p2(4PE)10f   2s2p2(4PE)8d    5.31E-01  1.43E+05 1.575E+05
8303  15   7  2s2p2(4PE)10f   2s2p2(4PE)9d    1.94E+00  9.38E+04 3.714E+05
8304  15   8  2s2p2(4PE)10f   2s2p2(4PE)10d    8.05E-01  3.54E+01 1.232E+07
8305   1   1  2s2p2(4PE)3d   2s2p2(4PE)3p   2.00E+01  1.14E+09 1.083E+04
8306   1   2  2s2p2(4PE)3d   2s2p2(4PE)4p  -6.07E+00 -2.81E+07 3.794E+04
8307   1   3  2s2p2(4PE)3d   2s2p2(4PE)4f   -8.01E-02 -1.89E+06 1.680E+04
8308   1   4  2s2p2(4PE)3d   2s2p2(4PE)5p  -2.26E-01 -7.16E+06 1.451E+04
8309   1   5  2s2p2(4PE)3d   2s2p2(4PE)5f   -1.42E-02 -6.74E+05 1.185E+04
8310   1   6  2s2p2(4PE)3d   2s2p2(4PE)6p  -6.80E-02 -3.62E+06 1.119E+04
8311   1   7  2s2p2(4PE)3d   2s2p2(4PE)6f   -5.09E-03 -3.25E+05 1.022E+04
8312   1   8  2s2p2(4PE)3d   2s2p2(4PE)7p  -3.14E-02 -2.13E+06 9.918E+03
8313   1   9  2s2p2(4PE)3d   2s2p2(4PE)7f   -2.46E-03 -1.84E+05 9.436E+03
8314   1  10  2s2p2(4PE)3d   2s2p2(4PE)8p  -1.75E-02 -1.36E+06 9.269E+03
8315   1  11  2s2p2(4PE)3d   2s2p2(4PE)8f   -1.39E-03 -1.15E+05 8.989E+03
8316   1  12  2s2p2(4PE)3d   2s2p2(4PE)9p  -1.09E-02 -9.21E+05 8.885E+03
8317   1  13  2s2p2(4PE)3d   2s2p2(4PE)9f   -8.77E-04 -7.72E+04 8.706E+03
8318   1  14  2s2p2(4PE)3d   2s2p2(4PE)10p  -7.31E-03 -6.54E+05 8.637E+03
8319   1  15  2s2p2(4PE)3d   2s2p2(4PE)10f   -5.92E-04 -5.45E+04 8.514E+03
8320   2   1  2s2p2(4PE)4d   2s2p2(4PE)3p   5.17E-01  7.65E+07 6.713E+03
8321   2   2  2s2p2(4PE)4d   2s2p2(4PE)4p   2.66E+01  1.62E+08 3.307E+04
8322   2   3  2s2p2(4PE)4d   2s2p2(4PE)4f   -1.11E-02 -6.30E+02 3.429E+05
8323   2   4  2s2p2(4PE)4d   2s2p2(4PE)5p  -1.23E+01 -1.24E+07 8.123E+04
8324   2   5  2s2p2(4PE)4d   2s2p2(4PE)5f   -5.58E-02 -2.87E+05 3.603E+04
8325   2   6  2s2p2(4PE)4d   2s2p2(4PE)6p  -4.94E-01 -3.54E+06 3.051E+04
8326   2   7  2s2p2(4PE)4d   2s2p2(4PE)6f   -1.46E-02 -1.66E+05 2.424E+04
8327   2   8  2s2p2(4PE)4d   2s2p2(4PE)7p  -1.47E-01 -1.92E+06 2.261E+04
8328   2   9  2s2p2(4PE)4d   2s2p2(4PE)7f   -6.20E-03 -1.01E+05 2.025E+04
8329   2  10  2s2p2(4PE)4d   2s2p2(4PE)8p  -6.77E-02 -1.19E+06 1.950E+04
8330   2  11  2s2p2(4PE)4d   2s2p2(4PE)8f   -3.30E-03 -6.57E+04 1.830E+04
8331   2  12  2s2p2(4PE)4d   2s2p2(4PE)9p  -3.81E-02 -7.95E+05 1.787E+04
8332   2  13  2s2p2(4PE)4d   2s2p2(4PE)9f   -2.00E-03 -4.53E+04 1.716E+04
8333   2  14  2s2p2(4PE)4d   2s2p2(4PE)10p  -2.39E-02 -5.58E+05 1.690E+04
8334   2  15  2s2p2(4PE)4d   2s2p2(4PE)10f   -1.32E-03 -3.26E+04 1.643E+04
8335   3   1  2s2p2(4PE)5d   2s2p2(4PE)3p   5.45E-02  1.11E+07 5.710E+03
8336   3   2  2s2p2(4PE)5d   2s2p2(4PE)4p   1.15E+00  2.44E+07 1.773E+04
8337   3   3  2s2p2(4PE)5d   2s2p2(4PE)4f    4.55E-03  1.64E+04 4.299E+04
8338   3   4  2s2p2(4PE)5d   2s2p2(4PE)5p   3.27E+01  4.19E+07 7.212E+04
8339   3   5  2s2p2(4PE)5d   2s2p2(4PE)5f   -2.84E-02 -4.72E+02 6.333E+05
8340   3   6  2s2p2(4PE)5d   2s2p2(4PE)6p  -1.85E+01 -5.38E+06 1.515E+05
8341   3   7  2s2p2(4PE)5d   2s2p2(4PE)6f   -4.94E-02 -7.48E+04 6.635E+04
8342   3   8  2s2p2(4PE)5d   2s2p2(4PE)7p  -7.43E-01 -1.62E+06 5.539E+04
8343   3   9  2s2p2(4PE)5d   2s2p2(4PE)7f   -1.44E-02 -5.17E+04 4.310E+04
8344   3  10  2s2p2(4PE)5d   2s2p2(4PE)8p  -2.18E-01 -9.17E+05 3.982E+04
8345   3  11  2s2p2(4PE)5d   2s2p2(4PE)8f   -6.49E-03 -3.51E+04 3.512E+04
8346   3  12  2s2p2(4PE)5d   2s2p2(4PE)9p  -1.00E-01 -5.91E+05 3.359E+04
8347   3  13  2s2p2(4PE)5d   2s2p2(4PE)9f   -3.58E-03 -2.46E+04 3.116E+04
8348   3  14  2s2p2(4PE)5d   2s2p2(4PE)10p  -5.65E-02 -4.11E+05 3.030E+04
8349   3  15  2s2p2(4PE)5d   2s2p2(4PE)10f   -2.23E-03 -1.79E+04 2.884E+04
8350   4   1  2s2p2(4PE)5g   2s2p2(4PE)3p   7.95E-05  1.66E+04 5.653E+03
8351   4   2  2s2p2(4PE)5g   2s2p2(4PE)4p   5.91E-05  1.33E+03 1.719E+04
8352   4   3  2s2p2(4PE)5g   2s2p2(4PE)4f    3.33E+01  1.39E+08 3.998E+04
8353   4   4  2s2p2(4PE)5g   2s2p2(4PE)5p   7.86E-04  1.28E+03 6.402E+04
8354   4   5  2s2p2(4PE)5g   2s2p2(4PE)5f    3.88E-01  7.98E+01 5.695E+06
8355   4   6  2s2p2(4PE)5g   2s2p2(4PE)6p  -8.46E-04 -1.33E+02 2.063E+05
8356   4   7  2s2p2(4PE)5g   2s2p2(4PE)6f   -2.72E-01 -3.22E+05 7.509E+04
8357   4   8  2s2p2(4PE)5g   2s2p2(4PE)7p  -3.12E-05 -5.53E+01 6.136E+04
8358   4   9  2s2p2(4PE)5g   2s2p2(4PE)7f   -4.30E-02 -1.32E+05 4.663E+04
8359   4  10  2s2p2(4PE)5g   2s2p2(4PE)8p  -1.19E-05 -4.33E+01 4.281E+04
8360   4  11  2s2p2(4PE)5g   2s2p2(4PE)8f   -1.43E-02 -6.81E+04 3.743E+04
8361   4  12  2s2p2(4PE)5g   2s2p2(4PE)9p  -6.49E-06 -3.40E+01 3.570E+04
8362   4  13  2s2p2(4PE)5g   2s2p2(4PE)9f   -6.55E-03 -4.02E+04 3.297E+04
8363   4  14  2s2p2(4PE)5g   2s2p2(4PE)10p  -4.07E-06 -2.65E+01 3.200E+04
8364   4  15  2s2p2(4PE)5g   2s2p2(4PE)10f   -3.60E-03 -2.60E+04 3.038E+04
8365   5   1  2s2p2(4PE)6d   2s2p2(4PE)3p   9.59E-03  2.29E+06 5.284E+03
8366   5   2  2s2p2(4PE)6d   2s2p2(4PE)4p   2.19E-01  7.27E+06 1.417E+04
8367   5   3  2s2p2(4PE)6d   2s2p2(4PE)4f    5.11E-04  4.77E+03 2.674E+04
8368   5   4  2s2p2(4PE)6d   2s2p2(4PE)5p   1.72E+00  8.99E+06 3.572E+04
8369   5   5  2s2p2(4PE)6d   2s2p2(4PE)5f    1.18E-02  1.24E+04 7.967E+04
8370   5   6  2s2p2(4PE)6d   2s2p2(4PE)6p   3.85E+01  1.46E+07 1.328E+05
8371   5   7  2s2p2(4PE)6d   2s2p2(4PE)6f   -4.24E-02 -2.50E+02 1.063E+06
8372   5   8  2s2p2(4PE)6d   2s2p2(4PE)7p  -2.45E+01 -2.51E+06 2.550E+05
8373   5   9  2s2p2(4PE)6d   2s2p2(4PE)7f   -4.62E-02 -2.54E+04 1.102E+05
8374   5  10  2s2p2(4PE)6d   2s2p2(4PE)8p  -9.72E-01 -7.82E+05 9.108E+04
8375   5  11  2s2p2(4PE)6d   2s2p2(4PE)8f   -1.41E-02 -1.93E+04 6.972E+04
8376   5  12  2s2p2(4PE)6d   2s2p2(4PE)9p  -2.82E-01 -4.60E+05 6.395E+04
8377   5  13  2s2p2(4PE)6d   2s2p2(4PE)9f   -6.54E-03 -1.41E+04 5.569E+04
8378   5  14  2s2p2(4PE)6d   2s2p2(4PE)10p  -1.29E-01 -3.07E+05 5.298E+04
8379   5  15  2s2p2(4PE)6d   2s2p2(4PE)10f   -3.69E-03 -1.04E+04 4.868E+04
8380   6   1  2s2p2(4PE)6g   2s2p2(4PE)3p   8.89E-05  2.15E+04 5.255E+03
8381   6   2  2s2p2(4PE)6g   2s2p2(4PE)4p   1.69E-06  5.78E+01 1.397E+04
8382   6   3  2s2p2(4PE)6g   2s2p2(4PE)4f    4.66E+00  4.59E+07 2.602E+04
8383   6   4  2s2p2(4PE)6g   2s2p2(4PE)5p   5.04E-06  2.83E+01 3.444E+04
8384   6   5  2s2p2(4PE)6g   2s2p2(4PE)5f    2.90E+01  3.57E+07 7.359E+04
8385   6   6  2s2p2(4PE)6g   2s2p2(4PE)6p   2.69E-03  1.32E+03 1.167E+05
8386   6   7  2s2p2(4PE)6g   2s2p2(4PE)6f    6.88E-01  4.28E+01 1.036E+07
8387   6   8  2s2p2(4PE)6g   2s2p2(4PE)7p  -1.32E-03 -7.33E+01 3.466E+05
8388   6   9  2s2p2(4PE)6g   2s2p2(4PE)7f   -7.20E-01 -3.10E+05 1.245E+05
8389   6  10  2s2p2(4PE)6g   2s2p2(4PE)8p  -4.14E-05 -2.73E+01 1.006E+05
8390   6  11  2s2p2(4PE)6g   2s2p2(4PE)8f   -1.24E-01 -1.46E+05 7.515E+04
8391   6  12  2s2p2(4PE)6g   2s2p2(4PE)9p  -1.44E-05 -2.05E+01 6.849E+04
8392   6  13  2s2p2(4PE)6g   2s2p2(4PE)9f   -4.29E-02 -8.19E+04 5.910E+04
8393   6  14  2s2p2(4PE)6g   2s2p2(4PE)10p  -7.47E-06 -1.59E+01 5.606E+04
8394   6  15  2s2p2(4PE)6g   2s2p2(4PE)10f   -2.02E-02 -5.13E+04 5.127E+04
8395   7   1  2s2p2(4PE)7d   2s2p2(4PE)3p   2.17E-03  5.66E+05 5.057E+03
8396   7   2  2s2p2(4PE)7d   2s2p2(4PE)4p   7.10E-02  2.96E+06 1.266E+04
8397   7   3  2s2p2(4PE)7d   2s2p2(4PE)4f    1.73E-04  2.43E+03 2.181E+04
8398   7   4  2s2p2(4PE)7d   2s2p2(4PE)5p   3.89E-01  3.45E+06 2.742E+04
8399   7   5  2s2p2(4PE)7d   2s2p2(4PE)5f    1.94E-03  5.72E+03 4.757E+04
8400   7   6  2s2p2(4PE)7d   2s2p2(4PE)6p   2.25E+00  3.84E+06 6.251E+04
8401   7   7  2s2p2(4PE)7d   2s2p2(4PE)6f    2.01E-02  7.60E+03 1.328E+05
8402   7   8  2s2p2(4PE)7d   2s2p2(4PE)7p   4.41E+01  6.08E+06 2.200E+05
8403   7   9  2s2p2(4PE)7d   2s2p2(4PE)7f   -5.52E-02 -1.34E+02 1.660E+06
8404   7  10  2s2p2(4PE)7d   2s2p2(4PE)8p  -3.05E+01 -1.28E+06 3.981E+05
8405   7  11  2s2p2(4PE)7d   2s2p2(4PE)8f   -4.48E-02 -1.03E+04 1.702E+05
8406   7  12  2s2p2(4PE)7d   2s2p2(4PE)9p  -1.19E+00 -4.08E+05 1.395E+05
8407   7  13  2s2p2(4PE)7d   2s2p2(4PE)9f   -1.40E-02 -8.41E+03 1.054E+05
8408   7  14  2s2p2(4PE)7d   2s2p2(4PE)10p  -3.40E-01 -2.46E+05 9.610E+04
8409   7  15  2s2p2(4PE)7d   2s2p2(4PE)10f   -6.59E-03 -6.41E+03 8.283E+04
8410   8   1  2s2p2(4PE)7g   2s2p2(4PE)3p   7.09E-05  1.86E+04 5.040E+03
8411   8   2  2s2p2(4PE)7g   2s2p2(4PE)4p   2.20E-07  9.32E+00 1.255E+04
8412   8   3  2s2p2(4PE)7g   2s2p2(4PE)4f    1.51E+00  2.18E+07 2.150E+04
8413   8   4  2s2p2(4PE)7g   2s2p2(4PE)5p   2.11E-05  1.94E+02 2.693E+04
8414   8   5  2s2p2(4PE)7g   2s2p2(4PE)5f    5.74E+00  1.80E+07 4.612E+04
8415   8   6  2s2p2(4PE)7g   2s2p2(4PE)6p   3.37E-05  6.24E+01 6.003E+04
8416   8   7  2s2p2(4PE)7g   2s2p2(4PE)6f    2.69E+01  1.20E+07 1.221E+05
8417   8   8  2s2p2(4PE)7g   2s2p2(4PE)7p   4.57E-03  8.27E+02 1.920E+05
8418   8   9  2s2p2(4PE)7g   2s2p2(4PE)7f    9.47E-01  2.22E+01 1.688E+07
8419   8  10  2s2p2(4PE)7g   2s2p2(4PE)8p  -2.01E-03 -4.59E+01 5.405E+05
8420   8  11  2s2p2(4PE)7g   2s2p2(4PE)8f   -1.29E+00 -2.34E+05 1.918E+05
8421   8  12  2s2p2(4PE)7g   2s2p2(4PE)9p  -5.45E-05 -1.54E+01 1.537E+05
8422   8  13  2s2p2(4PE)7g   2s2p2(4PE)9f   -2.35E-01 -1.22E+05 1.133E+05
8423   8  14  2s2p2(4PE)7g   2s2p2(4PE)10p  -1.76E-05 -1.11E+01 1.026E+05
8424   8  15  2s2p2(4PE)7g   2s2p2(4PE)10f   -8.36E-02 -7.26E+04 8.763E+04
8425   9   1  2s2p2(4PE)8d   2s2p2(4PE)3p   5.54E-04  1.53E+05 4.921E+03
8426   9   2  2s2p2(4PE)8d   2s2p2(4PE)4p   3.05E-02  1.45E+06 1.184E+04
8427   9   3  2s2p2(4PE)8d   2s2p2(4PE)4f    8.78E-05  1.54E+03 1.948E+04
8428   9   4  2s2p2(4PE)8d   2s2p2(4PE)5p   1.44E-01  1.69E+06 2.385E+04
8429   9   5  2s2p2(4PE)8d   2s2p2(4PE)5f    7.06E-04  3.30E+03 3.775E+04
8430   9   6  2s2p2(4PE)8d   2s2p2(4PE)6p   5.53E-01  1.70E+06 4.659E+04
8431   9   7  2s2p2(4PE)8d   2s2p2(4PE)6f    3.61E-03  4.07E+03 7.694E+04
8432   9   8  2s2p2(4PE)8d   2s2p2(4PE)7p   2.74E+00  1.83E+06 9.985E+04
8433   9   9  2s2p2(4PE)8d   2s2p2(4PE)7f    2.89E-02  4.57E+03 2.055E+05
8434   9  10  2s2p2(4PE)8d   2s2p2(4PE)8p   4.97E+01  2.90E+06 3.381E+05
8435   9  11  2s2p2(4PE)8d   2s2p2(4PE)8f   -6.74E-02 -7.41E+01 2.463E+06
8436   9  12  2s2p2(4PE)8d   2s2p2(4PE)9p  -3.65E+01 -7.04E+05 5.879E+05
8437   9  13  2s2p2(4PE)8d   2s2p2(4PE)9f   -4.45E-02 -4.80E+03 2.488E+05
8438   9  14  2s2p2(4PE)8d   2s2p2(4PE)10p  -1.39E+00 -2.26E+05 2.026E+05
8439   9  15  2s2p2(4PE)8d   2s2p2(4PE)10f   -1.40E-02 -4.07E+03 1.514E+05
8440  10   1  2s2p2(4PE)8g   2s2p2(4PE)3p   5.33E-05  1.47E+04 4.910E+03
8441  10   2  2s2p2(4PE)8g   2s2p2(4PE)4p   1.02E-06  4.91E+01 1.177E+04
8442  10   3  2s2p2(4PE)8g   2s2p2(4PE)4f    6.91E-01  1.24E+07 1.931E+04
8443  10   4  2s2p2(4PE)8g   2s2p2(4PE)5p   2.00E-05  2.40E+02 2.360E+04
8444  10   5  2s2p2(4PE)8g   2s2p2(4PE)5f    2.15E+00  1.04E+07 3.713E+04
8445  10   6  2s2p2(4PE)8g   2s2p2(4PE)6p   3.12E-08  9.99E-02 4.564E+04
8446  10   7  2s2p2(4PE)8g   2s2p2(4PE)6f    6.10E+00  7.35E+06 7.439E+04
8447  10   8  2s2p2(4PE)8g   2s2p2(4PE)7p   1.72E-04  1.26E+02 9.560E+04
8448  10   9  2s2p2(4PE)8g   2s2p2(4PE)7f    2.59E+01  4.87E+06 1.882E+05
8449  10  10  2s2p2(4PE)8g   2s2p2(4PE)8p   6.24E-03  4.82E+02 2.939E+05
8450  10  11  2s2p2(4PE)8g   2s2p2(4PE)8f    1.19E+00  1.24E+01 2.531E+07
8451  10  12  2s2p2(4PE)8g   2s2p2(4PE)9p  -2.87E-03 -3.02E+01 7.966E+05
8452  10  13  2s2p2(4PE)8g   2s2p2(4PE)9f   -1.95E+00 -1.66E+05 2.798E+05
8453  10  14  2s2p2(4PE)8g   2s2p2(4PE)10p  -6.90E-05 -9.28E+00 2.227E+05
8454  10  15  2s2p2(4PE)8g   2s2p2(4PE)10f   -3.69E-01 -9.33E+04 1.624E+05
8455  11   1  2s2p2(4PE)9d   2s2p2(4PE)3p   1.44E-04  4.11E+04 4.832E+03
8456  11   2  2s2p2(4PE)9d   2s2p2(4PE)4p   1.56E-02  8.10E+05 1.134E+04
8457  11   3  2s2p2(4PE)9d   2s2p2(4PE)4f    5.32E-05  1.08E+03 1.816E+04
8458  11   4  2s2p2(4PE)9d   2s2p2(4PE)5p   6.83E-02  9.50E+05 2.190E+04
8459  11   5  2s2p2(4PE)9d   2s2p2(4PE)5f    3.52E-04  2.14E+03 3.309E+04
8460  11   6  2s2p2(4PE)9d   2s2p2(4PE)6p   2.17E-01  9.19E+05 3.968E+04
8461  11   7  2s2p2(4PE)9d   2s2p2(4PE)6f    1.35E-03  2.52E+03 5.977E+04
8462  11   8  2s2p2(4PE)9d   2s2p2(4PE)7p   7.11E-01  8.96E+05 7.274E+04
8463  11   9  2s2p2(4PE)9d   2s2p2(4PE)7f    5.37E-03  2.65E+03 1.163E+05
8464  11  10  2s2p2(4PE)9d   2s2p2(4PE)8p   3.22E+00  9.61E+05 1.495E+05
8465  11  11  2s2p2(4PE)9d   2s2p2(4PE)8f    3.80E-02  2.81E+03 3.006E+05
8466  11  12  2s2p2(4PE)9d   2s2p2(4PE)9p   5.52E+01  1.52E+06 4.921E+05
8467  11  13  2s2p2(4PE)9d   2s2p2(4PE)9f   -7.92E-02 -4.33E+01 3.491E+06
8468  11  14  2s2p2(4PE)9d   2s2p2(4PE)10p  -4.24E+01 -4.10E+05 8.307E+05
8469  11  15  2s2p2(4PE)9d   2s2p2(4PE)10f   -4.49E-02 -2.47E+03 3.484E+05
8470  12   1  2s2p2(4PE)9g   2s2p2(4PE)3p   4.00E-05  1.15E+04 4.825E+03
8471  12   2  2s2p2(4PE)9g   2s2p2(4PE)4p   1.34E-06  7.01E+01 1.130E+04
8472  12   3  2s2p2(4PE)9g   2s2p2(4PE)4f    3.81E-01  7.79E+06 1.806E+04
8473  12   4  2s2p2(4PE)9g   2s2p2(4PE)5p   1.60E-05  2.26E+02 2.175E+04
8474  12   5  2s2p2(4PE)9g   2s2p2(4PE)5f    1.06E+00  6.59E+06 3.275E+04
8475  12   6  2s2p2(4PE)9g   2s2p2(4PE)6p   2.56E-06  1.11E+01 3.920E+04
8476  12   7  2s2p2(4PE)9g   2s2p2(4PE)6f    2.45E+00  4.75E+06 5.867E+04
8477  12   8  2s2p2(4PE)9g   2s2p2(4PE)7p   1.92E-05  2.53E+01 7.111E+04
8478  12   9  2s2p2(4PE)9g   2s2p2(4PE)7f    6.27E+00  3.32E+06 1.122E+05
8479  12  10  2s2p2(4PE)9g   2s2p2(4PE)8p   3.49E-04  1.14E+02 1.428E+05
8480  12  11  2s2p2(4PE)9g   2s2p2(4PE)8f    2.55E+01  2.25E+06 2.747E+05
8481  12  12  2s2p2(4PE)9g   2s2p2(4PE)9p   7.72E-03  2.83E+02 4.262E+05
8482  12  13  2s2p2(4PE)9g   2s2p2(4PE)9f    1.41E+00  7.08E+00 3.645E+07
8483  12  14  2s2p2(4PE)9g   2s2p2(4PE)10p  -3.83E-03 -2.02E+01 1.124E+06
8484  12  15  2s2p2(4PE)9g   2s2p2(4PE)10f   -2.68E+00 -1.17E+05 3.911E+05
8485  13   1  2s2p2(4PE)10d   2s2p2(4PE)3p   3.35E-05  9.82E+03 4.771E+03
8486  13   2  2s2p2(4PE)10d   2s2p2(4PE)4p   9.03E-03  4.97E+05 1.100E+04
8487  13   3  2s2p2(4PE)10d   2s2p2(4PE)4f    3.55E-05  7.89E+02 1.732E+04
8488  13   4  2s2p2(4PE)10d   2s2p2(4PE)5p   3.79E-02  5.90E+05 2.069E+04
8489  13   5  2s2p2(4PE)10d   2s2p2(4PE)5f    2.07E-04  1.49E+03 3.041E+04
8490  13   6  2s2p2(4PE)10d   2s2p2(4PE)6p   1.08E-01  5.59E+05 3.590E+04
8491  13   7  2s2p2(4PE)10d   2s2p2(4PE)6f    6.80E-04  1.71E+03 5.157E+04
8492  13   8  2s2p2(4PE)10d   2s2p2(4PE)7p   2.90E-01  5.21E+05 6.094E+04
8493  13   9  2s2p2(4PE)10d   2s2p2(4PE)7f    2.04E-03  1.73E+03 8.881E+04
8494  13  10  2s2p2(4PE)10d   2s2p2(4PE)8p   8.62E-01  5.03E+05 1.069E+05
8495  13  11  2s2p2(4PE)10d   2s2p2(4PE)8f    7.18E-03  1.72E+03 1.670E+05
8496  13  12  2s2p2(4PE)10d   2s2p2(4PE)9p   3.69E+00  5.42E+05 2.131E+05
8497  13  13  2s2p2(4PE)10d   2s2p2(4PE)9f    4.72E-02  1.77E+03 4.213E+05
8498  13  14  2s2p2(4PE)10d   2s2p2(4PE)10p   6.06E+01  8.57E+05 6.867E+05
8499  13  15  2s2p2(4PE)10d   2s2p2(4PE)10f   -9.08E-02 -2.69E+01 4.746E+06
8500  14   1  2s2p2(4PE)10g   2s2p2(4PE)3p   3.04E-05  8.93E+03 4.766E+03
8501  14   2  2s2p2(4PE)10g   2s2p2(4PE)4p   1.34E-06  7.42E+01 1.098E+04
8502  14   3  2s2p2(4PE)10g   2s2p2(4PE)4f    2.35E-01  5.26E+06 1.726E+04
8503  14   4  2s2p2(4PE)10g   2s2p2(4PE)5p   1.24E-05  1.95E+02 2.059E+04
8504  14   5  2s2p2(4PE)10g   2s2p2(4PE)5f    6.13E-01  4.48E+06 3.020E+04
8505  14   6  2s2p2(4PE)10g   2s2p2(4PE)6p   3.79E-06  1.99E+01 3.560E+04
8506  14   7  2s2p2(4PE)10g   2s2p2(4PE)6f    1.26E+00  3.24E+06 5.097E+04
8507  14   8  2s2p2(4PE)10g   2s2p2(4PE)7p   2.57E-06  4.75E+00 6.010E+04
8508  14   9  2s2p2(4PE)10g   2s2p2(4PE)7f    2.62E+00  2.31E+06 8.703E+04
8509  14  10  2s2p2(4PE)10g   2s2p2(4PE)8p   6.46E-05  3.96E+01 1.044E+05
8510  14  11  2s2p2(4PE)10g   2s2p2(4PE)8f    6.40E+00  1.65E+06 1.608E+05
8511  14  12  2s2p2(4PE)10g   2s2p2(4PE)9p   5.31E-04  8.58E+01 2.031E+05
8512  14  13  2s2p2(4PE)10g   2s2p2(4PE)9f    2.55E+01  1.15E+06 3.840E+05
8513  14  14  2s2p2(4PE)10g   2s2p2(4PE)10p   9.06E-03  1.72E+02 5.929E+05
8514  14  15  2s2p2(4PE)10g   2s2p2(4PE)10f    1.63E+00  4.24E+00 5.063E+07
8515   1   1  2s2p2(4PE)4f   2s2p2(4PE)3d    2.42E+00  5.85E+07 1.661E+04
8516   1   2  2s2p2(4PE)4f   2s2p2(4PE)4d    5.04E-01  4.39E+04 2.766E+05
8517   1   3  2s2p2(4PE)4f   2s2p2(4PE)5d   -1.08E-01 -3.67E+05 4.432E+04
8518   1   4  2s2p2(4PE)4f   2s2p2(4PE)5g   -2.98E+00 -1.18E+07 4.113E+04
8519   1   5  2s2p2(4PE)4f   2s2p2(4PE)6d   -1.80E-02 -1.62E+05 2.725E+04
8520   1   6  2s2p2(4PE)4f   2s2p2(4PE)6g   -3.85E-01 -3.66E+06 2.650E+04
8521   1   7  2s2p2(4PE)4f   2s2p2(4PE)7d   -6.36E-03 -8.65E+04 2.214E+04
8522   1   8  2s2p2(4PE)4f   2s2p2(4PE)7g   -1.20E-01 -1.68E+06 2.182E+04
8523   1   9  2s2p2(4PE)4f   2s2p2(4PE)8d   -3.06E-03 -5.23E+04 1.975E+04
8524   1  10  2s2p2(4PE)4f   2s2p2(4PE)8g   -5.38E-02 -9.36E+05 1.958E+04
8525   1  11  2s2p2(4PE)4f   2s2p2(4PE)9d   -1.74E-03 -3.43E+04 1.840E+04
8526   1  12  2s2p2(4PE)4f   2s2p2(4PE)9g   -2.92E-02 -5.82E+05 1.829E+04
8527   1  13  2s2p2(4PE)4f   2s2p2(4PE)10d   -1.10E-03 -2.39E+04 1.754E+04
8528   1  14  2s2p2(4PE)4f   2s2p2(4PE)10g   -1.79E-02 -3.91E+05 1.747E+04
8529   2   1  2s2p2(4PE)5f   2s2p2(4PE)3d    4.83E-01  2.31E+07 1.180E+04
8530   2   2  2s2p2(4PE)5f   2s2p2(4PE)4d    1.72E+00  9.09E+06 3.552E+04
8531   2   3  2s2p2(4PE)5f   2s2p2(4PE)5d    9.51E-01  2.47E+04 5.068E+05
8532   2   4  2s2p2(4PE)5f   2s2p2(4PE)5g    4.06E-02  1.29E+01 4.580E+06
8533   2   5  2s2p2(4PE)5f   2s2p2(4PE)6d   -2.74E-01 -2.70E+05 8.225E+04
8534   2   6  2s2p2(4PE)5f   2s2p2(4PE)6g   -2.67E+00 -3.10E+06 7.578E+04
8535   2   7  2s2p2(4PE)5f   2s2p2(4PE)7d   -4.64E-02 -1.32E+05 4.848E+04
8536   2   8  2s2p2(4PE)5f   2s2p2(4PE)7g   -4.94E-01 -1.49E+06 4.697E+04
8537   2   9  2s2p2(4PE)5f   2s2p2(4PE)8d   -1.67E-02 -7.59E+04 3.832E+04
8538   2  10  2s2p2(4PE)5f   2s2p2(4PE)8g   -1.79E-01 -8.41E+05 3.768E+04
8539   2  11  2s2p2(4PE)5f   2s2p2(4PE)9d   -8.16E-03 -4.84E+04 3.352E+04
8540   2  12  2s2p2(4PE)5f   2s2p2(4PE)9g   -8.69E-02 -5.27E+05 3.318E+04
8541   2  13  2s2p2(4PE)5f   2s2p2(4PE)10d   -4.69E-03 -3.30E+04 3.078E+04
8542   2  14  2s2p2(4PE)5f   2s2p2(4PE)10g   -4.96E-02 -3.54E+05 3.056E+04
8543   3   1  2s2p2(4PE)6f   2s2p2(4PE)3d    1.85E-01  1.19E+07 1.020E+04
8544   3   2  2s2p2(4PE)6f   2s2p2(4PE)4d    4.70E-01  5.39E+06 2.411E+04
8545   3   3  2s2p2(4PE)6f   2s2p2(4PE)5d    1.41E+00  2.20E+06 6.534E+04
8546   3   4  2s2p2(4PE)6f   2s2p2(4PE)5g    1.78E-02  2.18E+04 7.380E+04
8547   3   5  2s2p2(4PE)6f   2s2p2(4PE)6d    1.35E+00  1.24E+04 8.525E+05
8548   3   6  2s2p2(4PE)6f   2s2p2(4PE)6g    8.13E-02  1.00E+01 7.349E+06
8549   3   7  2s2p2(4PE)6f   2s2p2(4PE)7d   -4.67E-01 -1.66E+05 1.371E+05
8550   3   8  2s2p2(4PE)6f   2s2p2(4PE)7g   -2.53E+00 -1.07E+06 1.257E+05
8551   3   9  2s2p2(4PE)6f   2s2p2(4PE)8d   -8.07E-02 -8.77E+04 7.834E+04
8552   3  10  2s2p2(4PE)6f   2s2p2(4PE)8g   -5.38E-01 -6.26E+05 7.570E+04
8553   3  11  2s2p2(4PE)6f   2s2p2(4PE)9d   -2.95E-02 -5.36E+04 6.062E+04
8554   3  12  2s2p2(4PE)6f   2s2p2(4PE)9g   -2.10E-01 -3.96E+05 5.948E+04
8555   3  13  2s2p2(4PE)6f   2s2p2(4PE)10d   -1.45E-02 -3.55E+04 5.220E+04
8556   3  14  2s2p2(4PE)6f   2s2p2(4PE)10g   -1.07E-01 -2.68E+05 5.158E+04
8557   4   1  2s2p2(4PE)7f   2s2p2(4PE)3d    9.31E-02  6.99E+06 9.423E+03
8558   4   2  2s2p2(4PE)7f   2s2p2(4PE)4d    2.03E-01  3.32E+06 2.019E+04
8559   4   3  2s2p2(4PE)7f   2s2p2(4PE)5d    4.33E-01  1.57E+06 4.283E+04
8560   4   4  2s2p2(4PE)7f   2s2p2(4PE)5g    2.91E-03  9.05E+03 4.631E+04
8561   4   5  2s2p2(4PE)7f   2s2p2(4PE)6d    1.26E+00  7.14E+05 1.085E+05
8562   4   6  2s2p2(4PE)7f   2s2p2(4PE)6g    4.55E-02  2.03E+04 1.222E+05
8563   4   7  2s2p2(4PE)7f   2s2p2(4PE)7d    1.73E+00  6.48E+03 1.334E+06
8564   4   8  2s2p2(4PE)7f   2s2p2(4PE)7g    1.18E-01  6.06E+00 1.139E+07
8565   4   9  2s2p2(4PE)7f   2s2p2(4PE)8d   -6.76E-01 -1.00E+05 2.119E+05
8566   4  10  2s2p2(4PE)7f   2s2p2(4PE)8g   -2.48E+00 -4.41E+05 1.936E+05
8567   4  11  2s2p2(4PE)7f   2s2p2(4PE)9d   -1.19E-01 -5.67E+04 1.183E+05
8568   4  12  2s2p2(4PE)7f   2s2p2(4PE)9g   -5.63E-01 -2.89E+05 1.141E+05
8569   4  13  2s2p2(4PE)7f   2s2p2(4PE)10d   -4.37E-02 -3.60E+04 8.999E+04
8570   4  14  2s2p2(4PE)7f   2s2p2(4PE)10g   -2.29E-01 -1.97E+05 8.816E+04
8571   5   1  2s2p2(4PE)8f   2s2p2(4PE)3d    5.44E-02  4.50E+06 8.981E+03
8572   5   2  2s2p2(4PE)8f   2s2p2(4PE)4d    1.09E-01  2.18E+06 1.826E+04
8573   5   3  2s2p2(4PE)8f   2s2p2(4PE)5d    1.99E-01  1.08E+06 3.500E+04
8574   5   4  2s2p2(4PE)8f   2s2p2(4PE)5g    9.78E-04  4.69E+03 3.729E+04
8575   5   5  2s2p2(4PE)8f   2s2p2(4PE)6d    4.07E-01  5.66E+05 6.924E+04
8576   5   6  2s2p2(4PE)8f   2s2p2(4PE)6g    7.98E-03  9.57E+03 7.459E+04
8577   5   7  2s2p2(4PE)8f   2s2p2(4PE)7d    1.17E+00  2.79E+05 1.674E+05
8578   5   8  2s2p2(4PE)8f   2s2p2(4PE)7g    8.21E-02  1.55E+04 1.882E+05
8579   5   9  2s2p2(4PE)8f   2s2p2(4PE)8d    2.08E+00  3.55E+03 1.977E+06
8580   5  10  2s2p2(4PE)8f   2s2p2(4PE)8g    1.52E-01  3.69E+00 1.656E+07
8581   5  11  2s2p2(4PE)8f   2s2p2(4PE)9d   -8.95E-01 -6.22E+04 3.099E+05
8582   5  12  2s2p2(4PE)8f   2s2p2(4PE)9g   -2.46E+00 -2.06E+05 2.824E+05
8583   5  13  2s2p2(4PE)8f   2s2p2(4PE)10d   -1.59E-01 -3.68E+04 1.699E+05
8584   5  14  2s2p2(4PE)8f   2s2p2(4PE)10g   -5.81E-01 -1.45E+05 1.635E+05
8585   6   1  2s2p2(4PE)9f   2s2p2(4PE)3d    3.49E-02  3.08E+06 8.701E+03
8586   6   2  2s2p2(4PE)9f   2s2p2(4PE)4d    6.65E-02  1.51E+06 1.714E+04
8587   6   3  2s2p2(4PE)9f   2s2p2(4PE)5d    1.11E-01  7.66E+05 3.110E+04
8588   6   4  2s2p2(4PE)9f   2s2p2(4PE)5g    4.53E-04  2.79E+03 3.289E+04
8589   6   5  2s2p2(4PE)9f   2s2p2(4PE)6d    1.93E-01  4.18E+05 5.547E+04
8590   6   6  2s2p2(4PE)9f   2s2p2(4PE)6g    2.77E-03  5.33E+03 5.886E+04
8591   6   7  2s2p2(4PE)9f   2s2p2(4PE)7d    3.89E-01  2.37E+05 1.046E+05
8592   6   8  2s2p2(4PE)9f   2s2p2(4PE)7g    1.52E-02  8.03E+03 1.124E+05
8593   6   9  2s2p2(4PE)9f   2s2p2(4PE)8d    1.13E+00  1.26E+05 2.445E+05
8594   6  10  2s2p2(4PE)9f   2s2p2(4PE)8g    1.26E-01  1.12E+04 2.744E+05
8595   6  11  2s2p2(4PE)9f   2s2p2(4PE)9d    2.42E+00  2.05E+03 2.804E+06
8596   6  12  2s2p2(4PE)9f   2s2p2(4PE)9g    1.84E-01  2.25E+00 2.338E+07
8597   6  13  2s2p2(4PE)9f   2s2p2(4PE)10d   -1.12E+00 -3.96E+04 4.342E+05
8598   6  14  2s2p2(4PE)9f   2s2p2(4PE)10g   -2.48E+00 -1.06E+05 3.947E+05
8599   1   1  2s2p2(4PE)4f   2s2p2(4PE)3d    2.88E+01  6.84E+08 1.675E+04
8600   1   2  2s2p2(4PE)4f   2s2p2(4PE)4d    4.80E+00  3.06E+05 3.235E+05
8601   1   3  2s2p2(4PE)4f   2s2p2(4PE)5d   -1.09E+00 -3.87E+06 4.332E+04
8602   1   4  2s2p2(4PE)4f   2s2p2(4PE)5g   -5.00E-02 -2.06E+05 4.026E+04
8603   1   5  2s2p2(4PE)4f   2s2p2(4PE)6d   -1.80E-01 -1.66E+06 2.687E+04
8604   1   6  2s2p2(4PE)4f   2s2p2(4PE)6g   -7.32E-03 -7.14E+04 2.614E+04
8605   1   7  2s2p2(4PE)4f   2s2p2(4PE)7d   -6.38E-02 -8.88E+05 2.189E+04
8606   1   8  2s2p2(4PE)4f   2s2p2(4PE)7g   -2.43E-03 -3.48E+04 2.158E+04
8607   1   9  2s2p2(4PE)4f   2s2p2(4PE)8d   -3.07E-02 -5.36E+05 1.955E+04
8608   1  10  2s2p2(4PE)4f   2s2p2(4PE)8g   -1.13E-03 -2.01E+04 1.938E+04
8609   1  11  2s2p2(4PE)4f   2s2p2(4PE)9d   -1.75E-02 -3.52E+05 1.822E+04
8610   1  12  2s2p2(4PE)4f   2s2p2(4PE)9g   -6.24E-04 -1.27E+04 1.812E+04
8611   1  13  2s2p2(4PE)4f   2s2p2(4PE)10d   -1.11E-02 -2.45E+05 1.738E+04
8612   1  14  2s2p2(4PE)4f   2s2p2(4PE)10g   -3.87E-04 -8.62E+03 1.731E+04
8613   2   1  2s2p2(4PE)5f   2s2p2(4PE)3d    5.46E+00  2.60E+08 1.184E+04
8614   2   2  2s2p2(4PE)5f   2s2p2(4PE)4d    2.13E+01  1.10E+08 3.590E+04
8615   2   3  2s2p2(4PE)5f   2s2p2(4PE)5d    9.16E+00  1.72E+05 5.968E+05
8616   2   4  2s2p2(4PE)5f   2s2p2(4PE)5g   -1.85E-04 -7.70E-03 1.266E+07
8617   2   5  2s2p2(4PE)5f   2s2p2(4PE)6d   -2.72E+00 -2.81E+06 8.028E+04
8618   2   6  2s2p2(4PE)5f   2s2p2(4PE)6g   -4.21E-02 -5.11E+04 7.411E+04
8619   2   7  2s2p2(4PE)5f   2s2p2(4PE)7d   -4.68E-01 -1.37E+06 4.779E+04
8620   2   8  2s2p2(4PE)5f   2s2p2(4PE)7g   -8.47E-03 -2.63E+04 4.633E+04
8621   2   9  2s2p2(4PE)5f   2s2p2(4PE)8d   -1.69E-01 -7.85E+05 3.789E+04
8622   2  10  2s2p2(4PE)5f   2s2p2(4PE)8g   -3.20E-03 -1.54E+04 3.726E+04
8623   2  11  2s2p2(4PE)5f   2s2p2(4PE)9d   -8.28E-02 -5.01E+05 3.319E+04
8624   2  12  2s2p2(4PE)5f   2s2p2(4PE)9g   -1.59E-03 -9.83E+03 3.285E+04
8625   2  13  2s2p2(4PE)5f   2s2p2(4PE)10d   -4.77E-02 -3.42E+05 3.050E+04
8626   2  14  2s2p2(4PE)5f   2s2p2(4PE)10g   -9.21E-04 -6.70E+03 3.029E+04
8627   3   1  2s2p2(4PE)6f   2s2p2(4PE)3d    1.97E+00  1.26E+08 1.021E+04
8628   3   2  2s2p2(4PE)6f   2s2p2(4PE)4d    5.37E+00  6.11E+07 2.421E+04
8629   3   3  2s2p2(4PE)6f   2s2p2(4PE)5d    1.73E+01  2.64E+07 6.611E+04
8630   3   4  2s2p2(4PE)6f   2s2p2(4PE)5g    2.24E+00  2.67E+06 7.479E+04
8631   3   5  2s2p2(4PE)6f   2s2p2(4PE)6d    1.27E+01  8.37E+04 1.006E+06
8632   3   6  2s2p2(4PE)6f   2s2p2(4PE)6g   -1.27E-02 -1.55E-01 2.336E+07
8633   3   7  2s2p2(4PE)6f   2s2p2(4PE)7d   -4.46E+00 -1.66E+06 1.338E+05
8634   3   8  2s2p2(4PE)6f   2s2p2(4PE)7g   -8.56E-02 -3.78E+04 1.229E+05
8635   3   9  2s2p2(4PE)6f   2s2p2(4PE)8d   -7.89E-01 -8.82E+05 7.726E+04
8636   3  10  2s2p2(4PE)6f   2s2p2(4PE)8g   -1.69E-02 -2.02E+04 7.469E+04
8637   3  11  2s2p2(4PE)6f   2s2p2(4PE)9d   -2.89E-01 -5.36E+05 5.997E+04
8638   3  12  2s2p2(4PE)6f   2s2p2(4PE)9g   -6.32E-03 -1.22E+04 5.886E+04
8639   3  13  2s2p2(4PE)6f   2s2p2(4PE)10d   -1.43E-01 -3.57E+05 5.172E+04
8640   3  14  2s2p2(4PE)6f   2s2p2(4PE)10g   -3.13E-03 -7.99E+03 5.111E+04
8641   4   1  2s2p2(4PE)6h   2s2p2(4PE)3d    7.40E-02  4.74E+06 1.021E+04
8642   4   2  2s2p2(4PE)6h   2s2p2(4PE)4d    2.04E-01  2.33E+06 2.417E+04
8643   4   3  2s2p2(4PE)6h   2s2p2(4PE)5d    6.33E-01  9.75E+05 6.582E+04
8644   4   4  2s2p2(4PE)6h   2s2p2(4PE)5g    5.63E+01  6.78E+07 7.442E+04
8645   4   5  2s2p2(4PE)6h   2s2p2(4PE)6d    5.26E-01  3.95E+03 9.424E+05
8646   4   6  2s2p2(4PE)6h   2s2p2(4PE)6g    1.18E-01  4.58E-01 4.143E+07
8647   4   7  2s2p2(4PE)6h   2s2p2(4PE)7d   -1.86E-01 -6.81E+04 1.350E+05
8648   4   8  2s2p2(4PE)6h   2s2p2(4PE)7g   -2.30E-01 -9.99E+04 1.239E+05
8649   4   9  2s2p2(4PE)6h   2s2p2(4PE)8d   -3.26E-02 -3.60E+04 7.766E+04
8650   4  10  2s2p2(4PE)6h   2s2p2(4PE)8g   -3.18E-02 -3.76E+04 7.507E+04
8651   4  11  2s2p2(4PE)6h   2s2p2(4PE)9d   -1.20E-02 -2.21E+04 6.021E+04
8652   4  12  2s2p2(4PE)6h   2s2p2(4PE)9g   -9.57E-03 -1.83E+04 5.909E+04
8653   4  13  2s2p2(4PE)6h   2s2p2(4PE)10d   -5.89E-03 -1.46E+04 5.190E+04
8654   4  14  2s2p2(4PE)6h   2s2p2(4PE)10g   -4.10E-03 -1.04E+04 5.128E+04
8655   5   1  2s2p2(4PE)7f   2s2p2(4PE)3d    9.55E-01  7.16E+07 9.433E+03
8656   5   2  2s2p2(4PE)7f   2s2p2(4PE)4d    2.23E+00  3.63E+07 2.024E+04
8657   5   3  2s2p2(4PE)7f   2s2p2(4PE)5d    4.97E+00  1.79E+07 4.304E+04
8658   5   4  2s2p2(4PE)7f   2s2p2(4PE)5g    4.21E-01  1.30E+06 4.655E+04
8659   5   5  2s2p2(4PE)7f   2s2p2(4PE)6d    1.53E+01  8.46E+06 1.098E+05
8660   5   6  2s2p2(4PE)7f   2s2p2(4PE)6g    3.29E+00  1.43E+06 1.240E+05
8661   5   7  2s2p2(4PE)7f   2s2p2(4PE)7d    1.59E+01  4.28E+04 1.574E+06
8662   5   8  2s2p2(4PE)7f   2s2p2(4PE)7g   -3.35E-02 -1.55E-01 3.799E+07
8663   5   9  2s2p2(4PE)7f   2s2p2(4PE)8d   -6.33E+00 -9.86E+05 2.069E+05
8664   5  10  2s2p2(4PE)7f   2s2p2(4PE)8g   -1.56E-01 -2.90E+04 1.894E+05
8665   5  11  2s2p2(4PE)7f   2s2p2(4PE)9d   -1.14E+00 -5.58E+05 1.167E+05
8666   5  12  2s2p2(4PE)7f   2s2p2(4PE)9g   -3.07E-02 -1.61E+04 1.126E+05
8667   5  13  2s2p2(4PE)7f   2s2p2(4PE)10d   -4.22E-01 -3.55E+05 8.907E+04
8668   5  14  2s2p2(4PE)7f   2s2p2(4PE)10g   -1.15E-02 -1.01E+04 8.728E+04
8669   6   1  2s2p2(4PE)7h   2s2p2(4PE)3d    5.88E-02  4.41E+06 9.429E+03
8670   6   2  2s2p2(4PE)7h   2s2p2(4PE)4d    1.39E-01  2.27E+06 2.022E+04
8671   6   3  2s2p2(4PE)7h   2s2p2(4PE)5d    3.05E-01  1.10E+06 4.296E+04
8672   6   4  2s2p2(4PE)7h   2s2p2(4PE)5g    6.67E+00  2.06E+07 4.646E+04
8673   6   5  2s2p2(4PE)7h   2s2p2(4PE)6d    9.52E-01  5.31E+05 1.093E+05
8674   6   6  2s2p2(4PE)7h   2s2p2(4PE)6g    4.87E+01  2.14E+07 1.233E+05
8675   6   7  2s2p2(4PE)7h   2s2p2(4PE)7d    1.08E+00  3.33E+03 1.470E+06
8676   6   8  2s2p2(4PE)7h   2s2p2(4PE)7g    2.62E-01  6.07E-01 5.365E+07
8677   6   9  2s2p2(4PE)7h   2s2p2(4PE)8d   -4.34E-01 -6.64E+04 2.088E+05
8678   6  10  2s2p2(4PE)7h   2s2p2(4PE)8g   -6.38E-01 -1.17E+05 1.910E+05
8679   6  11  2s2p2(4PE)7h   2s2p2(4PE)9d   -7.73E-02 -3.74E+04 1.173E+05
8680   6  12  2s2p2(4PE)7h   2s2p2(4PE)9g   -9.88E-02 -5.14E+04 1.132E+05
8681   6  13  2s2p2(4PE)7h   2s2p2(4PE)10d   -2.86E-02 -2.39E+04 8.943E+04
8682   6  14  2s2p2(4PE)7h   2s2p2(4PE)10g   -3.16E-02 -2.75E+04 8.763E+04
8683   7   1  2s2p2(4PE)8f   2s2p2(4PE)3d    5.46E-01  4.51E+07 8.987E+03
8684   7   2  2s2p2(4PE)8f   2s2p2(4PE)4d    1.17E+00  2.33E+07 1.829E+04
8685   7   3  2s2p2(4PE)8f   2s2p2(4PE)5d    2.21E+00  1.20E+07 3.509E+04
8686   7   4  2s2p2(4PE)8f   2s2p2(4PE)5g    1.51E-01  7.20E+05 3.739E+04
8687   7   5  2s2p2(4PE)8f   2s2p2(4PE)6d    4.67E+00  6.43E+06 6.961E+04
8688   7   6  2s2p2(4PE)8f   2s2p2(4PE)6g    7.02E-01  8.32E+05 7.503E+04
8689   7   7  2s2p2(4PE)8f   2s2p2(4PE)7d    1.43E+01  3.32E+06 1.696E+05
8690   7   8  2s2p2(4PE)8f   2s2p2(4PE)7g    3.81E+00  6.97E+05 1.910E+05
8691   7   9  2s2p2(4PE)8f   2s2p2(4PE)8d    1.88E+01  2.30E+04 2.337E+06
8692   7  10  2s2p2(4PE)8f   2s2p2(4PE)8g   -5.54E-02 -1.14E-01 5.694E+07
8693   7  11  2s2p2(4PE)8f   2s2p2(4PE)9d   -8.29E+00 -6.04E+05 3.026E+05
8694   7  12  2s2p2(4PE)8f   2s2p2(4PE)9g   -2.46E-01 -2.15E+04 2.763E+05
8695   7  13  2s2p2(4PE)8f   2s2p2(4PE)10d   -1.51E+00 -3.58E+05 1.676E+05
8696   7  14  2s2p2(4PE)8f   2s2p2(4PE)10g   -4.88E-02 -1.25E+04 1.614E+05
8697   8   1  2s2p2(4PE)8h   2s2p2(4PE)3d    4.16E-02  3.44E+06 8.985E+03
8698   8   2  2s2p2(4PE)8h   2s2p2(4PE)4d    9.08E-02  1.81E+06 1.828E+04
8699   8   3  2s2p2(4PE)8h   2s2p2(4PE)5d    1.70E-01  9.23E+05 3.505E+04
8700   8   4  2s2p2(4PE)8h   2s2p2(4PE)5g    1.96E+00  9.37E+06 3.735E+04
8701   8   5  2s2p2(4PE)8h   2s2p2(4PE)6d    3.64E-01  5.03E+05 6.946E+04
8702   8   6  2s2p2(4PE)8h   2s2p2(4PE)6g    8.61E+00  1.02E+07 7.486E+04
8703   8   7  2s2p2(4PE)8h   2s2p2(4PE)7d    1.11E+00  2.60E+05 1.687E+05
8704   8   8  2s2p2(4PE)8h   2s2p2(4PE)7g    4.45E+01  8.23E+06 1.899E+05
8705   8   9  2s2p2(4PE)8h   2s2p2(4PE)8d    1.59E+00  2.23E+03 2.180E+06
8706   8  10  2s2p2(4PE)8h   2s2p2(4PE)8g    4.05E-01  4.69E-01 7.588E+07
8707   8  11  2s2p2(4PE)8h   2s2p2(4PE)9d   -7.05E-01 -5.04E+04 3.054E+05
8708   8  12  2s2p2(4PE)8h   2s2p2(4PE)9g   -1.18E+00 -1.01E+05 2.787E+05
8709   8  13  2s2p2(4PE)8h   2s2p2(4PE)10d   -1.27E-01 -2.98E+04 1.685E+05
8710   8  14  2s2p2(4PE)8h   2s2p2(4PE)10g   -1.97E-01 -4.99E+04 1.622E+05
8711   9   1  2s2p2(4PE)9f   2s2p2(4PE)3d    3.45E-01  3.04E+07 8.705E+03
8712   9   2  2s2p2(4PE)9f   2s2p2(4PE)4d    7.01E-01  1.59E+07 1.716E+04
8713   9   3  2s2p2(4PE)9f   2s2p2(4PE)5d    1.21E+00  8.32E+06 3.115E+04
8714   9   4  2s2p2(4PE)9f   2s2p2(4PE)5g    7.19E-02  4.42E+05 3.295E+04
8715   9   5  2s2p2(4PE)9f   2s2p2(4PE)6d    2.15E+00  4.63E+06 5.564E+04
8716   9   6  2s2p2(4PE)9f   2s2p2(4PE)6g    2.71E-01  5.18E+05 5.905E+04
8717   9   7  2s2p2(4PE)9f   2s2p2(4PE)7d    4.48E+00  2.70E+06 1.052E+05
8718   9   8  2s2p2(4PE)9f   2s2p2(4PE)7g    8.71E-01  4.54E+05 1.131E+05
8719   9   9  2s2p2(4PE)9f   2s2p2(4PE)8d    1.37E+01  1.49E+06 2.478E+05
8720   9  10  2s2p2(4PE)9f   2s2p2(4PE)8g    4.13E+00  3.55E+05 2.786E+05
8721   9  11  2s2p2(4PE)9f   2s2p2(4PE)9d    2.17E+01  1.32E+04 3.314E+06
8722   9  12  2s2p2(4PE)9f   2s2p2(4PE)9g   -7.69E-02 -7.47E-02 8.287E+07
8723   9  13  2s2p2(4PE)9f   2s2p2(4PE)10d   -1.03E+01 -3.82E+05 4.241E+05
8724   9  14  2s2p2(4PE)9f   2s2p2(4PE)10g   -3.50E-01 -1.56E+04 3.863E+05
8725  10   1  2s2p2(4PE)9h   2s2p2(4PE)3d    2.95E-02  2.60E+06 8.703E+03
8726  10   2  2s2p2(4PE)9h   2s2p2(4PE)4d    6.13E-02  1.39E+06 1.715E+04
8727  10   3  2s2p2(4PE)9h   2s2p2(4PE)5d    1.05E-01  7.23E+05 3.113E+04
8728  10   4  2s2p2(4PE)9h   2s2p2(4PE)5g    8.43E-01  5.19E+06 3.293E+04
8729  10   5  2s2p2(4PE)9h   2s2p2(4PE)6d    1.89E-01  4.08E+05 5.557E+04
8730  10   6  2s2p2(4PE)9h   2s2p2(4PE)6g    3.00E+00  5.75E+06 5.897E+04
8731  10   7  2s2p2(4PE)9h   2s2p2(4PE)7d    3.95E-01  2.39E+05 1.050E+05
8732  10   8  2s2p2(4PE)9h   2s2p2(4PE)7g    9.31E+00  4.88E+06 1.128E+05
8733  10   9  2s2p2(4PE)9h   2s2p2(4PE)8d    1.19E+00  1.31E+05 2.464E+05
8734  10  10  2s2p2(4PE)9h   2s2p2(4PE)8g    4.22E+01  3.67E+06 2.768E+05
8735  10  11  2s2p2(4PE)9h   2s2p2(4PE)9d    2.06E+00  1.45E+03 3.079E+06
8736  10  12  2s2p2(4PE)9h   2s2p2(4PE)9g    5.43E-01  4.35E-01 9.128E+07
8737  10  13  2s2p2(4PE)9h   2s2p2(4PE)10d   -9.86E-01 -3.59E+04 4.282E+05
8738  10  14  2s2p2(4PE)9h   2s2p2(4PE)10g   -1.83E+00 -8.03E+04 3.898E+05
8739  11   1  2s2p2(4PE)10f   2s2p2(4PE)3d    2.34E-01  2.15E+07 8.514E+03
8740  11   2  2s2p2(4PE)10f   2s2p2(4PE)4d    4.58E-01  1.13E+07 1.643E+04
8741  11   3  2s2p2(4PE)10f   2s2p2(4PE)5d    7.46E-01  5.99E+06 2.883E+04
8742  11   4  2s2p2(4PE)10f   2s2p2(4PE)5g    4.04E-02  2.92E+05 3.037E+04
8743  11   5  2s2p2(4PE)10f   2s2p2(4PE)6d    1.21E+00  3.41E+06 4.866E+04
8744  11   6  2s2p2(4PE)10f   2s2p2(4PE)6g    1.36E-01  3.45E+05 5.124E+04
8745  11   7  2s2p2(4PE)10f   2s2p2(4PE)7d    2.11E+00  2.05E+06 8.276E+04
8746  11   8  2s2p2(4PE)10f   2s2p2(4PE)7g    3.52E-01  3.06E+05 8.755E+04
8747  11   9  2s2p2(4PE)10f   2s2p2(4PE)8d    4.38E+00  1.28E+06 1.512E+05
8748  11  10  2s2p2(4PE)10f   2s2p2(4PE)8g    9.82E-01  2.49E+05 1.621E+05
8749  11  11  2s2p2(4PE)10f   2s2p2(4PE)9d    1.35E+01  7.48E+05 3.470E+05
8750  11  12  2s2p2(4PE)10f   2s2p2(4PE)9g    4.35E+00  1.91E+05 3.894E+05
8751  11  13  2s2p2(4PE)10f   2s2p2(4PE)10d    2.45E+01  8.03E+03 4.511E+06
8752  11  14  2s2p2(4PE)10f   2s2p2(4PE)10g   -9.75E-02 -5.03E-02 1.137E+08
8753   1   1  2s2p2(4PE)4f   2s2p2(4PE)3d    2.42E+00  5.85E+07 1.661E+04
8754   1   2  2s2p2(4PE)4f   2s2p2(4PE)4d    5.04E-01  4.39E+04 2.766E+05
8755   1   3  2s2p2(4PE)4f   2s2p2(4PE)5d   -1.08E-01 -3.67E+05 4.432E+04
8756   1   4  2s2p2(4PE)4f   2s2p2(4PE)5g   -2.98E+00 -1.18E+07 4.113E+04
8757   1   5  2s2p2(4PE)4f   2s2p2(4PE)6d   -1.80E-02 -1.62E+05 2.725E+04
8758   1   6  2s2p2(4PE)4f   2s2p2(4PE)6g   -3.85E-01 -3.66E+06 2.650E+04
8759   1   7  2s2p2(4PE)4f   2s2p2(4PE)7d   -6.36E-03 -8.65E+04 2.214E+04
8760   1   8  2s2p2(4PE)4f   2s2p2(4PE)7g   -1.20E-01 -1.68E+06 2.182E+04
8761   1   9  2s2p2(4PE)4f   2s2p2(4PE)8d   -3.06E-03 -5.23E+04 1.975E+04
8762   1  10  2s2p2(4PE)4f   2s2p2(4PE)8g   -5.38E-02 -9.36E+05 1.958E+04
8763   1  11  2s2p2(4PE)4f   2s2p2(4PE)9d   -1.74E-03 -3.43E+04 1.840E+04
8764   1  12  2s2p2(4PE)4f   2s2p2(4PE)9g   -2.92E-02 -5.82E+05 1.829E+04
8765   1  13  2s2p2(4PE)4f   2s2p2(4PE)10d   -1.10E-03 -2.39E+04 1.754E+04
8766   1  14  2s2p2(4PE)4f   2s2p2(4PE)10g   -1.79E-02 -3.91E+05 1.747E+04
8767   2   1  2s2p2(4PE)5f   2s2p2(4PE)3d    4.83E-01  2.31E+07 1.180E+04
8768   2   2  2s2p2(4PE)5f   2s2p2(4PE)4d    1.72E+00  9.09E+06 3.552E+04
8769   2   3  2s2p2(4PE)5f   2s2p2(4PE)5d    9.51E-01  2.47E+04 5.068E+05
8770   2   4  2s2p2(4PE)5f   2s2p2(4PE)5g    4.06E-02  1.29E+01 4.580E+06
8771   2   5  2s2p2(4PE)5f   2s2p2(4PE)6d   -2.74E-01 -2.70E+05 8.225E+04
8772   2   6  2s2p2(4PE)5f   2s2p2(4PE)6g   -2.67E+00 -3.10E+06 7.578E+04
8773   2   7  2s2p2(4PE)5f   2s2p2(4PE)7d   -4.64E-02 -1.32E+05 4.848E+04
8774   2   8  2s2p2(4PE)5f   2s2p2(4PE)7g   -4.94E-01 -1.49E+06 4.697E+04
8775   2   9  2s2p2(4PE)5f   2s2p2(4PE)8d   -1.67E-02 -7.59E+04 3.832E+04
8776   2  10  2s2p2(4PE)5f   2s2p2(4PE)8g   -1.79E-01 -8.41E+05 3.768E+04
8777   2  11  2s2p2(4PE)5f   2s2p2(4PE)9d   -8.16E-03 -4.84E+04 3.352E+04
8778   2  12  2s2p2(4PE)5f   2s2p2(4PE)9g   -8.69E-02 -5.27E+05 3.318E+04
8779   2  13  2s2p2(4PE)5f   2s2p2(4PE)10d   -4.69E-03 -3.30E+04 3.078E+04
8780   2  14  2s2p2(4PE)5f   2s2p2(4PE)10g   -4.96E-02 -3.54E+05 3.056E+04
8781   3   1  2s2p2(4PE)6f   2s2p2(4PE)3d    1.85E-01  1.19E+07 1.020E+04
8782   3   2  2s2p2(4PE)6f   2s2p2(4PE)4d    4.70E-01  5.39E+06 2.411E+04
8783   3   3  2s2p2(4PE)6f   2s2p2(4PE)5d    1.41E+00  2.20E+06 6.534E+04
8784   3   4  2s2p2(4PE)6f   2s2p2(4PE)5g    1.78E-02  2.18E+04 7.380E+04
8785   3   5  2s2p2(4PE)6f   2s2p2(4PE)6d    1.35E+00  1.24E+04 8.525E+05
8786   3   6  2s2p2(4PE)6f   2s2p2(4PE)6g    8.13E-02  1.00E+01 7.349E+06
8787   3   7  2s2p2(4PE)6f   2s2p2(4PE)7d   -4.67E-01 -1.66E+05 1.371E+05
8788   3   8  2s2p2(4PE)6f   2s2p2(4PE)7g   -2.53E+00 -1.07E+06 1.257E+05
8789   3   9  2s2p2(4PE)6f   2s2p2(4PE)8d   -8.07E-02 -8.77E+04 7.834E+04
8790   3  10  2s2p2(4PE)6f   2s2p2(4PE)8g   -5.38E-01 -6.26E+05 7.570E+04
8791   3  11  2s2p2(4PE)6f   2s2p2(4PE)9d   -2.95E-02 -5.36E+04 6.062E+04
8792   3  12  2s2p2(4PE)6f   2s2p2(4PE)9g   -2.10E-01 -3.96E+05 5.948E+04
8793   3  13  2s2p2(4PE)6f   2s2p2(4PE)10d   -1.45E-02 -3.55E+04 5.220E+04
8794   3  14  2s2p2(4PE)6f   2s2p2(4PE)10g   -1.07E-01 -2.68E+05 5.158E+04
8795   4   1  2s2p2(4PE)7f   2s2p2(4PE)3d    9.31E-02  6.99E+06 9.423E+03
8796   4   2  2s2p2(4PE)7f   2s2p2(4PE)4d    2.03E-01  3.32E+06 2.019E+04
8797   4   3  2s2p2(4PE)7f   2s2p2(4PE)5d    4.33E-01  1.57E+06 4.283E+04
8798   4   4  2s2p2(4PE)7f   2s2p2(4PE)5g    2.91E-03  9.05E+03 4.631E+04
8799   4   5  2s2p2(4PE)7f   2s2p2(4PE)6d    1.26E+00  7.14E+05 1.085E+05
8800   4   6  2s2p2(4PE)7f   2s2p2(4PE)6g    4.55E-02  2.03E+04 1.222E+05
8801   4   7  2s2p2(4PE)7f   2s2p2(4PE)7d    1.73E+00  6.48E+03 1.334E+06
8802   4   8  2s2p2(4PE)7f   2s2p2(4PE)7g    1.18E-01  6.06E+00 1.139E+07
8803   4   9  2s2p2(4PE)7f   2s2p2(4PE)8d   -6.76E-01 -1.00E+05 2.119E+05
8804   4  10  2s2p2(4PE)7f   2s2p2(4PE)8g   -2.48E+00 -4.41E+05 1.936E+05
8805   4  11  2s2p2(4PE)7f   2s2p2(4PE)9d   -1.19E-01 -5.67E+04 1.183E+05
8806   4  12  2s2p2(4PE)7f   2s2p2(4PE)9g   -5.63E-01 -2.89E+05 1.141E+05
8807   4  13  2s2p2(4PE)7f   2s2p2(4PE)10d   -4.37E-02 -3.60E+04 8.999E+04
8808   4  14  2s2p2(4PE)7f   2s2p2(4PE)10g   -2.29E-01 -1.97E+05 8.816E+04
8809   5   1  2s2p2(4PE)8f   2s2p2(4PE)3d    5.44E-02  4.50E+06 8.981E+03
8810   5   2  2s2p2(4PE)8f   2s2p2(4PE)4d    1.09E-01  2.18E+06 1.826E+04
8811   5   3  2s2p2(4PE)8f   2s2p2(4PE)5d    1.99E-01  1.08E+06 3.500E+04
8812   5   4  2s2p2(4PE)8f   2s2p2(4PE)5g    9.78E-04  4.69E+03 3.729E+04
8813   5   5  2s2p2(4PE)8f   2s2p2(4PE)6d    4.07E-01  5.66E+05 6.924E+04
8814   5   6  2s2p2(4PE)8f   2s2p2(4PE)6g    7.98E-03  9.57E+03 7.459E+04
8815   5   7  2s2p2(4PE)8f   2s2p2(4PE)7d    1.17E+00  2.79E+05 1.674E+05
8816   5   8  2s2p2(4PE)8f   2s2p2(4PE)7g    8.21E-02  1.55E+04 1.882E+05
8817   5   9  2s2p2(4PE)8f   2s2p2(4PE)8d    2.08E+00  3.55E+03 1.977E+06
8818   5  10  2s2p2(4PE)8f   2s2p2(4PE)8g    1.52E-01  3.69E+00 1.656E+07
8819   5  11  2s2p2(4PE)8f   2s2p2(4PE)9d   -8.95E-01 -6.22E+04 3.099E+05
8820   5  12  2s2p2(4PE)8f   2s2p2(4PE)9g   -2.46E+00 -2.06E+05 2.824E+05
8821   5  13  2s2p2(4PE)8f   2s2p2(4PE)10d   -1.59E-01 -3.68E+04 1.699E+05
8822   5  14  2s2p2(4PE)8f   2s2p2(4PE)10g   -5.81E-01 -1.45E+05 1.635E+05
8823   6   1  2s2p2(4PE)9f   2s2p2(4PE)3d    3.49E-02  3.08E+06 8.701E+03
8824   6   2  2s2p2(4PE)9f   2s2p2(4PE)4d    6.65E-02  1.51E+06 1.714E+04
8825   6   3  2s2p2(4PE)9f   2s2p2(4PE)5d    1.11E-01  7.66E+05 3.110E+04
8826   6   4  2s2p2(4PE)9f   2s2p2(4PE)5g    4.53E-04  2.79E+03 3.289E+04
8827   6   5  2s2p2(4PE)9f   2s2p2(4PE)6d    1.93E-01  4.18E+05 5.547E+04
8828   6   6  2s2p2(4PE)9f   2s2p2(4PE)6g    2.77E-03  5.33E+03 5.886E+04
8829   6   7  2s2p2(4PE)9f   2s2p2(4PE)7d    3.89E-01  2.37E+05 1.046E+05
8830   6   8  2s2p2(4PE)9f   2s2p2(4PE)7g    1.52E-02  8.03E+03 1.124E+05
8831   6   9  2s2p2(4PE)9f   2s2p2(4PE)8d    1.13E+00  1.26E+05 2.445E+05
8832   6  10  2s2p2(4PE)9f   2s2p2(4PE)8g    1.26E-01  1.12E+04 2.744E+05
8833   6  11  2s2p2(4PE)9f   2s2p2(4PE)9d    2.42E+00  2.05E+03 2.804E+06
8834   6  12  2s2p2(4PE)9f   2s2p2(4PE)9g    1.84E-01  2.25E+00 2.338E+07
8835   6  13  2s2p2(4PE)9f   2s2p2(4PE)10d   -1.12E+00 -3.96E+04 4.342E+05
8836   6  14  2s2p2(4PE)9f   2s2p2(4PE)10g   -2.48E+00 -1.06E+05 3.947E+05
8837   1   1  2s2p2(4PE)5g   2s2p2(4PE)4f    4.46E+01  1.77E+08 4.103E+04
8838   1   2  2s2p2(4PE)5g   2s2p2(4PE)5f   -4.67E-01 -8.22E+01 6.158E+06
8839   1   3  2s2p2(4PE)5g   2s2p2(4PE)6f   -2.72E-01 -3.30E+05 7.411E+04
8840   1   4  2s2p2(4PE)5g   2s2p2(4PE)7f   -4.36E-02 -1.35E+05 4.643E+04
8841   1   5  2s2p2(4PE)5g   2s2p2(4PE)8f   -1.45E-02 -6.93E+04 3.736E+04
8842   1   6  2s2p2(4PE)5g   2s2p2(4PE)9f   -6.64E-03 -4.08E+04 3.295E+04
8843   2   1  2s2p2(4PE)6g   2s2p2(4PE)4f    5.86E+00  5.58E+07 2.647E+04
8844   2   2  2s2p2(4PE)6g   2s2p2(4PE)5f    3.97E+01  4.65E+07 7.550E+04
8845   2   3  2s2p2(4PE)6g   2s2p2(4PE)6f   -7.91E-01 -3.97E+01 1.153E+07
8846   2   4  2s2p2(4PE)6g   2s2p2(4PE)7f   -7.46E-01 -3.29E+05 1.230E+05
8847   2   5  2s2p2(4PE)6g   2s2p2(4PE)8f   -1.31E-01 -1.56E+05 7.487E+04
8848   2   6  2s2p2(4PE)6g   2s2p2(4PE)9f   -4.52E-02 -8.65E+04 5.903E+04
8849   3   1  2s2p2(4PE)7g   2s2p2(4PE)4f    1.85E+00  2.60E+07 2.181E+04
8850   3   2  2s2p2(4PE)7g   2s2p2(4PE)5f    7.46E+00  2.26E+07 4.689E+04
8851   3   3  2s2p2(4PE)7g   2s2p2(4PE)6f    3.74E+01  1.59E+07 1.251E+05
8852   3   4  2s2p2(4PE)7g   2s2p2(4PE)7f   -1.05E+00 -1.78E+01 1.982E+07
8853   3   5  2s2p2(4PE)7g   2s2p2(4PE)8f   -1.37E+00 -2.54E+05 1.895E+05
8854   3   6  2s2p2(4PE)7g   2s2p2(4PE)9f   -2.53E-01 -1.32E+05 1.129E+05
8855   4   1  2s2p2(4PE)8g   2s2p2(4PE)4f    8.37E-01  1.46E+07 1.957E+04
8856   4   2  2s2p2(4PE)8g   2s2p2(4PE)5f    2.73E+00  1.29E+07 3.764E+04
8857   4   3  2s2p2(4PE)8g   2s2p2(4PE)6f    8.08E+00  9.44E+06 7.555E+04
8858   4   4  2s2p2(4PE)8g   2s2p2(4PE)7f    3.63E+01  6.53E+06 1.926E+05
8859   4   5  2s2p2(4PE)8g   2s2p2(4PE)8f   -1.29E+00 -9.33E+00 3.037E+07
8860   4   6  2s2p2(4PE)8g   2s2p2(4PE)9f   -2.10E+00 -1.83E+05 2.765E+05
8861   5   1  2s2p2(4PE)9g   2s2p2(4PE)4f    4.58E-01  9.14E+06 1.828E+04
8862   5   2  2s2p2(4PE)9g   2s2p2(4PE)5f    1.33E+00  8.07E+06 3.315E+04
8863   5   3  2s2p2(4PE)9g   2s2p2(4PE)6f    3.18E+00  6.01E+06 5.941E+04
8864   5   4  2s2p2(4PE)9g   2s2p2(4PE)7f    8.40E+00  4.33E+06 1.138E+05
8865   5   5  2s2p2(4PE)9g   2s2p2(4PE)8f    3.60E+01  3.05E+06 2.807E+05
8866   5   6  2s2p2(4PE)9g   2s2p2(4PE)9f   -1.51E+00 -4.85E+00 4.557E+07
8867   1   1  2s2p2(4PE)4f   2s2p2(4PE)5g   -2.91E+00 -1.20E+07 4.017E+04
8868   1   2  2s2p2(4PE)4f   2s2p2(4PE)6g   -4.05E-01 -3.96E+06 2.611E+04
8869   1   3  2s2p2(4PE)4f   2s2p2(4PE)7g   -1.32E-01 -1.89E+06 2.156E+04
8870   1   4  2s2p2(4PE)4f   2s2p2(4PE)8g   -6.05E-02 -1.08E+06 1.937E+04
8871   1   5  2s2p2(4PE)4f   2s2p2(4PE)9g   -3.34E-02 -6.79E+05 1.811E+04
8872   2   1  2s2p2(4PE)5f   2s2p2(4PE)5g   -2.63E-02 -3.20E+00 7.409E+06
8873   2   2  2s2p2(4PE)5f   2s2p2(4PE)6g   -2.54E+00 -3.11E+06 7.384E+04
8874   2   3  2s2p2(4PE)5f   2s2p2(4PE)7g   -5.02E-01 -1.57E+06 4.625E+04
8875   2   4  2s2p2(4PE)5f   2s2p2(4PE)8g   -1.88E-01 -9.05E+05 3.722E+04
8876   2   5  2s2p2(4PE)5f   2s2p2(4PE)9g   -9.30E-02 -5.76E+05 3.283E+04
8877   3   1  2s2p2(4PE)6f   2s2p2(4PE)5g    3.54E-02  4.19E+04 7.510E+04
8878   3   2  2s2p2(4PE)6f   2s2p2(4PE)6g   -4.22E-02 -2.39E+00 1.085E+07
8879   3   3  2s2p2(4PE)6f   2s2p2(4PE)7g   -2.20E+00 -9.80E+05 1.224E+05
8880   3   4  2s2p2(4PE)6f   2s2p2(4PE)8g   -5.02E-01 -6.03E+05 7.454E+04
8881   3   5  2s2p2(4PE)6f   2s2p2(4PE)9g   -2.02E-01 -3.90E+05 5.879E+04
8882   4   1  2s2p2(4PE)6h   2s2p2(4PE)5g    3.01E+00  3.60E+06 7.473E+04
8883   4   2  2s2p2(4PE)6h   2s2p2(4PE)6g   -1.13E-02 -4.80E-02 3.961E+07
8884   4   3  2s2p2(4PE)6h   2s2p2(4PE)7g   -1.71E-01 -7.49E+04 1.234E+05
8885   4   4  2s2p2(4PE)6h   2s2p2(4PE)8g   -3.40E-02 -4.04E+04 7.491E+04
8886   4   5  2s2p2(4PE)6h   2s2p2(4PE)9g   -1.28E-02 -2.45E+04 5.902E+04
8887   5   1  2s2p2(4PE)7f   2s2p2(4PE)5g    7.53E-03  2.31E+04 4.668E+04
8888   5   2  2s2p2(4PE)7f   2s2p2(4PE)6g    2.63E-02  1.13E+04 1.247E+05
8889   5   3  2s2p2(4PE)7f   2s2p2(4PE)7g   -5.49E-02 -1.48E+00 1.571E+07
8890   5   4  2s2p2(4PE)7f   2s2p2(4PE)8g   -1.99E+00 -3.74E+05 1.884E+05
8891   5   5  2s2p2(4PE)7f   2s2p2(4PE)9g   -4.90E-01 -2.59E+05 1.123E+05
8892   6   1  2s2p2(4PE)7h   2s2p2(4PE)5g    3.56E-01  1.09E+06 4.658E+04
8893   6   2  2s2p2(4PE)7h   2s2p2(4PE)6g    2.73E+00  1.18E+06 1.240E+05
8894   6   3  2s2p2(4PE)7h   2s2p2(4PE)7g   -2.53E-02 -5.88E-02 5.355E+07
8895   6   4  2s2p2(4PE)7h   2s2p2(4PE)8g   -3.11E-01 -5.74E+04 1.901E+05
8896   6   5  2s2p2(4PE)7h   2s2p2(4PE)9g   -6.54E-02 -3.42E+04 1.129E+05
8897   7   1  2s2p2(4PE)8f   2s2p2(4PE)5g    2.83E-03  1.34E+04 3.747E+04
8898   7   2  2s2p2(4PE)8f   2s2p2(4PE)6g    7.34E-03  8.63E+03 7.531E+04
8899   7   3  2s2p2(4PE)8f   2s2p2(4PE)7g    1.20E-02  2.16E+03 1.924E+05
8900   7   4  2s2p2(4PE)8f   2s2p2(4PE)8g   -2.90E-01 -3.92E+00 2.222E+07
8901   7   5  2s2p2(4PE)8f   2s2p2(4PE)9g   -1.87E+00 -1.65E+05 2.747E+05
8902   8   1  2s2p2(4PE)8h   2s2p2(4PE)5g    1.05E-01  5.00E+05 3.743E+04
8903   8   2  2s2p2(4PE)8h   2s2p2(4PE)6g    4.78E-01  5.65E+05 7.513E+04
8904   8   3  2s2p2(4PE)8h   2s2p2(4PE)7g    2.62E+00  4.78E+05 1.913E+05
8905   8   4  2s2p2(4PE)8h   2s2p2(4PE)8g   -3.96E-02 -5.37E-02 7.013E+07
8906   8   5  2s2p2(4PE)8h   2s2p2(4PE)9g   -4.33E-01 -3.76E+04 2.771E+05
8907   9   1  2s2p2(4PE)9f   2s2p2(4PE)5g    1.38E-03  8.45E+03 3.301E+04
8908   9   2  2s2p2(4PE)9f   2s2p2(4PE)6g    3.18E-03  6.05E+03 5.922E+04
8909   9   3  2s2p2(4PE)9f   2s2p2(4PE)7g    4.65E-03  2.40E+03 1.136E+05
8910   9   4  2s2p2(4PE)9f   2s2p2(4PE)8g    2.65E-03  2.24E+02 2.807E+05
8911   9   5  2s2p2(4PE)9f   2s2p2(4PE)9g   -3.10E-01 -2.24E+00 3.040E+07
8912  10   1  2s2p2(4PE)9h   2s2p2(4PE)5g    4.50E-02  2.76E+05 3.299E+04
8913  10   2  2s2p2(4PE)9h   2s2p2(4PE)6g    1.66E-01  3.17E+05 5.914E+04
8914  10   3  2s2p2(4PE)9h   2s2p2(4PE)7g    5.37E-01  2.79E+05 1.133E+05
8915  10   4  2s2p2(4PE)9h   2s2p2(4PE)8g    2.59E+00  2.22E+05 2.789E+05
8916  10   5  2s2p2(4PE)9h   2s2p2(4PE)9g   -5.36E-02 -3.49E-02 1.013E+08
8917  11   1  2s2p2(4PE)10f   2s2p2(4PE)5g    7.86E-04  5.67E+03 3.042E+04
8918  11   2  2s2p2(4PE)10f   2s2p2(4PE)6g    1.70E-03  4.30E+03 5.137E+04
8919  11   3  2s2p2(4PE)10f   2s2p2(4PE)7g    2.35E-03  2.03E+03 8.784E+04
8920  11   4  2s2p2(4PE)10f   2s2p2(4PE)8g    2.06E-03  5.18E+02 1.628E+05
8921  11   5  2s2p2(4PE)10f   2s2p2(4PE)9g    3.07E-05  1.33E+00 3.926E+05
8922   1   1  2s2p2(4PE)4f   2s2p2(4PE)5g   -2.91E+00 -1.20E+07 4.017E+04
8923   1   2  2s2p2(4PE)4f   2s2p2(4PE)6g   -4.05E-01 -3.96E+06 2.611E+04
8924   1   3  2s2p2(4PE)4f   2s2p2(4PE)7g   -1.32E-01 -1.89E+06 2.156E+04
8925   1   4  2s2p2(4PE)4f   2s2p2(4PE)8g   -6.05E-02 -1.08E+06 1.937E+04
8926   1   5  2s2p2(4PE)4f   2s2p2(4PE)9g   -3.34E-02 -6.79E+05 1.811E+04
8927   2   1  2s2p2(4PE)5f   2s2p2(4PE)5g   -2.63E-02 -3.20E+00 7.409E+06
8928   2   2  2s2p2(4PE)5f   2s2p2(4PE)6g   -2.54E+00 -3.11E+06 7.384E+04
8929   2   3  2s2p2(4PE)5f   2s2p2(4PE)7g   -5.02E-01 -1.57E+06 4.625E+04
8930   2   4  2s2p2(4PE)5f   2s2p2(4PE)8g   -1.88E-01 -9.05E+05 3.722E+04
8931   2   5  2s2p2(4PE)5f   2s2p2(4PE)9g   -9.30E-02 -5.76E+05 3.283E+04
8932   3   1  2s2p2(4PE)6f   2s2p2(4PE)5g    3.54E-02  4.19E+04 7.510E+04
8933   3   2  2s2p2(4PE)6f   2s2p2(4PE)6g   -4.22E-02 -2.39E+00 1.085E+07
8934   3   3  2s2p2(4PE)6f   2s2p2(4PE)7g   -2.20E+00 -9.80E+05 1.224E+05
8935   3   4  2s2p2(4PE)6f   2s2p2(4PE)8g   -5.02E-01 -6.03E+05 7.454E+04
8936   3   5  2s2p2(4PE)6f   2s2p2(4PE)9g   -2.02E-01 -3.90E+05 5.879E+04
8937   4   1  2s2p2(4PE)6h   2s2p2(4PE)5g    3.01E+00  3.60E+06 7.473E+04
8938   4   2  2s2p2(4PE)6h   2s2p2(4PE)6g   -1.13E-02 -4.80E-02 3.961E+07
8939   4   3  2s2p2(4PE)6h   2s2p2(4PE)7g   -1.71E-01 -7.49E+04 1.234E+05
8940   4   4  2s2p2(4PE)6h   2s2p2(4PE)8g   -3.40E-02 -4.04E+04 7.491E+04
8941   4   5  2s2p2(4PE)6h   2s2p2(4PE)9g   -1.28E-02 -2.45E+04 5.902E+04
8942   5   1  2s2p2(4PE)7f   2s2p2(4PE)5g    7.53E-03  2.31E+04 4.668E+04
8943   5   2  2s2p2(4PE)7f   2s2p2(4PE)6g    2.63E-02  1.13E+04 1.247E+05
8944   5   3  2s2p2(4PE)7f   2s2p2(4PE)7g   -5.49E-02 -1.48E+00 1.571E+07
8945   5   4  2s2p2(4PE)7f   2s2p2(4PE)8g   -1.99E+00 -3.74E+05 1.884E+05
8946   5   5  2s2p2(4PE)7f   2s2p2(4PE)9g   -4.90E-01 -2.59E+05 1.123E+05
8947   6   1  2s2p2(4PE)7h   2s2p2(4PE)5g    3.56E-01  1.09E+06 4.658E+04
8948   6   2  2s2p2(4PE)7h   2s2p2(4PE)6g    2.73E+00  1.18E+06 1.240E+05
8949   6   3  2s2p2(4PE)7h   2s2p2(4PE)7g   -2.53E-02 -5.88E-02 5.355E+07
8950   6   4  2s2p2(4PE)7h   2s2p2(4PE)8g   -3.11E-01 -5.74E+04 1.901E+05
8951   6   5  2s2p2(4PE)7h   2s2p2(4PE)9g   -6.54E-02 -3.42E+04 1.129E+05
8952   7   1  2s2p2(4PE)8f   2s2p2(4PE)5g    2.83E-03  1.34E+04 3.747E+04
8953   7   2  2s2p2(4PE)8f   2s2p2(4PE)6g    7.34E-03  8.63E+03 7.531E+04
8954   7   3  2s2p2(4PE)8f   2s2p2(4PE)7g    1.20E-02  2.16E+03 1.924E+05
8955   7   4  2s2p2(4PE)8f   2s2p2(4PE)8g   -2.90E-01 -3.92E+00 2.222E+07
8956   7   5  2s2p2(4PE)8f   2s2p2(4PE)9g   -1.87E+00 -1.65E+05 2.747E+05
8957   8   1  2s2p2(4PE)8h   2s2p2(4PE)5g    1.05E-01  5.00E+05 3.743E+04
8958   8   2  2s2p2(4PE)8h   2s2p2(4PE)6g    4.78E-01  5.65E+05 7.513E+04
8959   8   3  2s2p2(4PE)8h   2s2p2(4PE)7g    2.62E+00  4.78E+05 1.913E+05
8960   8   4  2s2p2(4PE)8h   2s2p2(4PE)8g   -3.96E-02 -5.37E-02 7.013E+07
8961   8   5  2s2p2(4PE)8h   2s2p2(4PE)9g   -4.33E-01 -3.76E+04 2.771E+05
8962   9   1  2s2p2(4PE)9f   2s2p2(4PE)5g    1.38E-03  8.45E+03 3.301E+04
8963   9   2  2s2p2(4PE)9f   2s2p2(4PE)6g    3.18E-03  6.05E+03 5.922E+04
8964   9   3  2s2p2(4PE)9f   2s2p2(4PE)7g    4.65E-03  2.40E+03 1.136E+05
8965   9   4  2s2p2(4PE)9f   2s2p2(4PE)8g    2.65E-03  2.24E+02 2.807E+05
8966   9   5  2s2p2(4PE)9f   2s2p2(4PE)9g   -3.10E-01 -2.24E+00 3.040E+07
8967  10   1  2s2p2(4PE)9h   2s2p2(4PE)5g    4.50E-02  2.76E+05 3.299E+04
8968  10   2  2s2p2(4PE)9h   2s2p2(4PE)6g    1.66E-01  3.17E+05 5.914E+04
8969  10   3  2s2p2(4PE)9h   2s2p2(4PE)7g    5.37E-01  2.79E+05 1.133E+05
8970  10   4  2s2p2(4PE)9h   2s2p2(4PE)8g    2.59E+00  2.22E+05 2.789E+05
8971  10   5  2s2p2(4PE)9h   2s2p2(4PE)9g   -5.36E-02 -3.49E-02 1.013E+08
8972  11   1  2s2p2(4PE)10f   2s2p2(4PE)5g    7.86E-04  5.67E+03 3.042E+04
8973  11   2  2s2p2(4PE)10f   2s2p2(4PE)6g    1.70E-03  4.30E+03 5.137E+04
8974  11   3  2s2p2(4PE)10f   2s2p2(4PE)7g    2.35E-03  2.03E+03 8.784E+04
8975  11   4  2s2p2(4PE)10f   2s2p2(4PE)8g    2.06E-03  5.18E+02 1.628E+05
8976  11   5  2s2p2(4PE)10f   2s2p2(4PE)9g    3.07E-05  1.33E+00 3.926E+05
8977   1   1  2s2p2(4PE)5g   2s2p2(4PE)4f    5.73E+01  2.36E+08 4.024E+04
8978   1   2  2s2p2(4PE)5g   2s2p2(4PE)5f    3.39E-01  1.83E+01 1.112E+07
8979   1   3  2s2p2(4PE)5g   2s2p2(4PE)6f   -4.67E-01 -5.56E+05 7.485E+04
8980   1   4  2s2p2(4PE)5g   2s2p2(4PE)6h   -2.45E-03 -2.95E+03 7.448E+04
8981   1   5  2s2p2(4PE)5g   2s2p2(4PE)7f   -7.34E-02 -2.26E+05 4.658E+04
8982   1   6  2s2p2(4PE)5g   2s2p2(4PE)7h   -4.63E-06 -1.43E+01 4.648E+04
8983   1   7  2s2p2(4PE)5g   2s2p2(4PE)8f   -2.42E-02 -1.15E+05 3.741E+04
8984   1   8  2s2p2(4PE)5g   2s2p2(4PE)8h   -4.49E-05 -2.14E+02 3.737E+04
8985   1   9  2s2p2(4PE)5g   2s2p2(4PE)9f   -1.11E-02 -6.81E+04 3.296E+04
8986   1  10  2s2p2(4PE)5g   2s2p2(4PE)9h   -4.29E-05 -2.64E+02 3.294E+04
8987   1  11  2s2p2(4PE)5g   2s2p2(4PE)10f   -6.07E-03 -4.39E+04 3.038E+04
8988   2   1  2s2p2(4PE)6g   2s2p2(4PE)4f    7.88E+00  7.70E+07 2.613E+04
8989   2   2  2s2p2(4PE)6g   2s2p2(4PE)5f    5.01E+01  6.09E+07 7.406E+04
8990   2   3  2s2p2(4PE)6g   2s2p2(4PE)6f    6.22E-01  1.15E+01 1.898E+07
8991   2   4  2s2p2(4PE)6g   2s2p2(4PE)6h   -5.35E-03 -7.25E-03 7.013E+07
8992   2   5  2s2p2(4PE)6g   2s2p2(4PE)7f   -1.19E+00 -5.15E+05 1.241E+05
8993   2   6  2s2p2(4PE)6g   2s2p2(4PE)7h   -8.77E-03 -3.84E+03 1.234E+05
8994   2   7  2s2p2(4PE)6g   2s2p2(4PE)8f   -2.04E-01 -2.41E+05 7.509E+04
8995   2   8  2s2p2(4PE)6g   2s2p2(4PE)8h   -2.41E-03 -2.86E+03 7.491E+04
8996   2   9  2s2p2(4PE)6g   2s2p2(4PE)9f   -7.05E-02 -1.35E+05 5.908E+04
8997   2  10  2s2p2(4PE)6g   2s2p2(4PE)9h   -1.04E-03 -1.99E+03 5.900E+04
8998   2  11  2s2p2(4PE)6g   2s2p2(4PE)10f   -3.31E-02 -8.40E+04 5.127E+04
8999   3   1  2s2p2(4PE)7g   2s2p2(4PE)4f    3.05E-02  4.37E+05 2.157E+04
9000   3   2  2s2p2(4PE)7g   2s2p2(4PE)5f    1.16E-01  3.61E+05 4.629E+04
9001   3   3  2s2p2(4PE)7g   2s2p2(4PE)6f    1.17E+00  5.19E+05 1.227E+05
9002   3   4  2s2p2(4PE)7g   2s2p2(4PE)6h    8.86E+01  3.86E+07 1.237E+05
9003   3   5  2s2p2(4PE)7g   2s2p2(4PE)7f    2.41E-03  2.94E-02 2.338E+07
9004   3   6  2s2p2(4PE)7g   2s2p2(4PE)7h   -1.56E-02 -5.00E-04 4.564E+08
9005   3   7  2s2p2(4PE)7g   2s2p2(4PE)8f   -8.50E-05 -1.54E+01 1.916E+05
9006   3   8  2s2p2(4PE)7g   2s2p2(4PE)8h   -2.91E-01 -5.35E+04 1.905E+05
9007   3   9  2s2p2(4PE)7g   2s2p2(4PE)9f   -1.23E-04 -6.39E+01 1.133E+05
9008   3  10  2s2p2(4PE)7g   2s2p2(4PE)9h   -3.83E-02 -2.00E+04 1.130E+05
9009   3  11  2s2p2(4PE)7g   2s2p2(4PE)10f   -8.14E-05 -7.06E+01 8.768E+04
9010   4   1  2s2p2(4PE)7i   2s2p2(4PE)4f    2.97E-02  4.26E+05 2.157E+04
9011   4   2  2s2p2(4PE)7i   2s2p2(4PE)5f    1.13E-01  3.52E+05 4.629E+04
9012   4   3  2s2p2(4PE)7i   2s2p2(4PE)6f    1.19E+00  5.27E+05 1.227E+05
9013   4   4  2s2p2(4PE)7i   2s2p2(4PE)6h    8.86E+01  3.86E+07 1.237E+05
9014   4   5  2s2p2(4PE)7i   2s2p2(4PE)7f    2.57E-03  3.14E-02 2.338E+07
9015   4   6  2s2p2(4PE)7i   2s2p2(4PE)7h   -1.55E-02 -4.96E-04 4.564E+08
9016   4   7  2s2p2(4PE)7i   2s2p2(4PE)8f   -4.50E-05 -8.18E+00 1.916E+05
9017   4   8  2s2p2(4PE)7i   2s2p2(4PE)8h   -2.92E-01 -5.37E+04 1.905E+05
9018   4   9  2s2p2(4PE)7i   2s2p2(4PE)9f   -1.00E-04 -5.20E+01 1.133E+05
9019   4  10  2s2p2(4PE)7i   2s2p2(4PE)9h   -3.84E-02 -2.01E+04 1.130E+05
9020   4  11  2s2p2(4PE)7i   2s2p2(4PE)10f   -7.05E-05 -6.12E+01 8.768E+04
9021   5   1  2s2p2(4PE)8g   2s2p2(4PE)4f    2.87E-02  5.10E+05 1.938E+04
9022   5   2  2s2p2(4PE)8g   2s2p2(4PE)5f    8.94E-02  4.30E+05 3.724E+04
9023   5   3  2s2p2(4PE)8g   2s2p2(4PE)6f    9.73E-03  1.17E+04 7.462E+04
9024   5   4  2s2p2(4PE)8g   2s2p2(4PE)6h    9.75E+00  1.16E+07 7.500E+04
9025   5   5  2s2p2(4PE)8g   2s2p2(4PE)7f    1.27E+00  2.37E+05 1.890E+05
9026   5   6  2s2p2(4PE)8g   2s2p2(4PE)7h    7.89E+01  1.45E+07 1.906E+05
9027   5   7  2s2p2(4PE)8g   2s2p2(4PE)8f    3.90E-03  2.28E-02 3.375E+07
9028   5   8  2s2p2(4PE)8g   2s2p2(4PE)8h   -3.25E-02 -2.68E-04 8.994E+08
9029   5   9  2s2p2(4PE)8g   2s2p2(4PE)9f   -3.70E-04 -3.16E+01 2.795E+05
9030   5  10  2s2p2(4PE)8g   2s2p2(4PE)9h   -8.09E-01 -6.99E+04 2.778E+05
9031   5  11  2s2p2(4PE)8g   2s2p2(4PE)10f   -3.65E-04 -9.23E+01 1.624E+05
9032   6   1  2s2p2(4PE)8i   2s2p2(4PE)4f    2.70E-02  4.80E+05 1.938E+04
9033   6   2  2s2p2(4PE)8i   2s2p2(4PE)5f    8.38E-02  4.03E+05 3.724E+04
9034   6   3  2s2p2(4PE)8i   2s2p2(4PE)6f    1.32E-02  1.58E+04 7.462E+04
9035   6   4  2s2p2(4PE)8i   2s2p2(4PE)6h    9.75E+00  1.16E+07 7.500E+04
9036   6   5  2s2p2(4PE)8i   2s2p2(4PE)7f    1.35E+00  2.52E+05 1.890E+05
9037   6   6  2s2p2(4PE)8i   2s2p2(4PE)7h    7.90E+01  1.45E+07 1.906E+05
9038   6   7  2s2p2(4PE)8i   2s2p2(4PE)8f    4.71E-03  2.76E-02 3.375E+07
9039   6   8  2s2p2(4PE)8i   2s2p2(4PE)8h   -3.25E-02 -2.68E-04 8.994E+08
9040   6   9  2s2p2(4PE)8i   2s2p2(4PE)9f   -9.19E-05 -7.84E+00 2.795E+05
9041   6  10  2s2p2(4PE)8i   2s2p2(4PE)9h   -8.11E-01 -7.01E+04 2.778E+05
9042   6  11  2s2p2(4PE)8i   2s2p2(4PE)10f   -2.23E-04 -5.64E+01 1.624E+05
9043   7   1  2s2p2(4PE)9g   2s2p2(4PE)4f    2.30E-02  4.68E+05 1.811E+04
9044   7   2  2s2p2(4PE)9g   2s2p2(4PE)5f    6.40E-02  3.96E+05 3.284E+04
9045   7   3  2s2p2(4PE)9g   2s2p2(4PE)6f    4.45E-03  8.58E+03 5.882E+04
9046   7   4  2s2p2(4PE)9g   2s2p2(4PE)6h    2.73E+00  5.22E+06 5.906E+04
9047   7   5  2s2p2(4PE)9g   2s2p2(4PE)7f    7.41E-02  3.91E+04 1.125E+05
9048   7   6  2s2p2(4PE)9g   2s2p2(4PE)7h    1.32E+01  6.89E+06 1.131E+05
9049   7   7  2s2p2(4PE)9g   2s2p2(4PE)8f    1.12E+00  9.84E+04 2.756E+05
9050   7   8  2s2p2(4PE)9g   2s2p2(4PE)8h    7.34E+01  6.34E+06 2.779E+05
9051   7   9  2s2p2(4PE)9g   2s2p2(4PE)9f    4.45E-03  1.43E-02 4.557E+07
9052   7  10  2s2p2(4PE)9g   2s2p2(4PE)9h   -4.74E-02 -3.68E-04 9.266E+08
9053   7  11  2s2p2(4PE)9g   2s2p2(4PE)10f   -9.06E-04 -3.95E+01 3.910E+05
9054   8   1  2s2p2(4PE)9i   2s2p2(4PE)4f    2.08E-02  4.23E+05 1.811E+04
9055   8   2  2s2p2(4PE)9i   2s2p2(4PE)5f    5.81E-02  3.59E+05 3.284E+04
9056   8   3  2s2p2(4PE)9i   2s2p2(4PE)6f    2.31E-03  4.45E+03 5.882E+04
9057   8   4  2s2p2(4PE)9i   2s2p2(4PE)6h    2.73E+00  5.22E+06 5.906E+04
9058   8   5  2s2p2(4PE)9i   2s2p2(4PE)7f    9.17E-02  4.83E+04 1.125E+05
9059   8   6  2s2p2(4PE)9i   2s2p2(4PE)7h    1.32E+01  6.89E+06 1.131E+05
9060   8   7  2s2p2(4PE)9i   2s2p2(4PE)8f    1.25E+00  1.10E+05 2.756E+05
9061   8   8  2s2p2(4PE)9i   2s2p2(4PE)8h    7.34E+01  6.34E+06 2.779E+05
9062   8   9  2s2p2(4PE)9i   2s2p2(4PE)9f    6.27E-03  2.01E-02 4.557E+07
9063   8  10  2s2p2(4PE)9i   2s2p2(4PE)9h   -4.72E-02 -3.67E-04 9.266E+08
9064   8  11  2s2p2(4PE)9i   2s2p2(4PE)10f   -9.19E-05 -4.01E+00 3.910E+05
9065   9   1  2s2p2(4PE)10g   2s2p2(4PE)4f    1.79E-02  3.99E+05 1.731E+04
9066   9   2  2s2p2(4PE)10g   2s2p2(4PE)5f    4.65E-02  3.38E+05 3.028E+04
9067   9   3  2s2p2(4PE)10g   2s2p2(4PE)6f    1.12E-02  2.86E+04 5.109E+04
9068   9   4  2s2p2(4PE)10g   2s2p2(4PE)6h    1.14E+00  2.89E+06 5.127E+04
9069   9   5  2s2p2(4PE)10g   2s2p2(4PE)7f    4.48E-03  3.93E+03 8.723E+04
9070   9   6  2s2p2(4PE)10g   2s2p2(4PE)7h    4.42E+00  3.84E+06 8.758E+04
9071   9   7  2s2p2(4PE)10g   2s2p2(4PE)8f    1.11E-01  2.85E+04 1.612E+05
9072   9   8  2s2p2(4PE)10g   2s2p2(4PE)8h    1.46E+01  3.71E+06 1.620E+05
9073   9   9  2s2p2(4PE)10g   2s2p2(4PE)9f    9.34E-01  4.20E+04 3.853E+05
9074   9  10  2s2p2(4PE)10g   2s2p2(4PE)9h    7.01E+01  3.09E+06 3.888E+05
9075   9  11  2s2p2(4PE)10g   2s2p2(4PE)10f    4.44E-03  7.00E-03 6.506E+07
