    1  3.0000000D+10  99930819.3333  2.5268393D-12  -11.597
    2  3.2102761D+10  93385257.2139  2.8944373D-12  -11.538
    3  3.4352908D+10  87268435.5345  3.3156412D-12  -11.479
    4  3.6760774D+10  81552271.3955  3.7982591D-12  -11.420
    5  3.9337411D+10  76210521.3532  4.3511725D-12  -11.361
    6  4.2094650D+10  71218660.9342  4.9845167D-12  -11.302
    7  4.5045149D+10  66553772.0408  5.7099249D-12  -11.243
    8  4.8202455D+10  62194437.7325  6.5408091D-12  -11.184
    9  5.1581063D+10  58120643.8982  7.4926395D-12  -11.125
   10  5.5196484D+10  54313687.3697  8.5831936D-12  -11.066
   11  5.9065318D+10  50756090.0540  9.8327835D-12  -11.007
   12  6.3205326D+10  47431518.6895  1.1264520D-11  -10.948
   13  6.7635515D+10  44324709.8584  1.2904690D-11  -10.889
   14  7.2376225D+10  41421399.9112  1.4783319D-11  -10.830
   15  7.7449222D+10  38708259.4806  1.6934892D-11  -10.771
   16  8.2877795D+10  36172832.2855  1.9399178D-11  -10.712
   17  8.8686868D+10  33803477.9428  2.2222020D-11  -10.653
   18  9.4903110D+10  31589318.5253  2.5456037D-11  -10.594
   19  1.0155506D+11  29520188.6202  2.9161271D-11  -10.535
   20  1.0867326D+11  27586588.6590  3.3405989D-11  -10.476
   21  1.1629039D+11  25779641.3034  3.8267853D-11  -10.417
   22  1.2444142D+11  24091050.6895  4.3835628D-11  -10.358
   23  1.3316377D+11  22513064.3399  5.0211361D-11  -10.299
   24  1.4249749D+11  21038437.5719  5.7512777D-11  -10.240
   25  1.5248543D+11  19660400.2363  6.5875526D-11  -10.181
   26  1.6317344D+11  18372625.6348  7.5455128D-11  -10.122
   27  1.7461060D+11  17169201.4741  8.6428815D-11  -10.063
   28  1.8684941D+11  16044602.7213  9.8997863D-11  -10.004
   29  1.9994607D+11  14993666.2385  1.1339115D-10   -9.945
   30  2.1396069D+11  14011567.0781  1.2987031D-10   -9.886
   31  2.2895763D+11  13093796.3312  1.4873633D-10   -9.828
   32  2.4500574D+11  12236140.4264  1.7033662D-10   -9.769
   33  2.6217868D+11  11434661.7855  1.9507157D-10   -9.710
   34  2.8055532D+11  10685680.7451  2.2340003D-10   -9.651
   35  3.0022001D+11   9985758.6633  2.5584451D-10   -9.592
   36  3.2126304D+11   9331682.1324  2.9299787D-10   -9.533
   37  3.4378102D+11   8720448.2260  3.3553364D-10   -9.474
   38  3.6787733D+11   8149250.7120  3.8422136D-10   -9.415
   39  3.9366260D+11   7615467.1693  4.3994616D-10   -9.357
   40  4.2125521D+11   7116646.9479  5.0372986D-10   -9.298
   41  4.5078184D+11   6650499.9175  5.7675057D-10   -9.239
   42  4.8237805D+11   6214885.9535  6.6035901D-10   -9.180
   43  5.1618891D+11   5807805.1115  7.5609372D-10   -9.121
   44  5.5236964D+11   5427388.4454  8.6570052D-10   -9.063
   45  5.9108634D+11   5071889.4266  9.9116260D-10   -9.004
   46  6.3251679D+11   4739675.9261  1.1347450D-09   -8.945
   47  6.7685117D+11   4429222.7205  1.2990517D-09   -8.886
   48  7.2429304D+11   4139104.4902  1.4870868D-09   -8.828
   49  7.7506021D+11   3867989.2753  1.7023118D-09   -8.769
   50  8.2938575D+11   3614632.3605  1.9486927D-09   -8.710
   51  8.8751908D+11   3377870.5605  2.2307446D-09   -8.652
   52  8.8751908D+11   3377870.5604  2.2307446D-09   -8.652
   53  8.8762112D+11   3377482.2711  2.2312579D-09   -8.651
   54  8.8772315D+11   3377094.0711  2.2348418D-09   -8.651
   55  8.8782518D+11   3376705.9603  2.2503207D-09   -8.648
   56  8.8792721D+11   3376317.9387  2.2359614D-09   -8.651
   57  8.8802925D+11   3375930.0063  2.2333056D-09   -8.651
   58  8.8813128D+11   3375542.1630  2.2338160D-09   -8.651
   59  8.8813128D+11   3375542.1629  2.2338160D-09   -8.651
   60  9.3596881D+11   3203017.6103  2.4803182D-09   -8.605
   61  9.8638302D+11   3039310.8178  2.7539647D-09   -8.560
   62  1.0395127D+12   2883971.1083  3.0577001D-09   -8.515
   63  1.0395127D+12   2883971.1082  3.0577001D-09   -8.515
   64  1.0396322D+12   2883639.5931  3.0584049D-09   -8.515
   65  1.0397517D+12   2883308.1542  3.0662488D-09   -8.513
   66  1.0398712D+12   2882976.7915  3.1003833D-09   -8.509
   67  1.0399907D+12   2882645.5050  3.0678033D-09   -8.513
   68  1.0401102D+12   2882314.2946  3.0612095D-09   -8.514
   69  1.0402297D+12   2881983.1603  3.0619069D-09   -8.514
   70  1.0402297D+12   2881983.1602  3.0619068D-09   -8.514
   71  1.0994817D+12   2726670.7616  3.4194054D-09   -8.466
   72  1.1621087D+12   2579728.2736  3.8184689D-09   -8.418
   73  1.2283029D+12   2440704.6348  4.2639422D-09   -8.370
   74  1.2283029D+12   2440704.6348  4.2639424D-09   -8.370
   75  1.2284441D+12   2440424.0735  4.2649273D-09   -8.370
   76  1.2285853D+12   2440143.5768  4.2816303D-09   -8.368
   77  1.2287265D+12   2439863.1446  4.3493155D-09   -8.362
   78  1.2288677D+12   2439582.7768  4.2838292D-09   -8.368
   79  1.2290090D+12   2439302.4734  4.2688341D-09   -8.370
   80  1.2291502D+12   2439022.2345  4.2698020D-09   -8.370
   81  1.2291502D+12   2439022.2344  4.2698020D-09   -8.370
   82  1.3034332D+12   2300021.7068  4.7990563D-09   -8.319
   83  1.3822054D+12   2168942.8563  5.3938166D-09   -8.268
   84  1.4657382D+12   2045334.2245  6.0621916D-09   -8.217
   85  1.4657382D+12   2045334.2244  6.0621915D-09   -8.217
   86  1.4659067D+12   2045099.1114  6.0635967D-09   -8.217
   87  1.4660753D+12   2044864.0524  6.0966753D-09   -8.215
   88  1.4662438D+12   2044629.0475  6.2255494D-09   -8.206
   89  1.4664123D+12   2044394.0965  6.0998538D-09   -8.215
   90  1.4665808D+12   2044159.1996  6.0691482D-09   -8.217
   91  1.4667493D+12   2043924.3566  6.0705183D-09   -8.217
   92  1.4667493D+12   2043924.3566  6.0705184D-09   -8.217
   93  1.5611468D+12   1920334.7826  6.8729003D-09   -8.163
   94  1.6616197D+12   1804218.2752  7.7809257D-09   -8.109
   95  1.7685588D+12   1695122.9620  8.8082122D-09   -8.055
   96  1.7685588D+12   1695122.9620  8.8082120D-09   -8.055
   97  1.7687621D+12   1694928.1060  8.8102625D-09   -8.055
   98  1.7689654D+12   1694733.2949  8.8758623D-09   -8.052
   99  1.7691687D+12   1694538.5286  9.1164549D-09   -8.040
  100  1.7693721D+12   1694343.8070  8.8805718D-09   -8.052
  101  1.7695754D+12   1694149.1301  8.8183165D-09   -8.055
  102  1.7697787D+12   1693954.4980  8.8202916D-09   -8.055
  103  1.7697787D+12   1693954.4980  8.8202916D-09   -8.055
  104  1.8467322D+12   1623367.2621  9.5986510D-09   -8.018
  105  1.9270318D+12   1555721.4026  1.0445190D-08   -7.981
  106  1.9270318D+12   1555721.4026  1.0445190D-08   -7.981
  107  1.9272533D+12   1555542.5710  1.0447581D-08   -7.981
  108  1.9274749D+12   1555363.7805  1.0463204D-08   -7.980
  109  1.9276964D+12   1555185.0312  1.0539579D-08   -7.977
  110  1.9279179D+12   1555006.3229  1.0468271D-08   -7.980
  111  1.9281395D+12   1554827.6556  1.0457120D-08   -7.981
  112  1.9283610D+12   1554649.0294  1.0459498D-08   -7.980
  113  1.9283610D+12   1554649.0294  1.0459498D-08   -7.980
  114  2.0413338D+12   1468610.6877  1.1710545D-08   -7.931
  115  2.1609250D+12   1387333.9328  1.3110262D-08   -7.882
  116  2.1609250D+12   1387333.9328  1.3110262D-08   -7.882
  117  2.1611734D+12   1387174.4575  1.3113334D-08   -7.882
  118  2.1614219D+12   1387015.0188  1.3251480D-08   -7.878
  119  2.1616703D+12   1386855.6169  1.3702921D-08   -7.863
  120  2.1619187D+12   1386696.2515  1.3258649D-08   -7.878
  121  2.1621671D+12   1386536.9228  1.3125292D-08   -7.882
  122  2.1624156D+12   1386377.6307  1.3128197D-08   -7.882
  123  2.1624156D+12   1386377.6306  1.3128197D-08   -7.882
  124  2.2678156D+12   1321943.7183  1.4426895D-08   -7.841
  125  2.2678156D+12   1321943.7183  1.4426896D-08   -7.841
  126  2.2680763D+12   1321791.7597  1.4430197D-08   -7.841
  127  2.2683370D+12   1321639.8360  1.4461870D-08   -7.840
  128  2.2685977D+12   1321487.9472  1.4611691D-08   -7.835
  129  2.2688585D+12   1321336.0933  1.4468927D-08   -7.840
  130  2.2691192D+12   1321184.2743  1.4443349D-08   -7.840
  131  2.2693799D+12   1321032.4903  1.4446623D-08   -7.840
  132  2.2693799D+12   1321032.4902  1.4446623D-08   -7.840
  133  2.3983095D+12   1250015.7230  1.6118067D-08   -7.793
  134  2.5345639D+12   1182816.7129  1.7981961D-08   -7.745
  135  2.6785594D+12   1119230.2230  2.0060103D-08   -7.698
  136  2.6785594D+12   1119230.2230  2.0060103D-08   -7.698
  137  2.6788673D+12   1119101.5664  2.0064849D-08   -7.698
  138  2.6791752D+12   1118972.9395  2.0356210D-08   -7.691
  139  2.6794832D+12   1118844.3421  2.1233530D-08   -7.673
  140  2.6797911D+12   1118715.7743  2.0367461D-08   -7.691
  141  2.6800990D+12   1118587.2360  2.0083109D-08   -7.697
  142  2.6804070D+12   1118458.7272  2.0087488D-08   -7.697
  143  2.6804070D+12   1118458.7272  2.0087488D-08   -7.697
  144  2.6940411D+12   1112798.3680  2.0290135D-08   -7.693
  145  2.6940411D+12   1112798.3680  2.0290135D-08   -7.693
  146  2.6943509D+12   1112670.4508  2.0294780D-08   -7.693
  147  2.6946606D+12   1112542.5630  2.0356114D-08   -7.691
  148  2.6949703D+12   1112414.7046  2.0642838D-08   -7.685
  149  2.6952800D+12   1112286.8756  2.0366147D-08   -7.691
  150  2.6955897D+12   1112159.0760  2.0313245D-08   -7.692
  151  2.6958994D+12   1112031.3058  2.0317832D-08   -7.692
  152  2.6958994D+12   1112031.3058  2.0317833D-08   -7.692
  153  2.8332463D+12   1058123.5370  2.2415730D-08   -7.649
  154  2.9775905D+12   1006829.0468  2.4728012D-08   -7.607
  155  3.1292885D+12    958021.1516  2.7275927D-08   -7.564
  156  3.1292885D+12    958021.1516  2.7275927D-08   -7.564
  157  3.1295593D+12    957938.2708  2.7280573D-08   -7.564
  158  3.1298300D+12    957855.4043  2.7282179D-08   -7.564
  159  3.1301007D+12    957772.5522  2.7289884D-08   -7.564
  160  3.1303715D+12    957689.7144  2.7294549D-08   -7.564
  161  3.1303715D+12    957689.7143  2.7294549D-08   -7.564
  162  3.1553347D+12    950113.0266  2.7725484D-08   -7.557
  163  3.1553347D+12    950113.0265  2.7725484D-08   -7.557
  164  3.1556974D+12    950003.8102  2.7731792D-08   -7.557
  165  3.1560602D+12    949894.6189  2.7780603D-08   -7.556
  166  3.1564229D+12    949785.4528  2.8047692D-08   -7.552
  167  3.1567857D+12    949676.3117  2.7793815D-08   -7.556
  168  3.1571484D+12    949567.1958  2.7756943D-08   -7.557
  169  3.1575112D+12    949458.1048  2.7763210D-08   -7.557
  170  3.1575112D+12    949458.1048  2.7763210D-08   -7.557
  171  3.2342970D+12    926916.9077  2.9109946D-08   -7.536
  172  3.2342970D+12    926916.9077  2.9109946D-08   -7.536
  173  3.2346688D+12    926810.3578  2.9116609D-08   -7.536
  174  3.2350407D+12    926703.8323  2.9244809D-08   -7.534
  175  3.2354125D+12    926597.3314  2.9788087D-08   -7.526
  176  3.2357843D+12    926490.8549  2.9259385D-08   -7.534
  177  3.2361561D+12    926384.4029  2.9143001D-08   -7.535
  178  3.2365280D+12    926277.9753  2.9149532D-08   -7.535
  179  3.2365280D+12    926277.9753  2.9149532D-08   -7.535
  180  3.3757564D+12    888074.9198  3.1671091D-08   -7.499
  181  3.3757564D+12    888074.9198  3.1671092D-08   -7.499
  182  3.3761445D+12    887972.8348  3.1678708D-08   -7.499
  183  3.3765326D+12    887870.7732  3.2320318D-08   -7.491
  184  3.3769207D+12    887768.7351  3.4083293D-08   -7.467
  185  3.3773087D+12    887666.7205  3.2338622D-08   -7.490
  186  3.3776968D+12    887564.7293  3.1707399D-08   -7.499
  187  3.3780849D+12    887462.7615  3.1714118D-08   -7.499
  188  3.3780849D+12    887462.7615  3.1714118D-08   -7.499
  189  3.5513747D+12    844158.9165  3.4994736D-08   -7.456
  190  3.7335538D+12    802968.0875  3.8610749D-08   -7.413
  191  3.7335538D+12    802968.0875  3.8610749D-08   -7.413
  192  3.7339831D+12    802875.7856  3.8619517D-08   -7.413
  193  3.7344123D+12    802783.5049  3.8719175D-08   -7.412
  194  3.7348415D+12    802691.2454  3.9230491D-08   -7.406
  195  3.7352707D+12    802599.0072  3.8737683D-08   -7.412
  196  3.7357000D+12    802506.7901  3.8654412D-08   -7.413
  197  3.7361292D+12    802414.5942  3.8663093D-08   -7.413
  198  3.7361292D+12    802414.5942  3.8663093D-08   -7.413
  199  3.9294838D+12    762930.8976  4.2690544D-08   -7.370
  200  3.9294838D+12    762930.8975  4.2690544D-08   -7.370
  201  3.9299355D+12    762843.1980  4.2700324D-08   -7.370
  202  3.9303873D+12    762755.5185  4.2974775D-08   -7.367
  203  3.9308390D+12    762667.8592  4.4023288D-08   -7.356
  204  3.9312908D+12    762580.2201  4.2996472D-08   -7.367
  205  3.9317425D+12    762492.6011  4.2738878D-08   -7.369
  206  3.9321943D+12    762405.0022  4.2748370D-08   -7.369
  207  3.9321943D+12    762405.0022  4.2748369D-08   -7.369
  208  4.1299768D+12    725893.8056  4.7069774D-08   -7.327
  209  4.3377075D+12    691131.1120  5.1824615D-08   -7.285
  210  4.3377075D+12    691131.1120  5.1824616D-08   -7.285
  211  4.3382061D+12    691051.6658  5.1837390D-08   -7.285
  212  4.3387048D+12    690972.2380  5.3348208D-08   -7.273
  213  4.3392035D+12    690892.8283  5.7055158D-08   -7.244
  214  4.3397022D+12    690813.4370  5.3379217D-08   -7.273
  215  4.3402009D+12    690734.0638  5.1884138D-08   -7.285
  216  4.3406995D+12    690654.7089  5.1894716D-08   -7.285
  217  4.3406995D+12    690654.7089  5.1894717D-08   -7.285
  218  4.4625999D+12    671788.7875  5.4789521D-08   -7.261
  219  4.4625999D+12    671788.7875  5.4789521D-08   -7.261
  220  4.4631129D+12    671711.5648  5.4801956D-08   -7.261
  221  4.4636260D+12    671634.3598  5.4993481D-08   -7.260
  222  4.4641390D+12    671557.1725  5.5979545D-08   -7.252
  223  4.4646521D+12    671480.0031  5.5019972D-08   -7.259
  224  4.4651651D+12    671402.8513  5.4851345D-08   -7.261
  225  4.4656781D+12    671325.7173  5.4863602D-08   -7.261
  226  4.4656781D+12    671325.7173  5.4863602D-08   -7.261
  227  4.6210729D+12    648750.7632  5.8665893D-08   -7.232
  228  4.6210729D+12    648750.7632  5.8665894D-08   -7.232
  229  4.6216042D+12    648676.1887  5.8679157D-08   -7.232
  230  4.6221354D+12    648601.6314  5.8798332D-08   -7.231
  231  4.6226667D+12    648527.0912  5.9573855D-08   -7.225
  232  4.6231979D+12    648452.5681  5.8825926D-08   -7.230
  233  4.6237292D+12    648378.0622  5.8732007D-08   -7.231
  234  4.6242605D+12    648303.5733  5.8745171D-08   -7.231
  235  4.6242605D+12    648303.5733  5.8745171D-08   -7.231
  236  4.8394844D+12    619471.9027  6.4216729D-08   -7.192
  237  4.8394844D+12    619471.9027  6.4216728D-08   -7.192
  238  4.8400407D+12    619400.6939  6.4231486D-08   -7.192
  239  4.8405971D+12    619329.5014  6.4795130D-08   -7.188
  240  4.8411535D+12    619258.3253  6.6856991D-08   -7.175
  241  4.8417098D+12    619187.1655  6.4828400D-08   -7.188
  242  4.8422662D+12    619116.0221  6.4289294D-08   -7.192
  243  4.8428226D+12    619044.8950  6.4303433D-08   -7.192
  244  4.8428226D+12    619044.8950  6.4303433D-08   -7.192
  245  5.1115656D+12    586498.3095  7.1466606D-08   -7.146
  246  5.3952220D+12    555662.8765  7.9416817D-08   -7.100
  247  5.3952220D+12    555662.8765  7.9416815D-08   -7.100
  248  5.3958423D+12    555599.0025  7.9434828D-08   -7.100
  249  5.3964625D+12    555535.1433  7.9817071D-08   -7.098
  250  5.3970828D+12    555471.2987  8.1691781D-08   -7.088
  251  5.3977030D+12    555407.4688  7.9855907D-08   -7.098
  252  5.3983233D+12    555343.6535  7.9506127D-08   -7.100
  253  5.3989435D+12    555279.8529  7.9523761D-08   -7.100
  254  5.3989435D+12    555279.8529  7.9523763D-08   -7.100
  255  5.5021126D+12    544867.9075  8.2515675D-08   -7.083
  256  5.5021126D+12    544867.9075  8.2515675D-08   -7.083
  257  5.5027451D+12    544805.2744  8.2534285D-08   -7.083
  258  5.5033777D+12    544742.6558  8.2768357D-08   -7.082
  259  5.5040102D+12    544680.0515  8.4187130D-08   -7.075
  260  5.5046428D+12    544617.4616  8.2807398D-08   -7.082
  261  5.5052753D+12    544554.8861  8.2608331D-08   -7.083
  262  5.5059079D+12    544492.3250  8.2626734D-08   -7.083
  263  5.5059079D+12    544492.3250  8.2626733D-08   -7.083
  264  5.7031423D+12    525661.8907  8.8495474D-08   -7.053
  265  5.7031423D+12    525661.8907  8.8495476D-08   -7.053
  266  5.7037980D+12    525601.4654  8.8518181D-08   -7.053
  267  5.7044536D+12    525541.0540  9.2132455D-08   -7.036
  268  5.7051093D+12    525480.6565  1.0042053D-07   -6.998
  269  5.7057650D+12    525420.2728  9.2187473D-08   -7.035
  270  5.7064206D+12    525359.9030  8.8597542D-08   -7.053
  271  5.7070763D+12    525299.5471  8.8614467D-08   -7.052
  272  5.7070763D+12    525299.5471  8.8614466D-08   -7.052
  273  6.0543157D+12    495171.4960  9.9414371D-08   -7.003
  274  6.0543157D+12    495171.4960  9.9414367D-08   -7.003
  275  6.0550118D+12    495114.5756  9.9437338D-08   -7.002
  276  6.0557078D+12    495057.6683  1.0067546D-07   -6.997
  277  6.0564038D+12    495000.7740  1.0478404D-07   -6.980
  278  6.0570999D+12    494943.8928  1.0072823D-07   -6.997
  279  6.0577959D+12    494887.0247  9.9526315D-08   -7.002
  280  6.0584919D+12    494830.1697  9.9547824D-08   -7.002
  281  6.0584919D+12    494830.1697  9.9547825D-08   -7.002
  282  6.3896317D+12    469185.8198  1.1039884D-07   -6.957
  283  6.3896317D+12    469185.8198  1.1039884D-07   -6.957
  284  6.3903663D+12    469131.8865  1.1042361D-07   -6.957
  285  6.3911008D+12    469077.9656  1.1067895D-07   -6.956
  286  6.3918354D+12    469024.0570  1.1240818D-07   -6.949
  287  6.3925700D+12    468970.1609  1.1073032D-07   -6.956
  288  6.3933046D+12    468916.2771  1.1052228D-07   -6.957
  289  6.3940392D+12    468862.4057  1.1054685D-07   -6.956
  290  6.3940392D+12    468862.4057  1.1054685D-07   -6.956
  291  6.6080431D+12    453678.1199  1.1784626D-07   -6.929
  292  6.6080431D+12    453678.1199  1.1784626D-07   -6.929
  293  6.6088028D+12    453625.9692  1.1787299D-07   -6.929
  294  6.6095625D+12    453573.8305  1.1868206D-07   -6.926
  295  6.6103222D+12    453521.7038  1.2226612D-07   -6.913
  296  6.6110819D+12    453469.5890  1.1874047D-07   -6.925
  297  6.6118416D+12    453417.4862  1.1797824D-07   -6.928
  298  6.6126012D+12    453365.3954  1.1800414D-07   -6.928
  299  6.6126012D+12    453365.3954  1.1800414D-07   -6.928
  300  6.6235249D+12    452617.6956  1.1838291D-07   -6.927
  301  6.6235249D+12    452617.6956  1.1838291D-07   -6.927
  302  6.6242864D+12    452565.6668  1.1840956D-07   -6.927
  303  6.6250478D+12    452513.6499  1.1888216D-07   -6.925
  304  6.6258093D+12    452461.6450  1.2151457D-07   -6.915
  305  6.6265708D+12    452409.6521  1.1893857D-07   -6.925
  306  6.6273322D+12    452357.6711  1.1851529D-07   -6.926
  307  6.6280937D+12    452305.7020  1.1854150D-07   -6.926
  308  6.6280937D+12    452305.7020  1.1854151D-07   -6.926
  309  6.8164005D+12    439810.5106  1.2516565D-07   -6.903
  310  6.8164005D+12    439810.5106  1.2516565D-07   -6.903
  311  6.8169902D+12    439772.4615  1.2518617D-07   -6.902
  312  6.8175800D+12    439734.4190  1.2505232D-07   -6.903
  313  6.8181698D+12    439696.3830  1.2522820D-07   -6.902
  314  6.8187595D+12    439658.3536  1.2524972D-07   -6.902
  315  6.8187595D+12    439658.3536  1.2524971D-07   -6.902
  316  7.2285829D+12    414731.9921  1.4026214D-07   -6.853
  317  7.6630376D+12    391218.8267  1.5705902D-07   -6.804
  318  7.6630376D+12    391218.8267  1.5705903D-07   -6.804
  319  7.6639186D+12    391173.8558  1.5709422D-07   -6.804
  320  7.6647996D+12    391128.8951  1.5758200D-07   -6.802
  321  7.6656805D+12    391083.9449  1.6085166D-07   -6.794
  322  7.6665615D+12    391039.0049  1.5765552D-07   -6.802
  323  7.6674425D+12    390994.0753  1.5723418D-07   -6.803
  324  7.6683234D+12    390949.1560  1.5726896D-07   -6.803
  325  7.6683234D+12    390949.1560  1.5726895D-07   -6.803
  326  7.7081271D+12    388930.3506  1.5885410D-07   -6.799
  327  7.7081271D+12    388930.3506  1.5885410D-07   -6.799
  328  7.7090133D+12    388885.6428  1.5889733D-07   -6.799
  329  7.7098994D+12    388840.9451  1.6812534D-07   -6.774
  330  7.7107856D+12    388796.2578  1.8834907D-07   -6.725
  331  7.7116717D+12    388751.5807  1.6822860D-07   -6.774
  332  7.7125579D+12    388706.9139  1.5903897D-07   -6.798
  333  7.7134441D+12    388662.2574  1.5906641D-07   -6.798
  334  7.7134441D+12    388662.2574  1.5906641D-07   -6.798
  335  7.7134638D+12    388661.2605  1.5906720D-07   -6.798
  336  7.7134638D+12    388661.2605  1.5906720D-07   -6.798
  337  7.7143506D+12    388616.5835  1.5910430D-07   -6.798
  338  7.7152374D+12    388571.9168  1.6190215D-07   -6.791
  339  7.7161242D+12    388527.2604  1.7040281D-07   -6.769
  340  7.7170109D+12    388482.6142  1.6198903D-07   -6.791
  341  7.7178977D+12    388437.9783  1.5924605D-07   -6.798
  342  7.7187845D+12    388393.3527  1.5927981D-07   -6.798
  343  7.7187845D+12    388393.3527  1.5927980D-07   -6.798
  344  8.0737814D+12    371316.0472  1.7377041D-07   -6.760
  345  8.0737814D+12    371316.0472  1.7377041D-07   -6.760
  346  8.0747096D+12    371273.3641  1.7380953D-07   -6.760
  347  8.0756377D+12    371230.6908  1.7472160D-07   -6.758
  348  8.0765659D+12    371188.0273  1.7971310D-07   -6.745
  349  8.0774941D+12    371145.3736  1.7480531D-07   -6.757
  350  8.0784223D+12    371102.7297  1.7396429D-07   -6.760
  351  8.0793505D+12    371060.0956  1.7400253D-07   -6.759
  352  8.0793505D+12    371060.0956  1.7400253D-07   -6.759
  353  8.2152407D+12    364922.3043  1.7971210D-07   -6.745
  354  8.2152407D+12    364922.3043  1.7971209D-07   -6.745
  355  8.2161852D+12    364880.3562  1.7975295D-07   -6.745
  356  8.2171297D+12    364838.4177  1.8139952D-07   -6.741
  357  8.2180741D+12    364796.4888  1.8837948D-07   -6.725
  358  8.2180741D+12    364796.4888  1.8837948D-07   -6.725
  359  8.2180741D+12    364796.4888  1.8834451D-07   -6.725
  360  8.2190186D+12    364754.5696  1.8115996D-07   -6.742
  361  8.2199630D+12    364712.6600  1.7940421D-07   -6.746
  362  8.2209075D+12    364670.7600  1.7944309D-07   -6.746
  363  8.2209075D+12    364670.7600  1.7944308D-07   -6.746
  364  8.5505567D+12    350611.6257  1.9361805D-07   -6.713
  365  8.5505567D+12    350611.6257  1.9361805D-07   -6.713
  366  8.5515397D+12    350571.3226  1.9366131D-07   -6.713
  367  8.5525227D+12    350531.0287  1.9416848D-07   -6.712
  368  8.5535057D+12    350490.7441  1.9800657D-07   -6.703
  369  8.5544887D+12    350450.4688  1.9425792D-07   -6.712
  370  8.5554717D+12    350410.2027  1.9383350D-07   -6.713
  371  8.5564547D+12    350369.9459  1.9387634D-07   -6.712
  372  8.5564547D+12    350369.9459  1.9387633D-07   -6.712
  373  9.1058993D+12    329228.8311  2.1865239D-07   -6.660
  374  9.1058993D+12    329228.8311  2.1821892D-07   -6.661
  375  9.3020843D+12    322285.2531  2.2738301D-07   -6.643
  376  9.3020843D+12    322285.2531  2.2738301D-07   -6.643
  377  9.3031537D+12    322248.2062  2.2743399D-07   -6.643
  378  9.3042231D+12    322211.1677  2.2856091D-07   -6.641
  379  9.3052925D+12    322174.1377  2.3529080D-07   -6.628
  380  9.3063619D+12    322137.1163  2.2866840D-07   -6.641
  381  9.3074313D+12    322100.1034  2.2763582D-07   -6.643
  382  9.3085007D+12    322063.0989  2.2768574D-07   -6.643
  383  9.3085007D+12    322063.0989  2.2768574D-07   -6.643
  384  9.6402388D+12    310980.3226  2.4359582D-07   -6.613
  385  9.9837995D+12    300278.9247  2.6060591D-07   -6.584
  386  9.9837995D+12    300278.9247  2.6060591D-07   -6.584
  387  9.9849473D+12    300244.4074  2.6066478D-07   -6.584
  388  9.9860951D+12    300209.8980  2.6284257D-07   -6.580
  389  9.9872428D+12    300175.3965  2.7312357D-07   -6.564
  390  9.9883906D+12    300140.9030  2.6297026D-07   -6.580
  391  9.9895384D+12    300106.4173  2.6089579D-07   -6.584
  392  9.9906862D+12    300071.9397  2.6095241D-07   -6.583
  393  9.9906862D+12    300071.9397  2.6095241D-07   -6.583
  394  1.0040850D+13    298572.7944  2.6348286D-07   -6.579
  395  1.0040850D+13    298572.7944  2.6348286D-07   -6.579
  396  1.0042004D+13    298538.4732  2.6354607D-07   -6.579
  397  1.0043158D+13    298504.1599  2.7060386D-07   -6.568
  398  1.0044313D+13    298469.8545  2.8937074D-07   -6.539
  399  1.0045467D+13    298435.5569  2.7075347D-07   -6.567
  400  1.0046621D+13    298401.2672  2.6377965D-07   -6.579
  401  1.0047776D+13    298366.9854  2.6383314D-07   -6.579
  402  1.0047776D+13    298366.9854  2.6383314D-07   -6.579
  403  1.0145771D+13    295485.1559  2.6881265D-07   -6.571
  404  1.0145771D+13    295485.1559  2.6846134D-07   -6.571
  405  1.0341597D+13    289889.9071  2.7852502D-07   -6.555
  406  1.0341597D+13    289889.9071  2.7852502D-07   -6.555
  407  1.0342786D+13    289856.5840  2.7858717D-07   -6.555
  408  1.0343975D+13    289823.2685  2.7971725D-07   -6.553
  409  1.0345164D+13    289789.9607  2.8721904D-07   -6.542
  410  1.0346353D+13    289756.6606  2.7984682D-07   -6.553
  411  1.0347542D+13    289723.3681  2.7883377D-07   -6.555
  412  1.0348730D+13    289690.0833  2.7889490D-07   -6.555
  413  1.0348730D+13    289690.0833  2.7889491D-07   -6.555
  414  1.0392023D+13    288483.2456  2.8114467D-07   -6.551
  415  1.0392023D+13    288483.2456  2.8114467D-07   -6.551
  416  1.0393218D+13    288450.0842  2.8120936D-07   -6.551
  417  1.0394413D+13    288416.9304  2.8544463D-07   -6.544
  418  1.0395607D+13    288383.7843  3.0019917D-07   -6.523
  419  1.0396802D+13    288350.6457  2.8559062D-07   -6.544
  420  1.0397997D+13    288317.5148  2.8145827D-07   -6.551
  421  1.0399191D+13    288284.3915  2.8151799D-07   -6.550
  422  1.0399191D+13    288284.3915  2.8151800D-07   -6.550
  423  1.0723146D+13    279575.1090  2.9863303D-07   -6.525
  424  1.0723146D+13    279575.1090  2.9863302D-07   -6.525
  425  1.0724073D+13    279550.9223  2.9973947D-07   -6.523
  426  1.0725001D+13    279526.7397  3.3933519D-07   -6.469
  427  1.0725929D+13    279502.5614  2.9984298D-07   -6.523
  428  1.0726857D+13    279478.3872  2.9883184D-07   -6.525
  429  1.0726857D+13    279478.3872  2.9883183D-07   -6.525
  430  1.0776165D+13    278199.5920  3.0147938D-07   -6.521
  431  1.0776165D+13    278199.5920  3.0147938D-07   -6.521
  432  1.0777403D+13    278167.6127  3.0157382D-07   -6.521
  433  1.0778642D+13    278135.6408  3.2823469D-07   -6.484
  434  1.0779881D+13    278103.6762  3.8267399D-07   -6.417
  435  1.0781120D+13    278071.7189  3.2844195D-07   -6.484
  436  1.0782359D+13    278039.7690  3.0184079D-07   -6.520
  437  1.0783598D+13    278007.8264  3.0187945D-07   -6.520
  438  1.0783598D+13    278007.8264  3.0187945D-07   -6.520
  439  1.1229116D+13    266977.7897  3.2631466D-07   -6.486
  440  1.1229116D+13    266977.7897  3.2631465D-07   -6.486
  441  1.1230407D+13    266947.1004  3.2638721D-07   -6.486
  442  1.1231698D+13    266916.4181  3.2736652D-07   -6.485
  443  1.1232989D+13    266885.7429  3.3480027D-07   -6.475
  444  1.1234280D+13    266855.0747  3.2751626D-07   -6.485
  445  1.1235571D+13    266824.4136  3.2667571D-07   -6.486
  446  1.1236862D+13    266793.7595  3.2674741D-07   -6.486
  447  1.1236862D+13    266793.7595  3.2674742D-07   -6.486
  448  1.1374497D+13    263565.4632  3.3448243D-07   -6.476
  449  1.1374497D+13    263565.4632  3.3421245D-07   -6.476
  450  1.1449538D+13    261838.0451  3.3846073D-07   -6.470
  451  1.1449538D+13    261838.0451  3.3846074D-07   -6.470
  452  1.1450854D+13    261807.9466  3.3853669D-07   -6.470
  453  1.1452170D+13    261777.8550  3.4095833D-07   -6.467
  454  1.1453487D+13    261747.7703  3.5360603D-07   -6.451
  455  1.1454803D+13    261717.6925  3.4112029D-07   -6.467
  456  1.1456119D+13    261687.6217  3.3883576D-07   -6.470
  457  1.1457435D+13    261657.5577  3.3890932D-07   -6.470
  458  1.1457435D+13    261657.5577  3.3890932D-07   -6.470
  459  1.1992689D+13    249979.3445  3.6996616D-07   -6.432
  460  1.2552948D+13    238822.3494  4.0385480D-07   -6.394
  461  1.2552948D+13    238822.3494  4.0385480D-07   -6.394
  462  1.2554391D+13    238794.8966  4.0394652D-07   -6.394
  463  1.2555834D+13    238767.4500  4.0877212D-07   -6.389
  464  1.2557278D+13    238740.0098  4.2870679D-07   -6.368
  465  1.2558721D+13    238712.5759  4.0897411D-07   -6.388
  466  1.2560164D+13    238685.1483  4.0430310D-07   -6.393
  467  1.2561607D+13    238657.7269  4.0438962D-07   -6.393
  468  1.2561607D+13    238657.7269  4.0438962D-07   -6.393
  469  1.2677841D+13    236469.6532  4.1160159D-07   -6.386
  470  1.2677841D+13    236469.6532  4.1160160D-07   -6.386
  471  1.2679298D+13    236442.4708  4.1169352D-07   -6.385
  472  1.2680756D+13    236415.2946  4.1398790D-07   -6.383
  473  1.2682213D+13    236388.1247  4.2783491D-07   -6.369
  474  1.2683671D+13    236360.9611  4.1418129D-07   -6.383
  475  1.2685128D+13    236333.8037  4.1205690D-07   -6.385
  476  1.2686586D+13    236306.6525  4.1214664D-07   -6.385
  477  1.2686586D+13    236306.6525  4.1214665D-07   -6.385
  478  1.2840741D+13    233469.7528  4.2181124D-07   -6.375
  479  1.2840741D+13    233469.7528  4.2161767D-07   -6.375
  480  1.3411269D+13    223537.7190  4.5828819D-07   -6.339
  481  1.3411269D+13    223537.7190  4.5828821D-07   -6.339
  482  1.3412811D+13    223512.0232  4.5840275D-07   -6.339
  483  1.3414353D+13    223486.3332  4.7602744D-07   -6.322
  484  1.3415895D+13    223460.6492  5.1795537D-07   -6.286
  485  1.3416606D+13    223448.8023  5.0746124D-07   -6.295
  486  1.3416606D+13    223448.8023  5.0746124D-07   -6.295
  487  1.3417437D+13    223434.9710  4.7629999D-07   -6.322
  488  1.3418149D+13    223423.1166  4.6027764D-07   -6.337
  489  1.3418979D+13    223409.2988  4.5949068D-07   -6.338
  490  1.3419691D+13    223397.4369  4.6838953D-07   -6.329
  491  1.3420520D+13    223383.6324  4.9047783D-07   -6.309
  492  1.3420520D+13    223383.6324  4.9047784D-07   -6.309
  493  1.3421233D+13    223371.7631  4.9829054D-07   -6.303
  494  1.3422776D+13    223346.0951  4.6863574D-07   -6.329
  495  1.3424318D+13    223320.4331  4.5914996D-07   -6.338
  496  1.3425861D+13    223294.7770  4.5924518D-07   -6.338
  497  1.3425861D+13    223294.7770  4.5924516D-07   -6.338
  498  1.3514244D+13    221834.4258  4.6506214D-07   -6.332
  499  1.3514244D+13    221834.4258  4.6506212D-07   -6.332
  500  1.3515413D+13    221815.2343  4.6718208D-07   -6.331
  501  1.3516583D+13    221796.0462  5.3143454D-07   -6.275
  502  1.3517752D+13    221776.8614  4.6734421D-07   -6.330
  503  1.3518921D+13    221757.6799  4.6537092D-07   -6.332
  504  1.3518921D+13    221757.6799  4.6537092D-07   -6.332
  505  1.3717353D+13    218549.7819  4.7856211D-07   -6.320
  506  1.3717353D+13    218549.7819  4.7856210D-07   -6.320
  507  1.3718930D+13    218524.6594  4.7866858D-07   -6.320
  508  1.3720507D+13    218499.5427  4.8069260D-07   -6.318
  509  1.3722084D+13    218474.4317  4.9495064D-07   -6.305
  510  1.3723661D+13    218449.3265  4.8091412D-07   -6.318
  511  1.3725238D+13    218424.2271  4.7909084D-07   -6.320
  512  1.3726815D+13    218399.1335  4.7919551D-07   -6.319
  513  1.3726815D+13    218399.1335  4.7919551D-07   -6.319
  514  1.4321507D+13    209330.2463  5.1980628D-07   -6.284
  515  1.4321507D+13    209330.2463  5.1980629D-07   -6.284
  516  1.4323153D+13    209306.1836  5.1992340D-07   -6.284
  517  1.4324800D+13    209282.1264  5.2476954D-07   -6.280
  518  1.4326446D+13    209258.0748  5.4821561D-07   -6.261
  519  1.4328093D+13    209234.0286  5.2502263D-07   -6.280
  520  1.4329739D+13    209209.9881  5.2038205D-07   -6.284
  521  1.4331386D+13    209185.9530  5.2049420D-07   -6.284
  522  1.4331386D+13    209185.9530  5.2049420D-07   -6.284
  523  1.4604872D+13    205268.7962  5.3971069D-07   -6.268
  524  1.4604872D+13    205268.7962  5.3971068D-07   -6.268
  525  1.4606551D+13    205245.2003  5.3983039D-07   -6.268
  526  1.4608230D+13    205221.6099  5.4143173D-07   -6.266
  527  1.4609910D+13    205198.0249  5.5455522D-07   -6.256
  528  1.4609910D+13    205198.0249  5.5455521D-07   -6.256
  529  1.4609910D+13    205198.0249  5.5451984D-07   -6.256
  530  1.4611589D+13    205174.4454  5.4156881D-07   -6.266
  531  1.4613268D+13    205150.8712  5.4018349D-07   -6.267
  532  1.4614947D+13    205127.3025  5.4030178D-07   -6.267
  533  1.4614947D+13    205127.3025  5.4030180D-07   -6.267
  534  1.5156411D+13    197799.1134  5.7933552D-07   -6.237
  535  1.5717935D+13    190732.7244  6.2118208D-07   -6.207
  536  1.5717935D+13    190732.7244  6.2118208D-07   -6.207
  537  1.5719742D+13    190710.7995  6.2140531D-07   -6.207
  538  1.5721549D+13    190688.8796  6.9692010D-07   -6.157
  539  1.5723356D+13    190666.9648  8.5916937D-07   -6.066
  540  1.5725163D+13    190645.0550  6.9737114D-07   -6.157
  541  1.5726970D+13    190623.1503  6.2195388D-07   -6.206
  542  1.5728777D+13    190601.2506  6.2200370D-07   -6.206
  543  1.5728777D+13    190601.2506  6.2200372D-07   -6.206
  544  1.5787245D+13    189895.3580  6.2644344D-07   -6.203
  545  1.5787245D+13    189895.3580  6.2644344D-07   -6.203
  546  1.5789060D+13    189873.5294  6.2658377D-07   -6.203
  547  1.5790875D+13    189851.7058  6.3114967D-07   -6.200
  548  1.5792690D+13    189829.8871  6.5679901D-07   -6.183
  549  1.5794505D+13    189808.0736  6.3144847D-07   -6.200
  550  1.5796320D+13    189786.2650  6.2713616D-07   -6.203
  551  1.5798135D+13    189764.4614  6.2727201D-07   -6.203
  552  1.5798135D+13    189764.4614  6.2727200D-07   -6.203
  553  1.6087976D+13    186345.6630  6.4951617D-07   -6.187
  554  1.6087976D+13    186345.6630  6.4951618D-07   -6.187
  555  1.6089368D+13    186329.5418  6.4954371D-07   -6.187
  556  1.6090760D+13    186313.4234  6.2562423D-07   -6.204
  557  1.6092152D+13    186297.3077  6.4975912D-07   -6.187
  558  1.6093544D+13    186281.1948  6.4994709D-07   -6.187
  559  1.6093544D+13    186281.1948  6.4994708D-07   -6.187
  560  1.6095166D+13    186262.4262  6.5007261D-07   -6.187
  561  1.6095166D+13    186262.4262  6.5007260D-07   -6.187
  562  1.6097016D+13    186241.0151  6.5022160D-07   -6.187
  563  1.6098866D+13    186219.6090  6.6027990D-07   -6.180
  564  1.6100717D+13    186198.2078  6.9861171D-07   -6.156
  565  1.6102567D+13    186176.8115  6.6061404D-07   -6.180
  566  1.6104417D+13    186155.4202  6.5079481D-07   -6.187
  567  1.6106268D+13    186134.0337  6.5093233D-07   -6.186
  568  1.6106268D+13    186134.0337  6.5093233D-07   -6.186
  569  1.6559175D+13    181043.1167  6.8646361D-07   -6.163
  570  1.6559175D+13    181043.1167  6.8646362D-07   -6.163
  571  1.6560607D+13    181027.4542  6.8657216D-07   -6.163
  572  1.6562040D+13    181011.7944  6.8506127D-07   -6.164
  573  1.6563473D+13    180996.1374  6.8679982D-07   -6.163
  574  1.6564905D+13    180980.4830  6.8691895D-07   -6.163
  575  1.6564905D+13    180980.4830  6.8691896D-07   -6.163
  576  1.6771580D+13    178750.2795  7.0343567D-07   -6.153
  577  1.6771580D+13    178750.2795  7.0338150D-07   -6.153
  578  1.7015548D+13    176187.3648  7.2311508D-07   -6.141
  579  1.7015548D+13    176187.3648  7.2311509D-07   -6.141
  580  1.7017504D+13    176167.1119  7.2327631D-07   -6.141
  581  1.7019460D+13    176146.8636  7.2731880D-07   -6.138
  582  1.7021417D+13    176126.6200  7.5348074D-07   -6.123
  583  1.7023373D+13    176106.3811  7.2765777D-07   -6.138
  584  1.7025329D+13    176086.1468  7.2391358D-07   -6.140
  585  1.7027285D+13    176065.9172  7.2407099D-07   -6.140
  586  1.7027285D+13    176065.9172  7.2407099D-07   -6.140
  587  1.7365257D+13    172639.2296  7.5185297D-07   -6.124
  588  1.7365257D+13    172639.2296  7.5185295D-07   -6.124
  589  1.7366759D+13    172624.2941  7.5568745D-07   -6.122
  590  1.7368262D+13    172609.3612  8.5661807D-07   -6.067
  591  1.7369764D+13    172594.4310  7.5595175D-07   -6.122
  592  1.7371267D+13    172579.5033  7.5235148D-07   -6.124
  593  1.7371267D+13    172579.5033  7.5235149D-07   -6.124
  594  1.7748977D+13    168906.8951  7.8399651D-07   -6.106
  595  1.7748977D+13    168906.8951  7.8399650D-07   -6.106
  596  1.7751017D+13    168887.4791  7.8418301D-07   -6.106
  597  1.7753058D+13    168868.0676  8.0492969D-07   -6.094
  598  1.7755098D+13    168848.6605  8.6653113D-07   -6.062
  599  1.7757139D+13    168829.2579  8.0536627D-07   -6.094
  600  1.7759179D+13    168809.8598  7.8487386D-07   -6.105
  601  1.7761220D+13    168790.4661  7.8503256D-07   -6.105
  602  1.7761220D+13    168790.4661  7.8503259D-07   -6.105
  603  1.8055061D+13    166043.4497  8.1009403D-07   -6.091
  604  1.8055061D+13    166043.4497  8.1009403D-07   -6.091
  605  1.8057136D+13    166024.3629  8.1027389D-07   -6.091
  606  1.8059212D+13    166005.2804  8.1356249D-07   -6.090
  607  1.8061288D+13    165986.2024  8.3823474D-07   -6.077
  608  1.8063364D+13    165967.1287  8.1393646D-07   -6.089
  609  1.8065439D+13    165948.0594  8.1098754D-07   -6.091
  610  1.8067515D+13    165928.9945  8.1116448D-07   -6.091
  611  1.8067515D+13    165928.9945  8.1116450D-07   -6.091
  612  1.8256091D+13    164215.0369  8.2745497D-07   -6.082
  613  1.8256091D+13    164215.0369  8.2745496D-07   -6.082
  614  1.8258189D+13    164196.1603  8.2764250D-07   -6.082
  615  1.8260288D+13    164177.2879  8.3755964D-07   -6.077
  616  1.8262387D+13    164158.4200  8.8151314D-07   -6.055
  617  1.8264486D+13    164139.5563  8.3797198D-07   -6.077
  618  1.8266585D+13    164120.6970  8.2837143D-07   -6.082
  619  1.8268683D+13    164101.8420  8.2854830D-07   -6.082
  620  1.8268683D+13    164101.8420  8.2854830D-07   -6.082
  621  1.8484292D+13    162187.6908  8.4737420D-07   -6.072
  622  1.8484292D+13    162187.6908  8.4737419D-07   -6.072
  623  1.8486417D+13    162169.0472  8.4759566D-07   -6.072
  624  1.8488542D+13    162150.4078  8.8895181D-07   -6.051
  625  1.8490667D+13    162131.7728  9.8749121D-07   -6.005
  626  1.8492792D+13    162113.1420  8.8947815D-07   -6.051
  627  1.8494917D+13    162094.5155  8.4834240D-07   -6.071
  628  1.8497042D+13    162075.8933  8.4849377D-07   -6.071
  629  1.8497042D+13    162075.8933  8.4849377D-07   -6.071
  630  1.8942580D+13    158263.7951  8.8805696D-07   -6.052
  631  1.8942580D+13    158263.7951  8.8805693D-07   -6.052
  632  1.8944758D+13    158245.6025  8.8825351D-07   -6.051
  633  1.8946935D+13    158227.4141  8.9069267D-07   -6.050
  634  1.8949113D+13    158209.2299  9.1172295D-07   -6.040
  635  1.8951291D+13    158191.0499  8.9109712D-07   -6.050
  636  1.8953468D+13    158172.8740  8.8903564D-07   -6.051
  637  1.8955646D+13    158154.7024  8.8923016D-07   -6.051
  638  1.8955646D+13    158154.7024  8.8923013D-07   -6.051
  639  1.9451063D+13    154126.5165  9.3425656D-07   -6.030
  640  1.9451063D+13    154126.5165  9.3427867D-07   -6.030
  641  2.0024649D+13    149711.7146  9.8773077D-07   -6.005
  642  2.0024649D+13    149711.7146  9.8773078D-07   -6.005
  643  2.0026951D+13    149694.5051  9.8795291D-07   -6.005
  644  2.0029254D+13    149677.2996  9.9721555D-07   -6.001
  645  2.0031556D+13    149660.0980  1.0441809D-06   -5.981
  646  2.0033858D+13    149642.9003  9.9769578D-07   -6.001
  647  2.0036160D+13    149625.7067  9.8882275D-07   -6.005
  648  2.0038462D+13    149608.5169  9.8903546D-07   -6.005
  649  2.0038462D+13    149608.5169  9.8903544D-07   -6.005
  650  2.1124733D+13    141915.3814  1.0942131D-06   -5.961
  651  2.1124733D+13    141915.3814  1.0942131D-06   -5.961
  652  2.1127162D+13    141899.0681  1.0944669D-06   -5.961
  653  2.1129590D+13    141882.7585  1.1159624D-06   -5.952
  654  2.1132019D+13    141866.4527  1.1908727D-06   -5.924
  655  2.1134448D+13    141850.1506  1.1165440D-06   -5.952
  656  2.1136876D+13    141833.8523  1.0954306D-06   -5.960
  657  2.1139305D+13    141817.5578  1.0956585D-06   -5.960
  658  2.1139305D+13    141817.5578  1.0956586D-06   -5.960
  659  2.1490388D+13    139500.7222  1.1307603D-06   -5.947
  660  2.1490388D+13    139500.7222  1.1307603D-06   -5.947
  661  2.1492858D+13    139484.6864  1.1310132D-06   -5.947
  662  2.1495329D+13    139468.6544  1.1391794D-06   -5.943
  663  2.1497799D+13    139452.6260  1.1866386D-06   -5.926
  664  2.1500270D+13    139436.6013  1.1397181D-06   -5.943
  665  2.1502741D+13    139420.5803  1.1320091D-06   -5.946
  666  2.1505211D+13    139404.5630  1.1322541D-06   -5.946
  667  2.1505211D+13    139404.5630  1.1322541D-06   -5.946
  668  2.2718690D+13    131958.5118  1.2577394D-06   -5.900
  669  2.2718690D+13    131958.5118  1.2577394D-06   -5.900
  670  2.2721302D+13    131943.3431  1.2580195D-06   -5.900
  671  2.2723914D+13    131928.1778  1.2647168D-06   -5.898
  672  2.2726526D+13    131913.0160  1.3103594D-06   -5.883
  673  2.2729138D+13    131897.8577  1.2653055D-06   -5.898
  674  2.2731750D+13    131882.7029  1.2591275D-06   -5.900
  675  2.2734361D+13    131867.5516  1.2594014D-06   -5.900
  676  2.2734361D+13    131867.5516  1.2594013D-06   -5.900
  677  2.2827984D+13    131326.7360  1.2693520D-06   -5.896
  678  2.2827984D+13    131326.7360  1.2694726D-06   -5.896
  679  2.2831544D+13    131306.2554  1.2698518D-06   -5.896
  680  2.2831544D+13    131306.2554  1.2698518D-06   -5.896
  681  2.2833520D+13    131294.8958  1.2775471D-06   -5.894
  682  2.2835495D+13    131283.5381  1.4899686D-06   -5.827
  683  2.2837470D+13    131272.1824  1.2779984D-06   -5.893
  684  2.2839446D+13    131260.8287  1.2706935D-06   -5.896
  685  2.2839446D+13    131260.8287  1.2706935D-06   -5.896
  686  2.3758203D+13    126184.8198  1.3703890D-06   -5.863
  687  2.3758203D+13    126184.8198  1.3703890D-06   -5.863
  688  2.3760934D+13    126170.3147  1.3706930D-06   -5.863
  689  2.3763666D+13    126155.8130  1.3757139D-06   -5.861
  690  2.3766397D+13    126141.3146  1.4162530D-06   -5.849
  691  2.3769128D+13    126126.8196  1.3763452D-06   -5.861
  692  2.3771860D+13    126112.3278  1.3719005D-06   -5.863
  693  2.3774591D+13    126097.8394  1.3722001D-06   -5.863
  694  2.3774591D+13    126097.8394  1.3722001D-06   -5.863
  695  2.3803293D+13    125945.7935  1.3753748D-06   -5.862
  696  2.3803293D+13    125945.7935  1.3753748D-06   -5.862
  697  2.3806029D+13    125931.3160  1.3756890D-06   -5.861
  698  2.3808766D+13    125916.8417  1.3960666D-06   -5.855
  699  2.3811502D+13    125902.3708  1.4796106D-06   -5.830
  700  2.3814239D+13    125887.9032  1.3967717D-06   -5.855
  701  2.3816975D+13    125873.4389  1.3769010D-06   -5.861
  702  2.3819712D+13    125858.9779  1.3771925D-06   -5.861
  703  2.3819712D+13    125858.9779  1.3771925D-06   -5.861
  704  2.4187434D+13    123945.5406  1.4182042D-06   -5.848
  705  2.4187434D+13    123945.5406  1.4182042D-06   -5.848
  706  2.4190215D+13    123931.2929  1.4185494D-06   -5.848
  707  2.4192995D+13    123917.0485  1.4648331D-06   -5.834
  708  2.4195776D+13    123902.8074  1.5962023D-06   -5.797
  709  2.4198557D+13    123888.5696  1.4656577D-06   -5.834
  710  2.4201337D+13    123874.3350  1.4197994D-06   -5.848
  711  2.4204118D+13    123860.1037  1.4200787D-06   -5.848
  712  2.4204118D+13    123860.1037  1.4200787D-06   -5.848
  713  2.4217263D+13    123792.8740  1.4215564D-06   -5.847
  714  2.4217263D+13    123792.8740  1.4215564D-06   -5.847
  715  2.4220047D+13    123778.6439  1.4221137D-06   -5.847
  716  2.4222831D+13    123764.4171  1.6455728D-06   -5.784
  717  2.4225615D+13    123750.1935  2.1949763D-06   -5.659
  718  2.4228399D+13    123735.9732  1.6466608D-06   -5.783
  719  2.4231184D+13    123721.7562  1.4233693D-06   -5.847
  720  2.4233968D+13    123707.5424  1.4234353D-06   -5.847
  721  2.4233968D+13    123707.5424  1.4234353D-06   -5.847
  722  2.4237390D+13    123690.0766  1.4238203D-06   -5.847
  723  2.4237390D+13    123690.0766  1.4238204D-06   -5.847
  724  2.4239487D+13    123679.3759  1.4261947D-06   -5.846
  725  2.4241584D+13    123668.6770  1.6046457D-06   -5.795
  726  2.4243681D+13    123657.9799  1.4266764D-06   -5.846
  727  2.4245778D+13    123647.2848  1.4247644D-06   -5.846
  728  2.4245778D+13    123647.2848  1.4247644D-06   -5.846
  729  2.4645722D+13    121640.7681  1.4701256D-06   -5.833
  730  2.4645722D+13    121640.7681  1.4701255D-06   -5.833
  731  2.4648556D+13    121626.7854  1.4704508D-06   -5.833
  732  2.4651389D+13    121612.8059  1.4739249D-06   -5.832
  733  2.4654222D+13    121598.8296  1.5060438D-06   -5.822
  734  2.4657056D+13    121584.8565  1.4745931D-06   -5.831
  735  2.4659889D+13    121570.8867  1.4717464D-06   -5.832
  736  2.4662722D+13    121556.9200  1.4720688D-06   -5.832
  737  2.4662722D+13    121556.9200  1.4720688D-06   -5.832
  738  2.5964218D+13    115463.6978  1.6244950D-06   -5.789
  739  2.5964218D+13    115463.6978  1.6244950D-06   -5.789
  740  2.5967203D+13    115450.4252  1.6248627D-06   -5.789
  741  2.5970188D+13    115437.1556  1.6432864D-06   -5.784
  742  2.5973172D+13    115423.8890  1.7301870D-06   -5.762
  743  2.5976157D+13    115410.6255  1.6440961D-06   -5.784
  744  2.5979142D+13    115397.3651  1.6262946D-06   -5.789
  745  2.5982127D+13    115384.1077  1.6266428D-06   -5.789
  746  2.5982127D+13    115384.1077  1.6266428D-06   -5.789
  747  2.6494100D+13    113154.4239  1.6886140D-06   -5.772
  748  2.6494100D+13    113154.4239  1.6886141D-06   -5.772
  749  2.6497145D+13    113141.4167  1.6890754D-06   -5.772
  750  2.6500191D+13    113128.4125  1.7878337D-06   -5.748
  751  2.6503237D+13    113115.4113  2.0403789D-06   -5.690
  752  2.6506283D+13    113102.4130  1.7889312D-06   -5.747
  753  2.6509329D+13    113089.4178  1.6905649D-06   -5.772
  754  2.6512375D+13    113076.4255  1.6908467D-06   -5.772
  755  2.6512375D+13    113076.4255  1.6908467D-06   -5.772
  756  2.7167187D+13    110350.9379  1.7717757D-06   -5.752
  757  2.7167187D+13    110350.9379  1.7720490D-06   -5.752
  758  2.7544964D+13    108837.4856  1.8195690D-06   -5.740
  759  2.7544964D+13    108837.4856  1.8195689D-06   -5.740
  760  2.7547347D+13    108828.0697  1.8198799D-06   -5.740
  761  2.7549730D+13    108818.6556  1.8253430D-06   -5.739
  762  2.7552113D+13    108809.2430  1.8204835D-06   -5.740
  763  2.7554496D+13    108799.8321  1.8207759D-06   -5.740
  764  2.7554496D+13    108799.8321  1.8207759D-06   -5.740
  765  2.7732776D+13    108100.4129  1.8434176D-06   -5.734
  766  2.7732776D+13    108100.4129  1.8434176D-06   -5.734
  767  2.7735965D+13    108087.9866  1.8438319D-06   -5.734
  768  2.7739153D+13    108075.5633  1.8598699D-06   -5.731
  769  2.7742341D+13    108063.1427  1.9467588D-06   -5.711
  770  2.7745530D+13    108050.7251  1.8607674D-06   -5.730
  771  2.7748718D+13    108038.3102  1.8454569D-06   -5.734
  772  2.7751906D+13    108025.8983  1.8458551D-06   -5.734
  773  2.7751906D+13    108025.8983  1.8458550D-06   -5.734
  774  2.8525141D+13    105097.6236  1.9456678D-06   -5.711
  775  2.8525141D+13    105097.6236  1.9456679D-06   -5.711
  776  2.8528421D+13    105085.5426  1.9461253D-06   -5.711
  777  2.8531700D+13    105073.4643  1.9911109D-06   -5.701
  778  2.8534980D+13    105061.3888  2.1433755D-06   -5.669
  779  2.8538259D+13    105049.3160  1.9921858D-06   -5.701
  780  2.8541538D+13    105037.2461  1.9478407D-06   -5.710
  781  2.8544818D+13    105025.1789  1.9482406D-06   -5.710
  782  2.8544818D+13    105025.1789  1.9482405D-06   -5.710
  783  2.9198515D+13    102673.8729  2.0346364D-06   -5.692
  784  2.9198515D+13    102673.8729  2.0346364D-06   -5.692
  785  2.9201871D+13    102662.0704  2.0350911D-06   -5.691
  786  2.9205228D+13    102650.2707  2.0483895D-06   -5.689
  787  2.9208585D+13    102638.4736  2.1323641D-06   -5.671
  788  2.9211942D+13    102626.6793  2.0493599D-06   -5.688
  789  2.9215299D+13    102614.8877  2.0368847D-06   -5.691
  790  2.9218655D+13    102603.0988  2.0373267D-06   -5.691
  791  2.9218655D+13    102603.0988  2.0373267D-06   -5.691
  792  3.0426818D+13     98529.0222  2.2018103D-06   -5.657
  793  3.0426818D+13     98529.0222  2.2018103D-06   -5.657
  794  3.0430316D+13     98517.6962  2.2023000D-06   -5.657
  795  3.0433814D+13     98506.3728  2.2124702D-06   -5.655
  796  3.0437312D+13     98495.0520  2.2888961D-06   -5.640
  797  3.0440810D+13     98483.7338  2.2135004D-06   -5.655
  798  3.0444308D+13     98472.4182  2.2042409D-06   -5.657
  799  3.0447805D+13     98461.1052  2.2047216D-06   -5.657
  800  3.0447805D+13     98461.1052  2.2047215D-06   -5.657
  801  3.0858159D+13     97151.7625  2.2620105D-06   -5.646
  802  3.0858159D+13     97151.7625  2.2620104D-06   -5.646
  803  3.0860829D+13     97143.3576  2.2745973D-06   -5.643
  804  3.0863499D+13     97134.9542  2.5542756D-06   -5.593
  805  3.0866169D+13     97126.5523  2.2754112D-06   -5.643
  806  3.0868839D+13     97118.1518  2.2635107D-06   -5.645
  807  3.0868839D+13     97118.1518  2.2635108D-06   -5.645
  808  3.0879501D+13     97084.6185  2.2650092D-06   -5.645
  809  3.0879501D+13     97084.6185  2.2650091D-06   -5.645
  810  3.0882173D+13     97076.2195  2.2688431D-06   -5.644
  811  3.0884844D+13     97067.8219  2.5631707D-06   -5.591
  812  3.0887516D+13     97059.4258  2.2696120D-06   -5.644
  813  3.0890188D+13     97051.0311  2.2665115D-06   -5.645
  814  3.0890188D+13     97051.0311  2.2665115D-06   -5.645
  815  3.1466330D+13     95274.0455  2.3482088D-06   -5.629
  816  3.1466330D+13     95274.0455  2.3482088D-06   -5.629
  817  3.1469948D+13     95263.0937  2.3487292D-06   -5.629
  818  3.1473565D+13     95252.1444  2.3558330D-06   -5.628
  819  3.1477183D+13     95241.1976  2.4189179D-06   -5.616
  820  3.1480800D+13     95230.2533  2.3569131D-06   -5.628
  821  3.1484418D+13     95219.3115  2.3507991D-06   -5.629
  822  3.1488035D+13     95208.3723  2.3513136D-06   -5.629
  823  3.1488035D+13     95208.3723  2.3513136D-06   -5.629
  824  3.1900898D+13     93976.1820  2.4107462D-06   -5.618
  825  3.1900898D+13     93976.1820  2.4107462D-06   -5.618
  826  3.1904565D+13     93965.3793  2.4113020D-06   -5.618
  827  3.1908233D+13     93954.5792  2.4528616D-06   -5.610
  828  3.1911900D+13     93943.7815  2.6145771D-06   -5.583
  829  3.1915568D+13     93932.9863  2.4541417D-06   -5.610
  830  3.1919235D+13     93922.1936  2.4134274D-06   -5.617
  831  3.1922903D+13     93911.4033  2.4139339D-06   -5.617
  832  3.1922903D+13     93911.4033  2.4139338D-06   -5.617
  833  3.2353849D+13     92660.5224  2.4767666D-06   -5.606
  834  3.2353849D+13     92660.5224  2.4767666D-06   -5.606
  835  3.2357569D+13     92649.8710  2.4773142D-06   -5.606
  836  3.2361288D+13     92639.2220  2.4819756D-06   -5.605
  837  3.2365008D+13     92628.5755  2.5280346D-06   -5.597
  838  3.2368727D+13     92617.9315  2.4830987D-06   -5.605
  839  3.2372447D+13     92607.2898  2.4794975D-06   -5.606
  840  3.2376167D+13     92596.6507  2.4800415D-06   -5.606
  841  3.2376167D+13     92596.6507  2.4800416D-06   -5.606
  842  3.2870773D+13     91203.3498  2.5531548D-06   -5.593
  843  3.2870773D+13     91203.3498  2.5531363D-06   -5.593
  844  3.2872296D+13     91199.1222  2.5533631D-06   -5.593
  845  3.2872296D+13     91199.1222  2.5538909D-06   -5.593
  846  3.4202227D+13     87652.9064  2.7555607D-06   -5.560
  847  3.4202227D+13     87652.9064  2.7555607D-06   -5.560
  848  3.4206159D+13     87642.8306  2.7562454D-06   -5.560
  849  3.4210091D+13     87632.7572  2.8571562D-06   -5.544
  850  3.4214023D+13     87622.6860  3.1565118D-06   -5.501
  851  3.4217955D+13     87612.6172  2.8588300D-06   -5.544
  852  3.4221887D+13     87602.5507  2.7586757D-06   -5.559
  853  3.4225819D+13     87592.4865  2.7592045D-06   -5.559
  854  3.4225819D+13     87592.4865  2.7592046D-06   -5.559
  855  3.4579457D+13     86696.6929  2.8141012D-06   -5.551
  856  3.4579457D+13     86696.6929  2.8141012D-06   -5.551
  857  3.4583433D+13     86686.7270  2.8147418D-06   -5.551
  858  3.4587408D+13     86676.7635  2.8518493D-06   -5.545
  859  3.4591383D+13     86666.8022  3.0155386D-06   -5.521
  860  3.4595359D+13     86656.8432  2.8532952D-06   -5.545
  861  3.4599334D+13     86646.8865  2.8172230D-06   -5.550
  862  3.4603310D+13     86636.9321  2.8178226D-06   -5.550
  863  3.4603310D+13     86636.9321  2.8178226D-06   -5.550
  864  3.6421909D+13     82311.0232  3.1085043D-06   -5.507
  865  3.6421909D+13     82311.0232  3.1085124D-06   -5.507
  866  3.6740382D+13     81597.5339  3.1608266D-06   -5.500
  867  3.6740382D+13     81597.5339  3.1608265D-06   -5.500
  868  3.6744606D+13     81588.1542  3.1615400D-06   -5.500
  869  3.6748830D+13     81578.7766  3.1937193D-06   -5.496
  870  3.6753054D+13     81569.4012  3.3552063D-06   -5.474
  871  3.6757277D+13     81560.0280  3.1952996D-06   -5.495
  872  3.6761501D+13     81550.6569  3.1643275D-06   -5.500
  873  3.6765725D+13     81541.2879  3.1650076D-06   -5.500
  874  3.6765725D+13     81541.2879  3.1650075D-06   -5.500
  875  3.8508941D+13     77850.0916  3.4589725D-06   -5.461
  876  3.8508941D+13     77850.0916  3.4589725D-06   -5.461
  877  3.8513368D+13     77841.1426  3.4597482D-06   -5.461
  878  3.8517795D+13     77832.1958  3.4863959D-06   -5.458
  879  3.8522222D+13     77823.2509  3.6408610D-06   -5.439
  880  3.8526650D+13     77814.3082  3.4880842D-06   -5.457
  881  3.8531077D+13     77805.3675  3.4627993D-06   -5.461
  882  3.8535504D+13     77796.4288  3.4635490D-06   -5.460
  883  3.8535504D+13     77796.4288  3.4635490D-06   -5.460
  884  3.9905369D+13     75125.8452  3.7035053D-06   -5.431
  885  3.9905369D+13     75125.8452  3.7035053D-06   -5.431
  886  3.9909957D+13     75117.2094  3.7043853D-06   -5.431
  887  3.9914544D+13     75108.5756  3.7987863D-06   -5.420
  888  3.9919132D+13     75099.9438  4.1200195D-06   -5.385
  889  3.9923720D+13     75091.3140  3.8009230D-06   -5.420
  890  3.9928307D+13     75082.6861  3.7076536D-06   -5.431
  891  3.9932895D+13     75074.0603  3.7084063D-06   -5.431
  892  3.9932895D+13     75074.0603  3.7084064D-06   -5.431
  893  3.9935198D+13     75069.7312  3.7088164D-06   -5.431
  894  3.9935198D+13     75069.7312  3.7088164D-06   -5.431
  895  3.9939789D+13     75061.1018  3.7098384D-06   -5.431
  896  3.9944380D+13     75052.4745  3.9446148D-06   -5.404
  897  3.9948971D+13     75043.8491  4.6594533D-06   -5.332
  898  3.9953562D+13     75035.2257  3.9471182D-06   -5.404
  899  3.9958154D+13     75026.6043  3.7131140D-06   -5.430
  900  3.9962745D+13     75017.9849  3.7137244D-06   -5.430
  901  3.9962745D+13     75017.9849  3.7137244D-06   -5.430
  902  3.9974679D+13     74995.5882  3.7158517D-06   -5.430
  903  3.9974679D+13     74995.5882  3.7158517D-06   -5.430
  904  3.9979275D+13     74986.9674  3.7166806D-06   -5.430
  905  3.9983870D+13     74978.3486  3.7371810D-06   -5.427
  906  3.9988466D+13     74969.7317  3.8792513D-06   -5.411
  907  3.9993062D+13     74961.1169  3.7389546D-06   -5.427
  908  3.9997657D+13     74952.5040  3.7199589D-06   -5.429
  909  4.0002253D+13     74943.8931  3.7207691D-06   -5.429
  910  4.0002253D+13     74943.8931  3.7207690D-06   -5.429
  911  4.0163399D+13     74643.1986  3.7495688D-06   -5.426
  912  4.0163399D+13     74643.1986  3.7495688D-06   -5.426
  913  4.0168017D+13     74634.6183  3.7506263D-06   -5.426
  914  4.0172634D+13     74626.0400  4.4473477D-06   -5.352
  915  4.0177251D+13     74617.4636  6.5994031D-06   -5.180
  916  4.0181869D+13     74608.8892  4.4503369D-06   -5.352
  917  4.0186486D+13     74600.3168  3.7539474D-06   -5.426
  918  4.0191103D+13     74591.7464  3.7545308D-06   -5.425
  919  4.0191103D+13     74591.7464  3.7545307D-06   -5.425
  920  4.0196801D+13     74581.1729  3.7555517D-06   -5.425
  921  4.0196801D+13     74581.1729  3.7555517D-06   -5.425
  922  4.0200279D+13     74574.7207  3.7620329D-06   -5.425
  923  4.0203757D+13     74568.2696  4.2821204D-06   -5.368
  924  4.0207235D+13     74561.8197  3.7633130D-06   -5.424
  925  4.0210712D+13     74555.3708  3.7580449D-06   -5.425
  926  4.0210712D+13     74555.3708  3.7580449D-06   -5.425
  927  4.0301926D+13     74386.6327  3.7744114D-06   -5.423
  928  4.0301926D+13     74386.6327  3.7744115D-06   -5.423
  929  4.0304251D+13     74382.3424  3.7748193D-06   -5.423
  930  4.0306575D+13     74378.0525  3.7545542D-06   -5.425
  931  4.0308900D+13     74373.7631  3.5377083D-06   -5.451
  932  4.0311225D+13     74369.4742  3.7553875D-06   -5.425
  933  4.0313549D+13     74365.1858  3.7764898D-06   -5.423
  934  4.0315874D+13     74360.8979  3.7769172D-06   -5.423
  935  4.0315874D+13     74360.8979  3.7769172D-06   -5.423
  936  4.0581201D+13     73874.7134  3.8247349D-06   -5.417
  937  4.0581201D+13     73874.7134  3.8247686D-06   -5.417
  938  4.0583082D+13     73871.2890  3.8251087D-06   -5.417
  939  4.0583082D+13     73871.2890  3.8261195D-06   -5.417
  940  4.0845000D+13     73397.5904  3.8736184D-06   -5.412
  941  4.0845000D+13     73397.5904  3.8736373D-06   -5.412
  942  4.1083000D+13     72972.3871  3.9170430D-06   -5.407
  943  4.1083000D+13     72972.3871  3.9171001D-06   -5.407
  944  4.1202982D+13     72759.8933  3.9390706D-06   -5.405
  945  4.1202982D+13     72759.8933  3.9390705D-06   -5.405
  946  4.1207719D+13     72751.5295  3.9399454D-06   -5.405
  947  4.1212456D+13     72743.1676  3.9541859D-06   -5.403
  948  4.1217193D+13     72734.8076  4.0751061D-06   -5.390
  949  4.1221930D+13     72726.4496  3.9560262D-06   -5.403
  950  4.1226666D+13     72718.0934  3.9434209D-06   -5.404
  951  4.1231403D+13     72709.7392  3.9442834D-06   -5.404
  952  4.1231403D+13     72709.7392  3.9442835D-06   -5.404
  953  4.1602647D+13     72060.9102  4.0126805D-06   -5.397
  954  4.1602647D+13     72060.9102  4.0126805D-06   -5.397
  955  4.1606246D+13     72054.6761  4.0160156D-06   -5.396
  956  4.1609845D+13     72048.4430  4.4144999D-06   -5.355
  957  4.1613445D+13     72042.2110  4.0173638D-06   -5.396
  958  4.1617044D+13     72035.9800  4.0153444D-06   -5.396
  959  4.1617044D+13     72035.9800  4.0153445D-06   -5.396
  960  4.2242495D+13     70969.4017  4.1318892D-06   -5.384
  961  4.2242495D+13     70969.4017  4.1318893D-06   -5.384
  962  4.2247351D+13     70961.2437  4.1328043D-06   -5.384
  963  4.2252208D+13     70953.0876  4.1419966D-06   -5.383
  964  4.2257064D+13     70944.9333  4.2338178D-06   -5.373
  965  4.2261920D+13     70936.7809  4.1438922D-06   -5.383
  966  4.2266777D+13     70928.6304  4.1364501D-06   -5.383
  967  4.2271633D+13     70920.4818  4.1373579D-06   -5.383
  968  4.2271633D+13     70920.4818  4.1373579D-06   -5.383
  969  4.3130014D+13     69509.0103  4.3000126D-06   -5.367
  970  4.3130014D+13     69509.0103  4.3000125D-06   -5.367
  971  4.3134972D+13     69501.0202  4.3009632D-06   -5.366
  972  4.3139931D+13     69493.0319  4.3069351D-06   -5.366
  973  4.3140528D+13     69492.0699  4.3110661D-06   -5.365
  974  4.3140528D+13     69492.0699  4.3110661D-06   -5.365
  975  4.3144260D+13     69486.0580  4.4206447D-06   -5.355
  976  4.3144889D+13     69485.0455  4.6491705D-06   -5.333
  977  4.3147993D+13     69480.0471  6.6981307D-06   -5.174
  978  4.3149847D+13     69477.0609  5.9144869D-06   -5.228
  979  4.3151725D+13     69474.0372  4.3610071D-06   -5.360
  980  4.3154806D+13     69469.0781  4.3047575D-06   -5.366
  981  4.3155458D+13     69468.0284  4.3048804D-06   -5.366
  982  4.3155458D+13     69468.0284  4.3048804D-06   -5.366
  983  4.3159764D+13     69461.0971  4.3057038D-06   -5.366
  984  4.3159764D+13     69461.0971  4.3057039D-06   -5.366
  985  4.4243077D+13     67760.3100  4.5154013D-06   -5.345
  986  4.4243077D+13     67760.3100  4.5154013D-06   -5.345
  987  4.4248163D+13     67752.5209  4.5164479D-06   -5.345
  988  4.4253249D+13     67744.7336  4.5997901D-06   -5.337
  989  4.4258336D+13     67736.9480  4.9234896D-06   -5.308
  990  4.4263422D+13     67729.1643  4.6022825D-06   -5.337
  991  4.4268508D+13     67721.3823  4.5204332D-06   -5.345
  992  4.4273595D+13     67713.6022  4.5213780D-06   -5.345
  993  4.4273595D+13     67713.6022  4.5213778D-06   -5.345
  994  4.5495879D+13     65894.4203  4.7638561D-06   -5.322
  995  4.5495879D+13     65894.4203  4.7639166D-06   -5.322
  996  4.7618833D+13     62956.7000  5.1994451D-06   -5.284
  997  4.7618833D+13     62956.7000  5.1994449D-06   -5.284
  998  4.7624307D+13     62949.4631  5.2006329D-06   -5.284
  999  4.7629782D+13     62942.2278  5.2725786D-06   -5.278
 1000  4.7635256D+13     62934.9942  5.5902922D-06   -5.253
 1001  4.7640731D+13     62927.7623  5.2753470D-06   -5.278
 1002  4.7646205D+13     62920.5320  5.2052210D-06   -5.284
 1003  4.7651680D+13     62913.3034  5.2063264D-06   -5.283
 1004  4.7651680D+13     62913.3034  5.2063265D-06   -5.283
 1005  5.0297392D+13     59603.9764  5.7748446D-06   -5.238
 1006  5.0297392D+13     59603.9764  5.7748446D-06   -5.238
 1007  5.0303175D+13     59597.1248  5.7761509D-06   -5.238
 1008  5.0308957D+13     59590.2749  5.8373783D-06   -5.234
 1009  5.0314739D+13     59583.4265  6.1400775D-06   -5.212
 1010  5.0320522D+13     59576.5797  5.8403601D-06   -5.234
 1011  5.0326304D+13     59569.7345  5.7812460D-06   -5.238
 1012  5.0332087D+13     59562.8908  5.7824861D-06   -5.238
 1013  5.0332087D+13     59562.8908  5.7824862D-06   -5.238
 1014  5.0711363D+13     59117.4133  5.8663382D-06   -5.232
 1015  5.0711363D+13     59117.4133  5.8663381D-06   -5.232
 1016  5.0717193D+13     59110.6177  5.8677903D-06   -5.232
 1017  5.0723023D+13     59103.8237  6.0786005D-06   -5.216
 1018  5.0728853D+13     59097.0312  6.8211859D-06   -5.166
 1019  5.0734683D+13     59090.2403  6.0823105D-06   -5.216
 1020  5.0740513D+13     59083.4509  5.8729688D-06   -5.231
 1021  5.0746342D+13     59076.6631  5.8741006D-06   -5.231
 1022  5.0746342D+13     59076.6631  5.8741007D-06   -5.231
 1023  5.1360582D+13     58370.1439  6.0112049D-06   -5.221
 1024  5.1360582D+13     58370.1439  6.0112983D-06   -5.221
 1025  5.1362963D+13     58367.4382  6.0118326D-06   -5.221
 1026  5.1362963D+13     58367.4382  6.0138038D-06   -5.221
 1027  5.1669000D+13     58021.7264  6.0826975D-06   -5.216
 1028  5.1669000D+13     58021.7264  6.0827405D-06   -5.216
 1029  5.2001000D+13     57651.2871  6.1579018D-06   -5.211
 1030  5.2001000D+13     57651.2871  6.1580198D-06   -5.211
 1031  5.2458317D+13     57148.6989  6.2622730D-06   -5.203
 1032  5.2458317D+13     57148.6989  6.2622730D-06   -5.203
 1033  5.2464348D+13     57142.1296  6.2636788D-06   -5.203
 1034  5.2470379D+13     57135.5619  6.3137499D-06   -5.200
 1035  5.2476410D+13     57128.9956  6.5960899D-06   -5.181
 1036  5.2482441D+13     57122.4308  6.3168921D-06   -5.199
 1037  5.2488471D+13     57115.8676  6.2692025D-06   -5.203
 1038  5.2494502D+13     57109.3058  6.2705576D-06   -5.203
 1039  5.2494502D+13     57109.3058  6.2705577D-06   -5.203
 1040  5.3689704D+13     55837.9796  6.5471277D-06   -5.184
 1041  5.3689704D+13     55837.9796  6.5471281D-06   -5.184
 1042  5.3694349D+13     55833.1489  6.5577061D-06   -5.183
 1043  5.3698994D+13     55828.3190  7.4039517D-06   -5.131
 1044  5.3703639D+13     55823.4900  6.5599451D-06   -5.183
 1045  5.3708285D+13     55818.6619  6.5514725D-06   -5.184
 1046  5.3708285D+13     55818.6619  6.5514725D-06   -5.184
 1047  5.3711045D+13     55815.7929  6.5521181D-06   -5.184
 1048  5.3711045D+13     55815.7929  6.5521182D-06   -5.184
 1049  5.3715692D+13     55810.9641  6.5574476D-06   -5.183
 1050  5.3720339D+13     55806.1362  7.2164869D-06   -5.142
 1051  5.3724987D+13     55801.3091  6.5596516D-06   -5.183
 1052  5.3729634D+13     55796.4829  6.5564659D-06   -5.183
 1053  5.3729634D+13     55796.4829  6.5564658D-06   -5.183
 1054  5.4226876D+13     55284.8476  6.6732801D-06   -5.176
 1055  5.4226876D+13     55284.8476  6.6732801D-06   -5.176
 1056  5.4233110D+13     55278.4926  6.6747693D-06   -5.176
 1057  5.4239344D+13     55272.1390  6.7135131D-06   -5.173
 1058  5.4245578D+13     55265.7869  6.9728186D-06   -5.157
 1059  5.4251813D+13     55259.4362  6.7167757D-06   -5.173
 1060  5.4258047D+13     55253.0870  6.6806545D-06   -5.175
 1061  5.4264281D+13     55246.7393  6.6821071D-06   -5.175
 1062  5.4264281D+13     55246.7393  6.6821070D-06   -5.175
 1063  5.5692614D+13     53829.8412  7.0233277D-06   -5.153
 1064  5.5692614D+13     53829.8412  7.0233278D-06   -5.153
 1065  5.5699017D+13     53823.6534  7.0248876D-06   -5.153
 1066  5.5705420D+13     53817.4670  7.0518394D-06   -5.152
 1067  5.5711822D+13     53811.2821  7.2777634D-06   -5.138
 1068  5.5718225D+13     53805.0985  7.0551868D-06   -5.151
 1069  5.5724628D+13     53798.9164  7.0310804D-06   -5.153
 1070  5.5731030D+13     53792.7358  7.0326167D-06   -5.153
 1071  5.5731030D+13     53792.7358  7.0326167D-06   -5.153
 1072  5.6920917D+13     52668.2409  7.3232276D-06   -5.135
 1073  5.6920917D+13     52668.2409  7.3232273D-06   -5.135
 1074  5.6927461D+13     52662.1867  7.3248480D-06   -5.135
 1075  5.6934005D+13     52656.1338  7.3416751D-06   -5.134
 1076  5.6940549D+13     52650.0823  7.5182416D-06   -5.124
 1077  5.6947093D+13     52644.0322  7.3450845D-06   -5.134
 1078  5.6953636D+13     52637.9835  7.3313048D-06   -5.135
 1079  5.6960180D+13     52631.9362  7.3329123D-06   -5.135
 1080  5.6960180D+13     52631.9362  7.3329123D-06   -5.135
 1081  5.7960430D+13     51723.6430  7.5816948D-06   -5.120
 1082  5.7960430D+13     51723.6430  7.5816946D-06   -5.120
 1083  5.7967093D+13     51717.6973  7.5833689D-06   -5.120
 1084  5.7973757D+13     51711.7530  7.5934602D-06   -5.120
 1085  5.7980420D+13     51705.8100  7.7128957D-06   -5.113
 1086  5.7987083D+13     51699.8684  7.5969230D-06   -5.119
 1087  5.7993747D+13     51693.9282  7.5900531D-06   -5.120
 1088  5.8000410D+13     51687.9894  7.5917208D-06   -5.120
 1089  5.8000410D+13     51687.9894  7.5917207D-06   -5.120
 1090  5.8419490D+13     51317.1990  7.6971954D-06   -5.114
 1091  5.8419490D+13     51317.1990  7.6971952D-06   -5.114
 1092  5.8426206D+13     51311.3001  7.6990123D-06   -5.114
 1093  5.8432922D+13     51305.4025  7.8787474D-06   -5.104
 1094  5.8439638D+13     51299.5062  8.5973881D-06   -5.066
 1095  5.8446354D+13     51293.6113  7.8833710D-06   -5.103
 1096  5.8453070D+13     51287.7178  7.7058012D-06   -5.113
 1097  5.8459787D+13     51281.8256  7.7073736D-06   -5.113
 1098  5.8459787D+13     51281.8256  7.7073738D-06   -5.113
 1099  5.8478143D+13     51265.7284  7.7120123D-06   -5.113
 1100  5.8478143D+13     51265.7284  7.7121477D-06   -5.113
 1101  5.8847949D+13     50943.5695  7.8058826D-06   -5.108
 1102  5.8847949D+13     50943.5695  7.8058827D-06   -5.108
 1103  5.8854714D+13     50937.7135  7.8076047D-06   -5.107
 1104  5.8861480D+13     50931.8589  7.8140924D-06   -5.107
 1105  5.8868245D+13     50926.0056  7.8865396D-06   -5.103
 1106  5.8875011D+13     50920.1536  7.8176089D-06   -5.107
 1107  5.8881776D+13     50914.3030  7.8144859D-06   -5.107
 1108  5.8888541D+13     50908.4537  7.8162046D-06   -5.107
 1109  5.8888541D+13     50908.4537  7.8162046D-06   -5.107
 1110  6.2924095D+13     47643.5069  8.8722000D-06   -5.052
 1111  6.2924095D+13     47643.5069  8.8722003D-06   -5.052
 1112  6.2929540D+13     47639.3852  8.9327851D-06   -5.049
 1113  6.2934984D+13     47635.2641  1.3374464D-05   -4.874
 1114  6.2940428D+13     47631.1438  8.9360765D-06   -5.049
 1115  6.2945872D+13     47627.0242  8.8780671D-06   -5.052
 1116  6.2945872D+13     47627.0242  8.8780669D-06   -5.052
 1117  6.4122632D+13     46752.9870  9.1978537D-06   -5.036
 1118  6.4122632D+13     46752.9870  9.1978535D-06   -5.036
 1119  6.4130004D+13     46747.6127  9.1999685D-06   -5.036
 1120  6.4137376D+13     46742.2396  9.3530628D-06   -5.029
 1121  6.4144747D+13     46736.8678  1.0033082D-05   -4.999
 1122  6.4152119D+13     46731.4972  9.3583567D-06   -5.029
 1123  6.4159491D+13     46726.1278  9.2080544D-06   -5.036
 1124  6.4166863D+13     46720.7597  9.2099790D-06   -5.036
 1125  6.4166863D+13     46720.7597  9.2099791D-06   -5.036
 1126  6.4380662D+13     46565.6065  9.2686975D-06   -5.033
 1127  6.4380662D+13     46565.6065  9.2686976D-06   -5.033
 1128  6.4388064D+13     46560.2538  9.2708314D-06   -5.033
 1129  6.4395465D+13     46554.9023  9.7600451D-06   -5.011
 1130  6.4402866D+13     46549.5520  1.2078249D-05   -4.918
 1131  6.4410268D+13     46544.2029  9.7664174D-06   -5.010
 1132  6.4417669D+13     46538.8550  9.2789925D-06   -5.032
 1133  6.4425071D+13     46533.5084  9.2809166D-06   -5.032
 1134  6.4425071D+13     46533.5084  9.2809165D-06   -5.032
 1135  6.4434191D+13     46526.9222  9.2834270D-06   -5.032
 1136  6.4434191D+13     46526.9222  9.2834269D-06   -5.032
 1137  6.4439766D+13     46522.8970  9.2882408D-06   -5.032
 1138  6.4445341D+13     46518.8725  9.9450466D-06   -5.002
 1139  6.4450915D+13     46514.8488  9.2913366D-06   -5.032
 1140  6.4456490D+13     46510.8257  9.2895662D-06   -5.032
 1141  6.4456490D+13     46510.8257  9.2895662D-06   -5.032
 1142  6.7086319D+13     44687.5699  1.0027197D-05   -4.999
 1143  6.7086319D+13     44687.5699  1.0031035D-05   -4.999
 1144  6.7130556D+13     44658.1226  1.0043676D-05   -4.998
 1145  6.7130556D+13     44658.1226  1.0043872D-05   -4.998
 1146  6.7452000D+13     44445.3030  1.0135960D-05   -4.994
 1147  6.7452000D+13     44445.3030  1.0136093D-05   -4.994
 1148  6.7951000D+13     44118.9177  1.0279843D-05   -4.988
 1149  6.7951000D+13     44118.9177  1.0280056D-05   -4.988
 1150  6.8460339D+13     43790.6765  1.0427783D-05   -4.982
 1151  6.8460339D+13     43790.6765  1.0427782D-05   -4.982
 1152  6.8468210D+13     43785.6427  1.0430145D-05   -4.982
 1153  6.8476080D+13     43780.6101  1.0557909D-05   -4.976
 1154  6.8483951D+13     43775.5787  1.1183369D-05   -4.951
 1155  6.8491821D+13     43770.5483  1.0563681D-05   -4.976
 1156  6.8499692D+13     43765.5192  1.0439312D-05   -4.981
 1157  6.8507562D+13     43760.4912  1.0441530D-05   -4.981
 1158  6.8507562D+13     43760.4912  1.0441530D-05   -4.981
 1159  6.9782305D+13     42961.1000  1.0815890D-05   -4.966
 1160  6.9782305D+13     42961.1000  1.0815890D-05   -4.966
 1161  6.9786330D+13     42958.6222  1.0817092D-05   -4.966
 1162  6.9790355D+13     42956.1446  1.0861743D-05   -4.964
 1163  6.9794380D+13     42953.6673  1.1509826D-05   -4.939
 1164  6.9798405D+13     42951.1903  1.0864416D-05   -4.964
 1165  6.9802430D+13     42948.7136  1.0821861D-05   -4.966
 1166  6.9806455D+13     42946.2372  1.0823043D-05   -4.966
 1167  6.9806455D+13     42946.2372  1.0823043D-05   -4.966
 1168  7.1054961D+13     42191.6296  1.1195904D-05   -4.951
 1169  7.1054961D+13     42191.6296  1.1195904D-05   -4.951
 1170  7.1061108D+13     42187.9795  1.1204746D-05   -4.951
 1171  7.1067256D+13     42184.3300  1.2257644D-05   -4.912
 1172  7.1073404D+13     42180.6812  1.1208509D-05   -4.950
 1173  7.1079551D+13     42177.0329  1.1203309D-05   -4.951
 1174  7.1079551D+13     42177.0329  1.1203309D-05   -4.951
 1175  7.1836096D+13     41732.8440  1.1432245D-05   -4.942
 1176  7.1836096D+13     41732.8440  1.1432245D-05   -4.942
 1177  7.1844354D+13     41728.0467  1.1434813D-05   -4.942
 1178  7.1852613D+13     41723.2506  1.1540703D-05   -4.938
 1179  7.1860872D+13     41718.4556  1.2112548D-05   -4.917
 1180  7.1869130D+13     41713.6617  1.1546827D-05   -4.938
 1181  7.1877389D+13     41708.8689  1.1444862D-05   -4.941
 1182  7.1885647D+13     41704.0771  1.1447316D-05   -4.941
 1183  7.1885647D+13     41704.0771  1.1447317D-05   -4.941
 1184  7.2219563D+13     41511.2533  1.1549127D-05   -4.937
 1185  7.2219563D+13     41511.2533  1.1549127D-05   -4.937
 1186  7.2225812D+13     41507.6621  1.1546926D-05   -4.938
 1187  7.2232060D+13     41504.0715  1.0517426D-05   -4.978
 1188  7.2238308D+13     41500.4815  1.1550743D-05   -4.937
 1189  7.2244557D+13     41496.8921  1.1556765D-05   -4.937
 1190  7.2244557D+13     41496.8921  1.1556765D-05   -4.937
 1191  7.2390164D+13     41413.4246  1.1601308D-05   -4.935
 1192  7.2390164D+13     41413.4246  1.1601308D-05   -4.935
 1193  7.2396427D+13     41409.8418  1.1621421D-05   -4.935
 1194  7.2402690D+13     41406.2596  1.5996248D-05   -4.796
 1195  7.2408953D+13     41402.6781  1.1625279D-05   -4.935
 1196  7.2415216D+13     41399.0972  1.1608981D-05   -4.935
 1197  7.2415216D+13     41399.0972  1.1608981D-05   -4.935
 1198  7.2452753D+13     41377.6491  1.1620480D-05   -4.935
 1199  7.2452753D+13     41377.6491  1.1620480D-05   -4.935
 1200  7.2459021D+13     41374.0694  1.1621197D-05   -4.935
 1201  7.2465290D+13     41370.4903  1.2693149D-05   -4.896
 1202  7.2471559D+13     41366.9119  1.1625104D-05   -4.935
 1203  7.2477827D+13     41363.3341  1.1628165D-05   -4.934
 1204  7.2477827D+13     41363.3341  1.1628166D-05   -4.934
 1205  7.3580978D+13     40743.2013  1.1968655D-05   -4.922
 1206  7.3580978D+13     40743.2013  1.1968655D-05   -4.922
 1207  7.3587344D+13     40739.6765  1.1969263D-05   -4.922
 1208  7.3593710D+13     40736.1523  1.1573442D-05   -4.937
 1209  7.3600076D+13     40732.6287  1.1973220D-05   -4.922
 1210  7.3606442D+13     40729.1058  1.1976570D-05   -4.922
 1211  7.3606442D+13     40729.1058  1.1976571D-05   -4.922
 1212  7.3776164D+13     40635.4089  1.2029386D-05   -4.920
 1213  7.3776164D+13     40635.4089  1.2029386D-05   -4.920
 1214  7.3782547D+13     40631.8934  1.2023698D-05   -4.920
 1215  7.3788930D+13     40628.3785  1.1736081D-05   -4.930
 1216  7.3795313D+13     40624.8643  1.2027693D-05   -4.920
 1217  7.3801696D+13     40621.3506  1.2037341D-05   -4.919
 1218  7.3801696D+13     40621.3506  1.2037342D-05   -4.919
 1219  7.3938487D+13     40546.1984  1.2080003D-05   -4.918
 1220  7.3938487D+13     40546.1984  1.3216842D-05   -4.879
 1221  7.3941942D+13     40544.3043  1.3840620D-05   -4.859
 1222  7.3945396D+13     40542.4103  1.4734664D-05   -4.832
 1223  7.3948850D+13     40540.5166  1.6088783D-05   -4.793
 1224  7.3952304D+13     40538.6230  1.8255273D-05   -4.739
 1225  7.3955759D+13     40536.7295  1.2136755D-05   -4.916
 1226  7.3959213D+13     40534.8363  1.3578759D-05   -4.867
 1227  7.3962667D+13     40532.9432  1.4348117D-05   -4.843
 1228  7.3966121D+13     40531.0503  1.3582515D-05   -4.867
 1229  7.3969575D+13     40529.1576  1.2143285D-05   -4.916
 1230  7.3973030D+13     40527.2650  1.8270604D-05   -4.738
 1231  7.3976484D+13     40525.3727  1.6106762D-05   -4.793
 1232  7.3979938D+13     40523.4805  1.4755184D-05   -4.831
 1233  7.3983392D+13     40521.5885  1.3863657D-05   -4.858
 1234  7.3986847D+13     40519.6966  1.3242379D-05   -4.878
 1235  7.3986847D+13     40519.6966  1.2095103D-05   -4.917
 1236  7.3998687D+13     40513.2130  1.2098801D-05   -4.917
 1237  7.3998687D+13     40513.2130  1.2098801D-05   -4.917
 1238  7.4005090D+13     40509.7081  1.2119629D-05   -4.917
 1239  7.4011492D+13     40506.2038  1.4810294D-05   -4.829
 1240  7.4017894D+13     40502.7001  1.2123779D-05   -4.916
 1241  7.4024297D+13     40499.1970  1.2106802D-05   -4.917
 1242  7.4024297D+13     40499.1970  1.2106802D-05   -4.917
 1243  7.4514655D+13     40232.6841  1.2260485D-05   -4.911
 1244  7.4514655D+13     40232.6841  1.2260485D-05   -4.911
 1245  7.4523222D+13     40228.0593  1.2263220D-05   -4.911
 1246  7.4531788D+13     40223.4355  1.2348498D-05   -4.908
 1247  7.4540355D+13     40218.8129  1.2869179D-05   -4.890
 1248  7.4548921D+13     40214.1913  1.2354870D-05   -4.908
 1249  7.4557488D+13     40209.5708  1.2273996D-05   -4.911
 1250  7.4566054D+13     40204.9513  1.2276646D-05   -4.911
 1251  7.4566054D+13     40204.9513  1.2276647D-05   -4.911
 1252  7.6675580D+13     39098.8183  1.2948688D-05   -4.888
 1253  7.6675580D+13     39098.8183  1.2948688D-05   -4.888
 1254  7.6684395D+13     39094.3239  1.2951561D-05   -4.888
 1255  7.6693210D+13     39089.8305  1.3015690D-05   -4.886
 1256  7.6702025D+13     39085.3381  1.3483685D-05   -4.870
 1257  7.6710840D+13     39080.8467  1.3022225D-05   -4.885
 1258  7.6719655D+13     39076.3564  1.2962940D-05   -4.887
 1259  7.6728470D+13     39071.8671  1.2965756D-05   -4.887
 1260  7.6728470D+13     39071.8671  1.2965756D-05   -4.887
 1261  7.7855557D+13     38506.2379  1.3331999D-05   -4.875
 1262  7.7855557D+13     38506.2379  1.3332289D-05   -4.875
 1263  7.8444139D+13     38217.3177  1.3525469D-05   -4.869
 1264  7.8444139D+13     38217.3177  1.3525469D-05   -4.869
 1265  7.8453157D+13     38212.9246  1.3528456D-05   -4.869
 1266  7.8462175D+13     38208.5325  1.3570315D-05   -4.867
 1267  7.8471194D+13     38204.1414  1.3976245D-05   -4.855
 1268  7.8480212D+13     38199.7513  1.3576937D-05   -4.867
 1269  7.8489230D+13     38195.3622  1.3540341D-05   -4.868
 1270  7.8498249D+13     38190.9741  1.3543295D-05   -4.868
 1271  7.8498249D+13     38190.9741  1.3543295D-05   -4.868
 1272  7.9269153D+13     37819.5610  1.3798463D-05   -4.860
 1273  7.9269153D+13     37819.5610  1.3798463D-05   -4.860
 1274  7.9276012D+13     37816.2892  1.3798637D-05   -4.860
 1275  7.9282870D+13     37813.0179  1.4222475D-05   -4.847
 1276  7.9289728D+13     37809.7471  1.3803239D-05   -4.860
 1277  7.9296587D+13     37806.4770  1.3807585D-05   -4.860
 1278  7.9296587D+13     37806.4770  1.3807585D-05   -4.860
 1279  7.9909877D+13     37516.3207  1.4012257D-05   -4.853
 1280  7.9909877D+13     37516.3207  1.4012257D-05   -4.853
 1281  7.9919064D+13     37512.0082  1.4015341D-05   -4.853
 1282  7.9928251D+13     37507.6966  1.4037832D-05   -4.853
 1283  7.9937438D+13     37503.3861  1.4357660D-05   -4.843
 1284  7.9946624D+13     37499.0765  1.4044489D-05   -4.852
 1285  7.9955811D+13     37494.7679  1.4027652D-05   -4.853
 1286  7.9964998D+13     37490.4603  1.4030722D-05   -4.853
 1287  7.9964998D+13     37490.4603  1.4030722D-05   -4.853
 1288  8.0098597D+13     37427.9286  1.4075524D-05   -4.852
 1289  8.0098597D+13     37427.9286  1.4075524D-05   -4.852
 1290  8.0107806D+13     37423.6263  1.4078672D-05   -4.851
 1291  8.0117014D+13     37419.3249  1.4408504D-05   -4.841
 1292  8.0126223D+13     37415.0245  1.6453186D-05   -4.784
 1293  8.0135431D+13     37410.7251  1.4417649D-05   -4.841
 1294  8.0144640D+13     37406.4267  1.4091051D-05   -4.851
 1295  8.0153848D+13     37402.1292  1.4094073D-05   -4.851
 1296  8.0153848D+13     37402.1292  1.4094073D-05   -4.851
 1297  8.1138180D+13     36948.3833  1.4426456D-05   -4.841
 1298  8.1138180D+13     36948.3833  1.4426456D-05   -4.841
 1299  8.1147508D+13     36944.1361  1.4429626D-05   -4.841
 1300  8.1156836D+13     36939.8898  1.4440340D-05   -4.840
 1301  8.1166164D+13     36935.6445  1.4651813D-05   -4.834
 1302  8.1175492D+13     36931.4002  1.4447013D-05   -4.840
 1303  8.1184820D+13     36927.1568  1.4442299D-05   -4.840
 1304  8.1194148D+13     36922.9144  1.4445465D-05   -4.840
 1305  8.1194148D+13     36922.9144  1.4445466D-05   -4.840
 1306  8.2177693D+13     36481.0021  1.4781448D-05   -4.830
 1307  8.2177693D+13     36481.0021  1.4781448D-05   -4.830
 1308  8.2187140D+13     36476.8085  1.4784694D-05   -4.830
 1309  8.2196588D+13     36472.6160  1.4790897D-05   -4.830
 1310  8.2206035D+13     36468.4244  1.4907404D-05   -4.827
 1311  8.2215483D+13     36464.2337  1.4797599D-05   -4.830
 1312  8.2224930D+13     36460.0441  1.4797677D-05   -4.830
 1313  8.2234378D+13     36455.8554  1.4800923D-05   -4.830
 1314  8.2234378D+13     36455.8554  1.4800923D-05   -4.830
 1315  8.3065212D+13     36091.2169  1.5087759D-05   -4.821
 1316  8.3065212D+13     36091.2169  1.5087760D-05   -4.821
 1317  8.3074761D+13     36087.0682  1.5091073D-05   -4.821
 1318  8.3084311D+13     36082.9204  1.5096490D-05   -4.821
 1319  8.3093860D+13     36078.7736  1.5158623D-05   -4.819
 1320  8.3103410D+13     36074.6278  1.5103240D-05   -4.821
 1321  8.3112959D+13     36070.4829  1.5104324D-05   -4.821
 1322  8.3122509D+13     36066.3389  1.5107637D-05   -4.821
 1323  8.3122509D+13     36066.3389  1.5107637D-05   -4.821
 1324  8.4569205D+13     35449.3647  1.5613608D-05   -4.806
 1325  8.4569205D+13     35449.3647  1.5613609D-05   -4.806
 1326  8.4576522D+13     35446.2979  1.5621594D-05   -4.806
 1327  8.4583839D+13     35443.2316  1.6631001D-05   -4.779
 1328  8.4591156D+13     35440.1658  1.5626805D-05   -4.806
 1329  8.4598472D+13     35437.1006  1.5623926D-05   -4.806
 1330  8.4598472D+13     35437.1006  1.5623926D-05   -4.806
 1331  8.8949338D+13     33703.7311  1.7193413D-05   -4.765
 1332  8.8949338D+13     33703.7311  1.7193413D-05   -4.765
 1333  8.8957034D+13     33700.8153  1.7197936D-05   -4.765
 1334  8.8964730D+13     33697.9001  1.7707050D-05   -4.752
 1335  8.8972426D+13     33694.9853  1.7203617D-05   -4.764
 1336  8.8980122D+13     33692.0710  1.7204770D-05   -4.764
 1337  8.8980122D+13     33692.0710  1.7204770D-05   -4.764
 1338  9.0874762D+13     32989.6280  1.7910559D-05   -4.747
 1339  9.0874762D+13     32989.6280  1.7910559D-05   -4.747
 1340  9.0885209D+13     32985.8358  1.7914521D-05   -4.747
 1341  9.0895656D+13     32982.0445  1.8137679D-05   -4.741
 1342  9.0906104D+13     32978.2540  1.9877665D-05   -4.702
 1343  9.0916551D+13     32974.4644  1.8148852D-05   -4.741
 1344  9.0926998D+13     32970.6757  1.7930251D-05   -4.746
 1345  9.0937446D+13     32966.8879  1.7934138D-05   -4.746
 1346  9.0937446D+13     32966.8879  1.7934139D-05   -4.746
 1347  9.1311935D+13     32831.6840  1.8075314D-05   -4.743
 1348  9.1311935D+13     32831.6840  1.8081731D-05   -4.743
 1349  9.1372139D+13     32810.0514  1.8104478D-05   -4.742
 1350  9.1372139D+13     32810.0514  1.8104909D-05   -4.742
 1351  9.1781000D+13     32663.8910  1.8259748D-05   -4.739
 1352  9.1781000D+13     32663.8910  1.8260441D-05   -4.738
 1353  9.2580000D+13     32381.9894  1.8564816D-05   -4.731
 1354  9.2580000D+13     32381.9894  1.8564627D-05   -4.731
 1355  9.5292350D+13     31460.2859  1.9615511D-05   -4.707
 1356  9.5292350D+13     31460.2859  1.9615511D-05   -4.707
 1357  9.5300595D+13     31457.5641  1.9622916D-05   -4.707
 1358  9.5308840D+13     31454.8429  2.0485134D-05   -4.689
 1359  9.5317084D+13     31452.1221  1.9629433D-05   -4.707
 1360  9.5325329D+13     31449.4018  1.9628456D-05   -4.707
 1361  9.5325329D+13     31449.4018  1.9628456D-05   -4.707
 1362  9.6830232D+13     30960.6259  2.0223440D-05   -4.694
 1363  9.6830232D+13     30960.6259  2.0223440D-05   -4.694
 1364  9.6838609D+13     30957.9475  2.0238207D-05   -4.694
 1365  9.6846987D+13     30955.2694  2.2719126D-05   -4.644
 1366  9.6855365D+13     30952.5919  2.0245012D-05   -4.694
 1367  9.6863743D+13     30949.9148  2.0236785D-05   -4.694
 1368  9.6863743D+13     30949.9148  2.0236785D-05   -4.694
 1369  9.6951567D+13     30921.8786  2.0271776D-05   -4.693
 1370  9.6951567D+13     30921.8786  2.0271776D-05   -4.693
 1371  9.6959955D+13     30919.2035  2.0221681D-05   -4.694
 1372  9.6968343D+13     30916.5288  3.1282947D-05   -4.505
 1373  9.6976732D+13     30913.8546  2.0229347D-05   -4.694
 1374  9.6985120D+13     30911.1809  2.0285152D-05   -4.693
 1375  9.6985120D+13     30911.1809  2.0285152D-05   -4.693
 1376  9.8582889D+13     30410.1920  2.0926906D-05   -4.679
 1377  9.8582889D+13     30410.1920  2.0926906D-05   -4.679
 1378  9.8594222D+13     30406.6963  2.0931505D-05   -4.679
 1379  9.8605556D+13     30403.2015  2.1078176D-05   -4.676
 1380  9.8616889D+13     30399.7074  2.2535367D-05   -4.647
 1381  9.8628223D+13     30396.2141  2.1090716D-05   -4.676
 1382  9.8639556D+13     30392.7217  2.0949861D-05   -4.679
 1383  9.8650890D+13     30389.2300  2.0954427D-05   -4.679
 1384  9.8650890D+13     30389.2300  2.0954427D-05   -4.679
 1385  1.0428603D+14     28747.1346  2.3294057D-05   -4.633
 1386  1.0428603D+14     28747.1346  2.3294057D-05   -4.633
 1387  1.0429802D+14     28743.8301  2.3299160D-05   -4.633
 1388  1.0431001D+14     28740.5264  2.3394279D-05   -4.631
 1389  1.0432200D+14     28737.2234  2.4611904D-05   -4.609
 1390  1.0433399D+14     28733.9212  2.3407755D-05   -4.631
 1391  1.0434598D+14     28730.6197  2.3319577D-05   -4.632
 1392  1.0435797D+14     28727.3190  2.3324674D-05   -4.632
 1393  1.0435797D+14     28727.3190  2.3324674D-05   -4.632
 1394  1.0606462D+14     28265.0754  2.4056603D-05   -4.619
 1395  1.0606462D+14     28265.0754  2.4056603D-05   -4.619
 1396  1.0607380D+14     28262.6301  2.4073645D-05   -4.618
 1397  1.0608298D+14     28260.1853  3.0604135D-05   -4.514
 1398  1.0609215D+14     28257.7409  2.4081948D-05   -4.618
 1399  1.0610133D+14     28255.2968  2.4072461D-05   -4.618
 1400  1.0610133D+14     28255.2968  2.4072461D-05   -4.618
 1401  1.0681412D+14     28066.7450  2.4381386D-05   -4.613
 1402  1.0681412D+14     28066.7450  2.4381386D-05   -4.613
 1403  1.0682336D+14     28064.3169  2.4384954D-05   -4.613
 1404  1.0683260D+14     28061.8892  2.4285971D-05   -4.615
 1405  1.0684184D+14     28059.4619  2.4392994D-05   -4.613
 1406  1.0685108D+14     28057.0350  2.4397457D-05   -4.613
 1407  1.0685108D+14     28057.0350  2.4397457D-05   -4.613
 1408  1.0862374D+14     27599.1659  2.5173970D-05   -4.599
 1409  1.0862374D+14     27599.1659  2.5173969D-05   -4.599
 1410  1.0863623D+14     27595.9933  2.5179473D-05   -4.599
 1411  1.0864871D+14     27592.8215  2.5239176D-05   -4.598
 1412  1.0866120D+14     27589.6504  2.6253548D-05   -4.581
 1413  1.0867369D+14     27586.4801  2.5253262D-05   -4.598
 1414  1.0868618D+14     27583.3104  2.5201527D-05   -4.599
 1415  1.0869867D+14     27580.1415  2.5207042D-05   -4.598
 1416  1.0869867D+14     27580.1415  2.5207043D-05   -4.598
 1417  1.0874040D+14     27569.5560  2.5225473D-05   -4.598
 1418  1.0874040D+14     27569.5560  2.5226129D-05   -4.598
 1419  1.1199950D+14     26767.3044  2.6684843D-05   -4.574
 1420  1.1199950D+14     26767.3044  2.6684843D-05   -4.574
 1421  1.1201237D+14     26764.2275  2.6690667D-05   -4.574
 1422  1.1202525D+14     26761.1513  2.6722667D-05   -4.573
 1423  1.1203812D+14     26758.0758  2.7561331D-05   -4.560
 1424  1.1205100D+14     26755.0010  2.6737126D-05   -4.573
 1425  1.1206387D+14     26751.9269  2.6714034D-05   -4.573
 1426  1.1207675D+14     26748.8535  2.6719887D-05   -4.573
 1427  1.1207675D+14     26748.8535  2.6719886D-05   -4.573
 1428  1.1277218D+14     26583.9030  2.7036301D-05   -4.568
 1429  1.1277218D+14     26583.9030  2.7036301D-05   -4.568
 1430  1.1278193D+14     26581.6031  2.7051998D-05   -4.568
 1431  1.1279169D+14     26579.3037  3.1275376D-05   -4.505
 1432  1.1280145D+14     26577.0046  2.7060922D-05   -4.568
 1433  1.1281120D+14     26574.7060  2.7054110D-05   -4.568
 1434  1.1281120D+14     26574.7060  2.7054110D-05   -4.568
 1435  1.1318247D+14     26487.5334  2.7223800D-05   -4.565
 1436  1.1318247D+14     26487.5334  2.7223800D-05   -4.565
 1437  1.1319227D+14     26485.2419  2.7224680D-05   -4.565
 1438  1.1320206D+14     26482.9508  2.6196431D-05   -4.582
 1439  1.1321185D+14     26480.6600  2.7233644D-05   -4.565
 1440  1.1322165D+14     26478.3697  2.7241732D-05   -4.565
 1441  1.1322165D+14     26478.3697  2.7241733D-05   -4.565
 1442  1.1341566D+14     26433.0733  2.7330634D-05   -4.563
 1443  1.1341566D+14     26433.0733  2.7330634D-05   -4.563
 1444  1.1342548D+14     26430.7866  2.7273302D-05   -4.564
 1445  1.1343529D+14     26428.5002  2.6850587D-05   -4.571
 1446  1.1344510D+14     26426.2142  2.7282353D-05   -4.564
 1447  1.1345492D+14     26423.9286  2.7348636D-05   -4.563
 1448  1.1345492D+14     26423.9286  2.7348635D-05   -4.563
 1449  1.1396299D+14     26306.1243  2.7582152D-05   -4.559
 1450  1.1396299D+14     26306.1243  2.7582153D-05   -4.559
 1451  1.1397285D+14     26303.8485  2.7586568D-05   -4.559
 1452  1.1398271D+14     26301.5731  2.7551767D-05   -4.560
 1453  1.1399257D+14     26299.2981  2.7595651D-05   -4.559
 1454  1.1400243D+14     26297.0235  2.7600319D-05   -4.559
 1455  1.1400243D+14     26297.0235  2.7600319D-05   -4.559
 1456  1.1410057D+14     26274.4059  2.7645543D-05   -4.558
 1457  1.1410057D+14     26274.4059  2.7645543D-05   -4.558
 1458  1.1411368D+14     26271.3856  2.7644793D-05   -4.558
 1459  1.1412680D+14     26268.3661  2.7440278D-05   -4.562
 1460  1.1413992D+14     26265.3472  3.4481406D-05   -4.462
 1461  1.1415304D+14     26262.3290  2.7458632D-05   -4.561
 1462  1.1415818D+14     26261.1464  2.7059052D-05   -4.568
 1463  1.1415818D+14     26261.1464  2.7059052D-05   -4.568
 1464  1.1416615D+14     26259.3115  2.7668709D-05   -4.558
 1465  1.1416805D+14     26258.8745  2.7671034D-05   -4.558
 1466  1.1417793D+14     26256.6030  2.9665067D-05   -4.528
 1467  1.1417927D+14     26256.2947  2.9379096D-05   -4.532
 1468  1.1417927D+14     26256.2947  2.9379096D-05   -4.532
 1469  1.1418781D+14     26254.3319  2.7681591D-05   -4.558
 1470  1.1419549D+14     26252.5658  2.7689322D-05   -4.558
 1471  1.1419549D+14     26252.5658  2.7689321D-05   -4.558
 1472  1.1419768D+14     26252.0611  2.7690335D-05   -4.558
 1473  1.1419768D+14     26252.0611  2.7690335D-05   -4.558
 1474  1.1420537D+14     26250.2946  2.7701528D-05   -4.557
 1475  1.1421525D+14     26248.0239  2.9669148D-05   -4.528
 1476  1.1422513D+14     26245.7535  2.7710762D-05   -4.557
 1477  1.1423501D+14     26243.4835  2.7707558D-05   -4.557
 1478  1.1423501D+14     26243.4835  2.7707557D-05   -4.557
 1479  1.1467805D+14     26142.0949  2.7912375D-05   -4.554
 1480  1.1467805D+14     26142.0949  2.7912375D-05   -4.554
 1481  1.1469124D+14     26139.0898  2.7918456D-05   -4.554
 1482  1.1470442D+14     26136.0855  2.7923928D-05   -4.554
 1483  1.1471761D+14     26133.0818  2.8615088D-05   -4.543
 1484  1.1473079D+14     26130.0788  2.7938576D-05   -4.554
 1485  1.1474397D+14     26127.0765  2.7942888D-05   -4.554
 1486  1.1475716D+14     26124.0749  2.7949019D-05   -4.554
 1487  1.1475716D+14     26124.0749  2.7949019D-05   -4.554
 1488  1.1683898D+14     25658.5995  2.8921441D-05   -4.539
 1489  1.1683898D+14     25658.5995  2.8921442D-05   -4.539
 1490  1.1685241D+14     25655.6500  2.8927732D-05   -4.539
 1491  1.1686584D+14     25652.7012  2.8904757D-05   -4.539
 1492  1.1687928D+14     25649.7531  2.9459287D-05   -4.531
 1493  1.1689271D+14     25646.8057  2.8919421D-05   -4.539
 1494  1.1690614D+14     25643.8589  2.8953038D-05   -4.538
 1495  1.1691957D+14     25640.9128  2.8959398D-05   -4.538
 1496  1.1691957D+14     25640.9128  2.8959399D-05   -4.538
 1497  1.1860754D+14     25276.0038  2.9759706D-05   -4.526
 1498  1.1860754D+14     25276.0038  2.9759706D-05   -4.526
 1499  1.1862117D+14     25273.0983  2.9766173D-05   -4.526
 1500  1.1863481D+14     25270.1934  2.9721129D-05   -4.527
 1501  1.1864844D+14     25267.2893  3.0110129D-05   -4.521
 1502  1.1866208D+14     25264.3858  2.9735666D-05   -4.527
 1503  1.1867572D+14     25261.4829  2.9792207D-05   -4.526
 1504  1.1868935D+14     25258.5808  2.9798753D-05   -4.526
 1505  1.1868935D+14     25258.5808  2.9798753D-05   -4.526
 1506  1.2007328D+14     24967.4588  3.0462882D-05   -4.516
 1507  1.2007328D+14     24967.4588  3.0462883D-05   -4.516
 1508  1.2008708D+14     24964.5888  3.0469509D-05   -4.516
 1509  1.2010088D+14     24961.7194  3.0421461D-05   -4.517
 1510  1.2011469D+14     24958.8507  3.0600445D-05   -4.514
 1511  1.2012849D+14     24955.9826  3.0435818D-05   -4.517
 1512  1.2014230D+14     24953.1152  3.0496152D-05   -4.516
 1513  1.2015610D+14     24950.2485  3.0502846D-05   -4.516
 1514  1.2015610D+14     24950.2485  3.0502846D-05   -4.516
 1515  1.2023207D+14     24934.4846  3.0539519D-05   -4.515
 1516  1.2023207D+14     24934.4846  3.0539519D-05   -4.515
 1517  1.2024247D+14     24932.3275  3.0508488D-05   -4.516
 1518  1.2025287D+14     24930.1707  2.8772197D-05   -4.541
 1519  1.2026327D+14     24928.0143  3.0518568D-05   -4.515
 1520  1.2027367D+14     24925.8583  3.0559616D-05   -4.515
 1521  1.2027367D+14     24925.8583  3.0559616D-05   -4.515
 1522  1.2130158D+14     24714.6377  3.1058032D-05   -4.508
 1523  1.2130158D+14     24714.6377  3.1058032D-05   -4.508
 1524  1.2131552D+14     24711.7967  3.1064798D-05   -4.508
 1525  1.2132947D+14     24708.9564  3.1030596D-05   -4.508
 1526  1.2134342D+14     24706.1167  3.1028871D-05   -4.508
 1527  1.2135736D+14     24703.2777  3.1044819D-05   -4.508
 1528  1.2137131D+14     24700.4393  3.1091955D-05   -4.507
 1529  1.2138525D+14     24697.6016  3.1098769D-05   -4.507
 1530  1.2138525D+14     24697.6016  3.1098768D-05   -4.507
 1531  1.2234109D+14     24504.6413  3.1565886D-05   -4.501
 1532  1.2234109D+14     24504.6413  3.1565887D-05   -4.501
 1533  1.2235516D+14     24501.8245  3.1572773D-05   -4.501
 1534  1.2236922D+14     24499.0083  3.1556488D-05   -4.501
 1535  1.2238329D+14     24496.1928  3.1487105D-05   -4.502
 1536  1.2239735D+14     24493.3779  3.1570661D-05   -4.501
 1537  1.2241142D+14     24490.5637  3.1600371D-05   -4.500
 1538  1.2242548D+14     24487.7501  3.1607284D-05   -4.500
 1539  1.2242548D+14     24487.7501  3.1607283D-05   -4.500
 1540  1.2322861D+14     24328.1536  3.2002513D-05   -4.495
 1541  1.2322861D+14     24328.1536  3.2002512D-05   -4.495
 1542  1.2324278D+14     24325.3571  3.2009500D-05   -4.495
 1543  1.2325694D+14     24322.5612  3.2006706D-05   -4.495
 1544  1.2327111D+14     24319.7659  3.1958846D-05   -4.495
 1545  1.2328528D+14     24316.9713  3.2020902D-05   -4.495
 1546  1.2329945D+14     24314.1773  3.2037476D-05   -4.494
 1547  1.2331361D+14     24311.3840  3.2044476D-05   -4.494
 1548  1.2331361D+14     24311.3840  3.2044477D-05   -4.494
 1549  1.2770973D+14     23474.5193  3.4249491D-05   -4.465
 1550  1.2770973D+14     23474.5193  3.4249491D-05   -4.465
 1551  1.2772078D+14     23472.4884  3.4260502D-05   -4.465
 1552  1.2773183D+14     23470.4579  3.5708753D-05   -4.447
 1553  1.2774288D+14     23468.4278  3.4271860D-05   -4.465
 1554  1.2775393D+14     23466.3980  3.4272005D-05   -4.465
 1555  1.2775393D+14     23466.3980  3.4272005D-05   -4.465
 1556  1.2933135D+14     23180.1846  3.5080014D-05   -4.455
 1557  1.2933135D+14     23180.1846  3.5080014D-05   -4.455
 1558  1.2934254D+14     23178.1792  3.5086895D-05   -4.455
 1559  1.2935373D+14     23176.1742  3.5487215D-05   -4.450
 1560  1.2936492D+14     23174.1695  3.5098425D-05   -4.455
 1561  1.2937611D+14     23172.1652  3.5103069D-05   -4.455
 1562  1.2937611D+14     23172.1652  3.5103068D-05   -4.455
 1563  1.3148919D+14     22799.7805  3.6199436D-05   -4.441
 1564  1.3148919D+14     22799.7805  3.6193550D-05   -4.441
 1565  1.3157590D+14     22784.7552  3.6238842D-05   -4.441
 1566  1.3157590D+14     22784.7552  3.6239787D-05   -4.441
 1567  1.3217000D+14     22682.3377  3.6550815D-05   -4.437
 1568  1.3217000D+14     22682.3377  3.6551443D-05   -4.437
 1569  1.3355000D+14     22447.9564  3.7278579D-05   -4.429
 1570  1.3355000D+14     22447.9564  3.7267424D-05   -4.429
 1571  1.3692278D+14     21895.0018  3.9072001D-05   -4.408
 1572  1.3692278D+14     21895.0018  3.9072001D-05   -4.408
 1573  1.3693463D+14     21893.1076  3.9081082D-05   -4.408
 1574  1.3694648D+14     21891.2138  4.3904568D-05   -4.357
 1575  1.3695832D+14     21889.3202  3.9094234D-05   -4.408
 1576  1.3697017D+14     21887.4270  3.9097634D-05   -4.408
 1577  1.3697017D+14     21887.4270  3.9097634D-05   -4.408
 1578  1.3804040D+14     21717.7327  3.9678637D-05   -4.401
 1579  1.3804040D+14     21717.7327  3.9678636D-05   -4.401
 1580  1.3805235D+14     21715.8538  3.9639499D-05   -4.402
 1581  1.3806429D+14     21713.9753  3.7120148D-05   -4.430
 1582  1.3807623D+14     21712.0971  3.9652556D-05   -4.402
 1583  1.3808818D+14     21710.2192  3.9704663D-05   -4.401
 1584  1.3808818D+14     21710.2192  3.9704663D-05   -4.401
 1585  1.3831783D+14     21674.1732  3.9829887D-05   -4.400
 1586  1.3831783D+14     21674.1732  3.9829887D-05   -4.400
 1587  1.3833373D+14     21671.6818  3.9834193D-05   -4.400
 1588  1.3834963D+14     21669.1909  3.8900404D-05   -4.410
 1589  1.3836553D+14     21666.7005  4.3947003D-05   -4.357
 1590  1.3838144D+14     21664.2108  3.8925885D-05   -4.410
 1591  1.3839734D+14     21661.7216  3.9868977D-05   -4.399
 1592  1.3841324D+14     21659.2330  3.9881965D-05   -4.399
 1593  1.3841324D+14     21659.2330  3.9881965D-05   -4.399
 1594  1.3843288D+14     21656.1602  3.9892689D-05   -4.399
 1595  1.3843288D+14     21656.1602  3.9892689D-05   -4.399
 1596  1.3844486D+14     21654.2866  3.9903221D-05   -4.399
 1597  1.3845683D+14     21652.4134  4.0952777D-05   -4.388
 1598  1.3846881D+14     21650.5405  3.9916387D-05   -4.399
 1599  1.3848079D+14     21648.6680  3.9918855D-05   -4.399
 1600  1.3848079D+14     21648.6680  3.9918854D-05   -4.399
 1601  1.3848297D+14     21648.3272  3.9920045D-05   -4.399
 1602  1.3848297D+14     21648.3272  3.9920046D-05   -4.399
 1603  1.3849495D+14     21646.4544  3.9922865D-05   -4.399
 1604  1.3850693D+14     21644.5818  4.0842035D-05   -4.389
 1605  1.3851891D+14     21642.7096  3.9935976D-05   -4.399
 1606  1.3853089D+14     21640.8377  3.9946228D-05   -4.399
 1607  1.3853089D+14     21640.8377  3.9946228D-05   -4.399
 1608  1.4180367D+14     21141.3748  4.1752881D-05   -4.379
 1609  1.4180367D+14     21141.3748  4.1752880D-05   -4.379
 1610  1.4181594D+14     21139.5458  4.1710191D-05   -4.380
 1611  1.4182821D+14     21137.7171  3.4472172D-05   -4.463
 1612  1.4184048D+14     21135.8887  4.1723875D-05   -4.380
 1613  1.4185275D+14     21134.0607  4.1780250D-05   -4.379
 1614  1.4185275D+14     21134.0607  4.1780251D-05   -4.379
 1615  1.4187592D+14     21130.6089  4.1793177D-05   -4.379
 1616  1.4187592D+14     21130.6089  4.1793176D-05   -4.379
 1617  1.4188819D+14     21128.7809  4.1586458D-05   -4.381
 1618  1.4190047D+14     21126.9531  2.9753881D-05   -4.526
 1619  1.4191275D+14     21125.1257  4.1600162D-05   -4.381
 1620  1.4192502D+14     21123.2986  4.1820574D-05   -4.379
 1621  1.4192502D+14     21123.2986  4.1820573D-05   -4.379
 1622  1.4485680D+14     20695.7802  4.3471340D-05   -4.362
 1623  1.4485680D+14     20695.7802  4.3471340D-05   -4.362
 1624  1.4486934D+14     20693.9898  4.3472808D-05   -4.362
 1625  1.4488187D+14     20692.1997  4.2173588D-05   -4.375
 1626  1.4489440D+14     20690.4098  4.3487055D-05   -4.362
 1627  1.4490694D+14     20688.6203  4.3499821D-05   -4.362
 1628  1.4490694D+14     20688.6203  4.3499821D-05   -4.362
 1629  1.4559743D+14     20590.5054  4.3892993D-05   -4.358
 1630  1.4559743D+14     20590.5054  4.3892992D-05   -4.358
 1631  1.4560372D+14     20589.6147  4.3896586D-05   -4.358
 1632  1.4561002D+14     20588.7240  4.3899254D-05   -4.358
 1633  1.4561632D+14     20587.8335  4.4127812D-05   -4.355
 1634  1.4562262D+14     20586.9430  4.4960498D-05   -4.347
 1635  1.4562892D+14     20586.0526  4.4137551D-05   -4.355
 1636  1.4563522D+14     20585.1623  4.3913794D-05   -4.357
 1637  1.4564152D+14     20584.2721  4.3918151D-05   -4.357
 1638  1.4564781D+14     20583.3819  4.3921748D-05   -4.357
 1639  1.4564781D+14     20583.3819  4.3921748D-05   -4.357
 1640  1.4777703D+14     20286.8105  4.5144712D-05   -4.345
 1641  1.4777703D+14     20286.8105  4.5144712D-05   -4.345
 1642  1.4778981D+14     20285.0555  4.5147743D-05   -4.345
 1643  1.4780260D+14     20283.3007  4.4083301D-05   -4.356
 1644  1.4781539D+14     20281.5462  4.5162531D-05   -4.345
 1645  1.4782817D+14     20279.7921  4.5174276D-05   -4.345
 1646  1.4782817D+14     20279.7921  4.5174277D-05   -4.345
 1647  1.5333291D+14     19551.7364  4.8408169D-05   -4.315
 1648  1.5333291D+14     19551.7364  4.8408169D-05   -4.315
 1649  1.5334617D+14     19550.0449  4.8352606D-05   -4.316
 1650  1.5335944D+14     19548.3537  3.9662632D-05   -4.402
 1651  1.5337271D+14     19546.6628  4.8368446D-05   -4.315
 1652  1.5338597D+14     19544.9722  4.8439841D-05   -4.315
 1653  1.5338597D+14     19544.9722  4.8439841D-05   -4.315
 1654  1.5403576D+14     19462.5229  4.8828435D-05   -4.311
 1655  1.5403576D+14     19462.5229  4.8828436D-05   -4.311
 1656  1.5405347D+14     19460.2857  4.8835884D-05   -4.311
 1657  1.5407118D+14     19458.0489  4.7583513D-05   -4.323
 1658  1.5408889D+14     19455.8127  5.0980777D-05   -4.293
 1659  1.5410660D+14     19453.5770  4.7613973D-05   -4.322
 1660  1.5412431D+14     19451.3419  4.8878387D-05   -4.311
 1661  1.5414202D+14     19449.1072  4.8892114D-05   -4.311
 1662  1.5414202D+14     19449.1072  4.8892113D-05   -4.311
 1663  1.5697685D+14     19097.8774  5.0605025D-05   -4.296
 1664  1.5697685D+14     19097.8774  5.0605025D-05   -4.296
 1665  1.5699043D+14     19096.2252  5.0303136D-05   -4.298
 1666  1.5700401D+14     19094.5733  4.5000924D-05   -4.347
 1667  1.5701759D+14     19092.9217  5.0319764D-05   -4.298
 1668  1.5703117D+14     19091.2703  5.0638113D-05   -4.296
 1669  1.5703117D+14     19091.2703  5.0638113D-05   -4.296
 1670  1.5877379D+14     18881.7348  5.1704736D-05   -4.286
 1671  1.5877379D+14     18881.7348  5.1400229D-05   -4.289
 1672  1.5885723D+14     18871.8175  5.1383090D-05   -4.289
 1673  1.5894066D+14     18861.9107  5.1342656D-05   -4.290
 1674  1.5902410D+14     18852.0143  5.1267947D-05   -4.290
 1675  1.5910754D+14     18842.1282  5.1141274D-05   -4.291
 1676  1.5919097D+14     18832.2526  5.0933169D-05   -4.293
 1677  1.5927441D+14     18822.3872  5.0592965D-05   -4.296
 1678  1.5935784D+14     18812.5322  5.0031422D-05   -4.301
 1679  1.5939956D+14     18807.6086  4.9622168D-05   -4.304
 1680  1.5944128D+14     18802.6875  4.9090992D-05   -4.309
 1681  1.5948300D+14     18797.7690  4.8400999D-05   -4.315
 1682  1.5952472D+14     18792.8531  4.7507073D-05   -4.323
 1683  1.5956644D+14     18787.9398  4.6357032D-05   -4.334
 1684  1.5960815D+14     18783.0290  4.4894369D-05   -4.348
 1685  1.5964987D+14     18778.1208  4.3079839D-05   -4.366
 1686  1.5967073D+14     18775.6677  4.2051965D-05   -4.376
 1687  1.5969159D+14     18773.2152  4.0987180D-05   -4.387
 1688  1.5971245D+14     18770.7633  4.0017557D-05   -4.398
 1689  1.5973331D+14     18768.3121  3.9502394D-05   -4.403
 1690  1.5975417D+14     18765.8615  4.0635893D-05   -4.391
 1691  1.5975433D+14     18765.8427  4.0658773D-05   -4.391
 1692  1.5975433D+14     18765.8427  4.0658773D-05   -4.391
 1693  1.5976815D+14     18764.2193  4.4417844D-05   -4.352
 1694  1.5977503D+14     18763.4116  4.3034488D-05   -4.366
 1695  1.5978197D+14     18762.5961  4.5229786D-05   -4.345
 1696  1.5979579D+14     18760.9731  4.7096655D-05   -4.327
 1697  1.5979589D+14     18760.9623  4.7096739D-05   -4.327
 1698  1.5980961D+14     18759.3505  4.0826347D-05   -4.389
 1699  1.5980961D+14     18759.3505  4.0826346D-05   -4.389
 1700  1.5981674D+14     18758.5136  4.0204108D-05   -4.396
 1701  1.5983760D+14     18756.0656  4.0699214D-05   -4.390
 1702  1.5985846D+14     18753.6182  3.9594009D-05   -4.402
 1703  1.5987566D+14     18751.6007  3.9993807D-05   -4.398
 1704  1.5987566D+14     18751.6007  3.9993808D-05   -4.398
 1705  1.5987932D+14     18751.1715  4.0139980D-05   -4.396
 1706  1.5988949D+14     18749.9784  4.0788310D-05   -4.389
 1707  1.5990018D+14     18748.7254  6.0305250D-05   -4.220
 1708  1.5990333D+14     18748.3565  6.3228444D-05   -4.199
 1709  1.5991716D+14     18746.7348  4.2253481D-05   -4.374
 1710  1.5992104D+14     18746.2799  4.2244980D-05   -4.374
 1711  1.5993099D+14     18745.1134  4.2753628D-05   -4.369
 1712  1.5993099D+14     18745.1134  4.2753627D-05   -4.369
 1713  1.5994190D+14     18743.8351  4.3299842D-05   -4.364
 1714  1.5998362D+14     18738.9473  4.5177457D-05   -4.345
 1715  1.6002534D+14     18734.0621  4.6699181D-05   -4.331
 1716  1.6006705D+14     18729.1795  4.7904319D-05   -4.320
 1717  1.6010877D+14     18724.2994  4.8850261D-05   -4.311
 1718  1.6015049D+14     18719.4218  4.9590206D-05   -4.305
 1719  1.6019221D+14     18714.5468  5.0170134D-05   -4.300
 1720  1.6023393D+14     18709.6743  5.0627560D-05   -4.296
 1721  1.6030132D+14     18701.8083  5.1179542D-05   -4.291
 1722  1.6030132D+14     18701.8083  5.1179542D-05   -4.291
 1723  1.6031519D+14     18700.1903  5.1235484D-05   -4.290
 1724  1.6031736D+14     18699.9369  5.1204280D-05   -4.291
 1725  1.6032906D+14     18698.5727  5.6177096D-05   -4.250
 1726  1.6034293D+14     18696.9553  5.1393798D-05   -4.289
 1727  1.6035680D+14     18695.3382  5.1512428D-05   -4.288
 1728  1.6035680D+14     18695.3382  5.1512426D-05   -4.288
 1729  1.6038250D+14     18692.3425  5.1639734D-05   -4.287
 1730  1.6038250D+14     18692.3425  5.1639733D-05   -4.287
 1731  1.6039637D+14     18690.7254  5.1527501D-05   -4.288
 1732  1.6040080D+14     18690.2097  5.1812594D-05   -4.286
 1733  1.6041025D+14     18689.1086  5.5715779D-05   -4.254
 1734  1.6042413D+14     18687.4920  5.1628938D-05   -4.287
 1735  1.6043800D+14     18685.8757  5.1870849D-05   -4.285
 1736  1.6043800D+14     18685.8757  5.1870848D-05   -4.285
 1737  1.6048424D+14     18680.4926  5.2027744D-05   -4.284
 1738  1.6056767D+14     18670.7856  5.2253033D-05   -4.282
 1739  1.6065111D+14     18661.0886  5.2427167D-05   -4.280
 1740  1.6073455D+14     18651.4018  5.2567685D-05   -4.279
 1741  1.6078942D+14     18645.0360  5.2647199D-05   -4.279
 1742  1.6078942D+14     18645.0360  5.2647198D-05   -4.279
 1743  1.6080333D+14     18643.4230  5.1115193D-05   -4.291
 1744  1.6081725D+14     18641.8102  7.7109704D-05   -4.113
 1745  1.6081798D+14     18641.7250  7.6968140D-05   -4.114
 1746  1.6081798D+14     18641.7250  7.6970161D-05   -4.114
 1747  1.6083116D+14     18640.1978  5.1298743D-05   -4.290
 1748  1.6084507D+14     18638.5856  5.2985704D-05   -4.276
 1749  1.6084507D+14     18638.5856  5.2985704D-05   -4.276
 1750  1.6149214D+14     18563.9045  5.3388805D-05   -4.273
 1751  1.6149214D+14     18563.9045  5.3388804D-05   -4.273
 1752  1.6150611D+14     18562.2985  5.3385176D-05   -4.273
 1753  1.6152008D+14     18560.6928  5.0145762D-05   -4.300
 1754  1.6153405D+14     18559.0873  5.3402616D-05   -4.272
 1755  1.6154802D+14     18557.4821  5.3423687D-05   -4.272
 1756  1.6154802D+14     18557.4821  5.3423688D-05   -4.272
 1757  1.6243940D+14     18455.6497  5.3981425D-05   -4.268
 1758  1.6243940D+14     18455.6497  5.3982739D-05   -4.268
 1759  1.6481193D+14     18189.9733  5.5480070D-05   -4.256
 1760  1.6481193D+14     18189.9733  5.5480069D-05   -4.256
 1761  1.6483088D+14     18187.8824  5.5489748D-05   -4.256
 1762  1.6484982D+14     18185.7919  5.4127363D-05   -4.267
 1763  1.6486877D+14     18183.7019  5.6273235D-05   -4.250
 1764  1.6488772D+14     18181.6124  5.4161093D-05   -4.266
 1765  1.6490667D+14     18179.5234  5.5537929D-05   -4.255
 1766  1.6492561D+14     18177.4348  5.5552283D-05   -4.255
 1767  1.6492561D+14     18177.4348  5.5552284D-05   -4.255
 1768  1.7252006D+14     17377.2526  6.0472774D-05   -4.218
 1769  1.7252006D+14     17377.2526  6.0472773D-05   -4.218
 1770  1.7253989D+14     17375.2551  6.0484074D-05   -4.218
 1771  1.7255972D+14     17373.2580  5.9121567D-05   -4.228
 1772  1.7257956D+14     17371.2614  6.0332959D-05   -4.219
 1773  1.7259939D+14     17369.2652  5.9157360D-05   -4.228
 1774  1.7261922D+14     17367.2695  6.0536505D-05   -4.218
 1775  1.7263906D+14     17365.2743  6.0551378D-05   -4.218
 1776  1.7263906D+14     17365.2743  6.0551378D-05   -4.218
 1777  1.7623728D+14     17010.7285  6.2949945D-05   -4.201
 1778  1.7623728D+14     17010.7285  6.2949946D-05   -4.201
 1779  1.7625253D+14     17009.2568  6.1771374D-05   -4.209
 1780  1.7626778D+14     17007.7854  4.3793010D-05   -4.359
 1781  1.7628303D+14     17006.3143  6.1792174D-05   -4.209
 1782  1.7629828D+14     17004.8434  6.2990965D-05   -4.201
 1783  1.7629828D+14     17004.8434  6.2990966D-05   -4.201
 1784  1.7711958D+14     16925.9915  6.3544504D-05   -4.197
 1785  1.7711958D+14     16925.9915  6.3544504D-05   -4.197
 1786  1.7713491D+14     16924.5272  6.3550261D-05   -4.197
 1787  1.7715023D+14     16923.0632  6.5284400D-05   -4.185
 1788  1.7716556D+14     16921.5994  6.3571220D-05   -4.197
 1789  1.7718088D+14     16920.1358  6.3585907D-05   -4.197
 1790  1.7718088D+14     16920.1358  6.3585905D-05   -4.197
 1791  1.7822320D+14     16821.1805  6.4291750D-05   -4.192
 1792  1.7822320D+14     16821.1805  6.4291749D-05   -4.192
 1793  1.7824369D+14     16819.2469  6.4304261D-05   -4.192
 1794  1.7826418D+14     16817.3137  6.3005019D-05   -4.201
 1795  1.7828467D+14     16815.3810  6.3497399D-05   -4.197
 1796  1.7830515D+14     16813.4487  6.3042026D-05   -4.200
 1797  1.7832564D+14     16811.5169  6.4359939D-05   -4.191
 1798  1.7834613D+14     16809.5855  6.4375231D-05   -4.191
 1799  1.7834613D+14     16809.5855  6.4375234D-05   -4.191
 1800  1.8256091D+14     16421.5037  6.7266844D-05   -4.172
 1801  1.8256091D+14     16421.5037  6.7266844D-05   -4.172
 1802  1.8258189D+14     16419.6160  6.7280279D-05   -4.172
 1803  1.8260288D+14     16417.7288  6.6076144D-05   -4.180
 1804  1.8262387D+14     16415.8420  6.6021283D-05   -4.180
 1805  1.8264486D+14     16413.9556  6.6113770D-05   -4.180
 1806  1.8266585D+14     16412.0697  6.7338477D-05   -4.172
 1807  1.8268683D+14     16410.1842  6.7354118D-05   -4.172
 1808  1.8268683D+14     16410.1842  6.7354119D-05   -4.172
 1809  1.8593666D+14     16123.3646  6.9623969D-05   -4.157
 1810  1.8593666D+14     16123.3646  6.9623969D-05   -4.157
 1811  1.8595804D+14     16121.5112  6.9638117D-05   -4.157
 1812  1.8597941D+14     16119.6582  6.8537356D-05   -4.164
 1813  1.8600079D+14     16117.8056  6.8055102D-05   -4.167
 1814  1.8602217D+14     16115.9535  6.8575134D-05   -4.164
 1815  1.8604354D+14     16114.1018  6.9698312D-05   -4.157
 1816  1.8606492D+14     16112.2506  6.9714243D-05   -4.157
 1817  1.8606492D+14     16112.2506  6.9714242D-05   -4.157
 1818  1.8861522D+14     15894.3937  7.1520154D-05   -4.146
 1819  1.8861522D+14     15894.3937  7.1520156D-05   -4.146
 1820  1.8863690D+14     15892.5666  7.1534878D-05   -4.145
 1821  1.8865859D+14     15890.7400  7.0538231D-05   -4.152
 1822  1.8868027D+14     15888.9137  6.9697407D-05   -4.157
 1823  1.8870196D+14     15887.0879  7.0575708D-05   -4.151
 1824  1.8872364D+14     15885.2625  7.1596680D-05   -4.145
 1825  1.8874532D+14     15883.4375  7.1612840D-05   -4.145
 1826  1.8874532D+14     15883.4375  7.1612840D-05   -4.145
 1827  1.9063383D+14     15726.0892  7.2964217D-05   -4.137
 1828  1.9063383D+14     15726.0892  7.2964216D-05   -4.137
 1829  1.9065032D+14     15724.7287  7.2970468D-05   -4.137
 1830  1.9066682D+14     15723.3684  7.3707245D-05   -4.132
 1831  1.9068331D+14     15722.0084  7.2994401D-05   -4.137
 1832  1.9069980D+14     15720.6486  7.3011631D-05   -4.137
 1833  1.9069980D+14     15720.6486  7.3011633D-05   -4.137
 1834  1.9077615D+14     15714.3576  7.3066516D-05   -4.136
 1835  1.9077615D+14     15714.3576  7.3066516D-05   -4.136
 1836  1.9079808D+14     15712.5512  7.3081735D-05   -4.136
 1837  1.9082001D+14     15710.7453  7.2216464D-05   -4.141
 1838  1.9084194D+14     15708.9397  7.1003845D-05   -4.149
 1839  1.9086388D+14     15707.1346  7.2253175D-05   -4.141
 1840  1.9088581D+14     15705.3299  7.3144840D-05   -4.136
 1841  1.9090774D+14     15703.5255  7.3161164D-05   -4.136
 1842  1.9090774D+14     15703.5255  7.3161164D-05   -4.136
 1843  1.9254470D+14     15570.0183  7.4343098D-05   -4.129
 1844  1.9254470D+14     15570.0183  7.4343095D-05   -4.129
 1845  1.9256684D+14     15568.2285  7.4358755D-05   -4.129
 1846  1.9258898D+14     15566.4392  7.3688090D-05   -4.133
 1847  1.9261111D+14     15564.6502  7.2041107D-05   -4.142
 1848  1.9263325D+14     15562.8616  7.3723780D-05   -4.132
 1849  1.9265538D+14     15561.0735  7.4422934D-05   -4.128
 1850  1.9267752D+14     15559.2858  7.4439366D-05   -4.128
 1851  1.9267752D+14     15559.2858  7.4439364D-05   -4.128
 1852  1.9401044D+14     15452.3877  7.5408575D-05   -4.123
 1853  1.9401044D+14     15452.3877  7.5408577D-05   -4.123
 1854  1.9403275D+14     15450.6114  7.5424607D-05   -4.122
 1855  1.9405505D+14     15448.8356  7.4982366D-05   -4.125
 1856  1.9407736D+14     15447.0601  7.3057893D-05   -4.136
 1857  1.9409966D+14     15445.2851  7.5017146D-05   -4.125
 1858  1.9412196D+14     15443.5104  7.5489688D-05   -4.122
 1859  1.9414427D+14     15441.7362  7.5506193D-05   -4.122
 1860  1.9414427D+14     15441.7362  7.5506194D-05   -4.122
 1861  1.9523875D+14     15355.1723  7.6306665D-05   -4.117
 1862  1.9523875D+14     15355.1723  7.6306666D-05   -4.117
 1863  1.9526119D+14     15353.4072  7.6322992D-05   -4.117
 1864  1.9528364D+14     15351.6425  7.6075275D-05   -4.119
 1865  1.9530608D+14     15349.8782  7.4352182D-05   -4.129
 1866  1.9532853D+14     15348.1144  7.6109472D-05   -4.119
 1867  1.9535097D+14     15346.3509  7.6388831D-05   -4.117
 1868  1.9537342D+14     15344.5878  7.6405424D-05   -4.117
 1869  1.9537342D+14     15344.5878  7.6405422D-05   -4.117
 1870  1.9627826D+14     15273.8495  7.7070424D-05   -4.113
 1871  1.9627826D+14     15273.8495  7.7070423D-05   -4.113
 1872  1.9630082D+14     15272.0937  7.7086975D-05   -4.113
 1873  1.9632339D+14     15270.3384  7.6968696D-05   -4.114
 1874  1.9634595D+14     15268.5835  7.5802310D-05   -4.120
 1875  1.9636852D+14     15266.8289  7.7002630D-05   -4.113
 1876  1.9639108D+14     15265.0748  7.7153457D-05   -4.113
 1877  1.9641365D+14     15263.3211  7.7170147D-05   -4.113
 1878  1.9641365D+14     15263.3211  7.7170146D-05   -4.113
 1879  1.9716578D+14     15205.0960  7.7725188D-05   -4.109
 1880  1.9716578D+14     15205.0960  7.7725185D-05   -4.109
 1881  1.9718844D+14     15203.3482  7.7741911D-05   -4.109
 1882  1.9721111D+14     15201.6007  7.7696597D-05   -4.110
 1883  1.9723378D+14     15199.8537  7.7070131D-05   -4.113
 1884  1.9725645D+14     15198.1071  7.7730479D-05   -4.109
 1885  1.9727911D+14     15196.3608  7.7808949D-05   -4.109
 1886  1.9730178D+14     15194.6150  7.7825739D-05   -4.109
 1887  1.9730178D+14     15194.6150  7.7825739D-05   -4.109
 1888  1.9866477D+14     15090.3682  7.8836665D-05   -4.103
 1889  1.9866477D+14     15090.3682  7.8836664D-05   -4.103
 1890  1.9868196D+14     15089.0627  7.8778614D-05   -4.104
 1891  1.9869915D+14     15087.7574  6.7347884D-05   -4.172
 1892  1.9871634D+14     15086.4524  7.8804207D-05   -4.103
 1893  1.9873353D+14     15085.1476  7.8887813D-05   -4.103
 1894  1.9873353D+14     15085.1476  7.8887812D-05   -4.103
 1895  2.0135697D+14     14888.6057  8.0850484D-05   -4.092
 1896  2.0135697D+14     14888.6057  8.0850486D-05   -4.092
 1897  2.0137440D+14     14887.3176  8.0857632D-05   -4.092
 1898  2.0139182D+14     14886.0298  8.0930845D-05   -4.092
 1899  2.0140924D+14     14884.7422  8.0884038D-05   -4.092
 1900  2.0142666D+14     14883.4548  8.0902912D-05   -4.092
 1901  2.0142666D+14     14883.4548  8.0902912D-05   -4.092
 1902  2.0301619D+14     14766.9237  8.2102843D-05   -4.086
 1903  2.0301619D+14     14766.9237  8.2102844D-05   -4.086
 1904  2.0303376D+14     14765.6461  8.1966654D-05   -4.086
 1905  2.0305132D+14     14764.3688  9.0093540D-05   -4.045
 1906  2.0306889D+14     14763.0917  8.1994391D-05   -4.086
 1907  2.0308645D+14     14761.8149  8.2156062D-05   -4.085
 1908  2.0308645D+14     14761.8149  8.2156063D-05   -4.085
 1909  2.0457269D+14     14654.5689  8.3285430D-05   -4.079
 1910  2.0457269D+14     14654.5689  8.3285231D-05   -4.079
 1911  2.0545185D+14     14591.8596  8.3956484D-05   -4.076
 1912  2.0545185D+14     14591.8596  8.3720156D-05   -4.077
 1913  2.0558739D+14     14582.2397  8.3823492D-05   -4.077
 1914  2.0558739D+14     14582.2397  8.3823835D-05   -4.077
 1915  2.0576371D+14     14569.7440  8.3958340D-05   -4.076
 1916  2.0576371D+14     14569.7440  8.3944287D-05   -4.076
 1917  2.0578206D+14     14568.4448  8.3958292D-05   -4.076
 1918  2.0578206D+14     14568.4448  8.3907110D-05   -4.076
 1919  2.0595893D+14     14555.9339  8.4042102D-05   -4.076
 1920  2.0595893D+14     14555.9339  8.4039768D-05   -4.076
 1921  2.0601529D+14     14551.9518  8.4082802D-05   -4.075
 1922  2.0601529D+14     14551.9518  8.4070695D-05   -4.075
 1923  2.1283287D+14     14085.8157  8.9347145D-05   -4.049
 1924  2.1283287D+14     14085.8157  8.9339480D-05   -4.049
 1925  2.2113473D+14     13557.0047  9.5953850D-05   -4.018
 1926  2.2113473D+14     13557.0047  9.5953689D-05   -4.018
 1927  2.3075301D+14     12991.9197  1.0387340D-04   -3.983
 1928  2.3075301D+14     12991.9197  1.0387340D-04   -3.983
 1929  2.3077298D+14     12990.7957  1.0366648D-04   -3.984
 1930  2.3079294D+14     12989.6720  8.8541904D-05   -4.053
 1931  2.3081290D+14     12988.5484  1.0370008D-04   -3.984
 1932  2.3083287D+14     12987.4250  1.0394030D-04   -3.983
 1933  2.3083287D+14     12987.4250  1.0394029D-04   -3.983
 1934  2.3193586D+14     12925.6624  1.0486616D-04   -3.979
 1935  2.3193586D+14     12925.6624  1.0479113D-04   -3.980
 1936  2.3209435D+14     12916.8356  1.0490593D-04   -3.979
 1937  2.3225285D+14     12908.0208  1.0501361D-04   -3.979
 1938  2.3241134D+14     12899.2181  1.0511012D-04   -3.978
 1939  2.3256984D+14     12890.4273  1.0518825D-04   -3.978
 1940  2.3260206D+14     12888.6415  1.0520084D-04   -3.978
 1941  2.3260206D+14     12888.6415  1.0520084D-04   -3.978
 1942  2.3262219D+14     12887.5265  1.0393152D-04   -3.983
 1943  2.3264231D+14     12886.4117  8.0163545D-05   -4.096
 1944  2.3266243D+14     12885.2970  1.0394739D-04   -3.983
 1945  2.3268256D+14     12884.1826  1.0522554D-04   -3.978
 1946  2.3268256D+14     12884.1826  1.0522554D-04   -3.978
 1947  2.3272833D+14     12881.6485  1.0523431D-04   -3.978
 1948  2.3288683D+14     12872.8817  1.0521994D-04   -3.978
 1949  2.3304532D+14     12864.1268  1.0507996D-04   -3.978
 1950  2.3312457D+14     12859.7538  1.0491772D-04   -3.979
 1951  2.3320382D+14     12855.3837  1.0464276D-04   -3.980
 1952  2.3328307D+14     12851.0167  1.0417744D-04   -3.982
 1953  2.3336231D+14     12846.6526  1.0337560D-04   -3.986
 1954  2.3344156D+14     12842.2915  1.0195576D-04   -3.992
 1955  2.3352081D+14     12837.9333  9.9390951D-05   -4.003
 1956  2.3356043D+14     12835.7553  9.7420290D-05   -4.011
 1957  2.3360006D+14     12833.5781  9.4807802D-05   -4.023
 1958  2.3363968D+14     12831.4016  9.1396649D-05   -4.039
 1959  2.3367930D+14     12829.2259  8.7152772D-05   -4.060
 1960  2.3371893D+14     12827.0508  8.4947058D-05   -4.071
 1961  2.3375855D+14     12824.8766  8.4692153D-05   -4.072
 1962  2.3379818D+14     12822.7030  8.5032922D-05   -4.070
 1963  2.3383780D+14     12820.5302  8.7325371D-05   -4.059
 1964  2.3387435D+14     12818.5266  9.1349561D-05   -4.039
 1965  2.3387435D+14     12818.5266  9.1349558D-05   -4.039
 1966  2.3387742D+14     12818.3581  9.1659081D-05   -4.038
 1967  2.3388230D+14     12818.0909  9.2138247D-05   -4.036
 1968  2.3388230D+14     12818.0909  9.2138247D-05   -4.036
 1969  2.3389458D+14     12817.4177  9.3382055D-05   -4.030
 1970  2.3390253D+14     12816.9820  9.7031180D-05   -4.013
 1971  2.3391482D+14     12816.3089  1.0837059D-04   -3.965
 1972  2.3391705D+14     12816.1868  1.0708531D-04   -3.970
 1973  2.3392277D+14     12815.8733  9.7578319D-05   -4.011
 1974  2.3393505D+14     12815.2003  9.2281754D-05   -4.035
 1975  2.3394301D+14     12814.7647  9.6833820D-05   -4.014
 1976  2.3395529D+14     12814.0919  9.7762648D-05   -4.010
 1977  2.3395529D+14     12814.0919  9.7762649D-05   -4.010
 1978  2.3395667D+14     12814.0162  9.7844715D-05   -4.009
 1979  2.3396324D+14     12813.6564  9.8223871D-05   -4.008
 1980  2.3396324D+14     12813.6564  9.8223871D-05   -4.008
 1981  2.3399630D+14     12811.8463  9.9885807D-05   -4.000
 1982  2.3407554D+14     12807.5088  1.0257896D-04   -3.989
 1983  2.3415479D+14     12803.1742  1.0412116D-04   -3.982
 1984  2.3423404D+14     12798.8426  1.0504550D-04   -3.979
 1985  2.3431329D+14     12794.5138  1.0563512D-04   -3.976
 1986  2.3439253D+14     12790.1880  1.0603628D-04   -3.975
 1987  2.3447178D+14     12785.8652  1.0632630D-04   -3.973
 1988  2.3463028D+14     12777.2282  1.0672530D-04   -3.972
 1989  2.3478877D+14     12768.6028  1.0700173D-04   -3.971
 1990  2.3494727D+14     12759.9891  1.0721959D-04   -3.970
 1991  2.3510576D+14     12751.3871  1.0740655D-04   -3.969
 1992  2.3526426D+14     12742.7966  1.0757593D-04   -3.968
 1993  2.3542275D+14     12734.2176  1.0773467D-04   -3.968
 1994  2.3558125D+14     12725.6503  1.0788667D-04   -3.967
 1995  2.3558125D+14     12725.6503  1.0795144D-04   -3.967
 1996  2.3920319D+14     12532.9625  1.1105510D-04   -3.954
 1997  2.3920319D+14     12532.9625  1.1105511D-04   -3.954
 1998  2.3922388D+14     12531.8782  1.1097004D-04   -3.955
 1999  2.3924458D+14     12530.7941  9.6365675D-05   -4.016
 2000  2.3926528D+14     12529.7103  1.1100579D-04   -3.955
 2001  2.3928597D+14     12528.6266  1.1112648D-04   -3.954
 2002  2.3928597D+14     12528.6266  1.1112649D-04   -3.954
 2003  2.4038260D+14     12471.4708  1.1207392D-04   -3.950
 2004  2.4038260D+14     12471.4708  1.1207065D-04   -3.951
 2005  2.4869004D+14     12054.8640  1.1935984D-04   -3.923
 2006  2.4869004D+14     12054.8640  1.1935984D-04   -3.923
 2007  2.4871155D+14     12053.8211  1.1852658D-04   -3.926
 2008  2.4873307D+14     12052.7784  9.1021077D-05   -4.041
 2009  2.4875459D+14     12051.7359  1.1856541D-04   -3.926
 2010  2.4877610D+14     12050.6935  1.1943639D-04   -3.923
 2011  2.4877610D+14     12050.6935  1.1943639D-04   -3.923
 2012  2.5670589D+14     11678.4408  1.2657901D-04   -3.898
 2013  2.5670589D+14     11678.4408  1.2657901D-04   -3.898
 2014  2.5672810D+14     11677.4305  1.2649849D-04   -3.898
 2015  2.5675031D+14     11676.4203  1.2589826D-04   -3.900
 2016  2.5677252D+14     11675.4103  1.2653981D-04   -3.898
 2017  2.5679473D+14     11674.4005  1.2666003D-04   -3.897
 2018  2.5679473D+14     11674.4005  1.2666003D-04   -3.897
 2019  2.5774099D+14     11631.5398  1.2752439D-04   -3.894
 2020  2.5774099D+14     11631.5398  1.2752439D-04   -3.894
 2021  2.5776329D+14     11630.5335  1.2587023D-04   -3.900
 2022  2.5778559D+14     11629.5274  1.4746164D-04   -3.831
 2023  2.5780789D+14     11628.5215  1.2591553D-04   -3.900
 2024  2.5783019D+14     11627.5158  1.2760600D-04   -3.894
 2025  2.5783019D+14     11627.5158  1.2760600D-04   -3.894
 2026  2.6852237D+14     11164.5244  1.3754814D-04   -3.862
 2027  2.6852237D+14     11164.5244  1.3753588D-04   -3.862
 2028  2.7105494D+14     11060.2102  1.3993625D-04   -3.854
 2029  2.7105494D+14     11060.2102  1.3993624D-04   -3.854
 2030  2.7107839D+14     11059.2534  1.3991444D-04   -3.854
 2031  2.7110184D+14     11058.2967  1.3059407D-04   -3.884
 2032  2.7112529D+14     11057.3402  1.3995910D-04   -3.854
 2033  2.7113502D+14     11056.9433  1.4001230D-04   -3.854
 2034  2.7113502D+14     11056.9433  1.4001230D-04   -3.854
 2035  2.7114874D+14     11056.3838  1.4002497D-04   -3.854
 2036  2.7114874D+14     11056.3838  1.4002497D-04   -3.854
 2037  2.7115848D+14     11055.9868  1.3986804D-04   -3.854
 2038  2.7118194D+14     11055.0304  1.2319952D-04   -3.909
 2039  2.7120540D+14     11054.0741  1.3991280D-04   -3.854
 2040  2.7122886D+14     11053.1181  1.4010173D-04   -3.854
 2041  2.7122886D+14     11053.1181  1.4010173D-04   -3.854
 2042  2.7193333D+14     11024.4838  1.4077287D-04   -3.851
 2043  2.7193333D+14     11024.4838  1.4071492D-04   -3.852
 2044  2.7211961D+14     11016.9371  1.4087713D-04   -3.851
 2045  2.7230588D+14     11009.4007  1.4103285D-04   -3.851
 2046  2.7249216D+14     11001.8746  1.4117797D-04   -3.850
 2047  2.7267844D+14     10994.3589  1.4130474D-04   -3.850
 2048  2.7286471D+14     10986.8533  1.4139736D-04   -3.850
 2049  2.7305099D+14     10979.3580  1.4141978D-04   -3.849
 2050  2.7323727D+14     10971.8730  1.4127719D-04   -3.850
 2051  2.7333040D+14     10968.1343  1.4106799D-04   -3.851
 2052  2.7342354D+14     10964.3981  1.4066544D-04   -3.852
 2053  2.7351668D+14     10960.6645  1.3988595D-04   -3.854
 2054  2.7356497D+14     10958.7297  1.3921229D-04   -3.856
 2055  2.7356497D+14     10958.7297  1.3921229D-04   -3.856
 2056  2.7358864D+14     10957.7816  1.3817546D-04   -3.860
 2057  2.7360982D+14     10956.9334  1.0854639D-04   -3.964
 2058  2.7361231D+14     10956.8337  1.0827750D-04   -3.965
 2059  2.7363598D+14     10955.8860  1.3707876D-04   -3.863
 2060  2.7365965D+14     10954.9384  1.3684981D-04   -3.864
 2061  2.7365965D+14     10954.9384  1.3684981D-04   -3.864
 2062  2.7370296D+14     10953.2049  1.3498939D-04   -3.870
 2063  2.7374953D+14     10951.3416  1.3211108D-04   -3.879
 2064  2.7379610D+14     10949.4789  1.2799670D-04   -3.893
 2065  2.7384267D+14     10947.6169  1.2226123D-04   -3.913
 2066  2.7388923D+14     10945.7554  1.1563211D-04   -3.937
 2067  2.7393580D+14     10943.8947  1.2001166D-04   -3.921
 2068  2.7398237D+14     10942.0345  1.1574887D-04   -3.936
 2069  2.7402894D+14     10940.1750  1.2250020D-04   -3.912
 2070  2.7407115D+14     10938.4901  1.2788012D-04   -3.893
 2071  2.7407115D+14     10938.4901  1.2788012D-04   -3.893
 2072  2.7407551D+14     10938.3161  1.2835250D-04   -3.892
 2073  2.7409486D+14     10937.5438  1.3030951D-04   -3.885
 2074  2.7411858D+14     10936.5977  1.3720514D-04   -3.863
 2075  2.7412208D+14     10936.4579  1.3679996D-04   -3.864
 2076  2.7414229D+14     10935.6517  1.3400556D-04   -3.873
 2077  2.7416600D+14     10934.7059  1.3539879D-04   -3.868
 2078  2.7416600D+14     10934.7059  1.3539879D-04   -3.868
 2079  2.7416865D+14     10934.6002  1.3554030D-04   -3.868
 2080  2.7426179D+14     10930.8869  1.3903021D-04   -3.857
 2081  2.7426431D+14     10930.7863  1.3909411D-04   -3.857
 2082  2.7426431D+14     10930.7863  1.3909410D-04   -3.857
 2083  2.7428804D+14     10929.8407  1.3944760D-04   -3.856
 2084  2.7431177D+14     10928.8952  1.2091211D-04   -3.918
 2085  2.7433550D+14     10927.9499  1.4028094D-04   -3.853
 2086  2.7435493D+14     10927.1761  1.4076366D-04   -3.852
 2087  2.7435923D+14     10927.0047  1.4082006D-04   -3.851
 2088  2.7435923D+14     10927.0047  1.4082006D-04   -3.851
 2089  2.7444806D+14     10923.4677  1.4170733D-04   -3.849
 2090  2.7454120D+14     10919.7620  1.4227753D-04   -3.847
 2091  2.7463434D+14     10916.0587  1.4265713D-04   -3.846
 2092  2.7482062D+14     10908.6596  1.4314589D-04   -3.844
 2093  2.7500689D+14     10901.2706  1.4347387D-04   -3.843
 2094  2.7519317D+14     10893.8916  1.4373398D-04   -3.842
 2095  2.7537945D+14     10886.5226  1.4396130D-04   -3.842
 2096  2.7556572D+14     10879.1635  1.4417114D-04   -3.841
 2097  2.7575200D+14     10871.8144  1.4437096D-04   -3.841
 2098  2.7593828D+14     10864.4752  1.4456468D-04   -3.840
 2099  2.7593828D+14     10864.4752  1.4461385D-04   -3.840
 2100  2.7665495D+14     10836.3309  1.4530575D-04   -3.838
 2101  2.7665495D+14     10836.3309  1.4530564D-04   -3.838
 2102  2.7667319D+14     10835.6165  1.4532320D-04   -3.838
 2103  2.7669143D+14     10834.9022  1.4534071D-04   -3.838
 2104  2.7670967D+14     10834.1880  1.4535796D-04   -3.838
 2105  2.7671879D+14     10833.8309  1.4535291D-04   -3.838
 2106  2.7672791D+14     10833.4739  1.4405089D-04   -3.841
 2107  2.7673703D+14     10833.1168  1.5024985D-04   -3.823
 2108  2.7674159D+14     10832.9383  1.6201313D-04   -3.790
 2109  2.7674615D+14     10832.7598  1.7401394D-04   -3.759
 2110  2.7675071D+14     10832.5814  1.7896290D-04   -3.747
 2111  2.7675527D+14     10832.4029  1.7403106D-04   -3.759
 2112  2.7675983D+14     10832.2244  1.6204487D-04   -3.790
 2113  2.7676439D+14     10832.0459  1.5029345D-04   -3.823
 2114  2.7677351D+14     10831.6890  1.4410468D-04   -3.841
 2115  2.7678263D+14     10831.3321  1.4541477D-04   -3.837
 2116  2.7679175D+14     10830.9752  1.4543731D-04   -3.837
 2117  2.7680999D+14     10830.2615  1.4545532D-04   -3.837
 2118  2.7682823D+14     10829.5479  1.4547308D-04   -3.837
 2119  2.7684647D+14     10828.8344  1.4549078D-04   -3.837
 2120  2.7684647D+14     10828.8344  1.4549089D-04   -3.837
 2121  2.8758539D+14     10424.4674  1.5602848D-04   -3.807
 2122  2.8758539D+14     10424.4674  1.5602848D-04   -3.807
 2123  2.8761028D+14     10423.5656  1.5597605D-04   -3.807
 2124  2.8763516D+14     10422.6639  1.5162659D-04   -3.819
 2125  2.8766004D+14     10421.7623  1.5602618D-04   -3.807
 2126  2.8768492D+14     10420.8610  1.5612757D-04   -3.807
 2127  2.8768492D+14     10420.8610  1.5612757D-04   -3.807
 2128  2.8965295D+14     10350.0572  1.5809232D-04   -3.801
 2129  2.8965295D+14     10350.0572  1.5809232D-04   -3.801
 2130  2.8967801D+14     10349.1618  1.5746678D-04   -3.803
 2131  2.8970307D+14     10348.2665  1.2229358D-04   -3.913
 2132  2.8972813D+14     10347.3714  1.5751736D-04   -3.803
 2133  2.8975319D+14     10346.4765  1.5819267D-04   -3.801
 2134  2.8975319D+14     10346.4765  1.5819267D-04   -3.801
 2135  2.9561322D+14     10141.3753  1.6410445D-04   -3.785
 2136  2.9561322D+14     10141.3753  1.6051119D-04   -3.794
 2137  2.9566803D+14     10139.4951  1.5932869D-04   -3.798
 2138  2.9572285D+14     10137.6155  1.5750349D-04   -3.803
 2139  2.9577767D+14     10135.7367  1.5458372D-04   -3.811
 2140  2.9583249D+14     10133.8586  1.4971830D-04   -3.825
 2141  2.9588730D+14     10131.9812  1.4128176D-04   -3.850
 2142  2.9591471D+14     10131.0427  1.3495412D-04   -3.870
 2143  2.9594212D+14     10130.1044  1.2680701D-04   -3.897
 2144  2.9596953D+14     10129.1663  1.1690239D-04   -3.932
 2145  2.9599694D+14     10128.2284  1.0716048D-04   -3.970
 2146  2.9601064D+14     10127.7595  1.0472672D-04   -3.980
 2147  2.9602435D+14     10127.2906  1.0816999D-04   -3.966
 2148  2.9603805D+14     10126.8218  1.0550326D-04   -3.977
 2149  2.9605175D+14     10126.3530  1.1030063D-04   -3.957
 2150  2.9606546D+14     10125.8843  1.0553237D-04   -3.977
 2151  2.9607916D+14     10125.4156  1.0823000D-04   -3.966
 2152  2.9609287D+14     10124.9470  1.0481362D-04   -3.980
 2153  2.9610657D+14     10124.4784  1.0727837D-04   -3.969
 2154  2.9613398D+14     10123.5413  1.1709089D-04   -3.931
 2155  2.9616139D+14     10122.6044  1.2707005D-04   -3.896
 2156  2.9618880D+14     10121.6677  1.3528980D-04   -3.869
 2157  2.9621621D+14     10120.7312  1.4168600D-04   -3.849
 2158  2.9627102D+14     10118.8586  1.5024669D-04   -3.823
 2159  2.9632584D+14     10116.9867  1.5522430D-04   -3.809
 2160  2.9638066D+14     10115.1155  1.5825063D-04   -3.801
 2161  2.9638218D+14     10115.0634  1.5831645D-04   -3.800
 2162  2.9638218D+14     10115.0634  1.5827653D-04   -3.801
 2163  2.9643547D+14     10113.2450  1.6013137D-04   -3.796
 2164  2.9649029D+14     10111.3752  1.6140927D-04   -3.792
 2165  2.9649029D+14     10111.3752  1.6492286D-04   -3.783
 2166  2.9658552D+14     10108.1285  1.6500852D-04   -3.782
 2167  2.9678887D+14     10101.2030  1.6518161D-04   -3.782
 2168  2.9699221D+14     10094.2870  1.6533178D-04   -3.782
 2169  2.9719555D+14     10087.3805  1.6543451D-04   -3.781
 2170  2.9739889D+14     10080.4834  1.6542415D-04   -3.781
 2171  2.9750056D+14     10077.0384  1.6532264D-04   -3.782
 2172  2.9760223D+14     10073.5958  1.6508229D-04   -3.782
 2173  2.9770390D+14     10070.1555  1.6456009D-04   -3.784
 2174  2.9780557D+14     10066.7176  1.6340043D-04   -3.787
 2175  2.9790724D+14     10063.2820  1.6062586D-04   -3.794
 2176  2.9795808D+14     10061.5650  1.5791319D-04   -3.802
 2177  2.9800891D+14     10059.8487  1.5361881D-04   -3.814
 2178  2.9805975D+14     10058.1330  1.4706995D-04   -3.832
 2179  2.9811058D+14     10056.4178  1.3779052D-04   -3.861
 2180  2.9816142D+14     10054.7032  1.4653433D-04   -3.834
 2181  2.9821225D+14     10052.9892  1.3792936D-04   -3.860
 2182  2.9826309D+14     10051.2758  1.4735212D-04   -3.832
 2183  2.9830854D+14     10049.7444  1.5344189D-04   -3.814
 2184  2.9830854D+14     10049.7444  1.5344188D-04   -3.814
 2185  2.9831392D+14     10049.5630  1.5402892D-04   -3.812
 2186  2.9833435D+14     10048.8750  1.5603886D-04   -3.807
 2187  2.9836016D+14     10048.0057  1.5893671D-04   -3.799
 2188  2.9836476D+14     10047.8508  1.5885093D-04   -3.799
 2189  2.9838597D+14     10047.1366  1.5975398D-04   -3.797
 2190  2.9841178D+14     10046.2676  1.6107337D-04   -3.793
 2191  2.9841178D+14     10046.2676  1.6107337D-04   -3.793
 2192  2.9841560D+14     10046.1391  1.6124284D-04   -3.793
 2193  2.9851727D+14     10042.7175  1.6420444D-04   -3.785
 2194  2.9861894D+14     10039.2983  1.6555420D-04   -3.781
 2195  2.9872061D+14     10035.8814  1.6627164D-04   -3.779
 2196  2.9882228D+14     10032.4668  1.6671099D-04   -3.778
 2197  2.9892395D+14     10029.0545  1.6701403D-04   -3.777
 2198  2.9912729D+14     10022.2370  1.6743194D-04   -3.776
 2199  2.9933063D+14     10015.4287  1.6774012D-04   -3.775
 2200  2.9953397D+14     10008.6296  1.6800262D-04   -3.775
 2201  2.9973731D+14     10001.8398  1.6824324D-04   -3.774
 2202  2.9994065D+14      9995.0591  1.6849193D-04   -3.773
 2203  2.9994065D+14      9995.0591  1.6854714D-04   -3.773
 2204  3.1143695D+14      9626.1044  1.8054687D-04   -3.743
 2205  3.1143695D+14      9626.1044  1.8054688D-04   -3.743
 2206  3.1146389D+14      9625.2716  1.8054353D-04   -3.743
 2207  3.1149084D+14      9624.4390  1.7267057D-04   -3.763
 2208  3.1151779D+14      9623.6065  1.8060060D-04   -3.743
 2209  3.1154473D+14      9622.7741  1.8066096D-04   -3.743
 2210  3.1154473D+14      9622.7741  1.8066095D-04   -3.743
 2211  3.1224158D+14      9601.2985  1.8139925D-04   -3.741
 2212  3.1224158D+14      9601.2985  1.8134795D-04   -3.741
 2213  3.1242937D+14      9595.5274  1.8152946D-04   -3.741
 2214  3.1261717D+14      9589.7632  1.8170105D-04   -3.741
 2215  3.1280496D+14      9584.0059  1.8185403D-04   -3.740
 2216  3.1299275D+14      9578.2556  1.8196835D-04   -3.740
 2217  3.1318055D+14      9572.5121  1.8199005D-04   -3.740
 2218  3.1327444D+14      9569.6430  1.8192140D-04   -3.740
 2219  3.1336834D+14      9566.7755  1.8173702D-04   -3.741
 2220  3.1346224D+14      9563.9098  1.8131401D-04   -3.742
 2221  3.1355614D+14      9561.0458  1.8033547D-04   -3.744
 2222  3.1365003D+14      9558.1835  1.7786334D-04   -3.750
 2223  3.1369698D+14      9556.7530  1.7529661D-04   -3.756
 2224  3.1374393D+14      9555.3230  1.7097546D-04   -3.767
 2225  3.1379088D+14      9553.8933  1.6397033D-04   -3.785
 2226  3.1383783D+14      9552.4641  1.5335407D-04   -3.814
 2227  3.1388478D+14      9551.0353  1.6905262D-04   -3.772
 2228  3.1393172D+14      9549.6070  1.5348912D-04   -3.814
 2229  3.1397867D+14      9548.1791  1.6424204D-04   -3.785
 2230  3.1402562D+14      9546.7516  1.7136467D-04   -3.766
 2231  3.1407257D+14      9545.3245  1.7578524D-04   -3.755
 2232  3.1411952D+14      9543.8978  1.7844309D-04   -3.749
 2233  3.1421341D+14      9541.0458  1.8109476D-04   -3.742
 2234  3.1427769D+14      9539.0946  1.8197556D-04   -3.740
 2235  3.1427769D+14      9539.0946  1.8197556D-04   -3.740
 2236  3.1430488D+14      9538.2693  1.8218394D-04   -3.739
 2237  3.1430731D+14      9538.1955  1.8211626D-04   -3.740
 2238  3.1433207D+14      9537.4442  1.7004972D-04   -3.769
 2239  3.1435926D+14      9536.6192  1.8258379D-04   -3.739
 2240  3.1438645D+14      9535.7944  1.8279481D-04   -3.738
 2241  3.1438645D+14      9535.7944  1.8279480D-04   -3.738
 2242  3.1440121D+14      9535.3469  1.8287077D-04   -3.738
 2243  3.1449511D+14      9532.5000  1.8324802D-04   -3.737
 2244  3.1458900D+14      9529.6547  1.8351157D-04   -3.736
 2245  3.1477680D+14      9523.9694  1.8388324D-04   -3.735
 2246  3.1496459D+14      9518.2908  1.8416484D-04   -3.735
 2247  3.1515238D+14      9512.6191  1.8440913D-04   -3.734
 2248  3.1534018D+14      9506.9540  1.8463559D-04   -3.734
 2249  3.1552797D+14      9501.2957  1.8485260D-04   -3.733
 2250  3.1552797D+14      9501.2957  1.8489748D-04   -3.733
 2251  3.1847234D+14      9413.4535  1.8805442D-04   -3.726
 2252  3.1847234D+14      9413.4535  1.8805442D-04   -3.726
 2253  3.1849990D+14      9412.6391  1.8797295D-04   -3.726
 2254  3.1852745D+14      9411.8249  1.6912255D-04   -3.772
 2255  3.1855500D+14      9411.0108  1.8803236D-04   -3.726
 2256  3.1858256D+14      9410.1968  1.8817301D-04   -3.725
 2257  3.1858256D+14      9410.1968  1.8817301D-04   -3.725
 2258  3.2066509D+14      9349.0833  1.9041934D-04   -3.720
 2259  3.2066509D+14      9349.0833  1.9041934D-04   -3.720
 2260  3.2069283D+14      9348.2745  1.8894543D-04   -3.724
 2261  3.2072057D+14      9347.4658  1.9160982D-04   -3.718
 2262  3.2074832D+14      9346.6572  1.8901027D-04   -3.724
 2263  3.2077606D+14      9345.8489  1.9053934D-04   -3.720
 2264  3.2077606D+14      9345.8489  1.9053934D-04   -3.720
 2265  3.2325825D+14      9274.0852  1.9323128D-04   -3.714
 2266  3.2325825D+14      9274.0852  1.9306527D-04   -3.714
 2267  3.2341899D+14      9269.4761  1.9318307D-04   -3.714
 2268  3.2357972D+14      9264.8717  1.9326892D-04   -3.714
 2269  3.2374045D+14      9260.2719  1.9329549D-04   -3.714
 2270  3.2390118D+14      9255.6766  1.9320093D-04   -3.714
 2271  3.2406191D+14      9251.0859  1.9282457D-04   -3.715
 2272  3.2414228D+14      9248.7922  1.9240416D-04   -3.716
 2273  3.2422264D+14      9246.4997  1.9166475D-04   -3.717
 2274  3.2430301D+14      9244.2083  1.9032169D-04   -3.721
 2275  3.2438338D+14      9241.9181  1.8777551D-04   -3.726
 2276  3.2446374D+14      9239.6289  1.8282475D-04   -3.738
 2277  3.2450392D+14      9238.4848  1.7888075D-04   -3.747
 2278  3.2454411D+14      9237.3410  1.7363352D-04   -3.760
 2279  3.2458429D+14      9236.1974  1.6682507D-04   -3.778
 2280  3.2462447D+14      9235.0541  1.9255038D-04   -3.715
 2281  3.2466466D+14      9233.9111  1.7727816D-04   -3.751
 2282  3.2470484D+14      9232.7684  1.9264460D-04   -3.715
 2283  3.2474502D+14      9231.6260  1.6706539D-04   -3.777
 2284  3.2478520D+14      9230.4838  1.7399371D-04   -3.759
 2285  3.2482539D+14      9229.3420  1.7934982D-04   -3.746
 2286  3.2486557D+14      9228.2004  1.8339041D-04   -3.737
 2287  3.2494594D+14      9225.9180  1.8850981D-04   -3.725
 2288  3.2502630D+14      9223.6369  1.9121305D-04   -3.718
 2289  3.2510667D+14      9221.3568  1.9271363D-04   -3.715
 2290  3.2518703D+14      9219.0778  1.9361385D-04   -3.713
 2291  3.2526740D+14      9216.8000  1.9419822D-04   -3.712
 2292  3.2542813D+14      9212.2478  1.9490945D-04   -3.710
 2293  3.2558886D+14      9207.7000  1.9534465D-04   -3.709
 2294  3.2574959D+14      9203.1568  1.9566203D-04   -3.708
 2295  3.2591033D+14      9198.6180  1.9592212D-04   -3.708
 2296  3.2607106D+14      9194.0836  1.9615151D-04   -3.707
 2297  3.2607106D+14      9194.0836  1.9629972D-04   -3.707
 2298  3.3126994D+14      9049.7935  2.0201972D-04   -3.695
 2299  3.3126994D+14      9049.7935  2.0185738D-04   -3.695
 2300  3.3139629D+14      9046.3433  2.0194109D-04   -3.695
 2301  3.3152263D+14      9042.8958  2.0199326D-04   -3.695
 2302  3.3164897D+14      9039.4509  2.0198689D-04   -3.695
 2303  3.3177531D+14      9036.0086  2.0186067D-04   -3.695
 2304  3.3190166D+14      9032.5689  2.0145485D-04   -3.696
 2305  3.3196483D+14      9030.8500  2.0102070D-04   -3.697
 2306  3.3202800D+14      9029.1318  2.0026733D-04   -3.698
 2307  3.3209117D+14      9027.4143  1.9890590D-04   -3.701
 2308  3.3215434D+14      9025.6974  1.9631939D-04   -3.707
 2309  3.3221751D+14      9023.9812  1.9124344D-04   -3.718
 2310  3.3224910D+14      9023.1233  1.8716338D-04   -3.728
 2311  3.3228068D+14      9022.2656  1.8171274D-04   -3.741
 2312  3.3231227D+14      9021.4080  1.7463475D-04   -3.758
 2313  3.3234386D+14      9020.5506  2.0052578D-04   -3.698
 2314  3.3237544D+14      9019.6934  1.9264128D-04   -3.715
 2315  3.3240703D+14      9018.8363  2.0060206D-04   -3.698
 2316  3.3243861D+14      9017.9794  1.7482771D-04   -3.757
 2317  3.3247020D+14      9017.1227  1.8200146D-04   -3.740
 2318  3.3250178D+14      9016.2661  1.8753865D-04   -3.727
 2319  3.3253337D+14      9015.4097  1.9169525D-04   -3.717
 2320  3.3259654D+14      9013.6974  1.9690483D-04   -3.706
 2321  3.3265971D+14      9011.9857  1.9961634D-04   -3.700
 2322  3.3272288D+14      9010.2747  2.0110354D-04   -3.697
 2323  3.3278606D+14      9008.5643  2.0198545D-04   -3.695
 2324  3.3284923D+14      9006.8546  2.0255069D-04   -3.693
 2325  3.3297557D+14      9003.4370  2.0322420D-04   -3.692
 2326  3.3310191D+14      9000.0221  2.0362267D-04   -3.691
 2327  3.3322826D+14      8996.6098  2.0390388D-04   -3.691
 2328  3.3335460D+14      8993.2000  2.0412809D-04   -3.690
 2329  3.3348094D+14      8989.7929  2.0432172D-04   -3.690
 2330  3.3348094D+14      8989.7929  2.0447026D-04   -3.689
 2331  3.3705115D+14      8894.5685  2.0844566D-04   -3.681
 2332  3.3705115D+14      8894.5685  2.0829355D-04   -3.681
 2333  3.3717983D+14      8891.1742  2.0837834D-04   -3.681
 2334  3.3730850D+14      8887.7824  2.0842536D-04   -3.681
 2335  3.3743718D+14      8884.3933  2.0839679D-04   -3.681
 2336  3.3756585D+14      8881.0067  2.0819668D-04   -3.682
 2337  3.3769453D+14      8877.6227  2.0753166D-04   -3.683
 2338  3.3775886D+14      8875.9316  2.0674994D-04   -3.685
 2339  3.3782320D+14      8874.2412  2.0524059D-04   -3.688
 2340  3.3788754D+14      8872.5515  2.0212685D-04   -3.694
 2341  3.3795188D+14      8870.8624  1.9546079D-04   -3.709
 2342  3.3798405D+14      8870.0181  1.8987802D-04   -3.722
 2343  3.3801621D+14      8869.1739  1.8232310D-04   -3.739
 2344  3.3804838D+14      8868.3299  2.0797626D-04   -3.682
 2345  3.3808055D+14      8867.4861  2.0237382D-04   -3.694
 2346  3.3811272D+14      8866.6424  2.0805200D-04   -3.682
 2347  3.3814489D+14      8865.7989  1.8252295D-04   -3.739
 2348  3.3817706D+14      8864.9556  1.9017394D-04   -3.721
 2349  3.3820923D+14      8864.1124  1.9584091D-04   -3.708
 2350  3.3827356D+14      8862.4265  2.0264754D-04   -3.693
 2351  3.3833790D+14      8860.7412  2.0588920D-04   -3.686
 2352  3.3840224D+14      8859.0566  2.0752744D-04   -3.683
 2353  3.3846658D+14      8857.3726  2.0844138D-04   -3.681
 2354  3.3859525D+14      8854.0066  2.0937871D-04   -3.679
 2355  3.3872393D+14      8850.6431  2.0985734D-04   -3.678
 2356  3.3885260D+14      8847.2822  2.1016765D-04   -3.677
 2357  3.3898127D+14      8843.9239  2.1040418D-04   -3.677
 2358  3.3910995D+14      8840.5680  2.1060401D-04   -3.677
 2359  3.3910995D+14      8840.5680  2.1074401D-04   -3.676
 2360  3.4144198D+14      8780.1873  2.1334304D-04   -3.671
 2361  3.4144198D+14      8780.1873  2.1321960D-04   -3.671
 2362  3.4156421D+14      8777.0455  2.1330752D-04   -3.671
 2363  3.4168643D+14      8773.9060  2.1336456D-04   -3.671
 2364  3.4180865D+14      8770.7687  2.1335963D-04   -3.671
 2365  3.4193087D+14      8767.6336  2.1321338D-04   -3.671
 2366  3.4205309D+14      8764.5008  2.1267974D-04   -3.672
 2367  3.4211420D+14      8762.9352  2.1203181D-04   -3.674
 2368  3.4217531D+14      8761.3702  2.1074830D-04   -3.676
 2369  3.4223642D+14      8759.8057  2.0799376D-04   -3.682
 2370  3.4229753D+14      8758.2418  2.0167654D-04   -3.695
 2371  3.4232809D+14      8757.4601  1.9604120D-04   -3.708
 2372  3.4235864D+14      8756.6785  1.8815310D-04   -3.725
 2373  3.4238920D+14      8755.8971  2.1333016D-04   -3.671
 2374  3.4241975D+14      8755.1157  2.1004281D-04   -3.678
 2375  3.4245031D+14      8754.3346  2.1340032D-04   -3.671
 2376  3.4248087D+14      8753.5535  1.8834498D-04   -3.725
 2377  3.4251142D+14      8752.7726  1.9632254D-04   -3.707
 2378  3.4254198D+14      8751.9918  2.0203396D-04   -3.695
 2379  3.4260309D+14      8750.4307  2.0847760D-04   -3.681
 2380  3.4266420D+14      8748.8702  2.1135083D-04   -3.675
 2381  3.4272531D+14      8747.3102  2.1275592D-04   -3.672
 2382  3.4278642D+14      8745.7508  2.1352907D-04   -3.671
 2383  3.4290864D+14      8742.6336  2.1432039D-04   -3.669
 2384  3.4303086D+14      8739.5186  2.1472962D-04   -3.668
 2385  3.4315308D+14      8736.4058  2.1500014D-04   -3.668
 2386  3.4327530D+14      8733.2953  2.1521008D-04   -3.667
 2387  3.4339753D+14      8730.1869  2.1538991D-04   -3.667
 2388  3.4339753D+14      8730.1869  2.1550376D-04   -3.667
 2389  3.4499895D+14      8689.6628  2.1724058D-04   -3.663
 2390  3.4499895D+14      8689.6628  2.1712732D-04   -3.663
 2391  3.4509867D+14      8687.1519  2.1718988D-04   -3.663
 2392  3.4519838D+14      8684.6426  2.1722376D-04   -3.663
 2393  3.4529810D+14      8682.1346  2.1720022D-04   -3.663
 2394  3.4539781D+14      8679.6281  2.1704553D-04   -3.663
 2395  3.4549753D+14      8677.1230  2.1652943D-04   -3.664
 2396  3.4554739D+14      8675.8711  2.1591265D-04   -3.666
 2397  3.4559725D+14      8674.6194  2.1468888D-04   -3.668
 2398  3.4564710D+14      8673.3682  2.1202593D-04   -3.674
 2399  3.4569696D+14      8672.1173  2.0572404D-04   -3.687
 2400  3.4572189D+14      8671.4920  1.9994970D-04   -3.699
 2401  3.4574682D+14      8670.8667  1.9182827D-04   -3.717
 2402  3.4577175D+14      8670.2416  2.1727896D-04   -3.663
 2403  3.4579668D+14      8669.6166  2.1603926D-04   -3.665
 2404  3.4582160D+14      8668.9916  2.1733300D-04   -3.663
 2405  3.4584653D+14      8668.3667  1.9198593D-04   -3.717
 2406  3.4587146D+14      8667.7420  2.0017917D-04   -3.699
 2407  3.4589639D+14      8667.1173  2.0601193D-04   -3.686
 2408  3.4594625D+14      8665.8682  2.1240766D-04   -3.673
 2409  3.4599611D+14      8664.6194  2.1515970D-04   -3.667
 2410  3.4604596D+14      8663.3711  2.1647616D-04   -3.665
 2411  3.4609582D+14      8662.1230  2.1718906D-04   -3.663
 2412  3.4619554D+14      8659.6281  2.1790380D-04   -3.662
 2413  3.4629525D+14      8657.1346  2.1826160D-04   -3.661
 2414  3.4639497D+14      8654.6425  2.1849041D-04   -3.661
 2415  3.4649468D+14      8652.1518  2.1866289D-04   -3.660
 2416  3.4659440D+14      8649.6626  2.1880727D-04   -3.660
 2417  3.4659440D+14      8649.6626  2.1891268D-04   -3.660
 2418  3.4786856D+14      8617.9808  2.2017958D-04   -3.657
 2419  3.4786856D+14      8617.9808  2.1996703D-04   -3.658
 2420  3.4794451D+14      8616.0997  2.1995757D-04   -3.658
 2421  3.4802046D+14      8614.2194  2.1989481D-04   -3.658
 2422  3.4809641D+14      8612.3399  2.1972578D-04   -3.658
 2423  3.4817236D+14      8610.4612  2.1931656D-04   -3.659
 2424  3.4824831D+14      8608.5833  2.1826124D-04   -3.661
 2425  3.4828628D+14      8607.6447  2.1711670D-04   -3.663
 2426  3.4832426D+14      8606.7063  2.1499480D-04   -3.668
 2427  3.4836223D+14      8605.7680  2.1081461D-04   -3.676
 2428  3.4840021D+14      8604.8300  2.0261330D-04   -3.693
 2429  3.4841920D+14      8604.3611  1.9649787D-04   -3.707
 2430  3.4843818D+14      8603.8922  2.2055519D-04   -3.656
 2431  3.4845717D+14      8603.4234  2.1983440D-04   -3.658
 2432  3.4847616D+14      8602.9546  2.1918315D-04   -3.659
 2433  3.4849515D+14      8602.4859  2.1987142D-04   -3.658
 2434  3.4851413D+14      8602.0172  2.2062644D-04   -3.656
 2435  3.4853312D+14      8601.5486  1.9667761D-04   -3.706
 2436  3.4855211D+14      8601.0800  2.0284365D-04   -3.693
 2437  3.4859008D+14      8600.1430  2.1111714D-04   -3.675
 2438  3.4862806D+14      8599.2063  2.1535339D-04   -3.667
 2439  3.4866603D+14      8598.2697  2.1753113D-04   -3.662
 2440  3.4870401D+14      8597.3333  2.1873461D-04   -3.660
 2441  3.4877996D+14      8595.4612  2.1991565D-04   -3.658
 2442  3.4885591D+14      8593.5898  2.2045694D-04   -3.657
 2443  3.4893186D+14      8591.7193  2.2076136D-04   -3.656
 2444  3.4900781D+14      8589.8496  2.2096136D-04   -3.656
 2445  3.4908376D+14      8587.9807  2.2110913D-04   -3.655
 2446  3.4908376D+14      8587.9807  2.2130904D-04   -3.655
 2447  3.4917684D+14      8585.6914  2.2139195D-04   -3.655
 2448  3.4990733D+14      8567.7672  2.2202402D-04   -3.654
 2449  3.5006368D+14      8563.9407  2.2215508D-04   -3.653
 2450  3.5006368D+14      8563.9407  2.2201174D-04   -3.654
 2451  3.5013545D+14      8562.1853  2.2201561D-04   -3.654
 2452  3.5020722D+14      8560.4306  2.2198307D-04   -3.654
 2453  3.5027899D+14      8558.6767  2.2187760D-04   -3.654
 2454  3.5035075D+14      8556.9234  2.2160550D-04   -3.654
 2455  3.5042252D+14      8555.1709  2.2087384D-04   -3.656
 2456  3.5045841D+14      8554.2949  2.2005162D-04   -3.657
 2457  3.5049429D+14      8553.4191  2.1845771D-04   -3.661
 2458  3.5053018D+14      8552.5435  2.1504525D-04   -3.667
 2459  3.5056606D+14      8551.6681  2.0720948D-04   -3.684
 2460  3.5058400D+14      8551.2304  2.0051247D-04   -3.698
 2461  3.5060194D+14      8550.7928  2.2249434D-04   -3.653
 2462  3.5061989D+14      8550.3552  2.2215148D-04   -3.653
 2463  3.5063783D+14      8549.9177  2.2186938D-04   -3.654
 2464  3.5063783D+14      8549.9177  2.2186939D-04   -3.654
 2465  3.5065577D+14      8549.4802  2.2218109D-04   -3.653
 2466  3.5067371D+14      8549.0428  2.2255222D-04   -3.653
 2467  3.5069166D+14      8548.6054  2.0067796D-04   -3.698
 2468  3.5070960D+14      8548.1681  2.0741119D-04   -3.683
 2469  3.5074548D+14      8547.2935  2.1529217D-04   -3.667
 2470  3.5078137D+14      8546.4191  2.1874481D-04   -3.660
 2471  3.5081725D+14      8545.5449  2.2038310D-04   -3.657
 2472  3.5085313D+14      8544.6709  2.2125359D-04   -3.655
 2473  3.5092490D+14      8542.9234  2.2208893D-04   -3.653
 2474  3.5099667D+14      8541.1767  2.2246973D-04   -3.653
 2475  3.5106844D+14      8539.4306  2.2268638D-04   -3.652
 2476  3.5114021D+14      8537.6852  2.2283152D-04   -3.652
 2477  3.5121198D+14      8535.9406  2.2294110D-04   -3.652
 2478  3.5121198D+14      8535.9406  2.2307597D-04   -3.652
 2479  3.5136832D+14      8532.1424  2.2319642D-04   -3.651
 2480  3.5182704D+14      8521.0181  2.2354472D-04   -3.651
 2481  3.5182704D+14      8521.0181  2.2346244D-04   -3.651
 2482  3.5189953D+14      8519.2627  2.2348478D-04   -3.651
 2483  3.5197203D+14      8517.5080  2.2348610D-04   -3.651
 2484  3.5204452D+14      8515.7541  2.2344510D-04   -3.651
 2485  3.5209882D+14      8514.4409  2.2335633D-04   -3.651
 2486  3.5211702D+14      8514.0008  2.2330648D-04   -3.651
 2487  3.5218951D+14      8512.2483  2.2289347D-04   -3.652
 2488  3.5222576D+14      8511.3723  2.2240621D-04   -3.653
 2489  3.5226201D+14      8510.4965  2.2141954D-04   -3.655
 2490  3.5229826D+14      8509.6209  2.1913803D-04   -3.659
 2491  3.5233450D+14      8508.7454  2.1288891D-04   -3.672
 2492  3.5235263D+14      8508.3077  2.0613554D-04   -3.686
 2493  3.5237075D+14      8507.8701  2.2390318D-04   -3.650
 2494  3.5238887D+14      8507.4326  2.2374437D-04   -3.650
 2495  3.5240700D+14      8506.9950  2.2361221D-04   -3.651
 2496  3.5242512D+14      8506.5576  2.2377166D-04   -3.650
 2497  3.5244324D+14      8506.1201  2.2395715D-04   -3.650
 2498  3.5246137D+14      8505.6827  2.0628769D-04   -3.686
 2499  3.5247949D+14      8505.2454  2.1306299D-04   -3.671
 2500  3.5251574D+14      8504.3709  2.1934697D-04   -3.659
 2501  3.5255199D+14      8503.4965  2.2166857D-04   -3.654
 2502  3.5258823D+14      8502.6223  2.2270043D-04   -3.652
 2503  3.5262448D+14      8501.7483  2.2323588D-04   -3.651
 2504  3.5269698D+14      8500.0008  2.2375004D-04   -3.650
 2505  3.5276947D+14      8498.2540  2.2399290D-04   -3.650
 2506  3.5282932D+14      8496.8126  2.2411796D-04   -3.650
 2507  3.5284197D+14      8496.5080  2.2413968D-04   -3.649
 2508  3.5291446D+14      8494.7627  2.2424504D-04   -3.649
 2509  3.5298696D+14      8493.0180  2.2432999D-04   -3.649
 2510  3.5298696D+14      8493.0180  2.2440767D-04   -3.649
 2511  3.5328845D+14      8485.7702  2.2463241D-04   -3.649
 2512  3.5328845D+14      8485.7702  2.2458838D-04   -3.649
 2513  3.5336155D+14      8484.0148  2.2462591D-04   -3.649
 2514  3.5343465D+14      8482.2601  2.2465233D-04   -3.648
 2515  3.5350775D+14      8480.5061  2.2465612D-04   -3.648
 2516  3.5355981D+14      8479.2572  2.2463007D-04   -3.649
 2517  3.5358084D+14      8478.7528  2.2460722D-04   -3.649
 2518  3.5365394D+14      8477.0003  2.2440830D-04   -3.649
 2519  3.5369049D+14      8476.1243  2.2415274D-04   -3.649
 2520  3.5372704D+14      8475.2485  2.2361157D-04   -3.651
 2521  3.5376359D+14      8474.3728  2.2228833D-04   -3.653
 2522  3.5380014D+14      8473.4974  2.1818542D-04   -3.661
 2523  3.5381842D+14      8473.0597  2.1276307D-04   -3.672
 2524  3.5383669D+14      8472.6221  2.2502590D-04   -3.648
 2525  3.5385497D+14      8472.1846  2.2496187D-04   -3.648
 2526  3.5387324D+14      8471.7470  2.2490916D-04   -3.648
 2527  3.5389152D+14      8471.3096  2.2499006D-04   -3.648
 2528  3.5390979D+14      8470.8721  2.2508205D-04   -3.648
 2529  3.5392807D+14      8470.4347  2.1289527D-04   -3.672
 2530  3.5394634D+14      8469.9974  2.1833625D-04   -3.661
 2531  3.5398289D+14      8469.1228  2.2248099D-04   -3.653
 2532  3.5401944D+14      8468.2485  2.2385255D-04   -3.650
 2533  3.5405599D+14      8467.3743  2.2444534D-04   -3.649
 2534  3.5409254D+14      8466.5003  2.2475422D-04   -3.648
 2535  3.5416564D+14      8464.7528  2.2506225D-04   -3.648
 2536  3.5423874D+14      8463.0061  2.2522186D-04   -3.647
 2537  3.5429031D+14      8461.7742  2.2530094D-04   -3.647
 2538  3.5431184D+14      8461.2600  2.2532957D-04   -3.647
 2539  3.5438494D+14      8459.5147  2.2541515D-04   -3.647
 2540  3.5445804D+14      8457.7701  2.2549000D-04   -3.647
 2541  3.5445804D+14      8457.7701  2.2553186D-04   -3.647
 2542  3.5451311D+14      8456.4563  2.2557585D-04   -3.647
 2543  3.5451311D+14      8456.4563  2.2555314D-04   -3.647
 2544  3.5458671D+14      8454.7008  2.2560329D-04   -3.647
 2545  3.5466032D+14      8452.9461  2.2564797D-04   -3.647
 2546  3.5473393D+14      8451.1921  2.2568118D-04   -3.647
 2547  3.5480754D+14      8449.4388  2.2568729D-04   -3.646
 2548  3.5488114D+14      8447.6863  2.2561535D-04   -3.647
 2549  3.5491795D+14      8446.8103  2.2549736D-04   -3.647
 2550  3.5495475D+14      8445.9345  2.2522720D-04   -3.647
 2551  3.5499156D+14      8445.0588  2.2452886D-04   -3.649
 2552  3.5502080D+14      8444.3632  2.2296601D-04   -3.652
 2553  3.5502836D+14      8444.1834  2.2218547D-04   -3.653
 2554  3.5504676D+14      8443.7457  2.1867606D-04   -3.660
 2555  3.5506516D+14      8443.3081  2.2601825D-04   -3.646
 2556  3.5508357D+14      8442.8705  2.2599934D-04   -3.646
 2557  3.5510197D+14      8442.4330  2.2598521D-04   -3.646
 2558  3.5512037D+14      8441.9955  2.2603030D-04   -3.646
 2559  3.5513877D+14      8441.5581  2.2608006D-04   -3.646
 2560  3.5515717D+14      8441.1207  2.1879487D-04   -3.660
 2561  3.5517558D+14      8440.6834  2.2232815D-04   -3.653
 2562  3.5521238D+14      8439.8088  2.2472545D-04   -3.648
 2563  3.5524918D+14      8438.9345  2.2548182D-04   -3.647
 2564  3.5528599D+14      8438.0603  2.2581172D-04   -3.646
 2565  3.5532279D+14      8437.1863  2.2599025D-04   -3.646
 2566  3.5539640D+14      8435.4388  2.2618441D-04   -3.646
 2567  3.5547001D+14      8433.6921  2.2630124D-04   -3.645
 2568  3.5554361D+14      8431.9461  2.2639135D-04   -3.645
 2569  3.5554952D+14      8431.8059  2.2639799D-04   -3.645
 2570  3.5554952D+14      8431.8059  2.2638677D-04   -3.645
 2571  3.5561722D+14      8430.2008  2.2645507D-04   -3.645
 2572  3.5562356D+14      8430.0505  2.2646110D-04   -3.645
 2573  3.5569083D+14      8428.4562  2.2652173D-04   -3.645
 2574  3.5569083D+14      8428.4562  2.2654347D-04   -3.645
 2575  3.5569760D+14      8428.2957  2.2654862D-04   -3.645
 2576  3.5575130D+14      8427.0236  2.2658759D-04   -3.645
 2577  3.5577164D+14      8426.5417  2.2660119D-04   -3.645
 2578  3.5584568D+14      8424.7884  2.2664060D-04   -3.645
 2579  3.5591972D+14      8423.0359  2.2664142D-04   -3.645
 2580  3.5595674D+14      8422.1599  2.2660098D-04   -3.645
 2581  3.5599376D+14      8421.2841  2.2648418D-04   -3.645
 2582  3.5603078D+14      8420.4084  2.2614977D-04   -3.646
 2583  3.5606780D+14      8419.5330  2.2494723D-04   -3.648
 2584  3.5608631D+14      8419.0953  2.2300865D-04   -3.652
 2585  3.5610482D+14      8418.6577  2.2693467D-04   -3.644
 2586  3.5612333D+14      8418.2201  2.2693711D-04   -3.644
 2587  3.5614184D+14      8417.7826  2.2694151D-04   -3.644
 2588  3.5616035D+14      8417.3451  2.2697121D-04   -3.644
 2589  3.5617886D+14      8416.9077  2.2700284D-04   -3.644
 2590  3.5619737D+14      8416.4703  2.2312342D-04   -3.651
 2591  3.5621588D+14      8416.0330  2.2509220D-04   -3.648
 2592  3.5625290D+14      8415.1584  2.2635914D-04   -3.645
 2593  3.5628992D+14      8414.2841  2.2676002D-04   -3.644
 2594  3.5632694D+14      8413.4099  2.2694407D-04   -3.644
 2595  3.5636396D+14      8412.5359  2.2705212D-04   -3.644
 2596  3.5643439D+14      8410.8735  2.2718167D-04   -3.644
 2597  3.5643439D+14      8410.8735  2.2717619D-04   -3.644
 2598  3.5643800D+14      8410.7884  2.2718143D-04   -3.644
 2599  3.5648179D+14      8409.7551  2.2723975D-04   -3.644
 2600  3.5650880D+14      8409.1180  2.2727209D-04   -3.643
 2601  3.5651204D+14      8409.0417  2.2727584D-04   -3.643
 2602  3.5658321D+14      8407.3633  2.2735281D-04   -3.643
 2603  3.5658608D+14      8407.2957  2.2735573D-04   -3.643
 2604  3.5665762D+14      8405.6093  2.2742508D-04   -3.643
 2605  3.5666012D+14      8405.5504  2.2742736D-04   -3.643
 2606  3.5673203D+14      8403.8560  2.2748814D-04   -3.643
 2607  3.5673415D+14      8403.8059  2.2748974D-04   -3.643
 2608  3.5673415D+14      8403.8059  2.2750055D-04   -3.643
 2609  3.5680644D+14      8402.1034  2.2753899D-04   -3.643
 2610  3.5684364D+14      8401.2274  2.2753895D-04   -3.643
 2611  3.5688085D+14      8400.3516  2.2750130D-04   -3.643
 2612  3.5691805D+14      8399.4759  2.2735585D-04   -3.643
 2613  3.5695526D+14      8398.6005  2.2677332D-04   -3.644
 2614  3.5697386D+14      8398.1628  2.2578369D-04   -3.646
 2615  3.5699246D+14      8397.7252  2.2778299D-04   -3.642
 2616  3.5701106D+14      8397.2876  2.2779523D-04   -3.642
 2617  3.5702966D+14      8396.8501  2.2780828D-04   -3.642
 2618  3.5704827D+14      8396.4126  2.2783211D-04   -3.642
 2619  3.5706687D+14      8395.9752  2.2785674D-04   -3.642
 2620  3.5708547D+14      8395.5378  2.2590015D-04   -3.646
 2621  3.5710407D+14      8395.1005  2.2692472D-04   -3.644
 2622  3.5714128D+14      8394.2259  2.2757925D-04   -3.643
 2623  3.5717848D+14      8393.3516  2.2779768D-04   -3.642
 2624  3.5721229D+14      8392.5573  2.2790058D-04   -3.642
 2625  3.5721569D+14      8392.4774  2.2790864D-04   -3.642
 2626  3.5725289D+14      8391.6034  2.2798216D-04   -3.642
 2627  3.5732730D+14      8389.8560  2.2808938D-04   -3.642
 2628  3.5740171D+14      8388.1092  2.2817796D-04   -3.642
 2629  3.5747612D+14      8386.3632  2.2826031D-04   -3.642
 2630  3.5755053D+14      8384.6180  2.2834019D-04   -3.641
 2631  3.5762494D+14      8382.8734  2.2841907D-04   -3.641
 2632  3.5762494D+14      8382.8734  2.2842438D-04   -3.641
 2633  3.5794278D+14      8375.4296  2.2875641D-04   -3.641
 2634  3.5867328D+14      8358.3717  2.2954249D-04   -3.639
 2635  3.5940377D+14      8341.3831  2.3035452D-04   -3.638
 2636  3.5943525D+14      8340.6526  2.3038998D-04   -3.638
 2637  3.5943525D+14      8340.6526  2.3038998D-04   -3.638
 2638  3.5946635D+14      8339.9310  2.3041137D-04   -3.637
 2639  3.5949745D+14      8339.2096  2.2645388D-04   -3.645
 2640  3.5952855D+14      8338.4883  2.3048160D-04   -3.637
 2641  3.5955965D+14      8337.7671  2.3053041D-04   -3.637
 2642  3.5955965D+14      8337.7671  2.3053041D-04   -3.637
 2643  3.6013427D+14      8324.4635  2.3118485D-04   -3.636
 2644  3.6086477D+14      8307.6123  2.3202654D-04   -3.634
 2645  3.6159526D+14      8290.8293  2.3287430D-04   -3.633
 2646  3.6232576D+14      8274.1139  2.3372488D-04   -3.631
 2647  3.6296294D+14      8259.5887  2.3446799D-04   -3.630
 2648  3.6296294D+14      8259.5887  2.3442164D-04   -3.630
 2649  3.6305625D+14      8257.4658  2.3453052D-04   -3.630
 2650  3.6378675D+14      8240.8845  2.3538351D-04   -3.628
 2651  3.6380561D+14      8240.4572  2.3540556D-04   -3.628
 2652  3.6380561D+14      8240.4572  2.3540556D-04   -3.628
 2653  3.6383709D+14      8239.7443  2.3449656D-04   -3.630
 2654  3.6386857D+14      8239.0315  2.2524178D-04   -3.647
 2655  3.6390004D+14      8238.3189  2.3457361D-04   -3.630
 2656  3.6393152D+14      8237.6063  2.3555270D-04   -3.628
 2657  3.6393152D+14      8237.6063  2.3555269D-04   -3.628
 2658  3.6451724D+14      8224.3697  2.3623765D-04   -3.627
 2659  3.6524774D+14      8207.9210  2.3709297D-04   -3.625
 2660  3.6524774D+14      8207.9210  2.3709297D-04   -3.625
 2661  3.6549072D+14      8202.4644  2.3737738D-04   -3.625
 2662  3.6549072D+14      8202.4644  2.3730269D-04   -3.625
 2663  3.6609277D+14      8188.9751  2.3800748D-04   -3.623
 2664  3.6609277D+14      8188.9751  2.3777091D-04   -3.624
 2665  3.6619231D+14      8186.7491  2.3788749D-04   -3.624
 2666  3.6619231D+14      8186.7491  2.3763419D-04   -3.624
 2667  3.8228307D+14      7842.1589  2.5676115D-04   -3.590
 2668  3.8228307D+14      7842.1589  2.5657260D-04   -3.591
 2669  3.9466377D+14      7596.1484  2.7165732D-04   -3.566
 2670  3.9466377D+14      7596.1484  2.7165733D-04   -3.566
 2671  3.9469792D+14      7595.4912  2.7094374D-04   -3.567
 2672  3.9473207D+14      7594.8342  2.5290768D-04   -3.597
 2673  3.9476621D+14      7594.1772  2.7103076D-04   -3.567
 2674  3.9480036D+14      7593.5204  2.7182553D-04   -3.566
 2675  3.9480036D+14      7593.5204  2.7182553D-04   -3.566
 2676  4.0327184D+14      7434.0043  2.8233267D-04   -3.549
 2677  4.0327184D+14      7434.0043  2.8231901D-04   -3.549
 2678  4.1154119D+14      7284.6283  2.9271524D-04   -3.534
 2679  4.1154119D+14      7284.6283  2.9271525D-04   -3.534
 2680  4.1156492D+14      7284.2082  2.9272626D-04   -3.534
 2681  4.1158866D+14      7283.7880  2.6332869D-04   -3.580
 2682  4.1161240D+14      7283.3680  1.9674832D-04   -3.706
 2683  4.1163614D+14      7282.9480  2.6339419D-04   -3.579
 2684  4.1165988D+14      7282.5280  2.9284643D-04   -3.533
 2685  4.1168361D+14      7282.1081  2.9289551D-04   -3.533
 2686  4.1168361D+14      7282.1081  2.9289551D-04   -3.533
 2687  4.1749532D+14      7180.7382  3.0028526D-04   -3.522
 2688  4.1749532D+14      7180.7382  3.0028526D-04   -3.522
 2689  4.1753144D+14      7180.1170  2.9969694D-04   -3.523
 2690  4.1756756D+14      7179.4959  2.7648875D-04   -3.558
 2691  4.1760368D+14      7178.8749  2.9979168D-04   -3.523
 2692  4.1763980D+14      7178.2540  3.0046982D-04   -3.522
 2693  4.1763980D+14      7178.2540  3.0046982D-04   -3.522
 2694  4.2411345D+14      7068.6854  3.0878117D-04   -3.510
 2695  4.2411345D+14      7068.6854  3.0878117D-04   -3.510
 2696  4.2413791D+14      7068.2777  3.0871861D-04   -3.510
 2697  4.2416238D+14      7067.8701  2.4206017D-04   -3.616
 2698  4.2418684D+14      7067.4625  2.0181664D-04   -3.695
 2699  4.2421130D+14      7067.0549  2.4213437D-04   -3.616
 2700  4.2423577D+14      7066.6474  3.0884491D-04   -3.510
 2701  4.2426023D+14      7066.2400  3.0897055D-04   -3.510
 2702  4.2426023D+14      7066.2400  3.0897056D-04   -3.510
 2703  4.3486057D+14      6893.9903  3.2275767D-04   -3.491
 2704  4.3486057D+14      6893.9903  3.2275767D-04   -3.491
 2705  4.3489820D+14      6893.3939  3.2227511D-04   -3.492
 2706  4.3493582D+14      6892.7976  2.9653257D-04   -3.528
 2707  4.3497345D+14      6892.2014  3.2237581D-04   -3.492
 2708  4.3501107D+14      6891.6053  3.2295495D-04   -3.491
 2709  4.3501107D+14      6891.6053  3.2295495D-04   -3.491
 2710  4.4837482D+14      6686.2019  3.4064182D-04   -3.468
 2711  4.4837482D+14      6686.2019  3.4064181D-04   -3.468
 2712  4.4841361D+14      6685.6235  3.4024731D-04   -3.468
 2713  4.4845240D+14      6685.0452  3.1366469D-04   -3.504
 2714  4.4849120D+14      6684.4669  3.4035269D-04   -3.468
 2715  4.4852999D+14      6683.8888  3.4084913D-04   -3.467
 2716  4.4852999D+14      6683.8888  3.4084913D-04   -3.467
 2717  4.4871382D+14      6681.1505  3.4109479D-04   -3.467
 2718  4.4871382D+14      6681.1505  3.4109479D-04   -3.467
 2719  4.4875265D+14      6680.5725  3.2171646D-04   -3.493
 2720  4.4879147D+14      6679.9946  1.8497790D-04   -3.733
 2721  4.4883029D+14      6679.4168  3.2182795D-04   -3.492
 2722  4.4886912D+14      6678.8391  3.4130235D-04   -3.467
 2723  4.4886912D+14      6678.8391  3.4130235D-04   -3.467
 2724  4.5134490D+14      6642.2033  3.4461748D-04   -3.463
 2725  4.5134490D+14      6642.2033  3.4394288D-04   -3.464
 2726  4.5159030D+14      6638.5939  3.4418753D-04   -3.463
 2727  4.5183570D+14      6634.9883  3.4441662D-04   -3.463
 2728  4.5207745D+14      6631.4402  3.4462321D-04   -3.463
 2729  4.5207745D+14      6631.4402  3.4457984D-04   -3.463
 2730  4.5208110D+14      6631.3867  3.4458278D-04   -3.463
 2731  4.5232650D+14      6627.7889  3.4476766D-04   -3.462
 2732  4.5257190D+14      6624.1951  3.4492079D-04   -3.462
 2733  4.5281730D+14      6620.6052  3.4503258D-04   -3.462
 2734  4.5306271D+14      6617.0191  3.4508969D-04   -3.462
 2735  4.5330811D+14      6613.4369  3.4507319D-04   -3.462
 2736  4.5355351D+14      6609.8587  3.4495562D-04   -3.462
 2737  4.5379891D+14      6606.2842  3.4469608D-04   -3.463
 2738  4.5404431D+14      6602.7137  3.4423189D-04   -3.463
 2739  4.5428971D+14      6599.1470  3.4346404D-04   -3.464
 2740  4.5453511D+14      6595.5841  3.4223028D-04   -3.466
 2741  4.5465781D+14      6593.8042  3.4135904D-04   -3.467
 2742  4.5478051D+14      6592.0251  3.4025443D-04   -3.468
 2743  4.5490321D+14      6590.2471  3.3884805D-04   -3.470
 2744  4.5502592D+14      6588.4700  3.3704736D-04   -3.472
 2745  4.5514862D+14      6586.6938  3.3472626D-04   -3.475
 2746  4.5527132D+14      6584.9186  3.3171232D-04   -3.479
 2747  4.5539402D+14      6583.1444  3.2777059D-04   -3.484
 2748  4.5551672D+14      6581.3711  3.2258523D-04   -3.491
 2749  4.5563942D+14      6579.5988  3.1574598D-04   -3.501
 2750  4.5576212D+14      6577.8275  3.0675610D-04   -3.513
 2751  4.5582463D+14      6576.9254  3.0117889D-04   -3.521
 2752  4.5582463D+14      6576.9254  3.0106578D-04   -3.521
 2753  4.5588482D+14      6576.0570  2.9499469D-04   -3.530
 2754  4.5594617D+14      6575.1722  2.8804334D-04   -3.541
 2755  4.5600752D+14      6574.2876  2.8029620D-04   -3.552
 2756  4.5606887D+14      6573.4032  2.7174835D-04   -3.566
 2757  4.5613022D+14      6572.5191  2.6241041D-04   -3.581
 2758  4.5619157D+14      6571.6352  2.5229714D-04   -3.598
 2759  4.5625292D+14      6570.7515  2.4140603D-04   -3.617
 2760  4.5631427D+14      6569.8681  2.2970928D-04   -3.639
 2761  4.5636366D+14      6569.1571  2.1973212D-04   -3.658
 2762  4.5637562D+14      6568.9849  2.1726282D-04   -3.663
 2763  4.5643697D+14      6568.1020  2.0499076D-04   -3.688
 2764  4.5649832D+14      6567.2193  2.0571367D-04   -3.687
 2765  4.5655967D+14      6566.3368  2.1915188D-04   -3.659
 2766  4.5662102D+14      6565.4546  2.0602267D-04   -3.686
 2767  4.5663317D+14      6565.2798  2.0009978D-04   -3.699
 2768  4.5668237D+14      6564.5726  2.0571800D-04   -3.687
 2769  4.5674372D+14      6563.6908  2.1903257D-04   -3.659
 2770  4.5676793D+14      6563.3429  2.2475986D-04   -3.648
 2771  4.5680507D+14      6562.8093  2.3359755D-04   -3.632
 2772  4.5683531D+14      6562.3749  2.4043180D-04   -3.619
 2773  4.5686642D+14      6561.9280  2.4099130D-04   -3.618
 2774  4.5686900D+14      6561.8910  2.4118746D-04   -3.618
 2775  4.5690269D+14      6561.4072  2.4227384D-04   -3.616
 2776  4.5692777D+14      6561.0469  2.4619123D-04   -3.609
 2777  4.5697007D+14      6560.4397  2.5696614D-04   -3.590
 2778  4.5698912D+14      6560.1661  2.6082735D-04   -3.584
 2779  4.5705048D+14      6559.2856  2.7145927D-04   -3.566
 2780  4.5710483D+14      6558.5056  2.7964710D-04   -3.553
 2781  4.5711183D+14      6558.4052  2.8064058D-04   -3.552
 2782  4.5717318D+14      6557.5251  2.8882309D-04   -3.539
 2783  4.5723453D+14      6556.6452  2.9612934D-04   -3.529
 2784  4.5735723D+14      6554.8862  3.0836718D-04   -3.511
 2785  4.5737434D+14      6554.6410  3.0984385D-04   -3.509
 2786  4.5747993D+14      6553.1281  3.1786346D-04   -3.498
 2787  4.5760263D+14      6551.3710  3.2516387D-04   -3.488
 2788  4.5772533D+14      6549.6148  3.3077591D-04   -3.480
 2789  4.5784803D+14      6547.8595  3.3511793D-04   -3.475
 2790  4.5791337D+14      6546.9252  3.3702649D-04   -3.472
 2791  4.5791337D+14      6546.9252  3.3738056D-04   -3.472
 2792  4.5797073D+14      6546.1052  3.3883504D-04   -3.470
 2793  4.5809343D+14      6544.3518  3.4146562D-04   -3.467
 2794  4.5821613D+14      6542.5994  3.4357708D-04   -3.464
 2795  4.5833883D+14      6540.8479  3.4529583D-04   -3.462
 2796  4.5846153D+14      6539.0973  3.4671450D-04   -3.460
 2797  4.5858423D+14      6537.3477  3.4790143D-04   -3.459
 2798  4.5882963D+14      6533.8513  3.4977097D-04   -3.456
 2799  4.5907504D+14      6530.3585  3.5117957D-04   -3.454
 2800  4.5932044D+14      6526.8696  3.5228842D-04   -3.453
 2801  4.5956584D+14      6523.3843  3.5319580D-04   -3.452
 2802  4.5981124D+14      6519.9028  3.5396362D-04   -3.451
 2803  4.6005664D+14      6516.4250  3.5463234D-04   -3.450
 2804  4.6030204D+14      6512.9509  3.5522902D-04   -3.449
 2805  4.6054744D+14      6509.4805  3.5577231D-04   -3.449
 2806  4.6079284D+14      6506.0138  3.5627530D-04   -3.448
 2807  4.6103825D+14      6502.5507  3.5674738D-04   -3.448
 2808  4.6128365D+14      6499.0914  3.5719547D-04   -3.447
 2809  4.6152905D+14      6495.6357  3.5762463D-04   -3.447
 2810  4.6177445D+14      6492.1838  3.5803874D-04   -3.446
 2811  4.6177445D+14      6492.1838  3.5865803D-04   -3.445
 2812  4.8528080D+14      6177.7111  3.9110253D-04   -3.408
 2813  5.0998373D+14      5878.4710  4.2619585D-04   -3.370
 2814  5.0998373D+14      5878.4710  4.2619585D-04   -3.370
 2815  5.1002786D+14      5877.9624  3.7305053D-04   -3.428
 2816  5.1007198D+14      5877.4540  2.6919057D-04   -3.570
 2817  5.1011610D+14      5876.9456  3.7320135D-04   -3.428
 2818  5.1016023D+14      5876.4373  4.2645011D-04   -3.370
 2819  5.1016023D+14      5876.4373  4.2645011D-04   -3.370
 2820  5.2630796D+14      5696.1414  4.4991801D-04   -3.347
 2821  5.2630796D+14      5696.1414  4.4917893D-04   -3.348
 2822  5.5230260D+14      5428.0472  4.8766252D-04   -3.312
 2823  5.5230260D+14      5428.0472  4.8705009D-04   -3.312
 2824  5.5271187D+14      5424.0279  4.8697457D-04   -3.312
 2825  5.5312113D+14      5420.0146  4.8507394D-04   -3.314
 2826  5.5353040D+14      5416.0072  4.6703943D-04   -3.331
 2827  5.5373503D+14      5414.0057  3.9373933D-04   -3.405
 2828  5.5383734D+14      5413.0055  3.7914834D-04   -3.421
 2829  5.5393966D+14      5412.0057  3.9415211D-04   -3.404
 2830  5.5414429D+14      5410.0072  4.6818450D-04   -3.330
 2831  5.5455356D+14      5406.0145  4.8734423D-04   -3.312
 2832  5.5496282D+14      5402.0278  4.9042011D-04   -3.309
 2833  5.5537208D+14      5398.0469  4.9170067D-04   -3.308
 2834  5.5537208D+14      5398.0469  4.9227026D-04   -3.308
 2835  5.9364679D+14      5050.0140  5.5078651D-04   -3.259
 2836  5.9364679D+14      5050.0140  5.5078651D-04   -3.259
 2837  5.9369815D+14      5049.5771  5.5024485D-04   -3.259
 2838  5.9374951D+14      5049.1403  4.4379636D-04   -3.353
 2839  5.9380087D+14      5048.7036  5.5040478D-04   -3.259
 2840  5.9385223D+14      5048.2669  5.5110571D-04   -3.259
 2841  5.9385223D+14      5048.2669  5.5110572D-04   -3.259
 2842  5.9744054D+14      5017.9464  5.5668907D-04   -3.254
 2843  5.9744054D+14      5017.9464  5.5668908D-04   -3.254
 2844  5.9747500D+14      5017.6569  5.5668086D-04   -3.254
 2845  5.9750946D+14      5017.3676  4.7650679D-04   -3.322
 2846  5.9754392D+14      5017.0782  3.6034621D-04   -3.443
 2847  5.9757838D+14      5016.7889  4.7663898D-04   -3.322
 2848  5.9761284D+14      5016.4996  5.5689571D-04   -3.254
 2849  5.9764730D+14      5016.2104  5.5701129D-04   -3.254
 2850  5.9764730D+14      5016.2104  5.5701127D-04   -3.254
 2851  6.0881996D+14      4924.1562  5.7449919D-04   -3.241
 2852  6.0881996D+14      4924.1562  5.7449919D-04   -3.241
 2853  6.0887263D+14      4923.7302  5.6564662D-04   -3.247
 2854  6.0892531D+14      4923.3043  3.3215671D-04   -3.479
 2855  6.0897799D+14      4922.8784  5.6581711D-04   -3.247
 2856  6.0903066D+14      4922.4526  5.7483043D-04   -3.240
 2857  6.0903066D+14      4922.4526  5.7483044D-04   -3.240
 2858  6.1128680D+14      4904.2849  5.7838053D-04   -3.238
 2859  6.1128680D+14      4904.2849  5.7741453D-04   -3.239
 2860  6.1172756D+14      4900.7512  5.7786802D-04   -3.238
 2861  6.1216832D+14      4897.2227  5.7822780D-04   -3.238
 2862  6.1260908D+14      4893.6992  5.7844105D-04   -3.238
 2863  6.1304984D+14      4890.1808  5.7841367D-04   -3.238
 2864  6.1349061D+14      4886.6675  5.7796675D-04   -3.238
 2865  6.1393137D+14      4883.1592  5.7673055D-04   -3.239
 2866  6.1437213D+14      4879.6559  5.7385717D-04   -3.241
 2867  6.1459251D+14      4877.9061  5.7122184D-04   -3.243
 2868  6.1481289D+14      4876.1576  5.6712862D-04   -3.246
 2869  6.1486897D+14      4875.7129  5.6575036D-04   -3.247
 2870  6.1486897D+14      4875.7129  5.6539847D-04   -3.248
 2871  6.1503327D+14      4874.4104  5.6019118D-04   -3.252
 2872  6.1525365D+14      4872.6644  5.4933225D-04   -3.260
 2873  6.1547403D+14      4870.9197  5.3089262D-04   -3.275
 2874  6.1569442D+14      4869.1762  4.9926705D-04   -3.302
 2875  6.1580461D+14      4868.3049  4.7630604D-04   -3.322
 2876  6.1591480D+14      4867.4339  4.4767064D-04   -3.349
 2877  6.1602499D+14      4866.5633  4.1309151D-04   -3.384
 2878  6.1613518D+14      4865.6929  3.7167114D-04   -3.430
 2879  6.1624537D+14      4864.8229  3.2140061D-04   -3.493
 2880  6.1635556D+14      4863.9532  3.0612782D-04   -3.514
 2881  6.1646575D+14      4863.0838  3.2204940D-04   -3.492
 2882  6.1657594D+14      4862.2147  3.7367295D-04   -3.428
 2883  6.1668613D+14      4861.3459  4.1094696D-04   -3.386
 2884  6.1677233D+14      4860.6665  4.3246512D-04   -3.364
 2885  6.1679632D+14      4860.4774  4.4504599D-04   -3.352
 2886  6.1690651D+14      4859.6092  4.5934227D-04   -3.338
 2887  6.1701670D+14      4858.7414  4.9192607D-04   -3.308
 2888  6.1723708D+14      4857.0066  5.2952897D-04   -3.276
 2889  6.1745746D+14      4855.2730  5.5078838D-04   -3.259
 2890  6.1767784D+14      4853.5407  5.6336993D-04   -3.249
 2891  6.1789823D+14      4851.8097  5.7118696D-04   -3.243
 2892  6.1811861D+14      4850.0798  5.7630625D-04   -3.239
 2893  6.1833899D+14      4848.3512  5.7983293D-04   -3.237
 2894  6.1867568D+14      4845.7126  5.8345240D-04   -3.234
 2895  6.1867568D+14      4845.7126  5.8384703D-04   -3.234
 2896  6.1877975D+14      4844.8977  5.8464304D-04   -3.233
 2897  6.1922051D+14      4841.4491  5.8722235D-04   -3.231
 2898  6.1966127D+14      4838.0054  5.8902678D-04   -3.230
 2899  6.2010203D+14      4834.5666  5.9042116D-04   -3.229
 2900  6.2054280D+14      4831.1327  5.9158125D-04   -3.228
 2901  6.2098356D+14      4827.7036  5.9259929D-04   -3.227
 2902  6.2142432D+14      4824.2795  5.9352684D-04   -3.227
 2903  6.2142432D+14      4824.2795  5.9440573D-04   -3.226
 2904  6.3577168D+14      4715.4107  6.1728552D-04   -3.210
 2905  6.3577168D+14      4715.4107  6.1728551D-04   -3.210
 2906  6.3582668D+14      4715.0028  6.1455200D-04   -3.211
 2907  6.3588169D+14      4714.5949  4.2277078D-04   -3.374
 2908  6.3593670D+14      4714.1871  6.1473007D-04   -3.211
 2909  6.3599170D+14      4713.7794  6.1763818D-04   -3.209
 2910  6.3599170D+14      4713.7794  6.1763818D-04   -3.209
 2911  6.3757813D+14      4702.0505  6.2018242D-04   -3.207
 2912  6.3757813D+14      4702.0505  6.1745836D-04   -3.209
 2913  6.3786048D+14      4699.9692  6.1677073D-04   -3.210
 2914  6.3814283D+14      4697.8896  6.1529999D-04   -3.211
 2915  6.3842517D+14      4695.8120  6.1223694D-04   -3.213
 2916  6.3870752D+14      4693.7361  6.0558310D-04   -3.218
 2917  6.3898987D+14      4691.6621  5.8975450D-04   -3.229
 2918  6.3913104D+14      4690.6258  5.7370747D-04   -3.241
 2919  6.3927222D+14      4689.5900  5.4474802D-04   -3.264
 2920  6.3941339D+14      4688.5546  4.8507941D-04   -3.314
 2921  6.3948398D+14      4688.0371  4.3103489D-04   -3.365
 2922  6.3955456D+14      4687.5196  3.6046511D-04   -3.443
 2923  6.3962515D+14      4687.0023  3.5094981D-04   -3.455
 2924  6.3969574D+14      4686.4852  3.6070345D-04   -3.443
 2925  6.3976632D+14      4685.9681  4.3159760D-04   -3.365
 2926  6.3983691D+14      4685.4511  4.8600457D-04   -3.313
 2927  6.3997808D+14      4684.4176  5.4635710D-04   -3.263
 2928  6.4011926D+14      4683.3845  5.7589196D-04   -3.240
 2929  6.4026043D+14      4682.3518  5.9242401D-04   -3.227
 2930  6.4054278D+14      4680.2878  6.0909046D-04   -3.215
 2931  6.4082513D+14      4678.2257  6.1654407D-04   -3.210
 2932  6.4110747D+14      4676.1654  6.2042378D-04   -3.207
 2933  6.4138982D+14      4674.1069  6.2273328D-04   -3.206
 2934  6.4167217D+14      4672.0502  6.2427709D-04   -3.205
 2935  6.4167217D+14      4672.0502  6.2676084D-04   -3.203
 2936  6.5774134D+14      4557.9081  6.5275254D-04   -3.185
 2937  6.5774134D+14      4557.9081  6.5241648D-04   -3.185
 2938  6.5832240D+14      4553.8851  6.5297983D-04   -3.185
 2939  6.5890346D+14      4549.8692  6.5248929D-04   -3.185
 2940  6.5948452D+14      4545.8604  6.4072598D-04   -3.193
 2941  6.5977505D+14      4543.8586  5.7189993D-04   -3.243
 2942  6.5992032D+14      4542.8584  5.6882510D-04   -3.245
 2943  6.6006559D+14      4541.8586  5.7257244D-04   -3.242
 2944  6.6035612D+14      4539.8604  6.4237798D-04   -3.192
 2945  6.6093718D+14      4535.8692  6.5589139D-04   -3.183
 2946  6.6151824D+14      4531.8850  6.5823067D-04   -3.182
 2947  6.6209930D+14      4527.9078  6.5954169D-04   -3.181
 2948  6.6209930D+14      4527.9078  6.5984728D-04   -3.181
 2949  6.7013304D+14      4473.6260  6.7297569D-04   -3.172
 2950  6.7013304D+14      4473.6260  6.7297568D-04   -3.172
 2951  6.7019102D+14      4473.2390  6.3989894D-04   -3.194
 2952  6.7024900D+14      4472.8520  3.7728601D-04   -3.423
 2953  6.7030698D+14      4472.4651  6.4010854D-04   -3.194
 2954  6.7036496D+14      4472.0783  6.7335565D-04   -3.172
 2955  6.7036496D+14      4472.0783  6.7335564D-04   -3.172
 2956  6.8259612D+14      4391.9449  6.9346592D-04   -3.159
 2957  6.8259612D+14      4391.9449  6.9346591D-04   -3.159
 2958  6.8265518D+14      4391.5650  6.8905373D-04   -3.162
 2959  6.8271424D+14      4391.1851  4.4335255D-04   -3.353
 2960  6.8277330D+14      4390.8052  6.8925168D-04   -3.162
 2961  6.8283236D+14      4390.4255  6.9385573D-04   -3.159
 2962  6.8283236D+14      4390.4255  6.9385573D-04   -3.159
 2963  6.8554953D+14      4373.0240  6.9834294D-04   -3.156
 2964  6.8554953D+14      4373.0240  6.9725547D-04   -3.157
 2965  6.8599313D+14      4370.1962  6.9769520D-04   -3.156
 2966  6.8643673D+14      4367.3720  6.9800997D-04   -3.156
 2967  6.8688033D+14      4364.5515  6.9812191D-04   -3.156
 2968  6.8732393D+14      4361.7346  6.9788492D-04   -3.156
 2969  6.8776753D+14      4358.9214  6.9700220D-04   -3.157
 2970  6.8821113D+14      4356.1117  6.9480559D-04   -3.158
 2971  6.8839626D+14      4354.9403  6.9316284D-04   -3.159
 2972  6.8839626D+14      4354.9403  6.9301311D-04   -3.159
 2973  6.8865473D+14      4353.3057  6.8938926D-04   -3.162
 2974  6.8887653D+14      4351.9041  6.8426629D-04   -3.165
 2975  6.8909833D+14      4350.5033  6.7580876D-04   -3.170
 2976  6.8932013D+14      4349.1035  6.6122831D-04   -3.180
 2977  6.8954193D+14      4347.7046  6.3506646D-04   -3.197
 2978  6.8976373D+14      4346.3065  5.8786213D-04   -3.231
 2979  6.8987463D+14      4345.6078  5.5295494D-04   -3.257
 2980  6.8998553D+14      4344.9094  5.0955893D-04   -3.293
 2981  6.9009643D+14      4344.2111  4.5712705D-04   -3.340
 2982  6.9020733D+14      4343.5131  3.9247548D-04   -3.406
 2983  6.9031823D+14      4342.8153  3.8460490D-04   -3.415
 2984  6.9042913D+14      4342.1178  3.9295653D-04   -3.406
 2985  6.9054002D+14      4341.4204  4.5829751D-04   -3.339
 2986  6.9065092D+14      4340.7233  5.0942435D-04   -3.293
 2987  6.9076182D+14      4340.0264  5.5228416D-04   -3.258
 2988  6.9078382D+14      4339.8882  5.5597520D-04   -3.255
 2989  6.9087272D+14      4339.3298  5.5365590D-04   -3.257
 2990  6.9109452D+14      4337.9371  6.3061769D-04   -3.200
 2991  6.9131632D+14      4336.5453  6.6191661D-04   -3.179
 2992  6.9153812D+14      4335.1545  6.7877156D-04   -3.168
 2993  6.9175992D+14      4333.7645  6.8860986D-04   -3.162
 2994  6.9198172D+14      4332.3754  6.9476416D-04   -3.158
 2995  6.9242532D+14      4329.5999  7.0173630D-04   -3.154
 2996  6.9286892D+14      4326.8279  7.0549032D-04   -3.152
 2997  6.9317138D+14      4324.9399  7.0720875D-04   -3.150
 2998  6.9317138D+14      4324.9399  7.0735561D-04   -3.150
 2999  6.9331252D+14      4324.0595  7.0799960D-04   -3.150
 3000  6.9375612D+14      4321.2946  7.0967248D-04   -3.149
 3001  6.9419972D+14      4318.5333  7.1100537D-04   -3.148
 3002  6.9464332D+14      4315.7755  7.1214143D-04   -3.147
 3003  6.9508692D+14      4313.0212  7.1315674D-04   -3.147
 3004  6.9508692D+14      4313.0212  7.1414663D-04   -3.146
 3005  7.1192063D+14      4211.0376  7.4223561D-04   -3.129
 3006  7.1192063D+14      4211.0376  7.4148584D-04   -3.130
 3007  7.1289131D+14      4205.3039  7.3808707D-04   -3.132
 3008  7.1337665D+14      4202.4428  6.9400878D-04   -3.159
 3009  7.1361931D+14      4201.0138  6.7418271D-04   -3.171
 3010  7.1386198D+14      4199.5857  6.9512293D-04   -3.158
 3011  7.1434732D+14      4196.7324  7.4069218D-04   -3.130
 3012  7.1531800D+14      4191.0375  7.4723511D-04   -3.127
 3013  7.1531800D+14      4191.0375  7.4793360D-04   -3.126
 3014  7.2297814D+14      4146.6324  7.6081525D-04   -3.119
 3015  7.2297814D+14      4146.6324  7.6081525D-04   -3.119
 3016  7.2304069D+14      4146.2737  7.5841443D-04   -3.120
 3017  7.2310324D+14      4145.9150  5.2774357D-04   -3.278
 3018  7.2316579D+14      4145.5564  7.5862700D-04   -3.120
 3019  7.2322834D+14      4145.1979  7.6123684D-04   -3.118
 3020  7.2322834D+14      4145.1979  7.6123681D-04   -3.118
 3021  7.2604553D+14      4129.1137  7.6598675D-04   -3.116
 3022  7.2604553D+14      4129.1137  7.6513449D-04   -3.116
 3023  7.2645948D+14      4126.7609  7.6560242D-04   -3.116
 3024  7.2687343D+14      4124.4107  7.6597185D-04   -3.116
 3025  7.2728738D+14      4122.0633  7.6618107D-04   -3.116
 3026  7.2770133D+14      4119.7184  7.6611395D-04   -3.116
 3027  7.2811527D+14      4117.3763  7.6553290D-04   -3.116
 3028  7.2852922D+14      4115.0368  7.6389791D-04   -3.117
 3029  7.2894317D+14      4112.7000  7.5979372D-04   -3.119
 3030  7.2915015D+14      4111.5326  7.5568868D-04   -3.122
 3031  7.2920520D+14      4111.2222  7.5419121D-04   -3.123
 3032  7.2920520D+14      4111.2222  7.5395119D-04   -3.123
 3033  7.2935712D+14      4110.3658  7.4845116D-04   -3.126
 3034  7.2956409D+14      4109.1997  7.3595589D-04   -3.133
 3035  7.2977107D+14      4108.0343  7.1230396D-04   -3.147
 3036  7.2997804D+14      4106.8695  6.6572900D-04   -3.177
 3037  7.3008153D+14      4106.2874  6.2830686D-04   -3.202
 3038  7.3018502D+14      4105.7054  5.7907266D-04   -3.237
 3039  7.3028850D+14      4105.1236  5.1766300D-04   -3.286
 3040  7.3039199D+14      4104.5420  4.4086207D-04   -3.356
 3041  7.3049548D+14      4103.9605  4.5626540D-04   -3.341
 3042  7.3059896D+14      4103.3792  4.4129389D-04   -3.355
 3043  7.3070245D+14      4102.7980  5.1861037D-04   -3.285
 3044  7.3080594D+14      4102.2171  5.7878735D-04   -3.237
 3045  7.3090942D+14      4101.6362  5.9741643D-04   -3.224
 3046  7.3098758D+14      4101.1977  6.5183309D-04   -3.186
 3047  7.3101291D+14      4101.0556  6.6409267D-04   -3.178
 3048  7.3121989D+14      4099.8948  6.9922067D-04   -3.155
 3049  7.3142686D+14      4098.7346  7.3432989D-04   -3.134
 3050  7.3163383D+14      4097.5751  7.5039979D-04   -3.125
 3051  7.3184081D+14      4096.4163  7.5916630D-04   -3.120
 3052  7.3204778D+14      4095.2581  7.6447289D-04   -3.117
 3053  7.3246173D+14      4092.9436  7.7037154D-04   -3.113
 3054  7.3276995D+14      4091.2220  7.7287335D-04   -3.112
 3055  7.3276995D+14      4091.2220  7.7313337D-04   -3.112
 3056  7.3287568D+14      4090.6318  7.7376278D-04   -3.111
 3057  7.3328963D+14      4088.3226  7.7570630D-04   -3.110
 3058  7.3370357D+14      4086.0160  7.7714681D-04   -3.109
 3059  7.3411752D+14      4083.7121  7.7831792D-04   -3.109
 3060  7.3453147D+14      4081.4107  7.7933343D-04   -3.108
 3061  7.3494542D+14      4079.1119  7.8025368D-04   -3.108
 3062  7.3494542D+14      4079.1119  7.8103242D-04   -3.107
 3063  7.4258579D+14      4037.1424  7.9399596D-04   -3.100
 3064  7.4258579D+14      4037.1424  7.9399596D-04   -3.100
 3065  7.4265004D+14      4036.7931  7.7559281D-04   -3.110
 3066  7.4265526D+14      4036.7648  7.5186585D-04   -3.124
 3067  7.4265526D+14      4036.7648  7.5165523D-04   -3.124
 3068  7.4271429D+14      4036.4439  4.6248839D-04   -3.335
 3069  7.4277854D+14      4036.0948  7.7552273D-04   -3.110
 3070  7.4284279D+14      4035.7457  7.9405476D-04   -3.100
 3071  7.4284279D+14      4035.7457  7.9405475D-04   -3.100
 3072  7.4450416D+14      4026.7399  7.6534739D-04   -3.116
 3073  7.4635306D+14      4016.7646  8.0013397D-04   -3.097
 3074  7.4635306D+14      4016.7646  8.0040338D-04   -3.097
 3075  7.4730293D+14      4011.6591  8.0202050D-04   -3.096
 3076  7.4730293D+14      4011.6591  8.0202047D-04   -3.096
 3077  7.4736758D+14      4011.3120  8.0070824D-04   -3.097
 3078  7.4743224D+14      4010.9650  6.0362778D-04   -3.219
 3079  7.4749690D+14      4010.6181  8.0092948D-04   -3.096
 3080  7.4756155D+14      4010.2712  8.0246086D-04   -3.096
 3081  7.4756155D+14      4010.2712  8.0246085D-04   -3.096
 3082  7.5054110D+14      3994.3510  8.0753764D-04   -3.093
 3083  7.5054110D+14      3994.3510  8.0559295D-04   -3.094
 3084  7.5092994D+14      3992.2827  8.0573205D-04   -3.094
 3085  7.5131878D+14      3990.2165  8.0564885D-04   -3.094
 3086  7.5170761D+14      3988.1525  8.0520610D-04   -3.094
 3087  7.5209645D+14      3986.0906  8.0414802D-04   -3.095
 3088  7.5248528D+14      3984.0308  8.0196015D-04   -3.096
 3089  7.5287412D+14      3981.9732  7.9750435D-04   -3.098
 3090  7.5326296D+14      3979.9177  7.8794863D-04   -3.104
 3091  7.5332661D+14      3979.5814  7.8548770D-04   -3.105
 3092  7.5332661D+14      3979.5814  7.8528990D-04   -3.105
 3093  7.5345737D+14      3978.8908  7.7894814D-04   -3.108
 3094  7.5365179D+14      3977.8643  7.6500741D-04   -3.116
 3095  7.5384621D+14      3976.8384  7.4229298D-04   -3.129
 3096  7.5404063D+14      3975.8131  7.0480955D-04   -3.152
 3097  7.5423505D+14      3974.7882  6.4494811D-04   -3.190
 3098  7.5433226D+14      3974.2760  6.0500423D-04   -3.218
 3099  7.5442946D+14      3973.7639  5.5832337D-04   -3.253
 3100  7.5452667D+14      3973.2520  5.0403273D-04   -3.298
 3101  7.5462388D+14      3972.7401  6.7553336D-04   -3.170
 3102  7.5472109D+14      3972.2284  4.8167304D-04   -3.317
 3103  7.5481830D+14      3971.7169  6.7508832D-04   -3.171
 3104  7.5491551D+14      3971.2054  5.0492792D-04   -3.297
 3105  7.5501272D+14      3970.6941  5.5960986D-04   -3.252
 3106  7.5510993D+14      3970.1830  6.0238976D-04   -3.220
 3107  7.5520714D+14      3969.6719  6.4616899D-04   -3.190
 3108  7.5522916D+14      3969.5562  6.5299504D-04   -3.185
 3109  7.5540155D+14      3968.6503  6.9102798D-04   -3.161
 3110  7.5559597D+14      3967.6291  7.4033244D-04   -3.131
 3111  7.5579039D+14      3966.6085  7.6667893D-04   -3.115
 3112  7.5580339D+14      3966.5403  7.6799002D-04   -3.115
 3113  7.5580339D+14      3966.5403  7.6799001D-04   -3.115
 3114  7.5586878D+14      3966.1971  7.7184186D-04   -3.112
 3115  7.5593417D+14      3965.8540  5.5681164D-04   -3.254
 3116  7.5598481D+14      3965.5884  7.6125784D-04   -3.118
 3117  7.5599956D+14      3965.5110  7.8111937D-04   -3.107
 3118  7.5606495D+14      3965.1680  7.8710035D-04   -3.104
 3119  7.5606495D+14      3965.1680  7.8710032D-04   -3.104
 3120  7.5617923D+14      3964.5688  7.9245545D-04   -3.101
 3121  7.5656806D+14      3962.5312  8.0377416D-04   -3.095
 3122  7.5695690D+14      3960.4957  8.0968738D-04   -3.092
 3123  7.5713171D+14      3959.5813  8.1148214D-04   -3.091
 3124  7.5713171D+14      3959.5813  8.1171185D-04   -3.091
 3125  7.5734573D+14      3958.4624  8.1341880D-04   -3.090
 3126  7.5773457D+14      3956.4310  8.1575126D-04   -3.088
 3127  7.5812341D+14      3954.4018  8.1748173D-04   -3.088
 3128  7.5851224D+14      3952.3747  8.1886186D-04   -3.087
 3129  7.5890108D+14      3950.3496  8.2002625D-04   -3.086
 3130  7.5890108D+14      3950.3496  8.2181153D-04   -3.085
 3131  7.6212982D+14      3933.6141  8.2733416D-04   -3.082
 3132  7.6212982D+14      3933.6141  8.2682929D-04   -3.083
 3133  7.6308320D+14      3928.6995  8.2552772D-04   -3.083
 3134  7.6308320D+14      3928.6995  8.2552773D-04   -3.083
 3135  7.6314922D+14      3928.3596  8.2388628D-04   -3.084
 3136  7.6321524D+14      3928.0198  6.5747419D-04   -3.182
 3137  7.6328126D+14      3927.6800  8.2159192D-04   -3.085
 3138  7.6334728D+14      3927.3403  8.2056100D-04   -3.086
 3139  7.6334728D+14      3927.3403  8.2056101D-04   -3.086
 3140  7.6388157D+14      3924.5934  7.9953386D-04   -3.097
 3141  7.6563333D+14      3915.6140  8.3286037D-04   -3.079
 3142  7.6563333D+14      3915.6140  8.3333101D-04   -3.079
 3143  7.6628648D+14      3912.2765  8.3444927D-04   -3.079
 3144  7.6628648D+14      3912.2765  8.3331330D-04   -3.079
 3145  7.6667327D+14      3910.3027  8.3366831D-04   -3.079
 3146  7.6706005D+14      3908.3310  8.3389209D-04   -3.079
 3147  7.6744684D+14      3906.3612  8.3390267D-04   -3.079
 3148  7.6783363D+14      3904.3934  8.3354603D-04   -3.079
 3149  7.6822042D+14      3902.4276  8.3250816D-04   -3.080
 3150  7.6860721D+14      3900.4638  8.3007854D-04   -3.081
 3151  7.6899399D+14      3898.5019  8.2441246D-04   -3.084
 3152  7.6918739D+14      3897.5218  8.1891651D-04   -3.087
 3153  7.6921458D+14      3897.3840  8.1790223D-04   -3.087
 3154  7.6921458D+14      3897.3840  8.1781074D-04   -3.087
 3155  7.6938078D+14      3896.5421  8.0966883D-04   -3.092
 3156  7.6944398D+14      3896.2220  8.0541961D-04   -3.094
 3157  7.6944398D+14      3896.2220  8.0526191D-04   -3.094
 3158  7.6957418D+14      3895.5629  7.9347501D-04   -3.100
 3159  7.6973019D+14      3894.7733  7.7124392D-04   -3.113
 3160  7.6976757D+14      3894.5842  7.6402507D-04   -3.117
 3161  7.6996096D+14      3893.6059  7.0902494D-04   -3.149
 3162  7.7001640D+14      3893.3256  6.8635000D-04   -3.163
 3163  7.7005766D+14      3893.1170  6.6715587D-04   -3.176
 3164  7.7015436D+14      3892.6282  6.1429500D-04   -3.212
 3165  7.7025105D+14      3892.1395  5.5042218D-04   -3.259
 3166  7.7030261D+14      3891.8790  5.1090463D-04   -3.292
 3167  7.7034775D+14      3891.6510  7.5131189D-04   -3.124
 3168  7.7044445D+14      3891.1625  5.4414193D-04   -3.264
 3169  7.7044572D+14      3891.1561  5.4417250D-04   -3.264
 3170  7.7054114D+14      3890.6742  7.4164930D-04   -3.130
 3171  7.7058882D+14      3890.4335  5.1356803D-04   -3.289
 3172  7.7063784D+14      3890.1860  5.4976234D-04   -3.260
 3173  7.7066038D+14      3890.0723  5.6222538D-04   -3.250
 3174  7.7073193D+14      3889.7111  5.5945857D-04   -3.252
 3175  7.7073454D+14      3889.6980  5.5994749D-04   -3.252
 3176  7.7080348D+14      3889.3501  6.2302516D-04   -3.205
 3177  7.7083124D+14      3889.2100  6.4749595D-04   -3.189
 3178  7.7087504D+14      3888.9891  6.7185515D-04   -3.173
 3179  7.7092793D+14      3888.7222  6.7578822D-04   -3.170
 3180  7.7099913D+14      3888.3631  7.2993416D-04   -3.137
 3181  7.7101814D+14      3888.2672  7.3665546D-04   -3.133
 3182  7.7112133D+14      3887.7469  7.4043177D-04   -3.131
 3183  7.7116125D+14      3887.5457  7.5749522D-04   -3.121
 3184  7.7131472D+14      3886.7722  7.9161706D-04   -3.101
 3185  7.7144746D+14      3886.1034  8.0669928D-04   -3.093
 3186  7.7150811D+14      3885.7979  8.1159182D-04   -3.091
 3187  7.7170151D+14      3884.8241  8.2244044D-04   -3.085
 3188  7.7173367D+14      3884.6622  8.2375839D-04   -3.084
 3189  7.7189490D+14      3883.8507  8.2902826D-04   -3.081
 3190  7.7201988D+14      3883.2220  8.3199972D-04   -3.080
 3191  7.7201988D+14      3883.2220  8.3217772D-04   -3.080
 3192  7.7228169D+14      3881.9056  8.3643973D-04   -3.078
 3193  7.7266848D+14      3879.9623  8.4023183D-04   -3.076
 3194  7.7278369D+14      3879.3839  8.4103912D-04   -3.075
 3195  7.7278369D+14      3879.3839  8.4114148D-04   -3.075
 3196  7.7305527D+14      3878.0210  8.4266699D-04   -3.074
 3197  7.7344205D+14      3876.0817  8.4431373D-04   -3.073
 3198  7.7382884D+14      3874.1443  8.4560172D-04   -3.073
 3199  7.7390532D+14      3873.7614  8.4582861D-04   -3.073
 3200  7.7390532D+14      3873.7614  8.4582861D-04   -3.073
 3201  7.7397228D+14      3873.4263  8.4543778D-04   -3.073
 3202  7.7403924D+14      3873.0912  7.2035470D-04   -3.142
 3203  7.7410620D+14      3872.7562  8.4580857D-04   -3.073
 3204  7.7417316D+14      3872.4212  8.4657084D-04   -3.072
 3205  7.7417316D+14      3872.4212  8.4657082D-04   -3.072
 3206  7.7421563D+14      3872.2088  8.4668218D-04   -3.072
 3207  7.7460242D+14      3870.2753  8.4763522D-04   -3.072
 3208  7.7460242D+14      3870.2753  8.4867671D-04   -3.071
 3209  7.7505203D+14      3868.0301  8.4944410D-04   -3.071
 3210  7.7505203D+14      3868.0301  8.4908217D-04   -3.071
 3211  7.7686384D+14      3859.0091  8.3415163D-04   -3.079
 3212  7.7715277D+14      3857.5743  8.2613611D-04   -3.083
 3213  7.7715277D+14      3857.5743  8.2524543D-04   -3.083
 3214  7.7753152D+14      3855.6952  8.4818478D-04   -3.072
 3215  7.7791027D+14      3853.8180  8.5106263D-04   -3.070
 3216  7.7828902D+14      3851.9425  8.5174855D-04   -3.070
 3217  7.7866777D+14      3850.0689  8.5161756D-04   -3.070
 3218  7.7867564D+14      3850.0300  8.5160699D-04   -3.070
 3219  7.7867564D+14      3850.0300  8.5193233D-04   -3.070
 3220  7.7904652D+14      3848.1971  8.5084168D-04   -3.070
 3221  7.7942527D+14      3846.3272  8.4830618D-04   -3.071
 3222  7.7980402D+14      3844.4590  8.4244457D-04   -3.074
 3223  7.7994371D+14      3843.7704  8.3854000D-04   -3.076
 3224  7.7994371D+14      3843.7704  8.3848781D-04   -3.077
 3225  7.7999339D+14      3843.5256  8.3672234D-04   -3.077
 3226  7.8018277D+14      3842.5927  8.2729773D-04   -3.082
 3227  7.8037214D+14      3841.6602  8.1083677D-04   -3.091
 3228  7.8056152D+14      3840.7281  7.8060921D-04   -3.108
 3229  7.8075089D+14      3839.7965  7.2413507D-04   -3.140
 3230  7.8084558D+14      3839.3309  6.8117482D-04   -3.167
 3231  7.8094027D+14      3838.8654  6.2702346D-04   -3.203
 3232  7.8103495D+14      3838.4000  5.6178713D-04   -3.250
 3233  7.8112964D+14      3837.9347  7.8355007D-04   -3.106
 3234  7.8122433D+14      3837.4696  5.8127412D-04   -3.236
 3235  7.8131902D+14      3837.0045  7.8349131D-04   -3.106
 3236  7.8141370D+14      3836.5396  5.6259783D-04   -3.250
 3237  7.8150839D+14      3836.0747  6.2821429D-04   -3.202
 3238  7.8160308D+14      3835.6100  6.8147674D-04   -3.167
 3239  7.8169777D+14      3835.1454  7.0780413D-04   -3.150
 3240  7.8177851D+14      3834.7493  7.5419071D-04   -3.123
 3241  7.8188714D+14      3834.2165  7.6127768D-04   -3.118
 3242  7.8207652D+14      3833.2881  8.1105649D-04   -3.091
 3243  7.8226589D+14      3832.3601  8.3022556D-04   -3.081
 3244  7.8245527D+14      3831.4326  8.4081215D-04   -3.075
 3245  7.8264464D+14      3830.5055  8.4729592D-04   -3.072
 3246  7.8302339D+14      3828.6527  8.5451370D-04   -3.068
 3247  7.8340214D+14      3826.8016  8.5831505D-04   -3.066
 3248  7.8354870D+14      3826.0858  8.5934257D-04   -3.066
 3249  7.8354870D+14      3826.0858  8.5934254D-04   -3.066
 3250  7.8361332D+14      3825.7703  8.5430162D-04   -3.068
 3251  7.8361332D+14      3825.7703  8.5435632D-04   -3.068
 3252  7.8361650D+14      3825.7548  8.5044490D-04   -3.070
 3253  7.8368429D+14      3825.4239  5.2172046D-04   -3.283
 3254  7.8375208D+14      3825.0930  8.5117642D-04   -3.070
 3255  7.8378089D+14      3824.9524  8.6068917D-04   -3.065
 3256  7.8381988D+14      3824.7621  8.6090736D-04   -3.065
 3257  7.8381988D+14      3824.7621  8.6090736D-04   -3.065
 3258  7.8408343D+14      3823.4765  8.6205784D-04   -3.064
 3259  7.8408343D+14      3823.4765  8.6177304D-04   -3.065
 3260  7.8415964D+14      3823.1049  8.6203388D-04   -3.064
 3261  7.8453839D+14      3821.2593  8.6304120D-04   -3.064
 3262  7.8491714D+14      3819.4154  8.6341094D-04   -3.064
 3263  7.8519802D+14      3818.0491  8.6258770D-04   -3.064
 3264  7.8519802D+14      3818.0491  8.6163272D-04   -3.065
 3265  7.8529589D+14      3817.5733  8.6066249D-04   -3.065
 3266  7.8529589D+14      3817.5733  8.6168743D-04   -3.065
 3267  7.8554565D+14      3816.3594  8.5326410D-04   -3.069
 3268  7.8564788D+14      3815.8629  8.4151996D-04   -3.075
 3269  7.8589329D+14      3814.6713  8.6491450D-04   -3.063
 3270  7.8593781D+14      3814.4552  8.5432906D-04   -3.068
 3271  7.8624093D+14      3812.9846  8.4418629D-04   -3.074
 3272  7.8658857D+14      3811.2995  8.6201358D-04   -3.064
 3273  7.8693620D+14      3809.6158  8.6346841D-04   -3.064
 3274  7.8728384D+14      3807.9336  8.6197934D-04   -3.065
 3275  7.8729150D+14      3807.8965  8.6191751D-04   -3.065
 3276  7.8761777D+14      3806.3191  8.5751236D-04   -3.067
 3277  7.8761777D+14      3806.3191  8.5749723D-04   -3.067
 3278  7.8763148D+14      3806.2529  8.5720967D-04   -3.067
 3279  7.8779218D+14      3805.4764  8.5284632D-04   -3.069
 3280  7.8779218D+14      3805.4764  8.5307750D-04   -3.069
 3281  7.8780529D+14      3805.4131  8.5261754D-04   -3.069
 3282  7.8797911D+14      3804.5737  8.4440897D-04   -3.073
 3283  7.8815293D+14      3803.7346  8.2983515D-04   -3.081
 3284  7.8832675D+14      3802.8959  8.0229632D-04   -3.096
 3285  7.8850057D+14      3802.0576  7.4827734D-04   -3.126
 3286  7.8858748D+14      3801.6386  7.0522647D-04   -3.152
 3287  7.8867439D+14      3801.2197  6.4919570D-04   -3.188
 3288  7.8876130D+14      3800.8008  5.8035648D-04   -3.236
 3289  7.8884821D+14      3800.3821  8.0819195D-04   -3.092
 3290  7.8893511D+14      3799.9634  6.3951415D-04   -3.194
 3291  7.8893511D+14      3799.9634  6.3951413D-04   -3.194
 3292  7.8902202D+14      3799.5449  8.0839693D-04   -3.092
 3293  7.8910893D+14      3799.1264  5.8110567D-04   -3.236
 3294  7.8919584D+14      3798.7080  6.5034970D-04   -3.187
 3295  7.8928275D+14      3798.2897  7.0639224D-04   -3.151
 3296  7.8936966D+14      3797.8716  7.4648819D-04   -3.127
 3297  7.8948894D+14      3797.2977  7.9122689D-04   -3.102
 3298  7.8954348D+14      3797.0355  7.6543946D-04   -3.116
 3299  7.8971730D+14      3796.1997  8.3072944D-04   -3.081
 3300  7.8989112D+14      3795.3643  8.4724273D-04   -3.072
 3301  7.9006493D+14      3794.5293  8.5621069D-04   -3.067
 3302  7.9023875D+14      3793.6947  8.6166725D-04   -3.065
 3303  7.9057873D+14      3792.0633  8.6760510D-04   -3.062
 3304  7.9058639D+14      3792.0265  8.6769720D-04   -3.062
 3305  7.9093403D+14      3790.3599  8.7083607D-04   -3.060
 3306  7.9127014D+14      3788.7498  8.7269775D-04   -3.059
 3307  7.9127014D+14      3788.7498  8.7188743D-04   -3.060
 3308  7.9128166D+14      3788.6946  8.7193210D-04   -3.060
 3309  7.9136012D+14      3788.3190  8.7221791D-04   -3.059
 3310  7.9136012D+14      3788.3190  8.7223307D-04   -3.059
 3311  7.9158364D+14      3787.2493  8.7289026D-04   -3.059
 3312  7.9162930D+14      3787.0308  8.7300015D-04   -3.059
 3313  7.9189713D+14      3785.7500  8.7349917D-04   -3.059
 3314  7.9197694D+14      3785.3685  8.7360191D-04   -3.059
 3315  7.9221063D+14      3784.2519  8.7377854D-04   -3.059
 3316  7.9222234D+14      3784.1959  8.7378229D-04   -3.059
 3317  7.9232457D+14      3783.7077  8.7379161D-04   -3.059
 3318  7.9252413D+14      3782.7550  8.7367497D-04   -3.059
 3319  7.9267221D+14      3782.0483  8.7344502D-04   -3.059
 3320  7.9267221D+14      3782.0483  8.7432183D-04   -3.058
 3321  7.9283762D+14      3781.2592  8.7377358D-04   -3.059
 3322  7.9315112D+14      3779.7647  8.7185662D-04   -3.060
 3323  7.9346461D+14      3778.2713  8.6750350D-04   -3.062
 3324  7.9362136D+14      3777.5251  8.6328698D-04   -3.064
 3325  7.9377811D+14      3776.7791  8.5619574D-04   -3.067
 3326  7.9386596D+14      3776.3612  8.5003777D-04   -3.071
 3327  7.9393486D+14      3776.0334  8.4346215D-04   -3.074
 3328  7.9409161D+14      3775.2881  8.1878385D-04   -3.087
 3329  7.9424835D+14      3774.5430  7.6795939D-04   -3.115
 3330  7.9432673D+14      3774.1706  7.2540303D-04   -3.139
 3331  7.9440510D+14      3773.7982  6.6802776D-04   -3.175
 3332  7.9448348D+14      3773.4260  5.9597736D-04   -3.225
 3333  7.9456185D+14      3773.0538  8.2826546D-04   -3.082
 3334  7.9464022D+14      3772.6816  7.0238413D-04   -3.153
 3335  7.9471860D+14      3772.3096  8.2851450D-04   -3.082
 3336  7.9479697D+14      3771.9376  5.9666037D-04   -3.224
 3337  7.9487535D+14      3771.5657  6.6911218D-04   -3.175
 3338  7.9495372D+14      3771.1939  7.2682429D-04   -3.139
 3339  7.9503209D+14      3770.8221  7.6960598D-04   -3.114
 3340  7.9518884D+14      3770.0788  8.2063357D-04   -3.086
 3341  7.9534559D+14      3769.3358  8.4540502D-04   -3.073
 3342  7.9550234D+14      3768.5930  8.5823821D-04   -3.066
 3343  7.9550957D+14      3768.5588  8.5866519D-04   -3.066
 3344  7.9557244D+14      3768.2610  8.6194591D-04   -3.065
 3345  7.9557244D+14      3768.2610  8.6142294D-04   -3.065
 3346  7.9565909D+14      3767.8506  8.6488767D-04   -3.063
 3347  7.9581583D+14      3767.1085  8.6916759D-04   -3.061
 3348  7.9588937D+14      3766.7604  8.7058514D-04   -3.060
 3349  7.9612933D+14      3765.6251  8.7365721D-04   -3.059
 3350  7.9620630D+14      3765.2611  8.7430293D-04   -3.058
 3351  7.9644283D+14      3764.1429  8.7565332D-04   -3.058
 3352  7.9652323D+14      3763.7629  8.7594877D-04   -3.058
 3353  7.9675632D+14      3762.6618  8.7646048D-04   -3.057
 3354  7.9684016D+14      3762.2659  8.7653551D-04   -3.057
 3355  7.9706982D+14      3761.1819  8.7646363D-04   -3.057
 3356  7.9715319D+14      3760.7885  8.7633114D-04   -3.057
 3357  7.9715709D+14      3760.7702  8.7632340D-04   -3.057
 3358  7.9738331D+14      3759.7032  8.7560216D-04   -3.058
 3359  7.9747401D+14      3759.2756  8.7512767D-04   -3.058
 3360  7.9769681D+14      3758.2256  8.7326943D-04   -3.059
 3361  7.9779094D+14      3757.7822  8.7204631D-04   -3.059
 3362  7.9794941D+14      3757.0359  8.6899847D-04   -3.061
 3363  7.9801031D+14      3756.7492  8.6734093D-04   -3.062
 3364  7.9801031D+14      3756.7492  8.6801083D-04   -3.061
 3365  7.9810787D+14      3756.2899  8.6443141D-04   -3.063
 3366  7.9826634D+14      3755.5443  8.5487431D-04   -3.068
 3367  7.9842480D+14      3754.7989  8.3570819D-04   -3.078
 3368  7.9858327D+14      3754.0538  7.9285347D-04   -3.101
 3369  7.9866250D+14      3753.6814  7.5328577D-04   -3.123
 3370  7.9874173D+14      3753.3091  6.9533246D-04   -3.158
 3371  7.9879680D+14      3753.0503  6.4360726D-04   -3.191
 3372  7.9882096D+14      3752.9368  6.1822754D-04   -3.209
 3373  7.9890020D+14      3752.5646  8.5068899D-04   -3.070
 3374  7.9897943D+14      3752.1925  7.5017489D-04   -3.125
 3375  7.9905866D+14      3751.8204  8.5068794D-04   -3.070
 3376  7.9913524D+14      3751.4609  6.1603330D-04   -3.210
 3377  7.9913524D+14      3751.4609  6.1600699D-04   -3.210
 3378  7.9913789D+14      3751.4484  6.1889952D-04   -3.208
 3379  7.9921712D+14      3751.0765  6.9626900D-04   -3.157
 3380  7.9929636D+14      3750.7047  7.5421933D-04   -3.123
 3381  7.9937559D+14      3750.3329  7.9354734D-04   -3.100
 3382  7.9943488D+14      3750.0548  8.1367123D-04   -3.090
 3383  7.9953405D+14      3749.5896  8.3567926D-04   -3.078
 3384  7.9969252D+14      3748.8466  8.5414014D-04   -3.068
 3385  7.9973452D+14      3748.6497  8.5712645D-04   -3.067
 3386  7.9985098D+14      3748.1039  8.6306774D-04   -3.064
 3387  8.0000945D+14      3747.3615  8.6776035D-04   -3.062
 3388  8.0003415D+14      3747.2457  8.6826966D-04   -3.061
 3389  8.0016791D+14      3746.6194  8.7034748D-04   -3.060
 3390  8.0033379D+14      3745.8428  8.7181877D-04   -3.060
 3391  8.0044042D+14      3745.3438  8.7234019D-04   -3.059
 3392  8.0048484D+14      3745.1360  8.7248320D-04   -3.059
 3393  8.0063343D+14      3744.4409  8.7269949D-04   -3.059
 3394  8.0080177D+14      3743.6538  8.7252038D-04   -3.059
 3395  8.0093307D+14      3743.0401  8.7207857D-04   -3.059
 3396  8.0111870D+14      3742.1728  8.7091807D-04   -3.060
 3397  8.0123271D+14      3741.6403  8.6978066D-04   -3.061
 3398  8.0138253D+14      3740.9408  8.6750801D-04   -3.062
 3399  8.0143563D+14      3740.6929  8.6638915D-04   -3.062
 3400  8.0153234D+14      3740.2416  8.6370826D-04   -3.064
 3401  8.0168216D+14      3739.5426  8.5681240D-04   -3.067
 3402  8.0175256D+14      3739.2142  8.5152395D-04   -3.070
 3403  8.0183198D+14      3738.8439  8.4269825D-04   -3.074
 3404  8.0183641D+14      3738.8232  8.4208197D-04   -3.075
 3405  8.0183641D+14      3738.8232  8.4188096D-04   -3.075
 3406  8.0198180D+14      3738.1454  8.0874574D-04   -3.092
 3407  8.0205671D+14      3737.7963  7.7436137D-04   -3.111
 3408  8.0206949D+14      3737.7367  7.6655890D-04   -3.115
 3409  8.0208403D+14      3737.6689  7.5684191D-04   -3.121
 3410  8.0213162D+14      3737.4472  7.1825828D-04   -3.144
 3411  8.0213403D+14      3737.4360  7.1601367D-04   -3.145
 3412  8.0220653D+14      3737.0982  6.3637660D-04   -3.196
 3413  8.0228144D+14      3736.7493  8.5558079D-04   -3.068
 3414  8.0235635D+14      3736.4004  7.9664604D-04   -3.099
 3415  8.0238641D+14      3736.2604  8.1148966D-04   -3.091
 3416  8.0238641D+14      3736.2604  8.1180484D-04   -3.091
 3417  8.0243126D+14      3736.0516  8.5562797D-04   -3.068
 3418  8.0243165D+14      3736.0498  8.5591177D-04   -3.068
 3419  8.0250617D+14      3735.7029  6.3704895D-04   -3.196
 3420  8.0258108D+14      3735.3542  7.1903094D-04   -3.143
 3421  8.0265599D+14      3735.0056  7.7474293D-04   -3.111
 3422  8.0272927D+14      3734.6646  8.0791263D-04   -3.093
 3423  8.0273090D+14      3734.6570  8.0847216D-04   -3.092
 3424  8.0288071D+14      3733.9601  8.4080150D-04   -3.075
 3425  8.0302689D+14      3733.2804  8.5340911D-04   -3.069
 3426  8.0303053D+14      3733.2635  8.5361033D-04   -3.069
 3427  8.0318035D+14      3732.5671  8.5930997D-04   -3.066
 3428  8.0332451D+14      3731.8973  8.6190405D-04   -3.065
 3429  8.0333017D+14      3731.8710  8.6197132D-04   -3.065
 3430  8.0347999D+14      3731.1752  8.6312345D-04   -3.064
 3431  8.0362213D+14      3730.5152  8.6340428D-04   -3.064
 3432  8.0372765D+14      3730.0254  8.6324779D-04   -3.064
 3433  8.0377963D+14      3729.7842  8.6307076D-04   -3.064
 3434  8.0391975D+14      3729.1341  8.6226291D-04   -3.064
 3435  8.0406856D+14      3728.4440  8.6077547D-04   -3.065
 3436  8.0407927D+14      3728.3943  8.6063639D-04   -3.065
 3437  8.0421737D+14      3727.7541  8.5828215D-04   -3.066
 3438  8.0426342D+14      3727.5407  8.5718769D-04   -3.067
 3439  8.0426342D+14      3727.5407  8.5704698D-04   -3.067
 3440  8.0436618D+14      3727.0644  8.5368666D-04   -3.069
 3441  8.0437890D+14      3727.0055  8.5315269D-04   -3.069
 3442  8.0451500D+14      3726.3750  8.4461276D-04   -3.073
 3443  8.0453635D+14      3726.2761  8.4256955D-04   -3.074
 3444  8.0466381D+14      3725.6859  8.2190754D-04   -3.085
 3445  8.0467854D+14      3725.6177  8.1801503D-04   -3.087
 3446  8.0473821D+14      3725.3414  7.9645817D-04   -3.099
 3447  8.0480929D+14      3725.0124  7.5133421D-04   -3.124
 3448  8.0481262D+14      3724.9970  7.4848046D-04   -3.126
 3449  8.0488702D+14      3724.6527  6.6286751D-04   -3.179
 3450  8.0496143D+14      3724.3084  8.5344305D-04   -3.069
 3451  8.0497818D+14      3724.2309  8.4601757D-04   -3.073
 3452  8.0503583D+14      3723.9642  8.2208113D-04   -3.085
 3453  8.0508223D+14      3723.7495  8.3947160D-04   -3.076
 3454  8.0511024D+14      3723.6200  8.5278071D-04   -3.069
 3455  8.0518464D+14      3723.2759  6.6334275D-04   -3.178
 3456  8.0525905D+14      3722.9319  7.4835077D-04   -3.126
 3457  8.0527782D+14      3722.8451  7.6323361D-04   -3.117
 3458  8.0533345D+14      3722.5879  7.9529390D-04   -3.099
 3459  8.0535517D+14      3722.4875  8.0409222D-04   -3.095
 3460  8.0537126D+14      3722.4132  8.0961631D-04   -3.092
 3461  8.0540786D+14      3722.2440  8.1968706D-04   -3.086
 3462  8.0555667D+14      3721.5564  8.4048736D-04   -3.075
 3463  8.0557745D+14      3721.4604  8.4199222D-04   -3.075
 3464  8.0557745D+14      3721.4604  8.4226905D-04   -3.075
 3465  8.0562811D+14      3721.2264  8.4516771D-04   -3.073
 3466  8.0570548D+14      3720.8691  8.4811751D-04   -3.072
 3467  8.0585429D+14      3720.1820  8.5095126D-04   -3.070
 3468  8.0590105D+14      3719.9661  8.5138633D-04   -3.070
 3469  8.0600310D+14      3719.4951  8.5187145D-04   -3.070
 3470  8.0601971D+14      3719.4185  8.5190196D-04   -3.070
 3471  8.0601971D+14      3719.4185  8.5183855D-04   -3.070
 3472  8.0615191D+14      3718.8085  8.5169496D-04   -3.070
 3473  8.0617398D+14      3718.7067  8.5161176D-04   -3.070
 3474  8.0629385D+14      3718.1539  8.5087526D-04   -3.070
 3475  8.0631045D+14      3718.0773  8.5073304D-04   -3.070
 3476  8.0644692D+14      3717.4481  8.4909486D-04   -3.071
 3477  8.0644953D+14      3717.4361  8.4905360D-04   -3.071
 3478  8.0656798D+14      3716.8901  8.4658110D-04   -3.072
 3479  8.0658339D+14      3716.8191  8.4614674D-04   -3.073
 3480  8.0671986D+14      3716.1904  8.4017652D-04   -3.076
 3481  8.0674715D+14      3716.0647  8.3824801D-04   -3.077
 3482  8.0684212D+14      3715.6273  8.2744056D-04   -3.082
 3483  8.0685633D+14      3715.5618  8.2495718D-04   -3.084
 3484  8.0692456D+14      3715.2476  8.0697699D-04   -3.093
 3485  8.0699280D+14      3714.9335  7.6956323D-04   -3.114
 3486  8.0701488D+14      3714.8319  7.4958064D-04   -3.125
 3487  8.0704477D+14      3714.6943  7.1308910D-04   -3.147
 3488  8.0706103D+14      3714.6194  6.8794304D-04   -3.162
 3489  8.0711625D+14      3714.3653  8.4779405D-04   -3.072
 3490  8.0712927D+14      3714.3054  8.4583090D-04   -3.073
 3491  8.0719750D+14      3713.9914  8.3300566D-04   -3.079
 3492  8.0726574D+14      3713.6775  8.4515727D-04   -3.073
 3493  8.0733397D+14      3713.3636  6.8808176D-04   -3.162
 3494  8.0734239D+14      3713.3249  7.0149355D-04   -3.154
 3495  8.0739039D+14      3713.1041  7.5891162D-04   -3.120
 3496  8.0740221D+14      3713.0498  7.6878153D-04   -3.114
 3497  8.0747044D+14      3712.7360  8.0517837D-04   -3.094
 3498  8.0747526D+14      3712.7138  8.0682767D-04   -3.093
 3499  8.0747526D+14      3712.7138  8.0679684D-04   -3.093
 3500  8.0753867D+14      3712.4223  8.2219272D-04   -3.085
 3501  8.0764001D+14      3711.9565  8.3360401D-04   -3.079
 3502  8.0766452D+14      3711.8438  8.3516291D-04   -3.078
 3503  8.0767514D+14      3711.7950  8.3574825D-04   -3.078
 3504  8.0775039D+14      3711.4492  8.3875669D-04   -3.076
 3505  8.0781161D+14      3711.1680  8.4020228D-04   -3.076
 3506  8.0793763D+14      3710.5891  8.4164744D-04   -3.075
 3507  8.0793866D+14      3710.5844  8.4165356D-04   -3.075
 3508  8.0794808D+14      3710.5411  8.4170645D-04   -3.075
 3509  8.0802552D+14      3710.1855  8.4194459D-04   -3.075
 3510  8.0807573D+14      3709.9550  8.4194181D-04   -3.075
 3511  8.0808455D+14      3709.9145  8.4193028D-04   -3.075
 3512  8.0817344D+14      3709.5064  8.4164316D-04   -3.075
 3513  8.0817344D+14      3709.5064  8.4164317D-04   -3.075
 3514  8.0821280D+14      3709.3258  8.4140619D-04   -3.075
 3515  8.0822102D+14      3709.2881  8.4128795D-04   -3.075
 3516  8.0823525D+14      3709.2227  8.3996820D-04   -3.076
 3517  8.0823525D+14      3709.2227  8.4014085D-04   -3.076
 3518  8.0824337D+14      3709.1855  8.3611501D-04   -3.078
 3519  8.0830065D+14      3708.9226  5.6872307D-04   -3.245
 3520  8.0831329D+14      3708.8646  5.5809808D-04   -3.253
 3521  8.0834986D+14      3708.6968  6.6904930D-04   -3.175
 3522  8.0838321D+14      3708.5438  8.3451447D-04   -3.079
 3523  8.0845314D+14      3708.2231  8.3828065D-04   -3.077
 3524  8.0845314D+14      3708.2231  8.3828065D-04   -3.077
 3525  8.0848693D+14      3708.0681  8.3733983D-04   -3.077
 3526  8.0849396D+14      3708.0359  8.3711718D-04   -3.077
 3527  8.0857578D+14      3707.6606  8.3350444D-04   -3.079
 3528  8.0862400D+14      3707.4395  8.2994371D-04   -3.081
 3529  8.0865849D+14      3707.2814  8.2620323D-04   -3.083
 3530  8.0869253D+14      3707.1253  8.2090417D-04   -3.086
 3531  8.0869501D+14      3707.1140  8.2043262D-04   -3.086
 3532  8.0869501D+14      3707.1140  8.2041683D-04   -3.086
 3533  8.0876107D+14      3706.8112  8.0039733D-04   -3.097
 3534  8.0876690D+14      3706.7845  7.9759341D-04   -3.098
 3535  8.0882960D+14      3706.4971  7.4380736D-04   -3.129
 3536  8.0885091D+14      3706.3994  7.0885890D-04   -3.149
 3537  8.0889814D+14      3706.1831  8.3952431D-04   -3.076
 3538  8.0896667D+14      3705.8691  8.3441819D-04   -3.079
 3539  8.0897098D+14      3705.8494  8.3443492D-04   -3.079
 3540  8.0903520D+14      3705.5552  8.3892934D-04   -3.076
 3541  8.0903983D+14      3705.5340  8.3919241D-04   -3.076
 3542  8.0910374D+14      3705.2413  7.4344253D-04   -3.129
 3543  8.0912604D+14      3705.1391  7.6873205D-04   -3.114
 3544  8.0917227D+14      3704.9275  7.9915254D-04   -3.097
 3545  8.0924081D+14      3704.6137  8.1886912D-04   -3.087
 3546  8.0924694D+14      3704.5856  8.1991486D-04   -3.086
 3547  8.0930934D+14      3704.3000  8.2720835D-04   -3.082
 3548  8.0931277D+14      3704.2843  8.2748230D-04   -3.082
 3549  8.0940117D+14      3703.8797  8.3208642D-04   -3.080
 3550  8.0944641D+14      3703.6727  8.3331041D-04   -3.079
 3551  8.0952291D+14      3703.3227  8.3450251D-04   -3.079
 3552  8.0953874D+14      3703.2503  8.3465571D-04   -3.078
 3553  8.0958348D+14      3703.0457  8.3496520D-04   -3.078
 3554  8.0958571D+14      3703.0354  8.3497648D-04   -3.078
 3555  8.0967631D+14      3702.6211  8.3517087D-04   -3.078
 3556  8.0972054D+14      3702.4188  8.3510941D-04   -3.078
 3557  8.0972728D+14      3702.3880  8.3509203D-04   -3.078
 3558  8.0972728D+14      3702.3880  8.3508447D-04   -3.078
 3559  8.0979887D+14      3702.0607  8.3477015D-04   -3.078
 3560  8.0981387D+14      3701.9921  8.3467292D-04   -3.078
 3561  8.0985761D+14      3701.7922  8.3431869D-04   -3.079
 3562  8.0985865D+14      3701.7874  8.3430894D-04   -3.079
 3563  8.0995144D+14      3701.3634  8.3308864D-04   -3.079
 3564  8.0999468D+14      3701.1658  8.3219088D-04   -3.080
 3565  8.1000395D+14      3701.1234  8.3195824D-04   -3.080
 3566  8.1007484D+14      3700.7995  8.2946252D-04   -3.081
 3567  8.1008900D+14      3700.7348  8.2874857D-04   -3.082
 3568  8.1013159D+14      3700.5403  8.2588311D-04   -3.083
 3569  8.1013159D+14      3700.5403  8.2599263D-04   -3.083
 3570  8.1015778D+14      3700.4206  8.2344102D-04   -3.084
 3571  8.1022657D+14      3700.1065  8.1076896D-04   -3.091
 3572  8.1026882D+14      3699.9136  7.9297673D-04   -3.101
 3573  8.1028062D+14      3699.8596  7.8508403D-04   -3.105
 3574  8.1029535D+14      3699.7924  7.7232430D-04   -3.112
 3575  8.1030211D+14      3699.7615  7.6506966D-04   -3.116
 3576  8.1035080D+14      3699.5392  8.3490899D-04   -3.078
 3577  8.1036413D+14      3699.4784  8.3451907D-04   -3.079
 3578  8.1043291D+14      3699.1644  8.3194928D-04   -3.080
 3579  8.1050170D+14      3698.8505  8.3409331D-04   -3.079
 3580  8.1054295D+14      3698.6622  8.3465185D-04   -3.078
 3581  8.1055730D+14      3698.5967  7.5684654D-04   -3.121
 3582  8.1057048D+14      3698.5366  7.7187999D-04   -3.112
 3583  8.1060860D+14      3698.3627  7.9842536D-04   -3.098
 3584  8.1060860D+14      3698.3627  7.9842197D-04   -3.098
 3585  8.1062677D+14      3698.2798  8.0581639D-04   -3.094
 3586  8.1063926D+14      3698.2228  8.0973061D-04   -3.092
 3587  8.1070804D+14      3697.9090  8.2189458D-04   -3.085
 3588  8.1076475D+14      3697.6504  8.2623722D-04   -3.083
 3589  8.1077683D+14      3697.5953  8.2684872D-04   -3.083
 3590  8.1081709D+14      3697.4117  8.2840026D-04   -3.082
 3591  8.1083397D+14      3697.3347  8.2888126D-04   -3.082
 3592  8.1088588D+14      3697.0980  8.2993801D-04   -3.081
 3593  8.1090274D+14      3697.0212  8.3017823D-04   -3.081
 3594  8.1091439D+14      3696.9680  8.3032150D-04   -3.081
 3595  8.1104072D+14      3696.3922  8.3104831D-04   -3.080
 3596  8.1105196D+14      3696.3410  8.3105887D-04   -3.080
 3597  8.1109122D+14      3696.1620  8.3104093D-04   -3.080
 3598  8.1111064D+14      3696.0735  8.3100117D-04   -3.080
 3599  8.1116316D+14      3695.8343  8.3078680D-04   -3.081
 3600  8.1117870D+14      3695.7634  8.3069045D-04   -3.081
 3601  8.1118952D+14      3695.7141  8.3061334D-04   -3.081
 3602  8.1131668D+14      3695.1349  8.2875694D-04   -3.082
 3603  8.1132709D+14      3695.0875  8.2847943D-04   -3.082
 3604  8.1136536D+14      3694.9132  8.2714714D-04   -3.082
 3605  8.1138568D+14      3694.8207  8.2616441D-04   -3.083
 3606  8.1138732D+14      3694.8132  8.2607402D-04   -3.083
 3607  8.1144043D+14      3694.5714  8.2176463D-04   -3.085
 3608  8.1145467D+14      3694.5065  8.1991687D-04   -3.086
 3609  8.1146465D+14      3694.4611  8.1834044D-04   -3.087
 3610  8.1152366D+14      3694.1925  7.9964759D-04   -3.097
 3611  8.1159265D+14      3693.8784  8.3157978D-04   -3.080
 3612  8.1163949D+14      3693.6652  8.3072225D-04   -3.081
 3613  8.1166164D+14      3693.5644  8.3051704D-04   -3.081
 3614  8.1166399D+14      3693.5538  8.3051528D-04   -3.081
 3615  8.1171771D+14      3693.3093  8.3118879D-04   -3.080
 3616  8.1173063D+14      3693.2505  8.3135696D-04   -3.080
 3617  8.1173978D+14      3693.2089  8.3144344D-04   -3.080
 3618  8.1179962D+14      3692.9366  7.9934509D-04   -3.097
 3619  8.1180232D+14      3692.9244  8.0078378D-04   -3.096
 3620  8.1186861D+14      3692.6228  8.1933384D-04   -3.087
 3621  8.1191363D+14      3692.4181  8.2389143D-04   -3.084
 3622  8.1191363D+14      3692.4181  8.2394320D-04   -3.084
 3623  8.1193761D+14      3692.3091  8.2539261D-04   -3.083
 3624  8.1194066D+14      3692.2952  8.2554604D-04   -3.083
 3625  8.1194572D+14      3692.2722  8.2578725D-04   -3.083
 3626  8.1199499D+14      3692.0481  8.2748880D-04   -3.082
 3627  8.1200660D+14      3691.9953  8.2776443D-04   -3.082
 3628  8.1201491D+14      3691.9575  8.2794069D-04   -3.082
 3629  8.1207900D+14      3691.6662  8.2886470D-04   -3.082
 3630  8.1214458D+14      3691.3681  8.2930596D-04   -3.081
 3631  8.1221733D+14      3691.0374  8.2944452D-04   -3.081
 3632  8.1227227D+14      3690.7878  8.2935368D-04   -3.081
 3633  8.1228256D+14      3690.7410  8.2931701D-04   -3.081
 3634  8.1229004D+14      3690.7070  8.2928604D-04   -3.081
 3635  8.1235567D+14      3690.4089  8.2882106D-04   -3.082
 3636  8.1242055D+14      3690.1142  8.2780025D-04   -3.082
 3637  8.1242484D+14      3690.0947  8.2769913D-04   -3.082
 3638  8.1249401D+14      3689.7805  8.2485934D-04   -3.084
 3639  8.1254955D+14      3689.5283  8.1838686D-04   -3.087
 3640  8.1255853D+14      3689.4876  8.1644271D-04   -3.088
 3641  8.1256318D+14      3689.4665  8.1526365D-04   -3.089
 3642  8.1256518D+14      3689.4574  8.1471372D-04   -3.089
 3643  8.1263234D+14      3689.1524  8.3028363D-04   -3.081
 3644  8.1268818D+14      3688.8989  8.2991049D-04   -3.081
 3645  8.1269651D+14      3688.8611  8.2988462D-04   -3.081
 3646  8.1270151D+14      3688.8384  8.2987827D-04   -3.081
 3647  8.1277068D+14      3688.5245  8.3020665D-04   -3.081
 3648  8.1282682D+14      3688.2697  8.1104273D-04   -3.091
 3649  8.1283985D+14      3688.2106  8.1515709D-04   -3.089
 3650  8.1284031D+14      3688.2086  8.1527851D-04   -3.089
 3651  8.1290902D+14      3687.8968  8.2466203D-04   -3.084
 3652  8.1296546D+14      3687.6408  8.2710728D-04   -3.082
 3653  8.1297248D+14      3687.6090  8.2729251D-04   -3.082
 3654  8.1297818D+14      3687.5831  8.2743075D-04   -3.082
 3655  8.1304735D+14      3687.2693  8.2849660D-04   -3.082
 3656  8.1310410D+14      3687.0120  8.2888536D-04   -3.082
 3657  8.1311544D+14      3686.9606  8.2893211D-04   -3.081
 3658  8.1318569D+14      3686.6421  8.2905337D-04   -3.081
 3659  8.1324274D+14      3686.3835  8.2895043D-04   -3.081
 3660  8.1324844D+14      3686.3576  8.2892870D-04   -3.081
 3661  8.1331206D+14      3686.0693  8.2847737D-04   -3.082
 3662  8.1332403D+14      3686.0150  8.2833230D-04   -3.082
 3663  8.1338138D+14      3685.7551  8.2710750D-04   -3.082
 3664  8.1339057D+14      3685.7135  8.2677922D-04   -3.083
 3665  8.1339057D+14      3685.7135  8.2681058D-04   -3.083
 3666  8.1345070D+14      3685.4410  8.2228028D-04   -3.085
 3667  8.1346236D+14      3685.3882  8.2040997D-04   -3.086
 3668  8.1352002D+14      3685.1270  8.2999279D-04   -3.081
 3669  8.1352441D+14      3685.1071  8.2998487D-04   -3.081
 3670  8.1358934D+14      3684.8130  8.2985919D-04   -3.081
 3671  8.1358934D+14      3684.8130  8.2985916D-04   -3.081
 3672  8.1360070D+14      3684.7616  8.2987106D-04   -3.081
 3673  8.1365866D+14      3684.4991  8.3004306D-04   -3.081
 3674  8.1372798D+14      3684.1852  8.2240207D-04   -3.085
 3675  8.1373904D+14      3684.1351  8.2374276D-04   -3.084
 3676  8.1379730D+14      3683.8714  8.2732307D-04   -3.082
 3677  8.1380037D+14      3683.8575  8.2742515D-04   -3.082
 3678  8.1386661D+14      3683.5576  8.2878505D-04   -3.082
 3679  8.1393593D+14      3683.2439  8.2939322D-04   -3.081
 3680  8.1401571D+14      3682.8830  8.2973783D-04   -3.081
 3681  8.1407457D+14      3682.6167  8.2988883D-04   -3.081
 3682  8.1407634D+14      3682.6087  8.2989254D-04   -3.081
 3683  8.1421321D+14      3681.9896  8.3010451D-04   -3.081
 3684  8.1429238D+14      3681.6316  8.3018858D-04   -3.081
 3685  8.1435185D+14      3681.3628  8.3024356D-04   -3.081
 3686  8.1435230D+14      3681.3607  8.3024395D-04   -3.081
 3687  8.1449049D+14      3680.7361  8.3035926D-04   -3.081
 3688  8.1456905D+14      3680.3811  8.3042202D-04   -3.081
 3689  8.1462827D+14      3680.1136  8.3046929D-04   -3.081
 3690  8.1462827D+14      3680.1136  8.3048466D-04   -3.081
 3691  8.1462913D+14      3680.1097  8.3048534D-04   -3.081
 3692  8.1484573D+14      3679.1315  8.3066205D-04   -3.081
 3693  8.1488424D+14      3678.9576  8.3069504D-04   -3.081
 3694  8.1488424D+14      3678.9576  8.2973636D-04   -3.081
 3695  8.1490641D+14      3678.8575  8.2975564D-04   -3.081
 3696  8.1512240D+14      3677.8827  8.2995394D-04   -3.081
 3697  8.1518368D+14      3677.6062  8.3001372D-04   -3.081
 3698  8.1523295D+14      3677.3840  8.3006287D-04   -3.081
 3699  8.1539907D+14      3676.6348  8.3023604D-04   -3.081
 3700  8.1546096D+14      3676.3557  8.3030341D-04   -3.081
 3701  8.1567575D+14      3675.3877  8.3054863D-04   -3.081
 3702  8.1567575D+14      3675.3877  8.3055567D-04   -3.081
 3703  8.1573824D+14      3675.1061  8.3062985D-04   -3.081
 3704  8.1601552D+14      3673.8573  8.3097540D-04   -3.080
 3705  8.1629280D+14      3672.6094  8.3134484D-04   -3.080
 3706  8.1657007D+14      3671.3623  8.3173455D-04   -3.080
 3707  8.1657007D+14      3671.3623  8.3173812D-04   -3.080
 3708  8.1687657D+14      3669.9848  8.3218748D-04   -3.080
 3709  8.1852018D+14      3662.6153  8.3479450D-04   -3.078
 3710  8.2016380D+14      3655.2754  8.3749994D-04   -3.077
 3711  8.2180741D+14      3647.9649  8.4021193D-04   -3.076
 3712  8.2180741D+14      3647.9649  8.4021193D-04   -3.076
 3713  8.2235972D+14      3645.5149  8.4111436D-04   -3.075
 3714  8.2235972D+14      3645.5149  8.3810361D-04   -3.077
 3715  8.2412068D+14      3637.7252  8.4096168D-04   -3.075
 3716  8.2412068D+14      3637.7252  8.4096170D-04   -3.075
 3717  8.2419199D+14      3637.4105  8.3852996D-04   -3.076
 3718  8.2426329D+14      3637.0958  6.1104903D-04   -3.214
 3719  8.2433459D+14      3636.7812  8.3876335D-04   -3.076
 3720  8.2440590D+14      3636.4667  8.4142475D-04   -3.075
 3721  8.2440590D+14      3636.4667  8.4142474D-04   -3.075
 3722  8.2819355D+14      3619.8357  8.4757777D-04   -3.072
 3723  8.2819355D+14      3619.8357  8.4757777D-04   -3.072
 3724  8.2826520D+14      3619.5225  8.4691246D-04   -3.072
 3725  8.2833686D+14      3619.2094  7.0753619D-04   -3.150
 3726  8.2840852D+14      3618.8964  8.4714606D-04   -3.072
 3727  8.2848017D+14      3618.5834  8.4804363D-04   -3.072
 3728  8.2848017D+14      3618.5834  8.4804364D-04   -3.072
 3729  8.3503680D+14      3590.1706  8.5871153D-04   -3.066
 3730  8.3503680D+14      3590.1706  8.5871155D-04   -3.066
 3731  8.3510904D+14      3589.8600  8.5696297D-04   -3.067
 3732  8.3518129D+14      3589.5495  6.4710371D-04   -3.189
 3733  8.3525354D+14      3589.2390  8.5719967D-04   -3.067
 3734  8.3532578D+14      3588.9286  8.5918222D-04   -3.066
 3735  8.3532578D+14      3588.9286  8.5918219D-04   -3.066
 3736  8.6857556D+14      3451.5415  9.1356848D-04   -3.039
 3737  8.6857556D+14      3451.5415  9.1356849D-04   -3.039
 3738  8.6865071D+14      3451.2429  9.1319283D-04   -3.039
 3739  8.6872586D+14      3450.9443  8.0322610D-04   -3.095
 3740  8.6880101D+14      3450.6458  9.1344007D-04   -3.039
 3741  8.6887616D+14      3450.3474  9.1406216D-04   -3.039
 3742  8.6887616D+14      3450.3474  9.1406216D-04   -3.039
 3743  8.7626429D+14      3421.2561  9.2620580D-04   -3.033
 3744  8.7626429D+14      3421.2561  9.2193803D-04   -3.035
 3745  8.9290035D+14      3357.5130  9.4929597D-04   -3.023
 3746  8.9290035D+14      3357.5130  9.4929599D-04   -3.023
 3747  8.9297761D+14      3357.2226  9.4915333D-04   -3.023
 3748  8.9305486D+14      3356.9322  8.7942780D-04   -3.056
 3749  8.9313211D+14      3356.6418  9.4940804D-04   -3.023
 3750  8.9320937D+14      3356.3515  9.4980500D-04   -3.022
 3751  8.9320937D+14      3356.3515  9.4980501D-04   -3.022
 3752  9.0868062D+14      3299.2060  9.7532716D-04   -3.011
 3753  9.0868062D+14      3299.2060  9.7532718D-04   -3.011
 3754  9.0875924D+14      3298.9206  9.7526950D-04   -3.011
 3755  9.0883786D+14      3298.6352  9.2373509D-04   -3.034
 3756  9.0891648D+14      3298.3499  9.7552941D-04   -3.011
 3757  9.0899510D+14      3298.0646  9.7584670D-04   -3.011
 3758  9.0899510D+14      3298.0646  9.7584666D-04   -3.011
 3759  9.1950275D+14      3260.3759  9.9321984D-04   -3.003
 3760  9.1950275D+14      3260.3759  9.9321985D-04   -3.003
 3761  9.1958230D+14      3260.0938  9.9321578D-04   -3.003
 3762  9.1966186D+14      3259.8118  9.5448835D-04   -3.020
 3763  9.1974142D+14      3259.5298  9.9347919D-04   -3.003
 3764  9.1982097D+14      3259.2479  9.9374643D-04   -3.003
 3765  9.1982097D+14      3259.2479  9.9374643D-04   -3.003
 3766  9.3334065D+14      3212.0369  1.0161412D-03   -2.993
 3767  9.3334065D+14      3212.0369  1.0124803D-03   -2.995
 3768  9.3385981D+14      3210.2512  1.0103314D-03   -2.996
 3769  9.3437898D+14      3208.4675  1.0033500D-03   -2.999
 3770  9.3489815D+14      3206.6857  9.7669855D-04   -3.010
 3771  9.3515774D+14      3205.7956  9.3530644D-04   -3.029
 3772  9.3541732D+14      3204.9060  8.1470185D-04   -3.089
 3773  9.3554711D+14      3204.4614  6.4177344D-04   -3.193
 3774  9.3567690D+14      3204.0169  5.1167624D-04   -3.291
 3775  9.3580670D+14      3203.5725  6.4229809D-04   -3.192
 3776  9.3593649D+14      3203.1282  8.1594485D-04   -3.088
 3777  9.3619607D+14      3202.2401  9.3770594D-04   -3.028
 3778  9.3645566D+14      3201.3524  9.7994727D-04   -3.009
 3779  9.3697483D+14      3199.5786  1.0081111D-03   -2.996
 3780  9.3749400D+14      3197.8067  1.0166656D-03   -2.993
 3781  9.3782332D+14      3196.6838  1.0193348D-03   -2.992
 3782  9.3782332D+14      3196.6838  1.0192753D-03   -2.992
 3783  9.3801316D+14      3196.0368  1.0203755D-03   -2.991
 3784  9.3801316D+14      3196.0368  1.0238155D-03   -2.990
 3785  9.3827262D+14      3195.1530  1.0242179D-03   -2.990
 3786  9.3872191D+14      3193.6237  1.0248653D-03   -2.989
 3787  9.3917121D+14      3192.0959  1.0253091D-03   -2.989
 3788  9.3939586D+14      3191.3325  1.0252442D-03   -2.989
 3789  9.3962051D+14      3190.5695  1.0243852D-03   -2.990
 3790  9.3984516D+14      3189.8069  1.0192477D-03   -2.992
 3791  9.3995748D+14      3189.4257  1.0065919D-03   -2.997
 3792  9.4006981D+14      3189.0446  9.3274487D-04   -3.030
 3793  9.4018213D+14      3188.6636  7.7482569D-04   -3.111
 3794  9.4029445D+14      3188.2827  9.3320721D-04   -3.030
 3795  9.4040678D+14      3187.9019  1.0073863D-03   -2.997
 3796  9.4051910D+14      3187.5212  1.0203946D-03   -2.991
 3797  9.4074375D+14      3186.7600  1.0262628D-03   -2.989
 3798  9.4096840D+14      3185.9992  1.0278621D-03   -2.988
 3799  9.4119305D+14      3185.2388  1.0286700D-03   -2.988
 3800  9.4164235D+14      3183.7189  1.0297149D-03   -2.987
 3801  9.4209164D+14      3182.2006  1.0305576D-03   -2.987
 3802  9.4254094D+14      3180.6837  1.0313450D-03   -2.987
 3803  9.4254094D+14      3180.6837  1.0314044D-03   -2.987
 3804  9.6050686D+14      3121.1902  1.0612568D-03   -2.974
 3805  9.6050686D+14      3121.1902  1.0607686D-03   -2.974
 3806  1.0191122D+15      2941.7021  1.1583878D-03   -2.936
 3807  1.0191122D+15      2941.7021  1.1583867D-03   -2.936
 3808  1.0192063D+15      2941.4305  1.1585426D-03   -2.936
 3809  1.0193004D+15      2941.1591  1.1586962D-03   -2.936
 3810  1.0193944D+15      2940.8877  1.1348153D-03   -2.945
 3811  1.0194415D+15      2940.7520  8.8049914D-04   -3.055
 3812  1.0194650D+15      2940.6842  8.3877734D-04   -3.076
 3813  1.0194885D+15      2940.6163  8.8060788D-04   -3.055
 3814  1.0195356D+15      2940.4807  1.1350679D-03   -2.945
 3815  1.0196296D+15      2940.2094  1.1592454D-03   -2.936
 3816  1.0197237D+15      2939.9382  1.1594056D-03   -2.936
 3817  1.0198178D+15      2939.6670  1.1595635D-03   -2.936
 3818  1.0198178D+15      2939.6670  1.1595646D-03   -2.936
 3819  1.0600681D+15      2828.0491  1.2267080D-03   -2.911
 3820  1.0600681D+15      2828.0491  1.2267073D-03   -2.911
 3821  1.0601659D+15      2827.7881  1.2268700D-03   -2.911
 3822  1.0602638D+15      2827.5271  1.2270313D-03   -2.911
 3823  1.0603616D+15      2827.2662  1.2136232D-03   -2.916
 3824  1.0604105D+15      2827.1358  1.0050201D-03   -2.998
 3825  1.0604350D+15      2827.0706  9.5163257D-04   -3.022
 3826  1.0604595D+15      2827.0054  1.0051319D-03   -2.998
 3827  1.0605084D+15      2826.8749  1.2138778D-03   -2.916
 3828  1.0606062D+15      2826.6141  1.2276024D-03   -2.911
 3829  1.0607041D+15      2826.3534  1.2277675D-03   -2.911
 3830  1.0608019D+15      2826.0927  1.2279313D-03   -2.911
 3831  1.0608019D+15      2826.0927  1.2279319D-03   -2.911
 3832  1.0846885D+15      2763.8575  1.2677516D-03   -2.897
 3833  1.0846885D+15      2763.8575  1.2677511D-03   -2.897
 3834  1.0847887D+15      2763.6024  1.2679175D-03   -2.897
 3835  1.0848888D+15      2763.3474  1.2680831D-03   -2.897
 3836  1.0849889D+15      2763.0924  1.2591905D-03   -2.900
 3837  1.0850390D+15      2762.9649  1.0942607D-03   -2.961
 3838  1.0850640D+15      2762.9012  1.0411369D-03   -2.982
 3839  1.0850890D+15      2762.8374  1.0943718D-03   -2.961
 3840  1.0851391D+15      2762.7100  1.2594474D-03   -2.900
 3841  1.0852392D+15      2762.4551  1.2686669D-03   -2.897
 3842  1.0853393D+15      2762.2003  1.2688350D-03   -2.897
 3843  1.0854395D+15      2761.9455  1.2690022D-03   -2.897
 3844  1.0854395D+15      2761.9455  1.2690026D-03   -2.897
 3845  1.0936868D+15      2741.1179  1.2827399D-03   -2.892
 3846  1.0936868D+15      2741.1179  1.2792376D-03   -2.893
 3847  1.0944355D+15      2739.2429  1.2765783D-03   -2.894
 3848  1.0951841D+15      2737.3705  1.2639468D-03   -2.898
 3849  1.0959327D+15      2735.5006  1.1770538D-03   -2.929
 3850  1.0963070D+15      2734.5667  9.1292864D-04   -3.040
 3851  1.0964942D+15      2734.0999  7.3172330D-04   -3.136
 3852  1.0966813D+15      2733.6333  9.1381831D-04   -3.039
 3853  1.0970556D+15      2732.7006  1.1797368D-03   -2.928
 3854  1.0978042D+15      2730.8372  1.2688661D-03   -2.897
 3855  1.0985528D+15      2728.9762  1.2837573D-03   -2.892
 3856  1.0993015D+15      2727.1178  1.2887967D-03   -2.890
 3857  1.0993015D+15      2727.1178  1.2920879D-03   -2.889
 3858  1.1006330D+15      2723.8185  1.2943043D-03   -2.888
 3859  1.1006330D+15      2723.8185  1.2943040D-03   -2.888
 3860  1.1007346D+15      2723.5671  1.2944728D-03   -2.888
 3861  1.1008362D+15      2723.3157  1.2946410D-03   -2.888
 3862  1.1009378D+15      2723.0644  1.2884042D-03   -2.890
 3863  1.1009886D+15      2722.9388  1.1595480D-03   -2.936
 3864  1.1010140D+15      2722.8760  1.1116625D-03   -2.954
 3865  1.1010394D+15      2722.8132  1.1596567D-03   -2.936
 3866  1.1010902D+15      2722.6876  1.2886626D-03   -2.890
 3867  1.1011918D+15      2722.4364  1.2952328D-03   -2.888
 3868  1.1012934D+15      2722.1852  1.2954028D-03   -2.888
 3869  1.1013950D+15      2721.9341  1.2955722D-03   -2.888
 3870  1.1013950D+15      2721.9341  1.2955725D-03   -2.888
 3871  1.1115472D+15      2697.0735  1.3124630D-03   -2.882
 3872  1.1115472D+15      2697.0735  1.3124628D-03   -2.882
 3873  1.1116498D+15      2696.8245  1.3126332D-03   -2.882
 3874  1.1117524D+15      2696.5756  1.3128031D-03   -2.882
 3875  1.1118550D+15      2696.3268  1.3084389D-03   -2.883
 3876  1.1119063D+15      2696.2024  1.2106535D-03   -2.917
 3877  1.1119320D+15      2696.1402  1.1703828D-03   -2.932
 3878  1.1119577D+15      2696.0780  1.2107589D-03   -2.917
 3879  1.1120090D+15      2695.9536  1.3086982D-03   -2.883
 3880  1.1121116D+15      2695.7049  1.3134003D-03   -2.882
 3881  1.1122142D+15      2695.4562  1.3135716D-03   -2.882
 3882  1.1123168D+15      2695.2076  1.3137424D-03   -2.881
 3883  1.1123168D+15      2695.2076  1.3137426D-03   -2.881
 3884  1.1530150D+15      2600.0742  1.3812845D-03   -2.860
 3885  1.1530150D+15      2600.0742  1.3793738D-03   -2.860
 3886  1.1877611D+15      2524.0130  1.4366527D-03   -2.843
 3887  1.1877611D+15      2524.0130  1.4360601D-03   -2.843
 3888  1.1892815D+15      2520.7864  1.4378868D-03   -2.842
 3889  1.1908019D+15      2517.5679  1.4378281D-03   -2.842
 3890  1.1923222D+15      2514.3577  1.4156592D-03   -2.849
 3891  1.1930824D+15      2512.7557  1.2468138D-03   -2.904
 3892  1.1934625D+15      2511.9554  9.2008052D-04   -3.036
 3893  1.1938426D+15      2511.1557  1.2487591D-03   -2.904
 3894  1.1946028D+15      2509.5577  1.4199976D-03   -2.848
 3895  1.1961231D+15      2506.3679  1.4467726D-03   -2.840
 3896  1.1976435D+15      2503.1861  1.4517278D-03   -2.838
 3897  1.1991638D+15      2500.0125  1.4548567D-03   -2.837
 3898  1.1991638D+15      2500.0125  1.4553826D-03   -2.837
 3899  1.2500790D+15      2398.1882  1.5386888D-03   -2.813
 3900  1.2500790D+15      2398.1882  1.5381589D-03   -2.813
 3901  1.2517639D+15      2394.9601  1.5402962D-03   -2.812
 3902  1.2534488D+15      2391.7407  1.5407441D-03   -2.812
 3903  1.2551338D+15      2388.5299  1.5209274D-03   -2.818
 3904  1.2559762D+15      2386.9278  1.3499996D-03   -2.870
 3905  1.2563975D+15      2386.1275  1.0602820D-03   -2.975
 3906  1.2568187D+15      2385.3278  1.3521540D-03   -2.869
 3907  1.2576612D+15      2383.7299  1.5256174D-03   -2.817
 3908  1.2593461D+15      2380.5406  1.5505113D-03   -2.810
 3909  1.2610311D+15      2377.3598  1.5554387D-03   -2.808
 3910  1.2627160D+15      2374.1876  1.5587338D-03   -2.807
 3911  1.2627160D+15      2374.1876  1.5592001D-03   -2.807
 3912  1.2927855D+15      2318.9652  1.6077536D-03   -2.794
 3913  1.2927855D+15      2318.9652  1.6073143D-03   -2.794
 3914  1.2945882D+15      2315.7361  1.6097151D-03   -2.793
 3915  1.2963908D+15      2312.5160  1.6107118D-03   -2.793
 3916  1.2981935D+15      2309.3049  1.5945309D-03   -2.797
 3917  1.2990948D+15      2307.7027  1.4322921D-03   -2.844
 3918  1.2995455D+15      2306.9024  1.1700127D-03   -2.932
 3919  1.2999961D+15      2306.1027  1.4345712D-03   -2.843
 3920  1.3008975D+15      2304.5049  1.5994031D-03   -2.796
 3921  1.3027001D+15      2301.3160  1.6210121D-03   -2.790
 3922  1.3045028D+15      2298.1359  1.6257213D-03   -2.789
 3923  1.3063054D+15      2294.9645  1.6290765D-03   -2.788
 3924  1.3063054D+15      2294.9645  1.6294606D-03   -2.788
 3925  1.3230289D+15      2265.9555  1.6561972D-03   -2.781
 3926  1.3230289D+15      2265.9555  1.6558542D-03   -2.781
 3927  1.3249969D+15      2262.5898  1.6586036D-03   -2.780
 3928  1.3269649D+15      2259.2342  1.6602559D-03   -2.780
 3929  1.3289330D+15      2255.8885  1.6482678D-03   -2.783
 3930  1.3299170D+15      2254.2194  1.5032732D-03   -2.823
 3931  1.3304090D+15      2253.3857  1.2643157D-03   -2.898
 3932  1.3309010D+15      2252.5527  1.5057065D-03   -2.822
 3933  1.3318850D+15      2250.8885  1.6534272D-03   -2.782
 3934  1.3338530D+15      2247.5675  1.6713600D-03   -2.777
 3935  1.3358210D+15      2244.2562  1.6759010D-03   -2.776
 3936  1.3377890D+15      2240.9547  1.6793873D-03   -2.775
 3937  1.3377890D+15      2240.9547  1.6796840D-03   -2.775
 3938  1.3453035D+15      2228.4374  1.6915989D-03   -2.772
 3939  1.3453035D+15      2228.4374  1.6913259D-03   -2.772
 3940  1.3474211D+15      2224.9352  1.6943695D-03   -2.771
 3941  1.3495387D+15      2221.4440  1.6965395D-03   -2.770
 3942  1.3516563D+15      2217.9637  1.6877397D-03   -2.773
 3943  1.3527151D+15      2216.2277  1.5598333D-03   -2.807
 3944  1.3532445D+15      2215.3607  1.3438814D-03   -2.872
 3945  1.3537739D+15      2214.4944  1.5623823D-03   -2.806
 3946  1.3548327D+15      2212.7637  1.6931568D-03   -2.771
 3947  1.3569503D+15      2209.3106  1.7083651D-03   -2.767
 3948  1.3590679D+15      2205.8682  1.7128230D-03   -2.766
 3949  1.3611855D+15      2202.4365  1.7164434D-03   -2.765
 3950  1.3611855D+15      2202.4365  1.7166772D-03   -2.765
 3951  1.3621533D+15      2200.8717  1.7182003D-03   -2.765
 3952  1.3621533D+15      2200.8717  1.7179797D-03   -2.765
 3953  1.3644091D+15      2197.2329  1.7212785D-03   -2.764
 3954  1.3666650D+15      2193.6061  1.7238709D-03   -2.763
 3955  1.3689208D+15      2189.9912  1.7175453D-03   -2.765
 3956  1.3700488D+15      2188.1882  1.6057321D-03   -2.794
 3957  1.3706127D+15      2187.2879  1.4130151D-03   -2.850
 3958  1.3711767D+15      2186.3882  1.6083671D-03   -2.794
 3959  1.3723046D+15      2184.5912  1.7231957D-03   -2.764
 3960  1.3745605D+15      2181.0060  1.7363440D-03   -2.760
 3961  1.3751827D+15      2180.0192  1.7377246D-03   -2.760
 3962  1.3751827D+15      2180.0192  1.7375431D-03   -2.760
 3963  1.3768163D+15      2177.4325  1.7404697D-03   -2.759
 3964  1.3775684D+15      2176.2437  1.7416583D-03   -2.759
 3965  1.3790722D+15      2173.8707  1.7437790D-03   -2.759
 3966  1.3790722D+15      2173.8707  1.7439653D-03   -2.758
 3967  1.3799542D+15      2172.4812  1.7448979D-03   -2.758
 3968  1.3823400D+15      2168.7317  1.7404256D-03   -2.759
 3969  1.3835329D+15      2166.8618  1.6424380D-03   -2.785
 3970  1.3841293D+15      2165.9281  1.4723353D-03   -2.832
 3971  1.3847258D+15      2164.9952  1.6451383D-03   -2.784
 3972  1.3857685D+15      2163.3661  1.7438689D-03   -2.758
 3973  1.3857685D+15      2163.3661  1.7438415D-03   -2.758
 3974  1.3859186D+15      2163.1317  1.7462440D-03   -2.758
 3975  1.3881914D+15      2159.5903  1.7575938D-03   -2.755
 3976  1.3883044D+15      2159.4144  1.7578428D-03   -2.755
 3977  1.3906143D+15      2155.8276  1.7619892D-03   -2.754
 3978  1.3906902D+15      2155.7099  1.7621071D-03   -2.754
 3979  1.3930371D+15      2152.0780  1.7645485D-03   -2.753
 3980  1.3930760D+15      2152.0180  1.7645262D-03   -2.753
 3981  1.3930760D+15      2152.0180  1.7646779D-03   -2.753
 3982  1.3942486D+15      2150.2081  1.7458782D-03   -2.758
 3983  1.3948543D+15      2149.2743  1.6938736D-03   -2.771
 3984  1.3949649D+15      2149.1040  1.3694494D-03   -2.863
 3985  1.3949649D+15      2149.1040  1.3694350D-03   -2.863
 3986  1.3954600D+15      2148.3414  1.7477796D-03   -2.758
 3987  1.3966715D+15      2146.4780  1.7699494D-03   -2.752
 3988  1.3990944D+15      2142.7608  1.7742924D-03   -2.751
 3989  1.3998459D+15      2141.6104  1.7749821D-03   -2.751
 3990  1.4015173D+15      2139.0565  1.7730395D-03   -2.751
 3991  1.4022865D+15      2137.8831  1.7612410D-03   -2.754
 3992  1.4026593D+15      2137.3148  1.7369685D-03   -2.760
 3993  1.4026593D+15      2137.3148  1.7368201D-03   -2.760
 3994  1.4035067D+15      2136.0244  1.5841267D-03   -2.800
 3995  1.4039401D+15      2135.3649  1.6194005D-03   -2.791
 3996  1.4039401D+15      2135.3649  1.6194107D-03   -2.791
 3997  1.4047270D+15      2134.1689  1.7647911D-03   -2.753
 3998  1.4071675D+15      2130.4674  1.7840027D-03   -2.749
 3999  1.4072107D+15      2130.4020  1.7840497D-03   -2.749
 4000  1.4091269D+15      2127.5050  1.7778148D-03   -2.750
 4001  1.4091269D+15      2127.5050  1.7776150D-03   -2.750
 4002  1.4094864D+15      2126.9624  1.7679530D-03   -2.753
 4003  1.4106243D+15      2125.2467  1.6197793D-03   -2.791
 4004  1.4117621D+15      2123.5338  1.7709493D-03   -2.752
 4005  1.4120486D+15      2123.1030  1.7797730D-03   -2.750
 4006  1.4120486D+15      2123.1030  1.7798991D-03   -2.750
 4007  1.4133338D+15      2121.1723  1.7897656D-03   -2.747
 4008  1.4140378D+15      2120.1162  1.7900837D-03   -2.747
 4009  1.4146644D+15      2119.1773  1.7878574D-03   -2.748
 4010  1.4146644D+15      2119.1773  1.7876347D-03   -2.748
 4011  1.4154373D+15      2118.0201  1.7708869D-03   -2.752
 4012  1.4164890D+15      2116.4475  1.6493266D-03   -2.783
 4013  1.4175407D+15      2114.8772  1.7728464D-03   -2.751
 4014  1.4185154D+15      2113.4241  1.7912298D-03   -2.747
 4015  1.4185892D+15      2113.3141  1.7915503D-03   -2.747
 4016  1.4185892D+15      2113.3141  1.7916962D-03   -2.747
 4017  1.4194620D+15      2112.0146  1.7917063D-03   -2.747
 4018  1.4194620D+15      2112.0146  1.7914782D-03   -2.747
 4019  1.4196441D+15      2111.7437  1.7904752D-03   -2.747
 4020  1.4204409D+15      2110.5592  1.7712467D-03   -2.752
 4021  1.4214037D+15      2109.1296  1.6794223D-03   -2.775
 4022  1.4223664D+15      2107.7020  1.7720292D-03   -2.752
 4023  1.4229483D+15      2106.8402  1.7887531D-03   -2.747
 4024  1.4238510D+15      2105.5044  1.7907715D-03   -2.747
 4025  1.4238510D+15      2105.5044  1.7909368D-03   -2.747
 4026  1.4242919D+15      2104.8526  1.7861145D-03   -2.748
 4027  1.4243453D+15      2104.7738  1.7849891D-03   -2.748
 4028  1.4243453D+15      2104.7738  1.7847424D-03   -2.748
 4029  1.4246914D+15      2104.2624  1.7701674D-03   -2.752
 4030  1.4255630D+15      2102.9759  1.7097043D-03   -2.767
 4031  1.4264345D+15      2101.6910  1.7701174D-03   -2.752
 4032  1.4270703D+15      2100.7546  1.7880951D-03   -2.748
 4033  1.4281430D+15      2099.1768  1.7817915D-03   -2.749
 4034  1.4281430D+15      2099.1768  1.7819685D-03   -2.749
 4035  1.4281776D+15      2099.1258  1.7808224D-03   -2.749
 4036  1.4284328D+15      2098.7508  1.7649288D-03   -2.753
 4037  1.4291141D+15      2097.7503  1.7459704D-03   -2.758
 4038  1.4297954D+15      2096.7508  1.7651551D-03   -2.753
 4039  1.4311579D+15      2094.7546  1.7915764D-03   -2.747
 4040  1.4316639D+15      2094.0143  1.7919726D-03   -2.747
 4041  1.4316639D+15      2094.0143  1.7921632D-03   -2.747
 4042  1.4338829D+15      2090.7736  1.7910659D-03   -2.747
 4043  1.4338829D+15      2090.7736  1.7912871D-03   -2.747
 4044  1.4473650D+15      2071.2982  1.7945835D-03   -2.746
 4045  1.4502890D+15      2067.1222  1.7982753D-03   -2.745
 4046  1.4532130D+15      2062.9630  1.8023192D-03   -2.744
 4047  1.4561369D+15      2058.8205  1.8065379D-03   -2.743
 4048  1.4590609D+15      2054.6946  1.8107977D-03   -2.742
 4049  1.4619849D+15      2050.5852  1.8150503D-03   -2.741
 4050  1.4619849D+15      2050.5852  1.8150503D-03   -2.741
 4051  1.5432749D+15      1942.5733  1.9308902D-03   -2.714
 4052  1.6290848D+15      1840.2507  2.0484401D-03   -2.689
 4053  1.7196661D+15      1743.3179  2.1667786D-03   -2.664
 4054  1.8152838D+15      1651.4908  2.2848355D-03   -2.641
 4055  1.8152838D+15      1651.4908  2.2836713D-03   -2.641
 4056  1.8168156D+15      1650.0984  2.2850923D-03   -2.641
 4057  1.8183475D+15      1648.7083  2.2862562D-03   -2.641
 4058  1.8198793D+15      1647.3205  2.2869067D-03   -2.641
 4059  1.8214112D+15      1645.9351  2.2863764D-03   -2.641
 4060  1.8229430D+15      1644.5520  2.2824909D-03   -2.642
 4061  1.8237090D+15      1643.8613  2.2770295D-03   -2.643
 4062  1.8244749D+15      1643.1712  2.2650790D-03   -2.645
 4063  1.8252408D+15      1642.4817  2.2357226D-03   -2.651
 4064  1.8260067D+15      1641.7927  2.1534964D-03   -2.667
 4065  1.8263897D+15      1641.4485  2.0653457D-03   -2.685
 4066  1.8267726D+15      1641.1044  1.9150344D-03   -2.718
 4067  1.8271556D+15      1640.7604  1.6253613D-03   -2.789
 4068  1.8275386D+15      1640.4166  5.2187193D-04   -3.282
 4069  1.8279215D+15      1640.0729  1.6273871D-03   -2.789
 4070  1.8283045D+15      1639.7294  1.9196089D-03   -2.717
 4071  1.8286875D+15      1639.3860  2.0721574D-03   -2.684
 4072  1.8290704D+15      1639.0427  2.1619095D-03   -2.665
 4073  1.8298363D+15      1638.3567  2.2458002D-03   -2.649
 4074  1.8306023D+15      1637.6712  2.2761413D-03   -2.643
 4075  1.8313682D+15      1636.9863  2.2891392D-03   -2.640
 4076  1.8321341D+15      1636.3019  2.2958277D-03   -2.639
 4077  1.8336660D+15      1634.9350  2.3025799D-03   -2.638
 4078  1.8351978D+15      1633.5703  2.3062977D-03   -2.637
 4079  1.8367296D+15      1632.2079  2.3090009D-03   -2.637
 4080  1.8382615D+15      1630.8477  2.3112831D-03   -2.636
 4081  1.8397933D+15      1629.4899  2.3133634D-03   -2.636
 4082  1.8397933D+15      1629.4899  2.3139141D-03   -2.636
 4083  1.9477672D+15      1539.1596  2.4360708D-03   -2.613
 4084  2.0620779D+15      1453.8367  2.5545625D-03   -2.593
 4085  2.1830973D+15      1373.2437  2.6676017D-03   -2.574
 4086  2.3112190D+15      1297.1183  2.7732840D-03   -2.557
 4087  2.4468600D+15      1225.2130  2.8696308D-03   -2.542
 4088  2.4468600D+15      1225.2130  2.8659867D-03   -2.543
 4089  2.4471747D+15      1225.0554  2.8660568D-03   -2.543
 4090  2.4471747D+15      1225.0554  2.8566061D-03   -2.544
 4091  2.4477494D+15      1224.7678  2.8559873D-03   -2.544
 4092  2.4483241D+15      1224.4803  2.8552554D-03   -2.544
 4093  2.4488989D+15      1224.1929  2.8543926D-03   -2.544
 4094  2.4494736D+15      1223.9057  2.8533777D-03   -2.545
 4095  2.4500483D+15      1223.6186  2.8521859D-03   -2.545
 4096  2.4506230D+15      1223.3316  2.8507861D-03   -2.545
 4097  2.4511978D+15      1223.0448  2.8491410D-03   -2.545
 4098  2.4517725D+15      1222.7581  2.8472039D-03   -2.546
 4099  2.4523472D+15      1222.4715  2.8449178D-03   -2.546
 4100  2.4529219D+15      1222.1851  2.8422101D-03   -2.546
 4101  2.4534967D+15      1221.8988  2.8389894D-03   -2.547
 4102  2.4540714D+15      1221.6126  2.8351387D-03   -2.547
 4103  2.4546461D+15      1221.3266  2.8305069D-03   -2.548
 4104  2.4552209D+15      1221.0407  2.8248954D-03   -2.549
 4105  2.4557956D+15      1220.7549  2.8180416D-03   -2.550
 4106  2.4563703D+15      1220.4693  2.8095924D-03   -2.551
 4107  2.4569450D+15      1220.1838  2.7990674D-03   -2.553
 4108  2.4575198D+15      1219.8985  2.7858039D-03   -2.555
 4109  2.4580945D+15      1219.6132  2.7688749D-03   -2.558
 4110  2.4583818D+15      1219.4707  2.7586460D-03   -2.559
 4111  2.4586692D+15      1219.3282  2.7469711D-03   -2.561
 4112  2.4589566D+15      1219.1857  2.7335983D-03   -2.563
 4113  2.4592439D+15      1219.0432  2.7182268D-03   -2.566
 4114  2.4595313D+15      1218.9008  2.7004971D-03   -2.569
 4115  2.4598187D+15      1218.7584  2.6799817D-03   -2.572
 4116  2.4601060D+15      1218.6160  2.6561747D-03   -2.576
 4117  2.4603934D+15      1218.4737  2.6284821D-03   -2.580
 4118  2.4606807D+15      1218.3314  2.5962164D-03   -2.586
 4119  2.4609681D+15      1218.1891  2.5585969D-03   -2.592
 4120  2.4612555D+15      1218.0469  2.5147621D-03   -2.600
 4121  2.4615428D+15      1217.9047  2.4638023D-03   -2.608
 4122  2.4618302D+15      1217.7625  2.4048195D-03   -2.619
 4123  2.4621176D+15      1217.6204  2.3370255D-03   -2.631
 4124  2.4624049D+15      1217.4783  2.2598826D-03   -2.646
 4125  2.4626923D+15      1217.3362  2.1732827D-03   -2.663
 4126  2.4629796D+15      1217.1942  2.0777486D-03   -2.682
 4127  2.4631233D+15      1217.1232  2.0270160D-03   -2.693
 4128  2.4632670D+15      1217.0522  1.9746318D-03   -2.705
 4129  2.4634107D+15      1216.9812  1.9209237D-03   -2.716
 4130  2.4635544D+15      1216.9103  1.8662935D-03   -2.729
 4131  2.4636981D+15      1216.8393  1.8112215D-03   -2.742
 4132  2.4638417D+15      1216.7683  1.7562678D-03   -2.755
 4133  2.4639854D+15      1216.6974  1.7020620D-03   -2.769
 4134  2.4641291D+15      1216.6264  1.6492768D-03   -2.783
 4135  2.4642728D+15      1216.5555  1.5985719D-03   -2.796
 4136  2.4644165D+15      1216.4846  1.5504678D-03   -2.810
 4137  2.4645601D+15      1216.4136  1.5051441D-03   -2.822
 4138  2.4647038D+15      1216.3427  1.4619019D-03   -2.835
 4139  2.4648475D+15      1216.2718  1.4176286D-03   -2.848
 4140  2.4649912D+15      1216.2009  1.3620846D-03   -2.866
 4141  2.4651349D+15      1216.1300  1.0099276D-03   -2.996
 4142  2.4652786D+15      1216.0592  6.3656858D-04   -3.196
 4143  2.4654222D+15      1215.9883  5.4751151D-04   -3.262
 4144  2.4655659D+15      1215.9174  6.3675156D-04   -3.196
 4145  2.4657096D+15      1215.8466  1.0099344D-03   -2.996
 4146  2.4658533D+15      1215.7757  1.3569439D-03   -2.867
 4147  2.4659970D+15      1215.7049  1.4051446D-03   -2.852
 4148  2.4661406D+15      1215.6341  1.4354476D-03   -2.843
 4149  2.4662843D+15      1215.5632  1.4513006D-03   -2.838
 4150  2.4664280D+15      1215.4924  1.4421619D-03   -2.841
 4151  2.4665717D+15      1215.4216  1.3861473D-03   -2.858
 4152  2.4667154D+15      1215.3508  1.2568795D-03   -2.901
 4153  2.4668590D+15      1215.2800  1.0389488D-03   -2.983
 4154  2.4670027D+15      1215.2093  1.0337446D-03   -2.986
 4155  2.4671464D+15      1215.1385  4.5726176D-04   -3.340
 4156  2.4671637D+15      1215.1300  4.5228930D-04   -3.345
 4157  2.4672901D+15      1215.0677  7.7960592D-04   -3.108
 4158  2.4674338D+15      1214.9970  9.6637594D-04   -3.015
 4159  2.4675775D+15      1214.9262  1.1989875D-03   -2.921
 4160  2.4677211D+15      1214.8555  1.3715734D-03   -2.863
 4161  2.4678648D+15      1214.7848  1.5050089D-03   -2.822
 4162  2.4681522D+15      1214.6433  1.7056968D-03   -2.768
 4163  2.4684395D+15      1214.5019  1.8598976D-03   -2.731
 4164  2.4687269D+15      1214.3606  1.9893230D-03   -2.701
 4165  2.4690143D+15      1214.2192  2.1022799D-03   -2.677
 4166  2.4693016D+15      1214.0779  2.2020987D-03   -2.657
 4167  2.4695890D+15      1213.9366  2.2902342D-03   -2.640
 4168  2.4698764D+15      1213.7954  2.3675708D-03   -2.626
 4169  2.4701637D+15      1213.6542  2.4349336D-03   -2.614
 4170  2.4704511D+15      1213.5130  2.4932288D-03   -2.603
 4171  2.4707384D+15      1213.3719  2.5434328D-03   -2.595
 4172  2.4710258D+15      1213.2308  2.5865356D-03   -2.587
 4173  2.4713132D+15      1213.0897  2.6234876D-03   -2.581
 4174  2.4716005D+15      1212.9487  2.6551643D-03   -2.576
 4175  2.4718879D+15      1212.8077  2.6823463D-03   -2.571
 4176  2.4721753D+15      1212.6667  2.7057157D-03   -2.568
 4177  2.4724626D+15      1212.5257  2.7258583D-03   -2.564
 4178  2.4727500D+15      1212.3848  2.7432718D-03   -2.562
 4179  2.4733247D+15      1212.1031  2.7715240D-03   -2.557
 4180  2.4738994D+15      1211.8215  2.7930854D-03   -2.554
 4181  2.4744742D+15      1211.5401  2.8097883D-03   -2.551
 4182  2.4750489D+15      1211.2587  2.8229209D-03   -2.549
 4183  2.4756236D+15      1210.9775  2.8333950D-03   -2.548
 4184  2.4761983D+15      1210.6965  2.8418630D-03   -2.546
 4185  2.4767731D+15      1210.4155  2.8487969D-03   -2.545
 4186  2.4773478D+15      1210.1347  2.8545435D-03   -2.544
 4187  2.4779225D+15      1209.8540  2.8593597D-03   -2.544
 4188  2.4784972D+15      1209.5735  2.8634390D-03   -2.543
 4189  2.4790720D+15      1209.2931  2.8669286D-03   -2.543
 4190  2.4796467D+15      1209.0128  2.8699416D-03   -2.542
 4191  2.4802214D+15      1208.7326  2.8725659D-03   -2.542
 4192  2.4807961D+15      1208.4526  2.8748708D-03   -2.541
 4193  2.4813709D+15      1208.1727  2.8769110D-03   -2.541
 4194  2.4819456D+15      1207.8929  2.8787303D-03   -2.541
 4195  2.4825203D+15      1207.6133  2.8803643D-03   -2.541
 4196  2.4830951D+15      1207.3338  2.8818411D-03   -2.540
 4197  2.4836698D+15      1207.0544  2.8831848D-03   -2.540
 4198  2.4836698D+15      1207.0544  2.8888963D-03   -2.539
 4199  2.4874674D+15      1205.2116  2.8930655D-03   -2.539
 4200  2.4874674D+15      1205.2116  2.8954175D-03   -2.538
 4201  2.6102152D+15      1148.5354  2.9650048D-03   -2.528
 4202  2.7390201D+15      1094.5245  3.0249242D-03   -2.519
 4203  2.7390201D+15      1094.5245  3.0238138D-03   -2.519
 4204  2.7420445D+15      1093.3173  3.0246559D-03   -2.519
 4205  2.7450689D+15      1092.1127  3.0252325D-03   -2.519
 4206  2.7480934D+15      1090.9107  3.0252824D-03   -2.519
 4207  2.7511178D+15      1089.7115  3.0241277D-03   -2.519
 4208  2.7541422D+15      1088.5148  3.0195788D-03   -2.520
 4209  2.7556544D+15      1087.9175  3.0137758D-03   -2.521
 4210  2.7571666D+15      1087.3208  3.0014659D-03   -2.523
 4211  2.7586788D+15      1086.7248  2.9709329D-03   -2.527
 4212  2.7601911D+15      1086.1294  2.8713824D-03   -2.542
 4213  2.7609472D+15      1085.8319  2.7284212D-03   -2.564
 4214  2.7617033D+15      1085.5346  2.3976185D-03   -2.620
 4215  2.7624594D+15      1085.2375  1.7361406D-03   -2.760
 4216  2.7632155D+15      1084.9406  6.2618643D-04   -3.203
 4217  2.7639716D+15      1084.6438  1.7388804D-03   -2.760
 4218  2.7647277D+15      1084.3471  2.4040062D-03   -2.619
 4219  2.7654838D+15      1084.0507  2.7364501D-03   -2.563
 4220  2.7662399D+15      1083.7544  2.8795005D-03   -2.541
 4221  2.7677521D+15      1083.1622  2.9785501D-03   -2.526
 4222  2.7692643D+15      1082.5708  3.0090989D-03   -2.522
 4223  2.7707765D+15      1081.9799  3.0218717D-03   -2.520
 4224  2.7722887D+15      1081.3897  3.0283972D-03   -2.519
 4225  2.7753132D+15      1080.2113  3.0347876D-03   -2.518
 4226  2.7783376D+15      1079.0354  3.0380374D-03   -2.517
 4227  2.7813620D+15      1077.8621  3.0402002D-03   -2.517
 4228  2.7843864D+15      1076.6913  3.0418989D-03   -2.517
 4229  2.7874109D+15      1075.5230  3.0433681D-03   -2.517
 4230  2.7874109D+15      1075.5230  3.0440934D-03   -2.517
 4231  2.8963502D+15      1035.0698  3.0808329D-03   -2.511
 4232  2.8963502D+15      1035.0698  3.0754888D-03   -2.512
 4233  2.8969391D+15      1034.8594  3.0753642D-03   -2.512
 4234  2.8969391D+15      1034.8594  3.0738881D-03   -2.512
 4235  2.8974769D+15      1034.6673  3.0736819D-03   -2.512
 4236  2.8986036D+15      1034.2651  3.0731557D-03   -2.512
 4237  2.8997302D+15      1033.8633  3.0724780D-03   -2.513
 4238  2.9008569D+15      1033.4617  3.0716126D-03   -2.513
 4239  2.9019836D+15      1033.0605  3.0705119D-03   -2.513
 4240  2.9031102D+15      1032.6596  3.0691125D-03   -2.513
 4241  2.9042369D+15      1032.2590  3.0673285D-03   -2.513
 4242  2.9053636D+15      1031.8587  3.0650420D-03   -2.514
 4243  2.9064902D+15      1031.4587  3.0620862D-03   -2.514
 4244  2.9076169D+15      1031.0590  3.0582212D-03   -2.515
 4245  2.9087436D+15      1030.6596  3.0530931D-03   -2.515
 4246  2.9098702D+15      1030.2606  3.0461609D-03   -2.516
 4247  2.9109969D+15      1029.8618  3.0365722D-03   -2.518
 4248  2.9115602D+15      1029.6626  3.0303751D-03   -2.519
 4249  2.9121236D+15      1029.4634  3.0229241D-03   -2.520
 4250  2.9126869D+15      1029.2643  3.0138825D-03   -2.521
 4251  2.9132502D+15      1029.0652  3.0027968D-03   -2.522
 4252  2.9138136D+15      1028.8663  2.9890480D-03   -2.524
 4253  2.9143769D+15      1028.6674  2.9717772D-03   -2.527
 4254  2.9149402D+15      1028.4686  2.9497726D-03   -2.530
 4255  2.9155036D+15      1028.2699  2.9212981D-03   -2.534
 4256  2.9160669D+15      1028.0713  2.8838261D-03   -2.540
 4257  2.9166302D+15      1027.8727  2.8336359D-03   -2.548
 4258  2.9171936D+15      1027.6742  2.7652278D-03   -2.558
 4259  2.9177569D+15      1027.4758  2.6705642D-03   -2.573
 4260  2.9183202D+15      1027.2775  2.5383957D-03   -2.595
 4261  2.9186019D+15      1027.1783  2.4538973D-03   -2.610
 4262  2.9188836D+15      1027.0792  2.3546717D-03   -2.628
 4263  2.9191652D+15      1026.9801  2.2391729D-03   -2.650
 4264  2.9194469D+15      1026.8810  2.1065648D-03   -2.676
 4265  2.9197286D+15      1026.7819  1.9572748D-03   -2.708
 4266  2.9200102D+15      1026.6829  1.7935671D-03   -2.746
 4267  2.9202919D+15      1026.5839  1.6199173D-03   -2.791
 4268  2.9205736D+15      1026.4849  1.4429591D-03   -2.841
 4269  2.9208552D+15      1026.3859  1.2708736D-03   -2.896
 4270  2.9211369D+15      1026.2869  1.1116081D-03   -2.954
 4271  2.9214186D+15      1026.1880  9.6706655D-04   -3.015
 4272  2.9217002D+15      1026.0890  7.0435523D-04   -3.152
 4273  2.9219819D+15      1025.9901  5.1591997D-04   -3.287
 4274  2.9222636D+15      1025.8912  7.0457814D-04   -3.152
 4275  2.9225452D+15      1025.7924  9.6545381D-04   -3.015
 4276  2.9228269D+15      1025.6935  1.1006981D-03   -2.958
 4277  2.9231086D+15      1025.5947  1.2141296D-03   -2.916
 4278  2.9233902D+15      1025.4959  1.2162788D-03   -2.915
 4279  2.9236719D+15      1025.3971  9.7419534D-04   -3.011
 4280  2.9239536D+15      1025.2983  6.9004716D-04   -3.161
 4281  2.9240327D+15      1025.2705  6.0028242D-04   -3.222
 4282  2.9242352D+15      1025.1995  6.9114601D-04   -3.160
 4283  2.9245169D+15      1025.1008  1.1606635D-03   -2.935
 4284  2.9247986D+15      1025.0021  1.4633927D-03   -2.835
 4285  2.9250802D+15      1024.9034  1.6994961D-03   -2.770
 4286  2.9253619D+15      1024.8047  1.9010564D-03   -2.721
 4287  2.9256436D+15      1024.7060  2.0764304D-03   -2.683
 4288  2.9262069D+15      1024.5088  2.3563263D-03   -2.628
 4289  2.9267702D+15      1024.3116  2.5548032D-03   -2.593
 4290  2.9273336D+15      1024.1144  2.6926123D-03   -2.570
 4291  2.9278969D+15      1023.9174  2.7886198D-03   -2.555
 4292  2.9284602D+15      1023.7204  2.8565592D-03   -2.544
 4293  2.9290236D+15      1023.5235  2.9056258D-03   -2.537
 4294  2.9295869D+15      1023.3267  2.9418266D-03   -2.531
 4295  2.9301502D+15      1023.1300  2.9690899D-03   -2.527
 4296  2.9307136D+15      1022.9333  2.9900183D-03   -2.524
 4297  2.9312769D+15      1022.7367  3.0063662D-03   -2.522
 4298  2.9318402D+15      1022.5402  3.0193389D-03   -2.520
 4299  2.9324036D+15      1022.3438  3.0297811D-03   -2.519
 4300  2.9329669D+15      1022.1474  3.0382954D-03   -2.517
 4301  2.9340936D+15      1021.7549  3.0511755D-03   -2.516
 4302  2.9352202D+15      1021.3627  3.0602939D-03   -2.514
 4303  2.9363469D+15      1020.9708  3.0669759D-03   -2.513
 4304  2.9374736D+15      1020.5793  3.0720195D-03   -2.513
 4305  2.9386002D+15      1020.1880  3.0759252D-03   -2.512
 4306  2.9397269D+15      1019.7970  3.0790192D-03   -2.512
 4307  2.9408536D+15      1019.4063  3.0815204D-03   -2.511
 4308  2.9419802D+15      1019.0159  3.0835799D-03   -2.511
 4309  2.9431069D+15      1018.6258  3.0853040D-03   -2.511
 4310  2.9442336D+15      1018.2360  3.0867695D-03   -2.510
 4311  2.9453602D+15      1017.8465  3.0880328D-03   -2.510
 4312  2.9464869D+15      1017.4573  3.0891361D-03   -2.510
 4313  2.9476136D+15      1017.0684  3.0901110D-03   -2.510
 4314  2.9476136D+15      1017.0684  3.0937409D-03   -2.510
 4315  2.9511264D+15      1015.8577  3.0951028D-03   -2.509
 4316  2.9511264D+15      1015.8577  3.0960593D-03   -2.509
 4317  2.9890364D+15      1002.9736  3.1053677D-03   -2.508
 4318  2.9890364D+15      1002.9736  3.1048158D-03   -2.508
 4319  2.9930320D+15      1001.6347  3.1055382D-03   -2.508
 4320  2.9970276D+15      1000.2993  3.1061227D-03   -2.508
 4321  3.0010231D+15       998.9675  3.1064420D-03   -2.508
 4322  3.0050187D+15       997.6392  3.1061646D-03   -2.508
 4323  3.0090143D+15       996.3145  3.1042191D-03   -2.508
 4324  3.0110121D+15       995.6534  3.1015167D-03   -2.508
 4325  3.0130099D+15       994.9933  3.0956173D-03   -2.509
 4326  3.0150077D+15       994.3340  3.0806827D-03   -2.511
 4327  3.0170055D+15       993.6756  3.0300306D-03   -2.519
 4328  3.0180044D+15       993.3467  2.9503913D-03   -2.530
 4329  3.0190033D+15       993.0180  2.7194238D-03   -2.566
 4330  3.0200022D+15       992.6895  1.9941891D-03   -2.700
 4331  3.0210011D+15       992.3613  7.9597200D-04   -3.099
 4332  3.0220000D+15       992.0333  1.9978034D-03   -2.699
 4333  3.0229989D+15       991.7055  2.7260600D-03   -2.564
 4334  3.0239978D+15       991.3779  2.9568353D-03   -2.529
 4335  3.0249966D+15       991.0505  3.0357503D-03   -2.518
 4336  3.0269944D+15       990.3965  3.0856890D-03   -2.511
 4337  3.0289922D+15       989.7432  3.1006580D-03   -2.509
 4338  3.0309900D+15       989.0909  3.1069427D-03   -2.508
 4339  3.0329878D+15       988.4394  3.1102043D-03   -2.507
 4340  3.0369834D+15       987.1389  3.1135121D-03   -2.507
 4341  3.0409790D+15       985.8419  3.1153029D-03   -2.506
 4342  3.0449746D+15       984.5483  3.1165650D-03   -2.506
 4343  3.0489702D+15       983.2581  3.1175974D-03   -2.506
 4344  3.0506257D+15       982.7245  3.1179874D-03   -2.506
 4345  3.0506257D+15       982.7245  3.1173523D-03   -2.506
 4346  3.0529657D+15       981.9712  3.1177610D-03   -2.506
 4347  3.0529657D+15       981.9712  3.1180963D-03   -2.506
 4348  3.0564340D+15       980.8570  3.1185092D-03   -2.506
 4349  3.0564340D+15       980.8570  3.1104954D-03   -2.507
 4350  3.0576266D+15       980.4744  3.1096442D-03   -2.507
 4351  3.0588193D+15       980.0921  3.1085970D-03   -2.507
 4352  3.0600119D+15       979.7101  3.1073054D-03   -2.508
 4353  3.0612046D+15       979.3284  3.1057050D-03   -2.508
 4354  3.0623972D+15       978.9470  3.1037093D-03   -2.508
 4355  3.0635899D+15       978.5659  3.1011997D-03   -2.508
 4356  3.0647825D+15       978.1851  3.0980108D-03   -2.509
 4357  3.0659752D+15       977.8046  3.0939073D-03   -2.509
 4358  3.0671678D+15       977.4244  3.0885446D-03   -2.510
 4359  3.0683605D+15       977.0445  3.0814059D-03   -2.511
 4360  3.0695531D+15       976.6648  3.0716871D-03   -2.513
 4361  3.0696602D+15       976.6308  3.0706499D-03   -2.513
 4362  3.0707458D+15       976.2855  3.0580940D-03   -2.515
 4363  3.0719384D+15       975.9065  3.0384459D-03   -2.517
 4364  3.0725348D+15       975.7171  3.0252470D-03   -2.519
 4365  3.0731311D+15       975.5277  3.0088828D-03   -2.522
 4366  3.0737274D+15       975.3385  2.9883342D-03   -2.525
 4367  3.0743237D+15       975.1493  2.9621695D-03   -2.528
 4368  3.0749201D+15       974.9602  2.9283453D-03   -2.533
 4369  3.0755164D+15       974.7711  2.8839109D-03   -2.540
 4370  3.0761127D+15       974.5822  2.8245684D-03   -2.549
 4371  3.0767090D+15       974.3933  2.7440684D-03   -2.562
 4372  3.0773054D+15       974.2045  2.6335103D-03   -2.579
 4373  3.0779017D+15       974.0157  2.4809575D-03   -2.605
 4374  3.0784980D+15       973.8270  2.2726619D-03   -2.643
 4375  3.0787962D+15       973.7327  2.1440506D-03   -2.669
 4376  3.0790943D+15       973.6384  1.9986596D-03   -2.699
 4377  3.0791774D+15       973.6122  1.9552982D-03   -2.709
 4378  3.0793925D+15       973.5442  1.8379122D-03   -2.736
 4379  3.0796907D+15       973.4499  1.6652143D-03   -2.779
 4380  3.0799888D+15       973.3557  1.4860512D-03   -2.828
 4381  3.0802870D+15       973.2615  1.3075317D-03   -2.884
 4382  3.0805851D+15       973.1673  1.1373503D-03   -2.944
 4383  3.0808833D+15       973.0731  9.8171968D-04   -3.008
 4384  3.0811815D+15       972.9789  8.3975319D-04   -3.076
 4385  3.0814796D+15       972.8848  6.9060513D-04   -3.161
 4386  3.0817778D+15       972.7906  5.3582783D-04   -3.271
 4387  3.0820760D+15       972.6965  6.9084858D-04   -3.161
 4388  3.0823741D+15       972.6024  8.3960477D-04   -3.076
 4389  3.0826723D+15       972.5084  9.7774486D-04   -3.010
 4390  3.0829704D+15       972.4143  1.1106266D-03   -2.954
 4391  3.0832686D+15       972.3203  1.1726478D-03   -2.931
 4392  3.0835668D+15       972.2263  9.9677702D-04   -3.001
 4393  3.0838649D+15       972.1323  8.8186664D-04   -3.055
 4394  3.0839360D+15       972.1098  8.0180010D-04   -3.096
 4395  3.0841631D+15       972.0383  7.6942696D-04   -3.114
 4396  3.0844613D+15       971.9443  1.2359004D-03   -2.908
 4397  3.0847594D+15       971.8504  1.5429078D-03   -2.812
 4398  3.0850576D+15       971.7564  1.7896276D-03   -2.747
 4399  3.0856539D+15       971.5686  2.1723010D-03   -2.663
 4400  3.0862502D+15       971.3809  2.4381652D-03   -2.613
 4401  3.0868466D+15       971.1933  2.6198140D-03   -2.582
 4402  3.0874429D+15       971.0057  2.7448131D-03   -2.561
 4403  3.0880392D+15       970.8182  2.8324151D-03   -2.548
 4404  3.0886355D+15       970.6307  2.8951717D-03   -2.538
 4405  3.0886947D+15       970.6122  2.9003776D-03   -2.538
 4406  3.0892319D+15       970.4434  2.9411440D-03   -2.531
 4407  3.0898282D+15       970.2561  2.9755426D-03   -2.526
 4408  3.0904245D+15       970.0689  3.0017895D-03   -2.523
 4409  3.0910208D+15       969.8817  3.0221749D-03   -2.520
 4410  3.0916172D+15       969.6946  3.0382633D-03   -2.517
 4411  3.0928098D+15       969.3207  3.0615937D-03   -2.514
 4412  3.0928351D+15       969.3128  3.0619916D-03   -2.514
 4413  3.0928351D+15       969.3128  3.0617785D-03   -2.514
 4414  3.0940025D+15       968.9471  3.0770486D-03   -2.512
 4415  3.0951951D+15       968.5737  3.0880176D-03   -2.510
 4416  3.0963878D+15       968.2006  3.0959609D-03   -2.509
 4417  3.0975804D+15       967.8278  3.1018782D-03   -2.508
 4418  3.0982119D+15       967.6306  3.1044151D-03   -2.508
 4419  3.0987731D+15       967.4554  3.1063954D-03   -2.508
 4420  3.0999657D+15       967.0831  3.1099151D-03   -2.507
 4421  3.1011584D+15       966.7112  3.1127069D-03   -2.507
 4422  3.1023510D+15       966.3396  3.1149550D-03   -2.507
 4423  3.1035437D+15       965.9682  3.1167886D-03   -2.506
 4424  3.1047363D+15       965.5972  3.1182993D-03   -2.506
 4425  3.1059290D+15       965.2264  3.1195524D-03   -2.506
 4426  3.1071216D+15       964.8559  3.1205957D-03   -2.506
 4427  3.1071216D+15       964.8559  3.1263106D-03   -2.505
 4428  3.1124059D+15       963.2177  3.1267081D-03   -2.505
 4429  3.1172464D+15       961.7220  3.1249410D-03   -2.505
 4430  3.1172464D+15       961.7220  3.1253243D-03   -2.505
 4431  3.1221913D+15       960.1989  3.1063595D-03   -2.508
 4432  3.1246824D+15       959.4334  2.9956344D-03   -2.524
 4433  3.1246824D+15       959.4334  2.9952411D-03   -2.524
 4434  3.1270840D+15       958.6965  1.1208087D-03   -2.950
 4435  3.1291655D+15       958.0588  2.9460055D-03   -2.531
 4436  3.1291655D+15       958.0588  2.9407455D-03   -2.532
 4437  3.1304161D+15       957.6761  3.0654281D-03   -2.514
 4438  3.1316667D+15       957.2936  3.0969274D-03   -2.509
 4439  3.1319768D+15       957.1989  3.1007302D-03   -2.509
 4440  3.1329173D+15       956.9115  3.1080375D-03   -2.508
 4441  3.1341679D+15       956.5297  3.1124466D-03   -2.507
 4442  3.1354185D+15       956.1482  3.1139433D-03   -2.507
 4443  3.1366691D+15       955.7669  3.1138224D-03   -2.507
 4444  3.1379196D+15       955.3860  3.1125456D-03   -2.507
 4445  3.1391702D+15       955.0054  3.1102156D-03   -2.507
 4446  3.1404208D+15       954.6251  3.1067080D-03   -2.508
 4447  3.1416714D+15       954.2451  3.1017368D-03   -2.508
 4448  3.1417622D+15       954.2175  3.1013054D-03   -2.508
 4449  3.1425915D+15       953.9657  3.0968255D-03   -2.509
 4450  3.1429220D+15       953.8654  3.0947331D-03   -2.509
 4451  3.1441726D+15       953.4860  3.0847459D-03   -2.511
 4452  3.1454231D+15       953.1069  3.0701332D-03   -2.513
 4453  3.1460484D+15       952.9175  3.0602489D-03   -2.514
 4454  3.1466737D+15       952.7281  3.0479378D-03   -2.516
 4455  3.1470351D+15       952.6187  3.0394167D-03   -2.517
 4456  3.1470351D+15       952.6187  3.0390802D-03   -2.517
 4457  3.1472990D+15       952.5388  3.0320623D-03   -2.518
 4458  3.1479243D+15       952.3496  3.0121578D-03   -2.521
 4459  3.1485496D+15       952.1605  2.9862429D-03   -2.525
 4460  3.1491660D+15       951.9741  2.9524346D-03   -2.530
 4461  3.1491749D+15       951.9714  2.9518713D-03   -2.530
 4462  3.1498002D+15       951.7825  2.9053508D-03   -2.537
 4463  3.1504255D+15       951.5936  2.8410286D-03   -2.547
 4464  3.1510508D+15       951.4047  2.7502206D-03   -2.561
 4465  3.1516761D+15       951.2160  2.6198466D-03   -2.582
 4466  3.1523014D+15       951.0273  2.4316042D-03   -2.614
 4467  3.1526140D+15       950.9330  2.3091613D-03   -2.637
 4468  3.1529266D+15       950.8387  2.1648545D-03   -2.665
 4469  3.1532393D+15       950.7444  1.9979916D-03   -2.699
 4470  3.1535519D+15       950.6501  1.8103784D-03   -2.742
 4471  3.1538646D+15       950.5559  1.6073060D-03   -2.794
 4472  3.1541772D+15       950.4617  1.3977582D-03   -2.855
 4473  3.1544899D+15       950.3675  1.1932607D-03   -2.923
 4474  3.1548025D+15       950.2733  1.0052762D-03   -2.998
 4475  3.1551152D+15       950.1791  8.3935342D-04   -3.076
 4476  3.1554278D+15       950.0850  7.2928003D-04   -3.137
 4477  3.1557405D+15       949.9909  5.7571099D-04   -3.240
 4478  3.1557405D+15       949.9909  5.7571098D-04   -3.240
 4479  3.1560531D+15       949.8967  7.2954282D-04   -3.137
 4480  3.1563658D+15       949.8027  8.3944370D-04   -3.076
 4481  3.1566784D+15       949.7086  1.0014658D-03   -2.999
 4482  3.1569910D+15       949.6145  1.1618849D-03   -2.935
 4483  3.1573037D+15       949.5205  1.2293552D-03   -2.910
 4484  3.1576163D+15       949.4265  9.9988767D-04   -3.000
 4485  3.1579290D+15       949.3325  1.0108283D-03   -2.995
 4486  3.1579475D+15       949.3269  1.0056634D-03   -2.998
 4487  3.1582416D+15       949.2385  9.5561606D-04   -3.020
 4488  3.1585543D+15       949.1446  1.4139137D-03   -2.850
 4489  3.1588669D+15       949.0506  1.7440932D-03   -2.758
 4490  3.1591796D+15       948.9567  2.0080633D-03   -2.697
 4491  3.1598049D+15       948.7689  2.3823634D-03   -2.623
 4492  3.1604301D+15       948.5812  2.6135917D-03   -2.583
 4493  3.1610554D+15       948.3935  2.7598946D-03   -2.559
 4494  3.1613330D+15       948.3103  2.8073237D-03   -2.552
 4495  3.1613330D+15       948.3103  2.8074421D-03   -2.552
 4496  3.1616807D+15       948.2060  2.8560848D-03   -2.544
 4497  3.1623060D+15       948.0185  2.9215138D-03   -2.534
 4498  3.1623149D+15       948.0158  2.9222846D-03   -2.534
 4499  3.1629313D+15       947.8311  2.9675574D-03   -2.528
 4500  3.1635566D+15       947.6437  3.0008989D-03   -2.523
 4501  3.1640338D+15       947.5008  3.0204041D-03   -2.520
 4502  3.1640338D+15       947.5008  3.0201385D-03   -2.520
 4503  3.1641819D+15       947.4565  3.0253758D-03   -2.519
 4504  3.1648072D+15       947.2693  3.0441184D-03   -2.517
 4505  3.1654325D+15       947.0821  3.0585787D-03   -2.514
 4506  3.1660578D+15       946.8951  3.0699025D-03   -2.513
 4507  3.1663196D+15       946.8168  3.0739104D-03   -2.512
 4508  3.1673084D+15       946.5212  3.0860536D-03   -2.511
 4509  3.1685589D+15       946.1476  3.0964746D-03   -2.509
 4510  3.1686618D+15       946.1169  3.0971470D-03   -2.509
 4511  3.1686618D+15       946.1169  3.0915518D-03   -2.510
 4512  3.1688894D+15       946.0490  3.0928380D-03   -2.510
 4513  3.1698095D+15       945.7744  3.0969400D-03   -2.509
 4514  3.1699444D+15       945.7341  3.0974063D-03   -2.509
 4515  3.1710601D+15       945.4014  3.1000716D-03   -2.509
 4516  3.1712271D+15       945.3516  3.1002937D-03   -2.509
 4517  3.1723107D+15       945.0287  3.1005707D-03   -2.509
 4518  3.1725097D+15       944.9694  3.1003942D-03   -2.509
 4519  3.1735613D+15       944.6563  3.0980112D-03   -2.509
 4520  3.1737923D+15       944.5875  3.0970954D-03   -2.509
 4521  3.1748119D+15       944.2842  3.0906107D-03   -2.510
 4522  3.1750750D+15       944.2059  3.0880667D-03   -2.510
 4523  3.1754638D+15       944.0903  3.0833694D-03   -2.511
 4524  3.1759619D+15       943.9422  3.0751581D-03   -2.512
 4525  3.1760625D+15       943.9124  3.0731111D-03   -2.512
 4526  3.1763576D+15       943.8246  3.0661260D-03   -2.513
 4527  3.1772614D+15       943.5562  3.0304873D-03   -2.518
 4528  3.1772614D+15       943.5562  3.0303668D-03   -2.519
 4529  3.1773130D+15       943.5408  3.0273320D-03   -2.519
 4530  3.1776402D+15       943.4437  3.0041034D-03   -2.522
 4531  3.1785636D+15       943.1696  2.8683369D-03   -2.542
 4532  3.1789229D+15       943.0630  2.7550249D-03   -2.560
 4533  3.1798142D+15       942.7987  2.0708382D-03   -2.684
 4534  3.1802055D+15       942.6827  1.5154123D-03   -2.819
 4535  3.1807830D+15       942.5115  1.1547562D-03   -2.938
 4536  3.1810648D+15       942.4280  9.7919253D-04   -3.009
 4537  3.1814881D+15       942.3026  1.7128080D-03   -2.766
 4538  3.1820383D+15       942.1397  2.3781424D-03   -2.624
 4539  3.1823154D+15       942.0577  2.5878131D-03   -2.587
 4540  3.1823154D+15       942.0577  2.5907102D-03   -2.587
 4541  3.1827707D+15       941.9229  2.7998522D-03   -2.553
 4542  3.1840534D+15       941.5434  2.9989592D-03   -2.523
 4543  3.1853360D+15       941.1643  3.0382079D-03   -2.517
 4544  3.1856042D+15       941.0851  3.0401562D-03   -2.517
 4545  3.1859773D+15       940.9749  3.0407237D-03   -2.517
 4546  3.1866186D+15       940.7855  3.0368691D-03   -2.518
 4547  3.1872600D+15       940.5962  3.0275791D-03   -2.519
 4548  3.1879013D+15       940.4070  3.0127021D-03   -2.521
 4549  3.1885426D+15       940.2178  2.9912098D-03   -2.524
 4550  3.1886128D+15       940.1971  2.9883822D-03   -2.525
 4551  3.1891839D+15       940.0288  2.9611025D-03   -2.529
 4552  3.1898252D+15       939.8398  2.9190503D-03   -2.535
 4553  3.1904665D+15       939.6508  2.8597137D-03   -2.544
 4554  3.1911078D+15       939.4620  2.7746272D-03   -2.557
 4555  3.1912127D+15       939.4312  2.7574532D-03   -2.559
 4556  3.1912127D+15       939.4312  2.7576819D-03   -2.559
 4557  3.1912199D+15       939.4290  2.7564615D-03   -2.560
 4558  3.1912199D+15       939.4290  2.7563177D-03   -2.560
 4559  3.1917492D+15       939.2732  2.6506891D-03   -2.577
 4560  3.1923905D+15       939.0846  2.4684912D-03   -2.608
 4561  3.1927111D+15       938.9902  2.3481735D-03   -2.629
 4562  3.1930318D+15       938.8959  2.2046524D-03   -2.657
 4563  3.1933524D+15       938.8017  2.0365122D-03   -2.691
 4564  3.1936731D+15       938.7074  1.8448995D-03   -2.734
 4565  3.1939938D+15       938.6132  1.6348555D-03   -2.787
 4566  3.1943144D+15       938.5189  1.4158886D-03   -2.849
 4567  3.1946351D+15       938.4247  1.2008791D-03   -2.921
 4568  3.1949557D+15       938.3306  1.0031330D-03   -2.999
 4569  3.1951872D+15       938.2626  8.7606254D-04   -3.057
 4570  3.1952464D+15       938.2452  8.4556509D-04   -3.073
 4571  3.1952764D+15       938.2364  8.3037865D-04   -3.081
 4572  3.1955971D+15       938.1422  7.8272399D-04   -3.106
 4573  3.1959177D+15       938.0481  6.1530437D-04   -3.211
 4574  3.1959315D+15       938.0441  6.1558332D-04   -3.211
 4575  3.1959315D+15       938.0441  6.1558253D-04   -3.211
 4576  3.1962384D+15       937.9540  7.8299628D-04   -3.106
 4577  3.1965590D+15       937.8599  8.3072324D-04   -3.081
 4578  3.1968797D+15       937.7658  1.0006114D-03   -3.000
 4579  3.1970709D+15       937.7098  1.1073089D-03   -2.956
 4580  3.1972003D+15       937.6718  1.1755003D-03   -2.930
 4581  3.1975210D+15       937.5778  1.2646902D-03   -2.898
 4582  3.1978417D+15       937.4837  1.0286441D-03   -2.988
 4583  3.1981513D+15       937.3930  1.2030882D-03   -2.920
 4584  3.1981623D+15       937.3898  1.2060792D-03   -2.919
 4585  3.1982102D+15       937.3757  1.2681368D-03   -2.897
 4586  3.1984830D+15       937.2958  1.0960056D-03   -2.960
 4587  3.1988036D+15       937.2018  1.5605014D-03   -2.807
 4588  3.1991243D+15       937.1079  1.8968551D-03   -2.722
 4589  3.1993496D+15       937.0419  2.0825854D-03   -2.681
 4590  3.1994449D+15       937.0140  2.1505427D-03   -2.667
 4591  3.1997046D+15       936.9379  2.3088442D-03   -2.637
 4592  3.1997046D+15       936.9379  2.3087525D-03   -2.637
 4593  3.2000863D+15       936.8262  2.4850857D-03   -2.605
 4594  3.2004890D+15       936.7083  2.6198438D-03   -2.582
 4595  3.2007276D+15       936.6385  2.6819264D-03   -2.572
 4596  3.2013689D+15       936.4508  2.8043450D-03   -2.552
 4597  3.2016284D+15       936.3749  2.8405791D-03   -2.547
 4598  3.2017617D+15       936.3360  2.8569621D-03   -2.544
 4599  3.2020102D+15       936.2633  2.8840892D-03   -2.540
 4600  3.2026515D+15       936.0758  2.9379459D-03   -2.532
 4601  3.2027678D+15       936.0418  2.9457429D-03   -2.531
 4602  3.2032928D+15       935.8884  2.9753019D-03   -2.526
 4603  3.2039072D+15       935.7089  3.0007075D-03   -2.523
 4604  3.2039341D+15       935.7011  3.0016432D-03   -2.523
 4605  3.2045755D+15       935.5138  3.0202752D-03   -2.520
 4606  3.2050465D+15       935.3763  3.0302520D-03   -2.519
 4607  3.2052168D+15       935.3266  3.0332075D-03   -2.518
 4608  3.2058581D+15       935.1395  3.0416105D-03   -2.517
 4609  3.2061859D+15       935.0439  3.0443540D-03   -2.517
 4610  3.2064994D+15       934.9525  3.0460127D-03   -2.516
 4611  3.2073253D+15       934.7117  3.0455839D-03   -2.516
 4612  3.2077820D+15       934.5786  3.0416319D-03   -2.517
 4613  3.2083361D+15       934.4172  3.0314526D-03   -2.518
 4614  3.2084647D+15       934.3798  3.0278945D-03   -2.519
 4615  3.2090647D+15       934.2051  3.0013438D-03   -2.523
 4616  3.2096041D+15       934.0481  2.9507559D-03   -2.530
 4617  3.2101816D+15       933.8800  2.8186635D-03   -2.550
 4618  3.2101816D+15       933.8800  2.8184589D-03   -2.550
 4619  3.2103473D+15       933.8319  2.7464830D-03   -2.561
 4620  3.2107434D+15       933.7166  2.4357636D-03   -2.613
 4621  3.2113131D+15       933.5510  1.4086211D-03   -2.851
 4622  3.2116299D+15       933.4589  1.6817011D-03   -2.774
 4623  3.2116679D+15       933.4479  1.6380957D-03   -2.786
 4624  3.2118828D+15       933.3854  1.0379167D-03   -2.984
 4625  3.2124525D+15       933.2199  2.2447065D-03   -2.649
 4626  3.2129126D+15       933.0863  2.6734013D-03   -2.573
 4627  3.2130222D+15       933.0544  2.7259407D-03   -2.564
 4628  3.2135919D+15       932.8890  2.8601863D-03   -2.544
 4629  3.2141616D+15       932.7237  2.8880966D-03   -2.539
 4630  3.2141952D+15       932.7139  2.8881120D-03   -2.539
 4631  3.2145310D+15       932.6165  2.8813193D-03   -2.540
 4632  3.2145310D+15       932.6165  2.8815231D-03   -2.540
 4633  3.2147313D+15       932.5584  2.8721686D-03   -2.542
 4634  3.2149105D+15       932.5064  2.8607408D-03   -2.544
 4635  3.2149105D+15       932.5064  2.8553453D-03   -2.544
 4636  3.2149106D+15       932.5064  2.8553399D-03   -2.544
 4637  3.2153010D+15       932.3931  2.8204506D-03   -2.550
 4638  3.2154778D+15       932.3419  2.7999525D-03   -2.553
 4639  3.2158706D+15       932.2280  2.7424707D-03   -2.562
 4640  3.2158967D+15       932.2204  2.7380133D-03   -2.563
 4641  3.2159449D+15       932.2065  2.7295313D-03   -2.564
 4642  3.2159449D+15       932.2065  2.7294055D-03   -2.564
 4643  3.2164403D+15       932.0629  2.6224670D-03   -2.581
 4644  3.2167605D+15       931.9701  2.5302864D-03   -2.597
 4645  3.2168829D+15       931.9346  2.4892307D-03   -2.604
 4646  3.2170100D+15       931.8978  2.4427819D-03   -2.612
 4647  3.2172949D+15       931.8153  2.3233520D-03   -2.634
 4648  3.2175797D+15       931.7328  2.1805730D-03   -2.661
 4649  3.2178646D+15       931.6503  2.0131118D-03   -2.696
 4650  3.2178690D+15       931.6490  2.0102890D-03   -2.697
 4651  3.2180431D+15       931.5986  1.8959866D-03   -2.722
 4652  3.2181494D+15       931.5679  1.8222240D-03   -2.739
 4653  3.2184343D+15       931.4854  1.6130973D-03   -2.792
 4654  3.2187191D+15       931.4030  1.3954038D-03   -2.855
 4655  3.2188552D+15       931.3636  1.2920902D-03   -2.889
 4656  3.2190039D+15       931.3206  1.1821363D-03   -2.927
 4657  3.2192888D+15       931.2382  9.8657249D-04   -3.006
 4658  3.2193257D+15       931.2275  9.6305327D-04   -3.016
 4659  3.2195736D+15       931.1558  8.1630724D-04   -3.088
 4660  3.2198414D+15       931.0783  8.1366469D-04   -3.090
 4661  3.2198585D+15       931.0734  7.9100993D-04   -3.102
 4662  3.2201433D+15       930.9910  6.5271172D-04   -3.185
 4663  3.2204282D+15       930.9087  7.9132085D-04   -3.102
 4664  3.2206083D+15       930.8566  7.5891660D-04   -3.120
 4665  3.2207130D+15       930.8264  8.1687450D-04   -3.088
 4666  3.2208276D+15       930.7933  8.8234112D-04   -3.054
 4667  3.2209979D+15       930.7440  9.8628306D-04   -3.006
 4668  3.2212827D+15       930.6617  1.1735578D-03   -2.930
 4669  3.2214851D+15       930.6033  1.2996879D-03   -2.886
 4670  3.2215676D+15       930.5795  1.3418986D-03   -2.872
 4671  3.2218137D+15       930.5084  1.3860204D-03   -2.858
 4672  3.2218524D+15       930.4972  1.3750098D-03   -2.862
 4673  3.2218910D+15       930.4860  1.3573514D-03   -2.867
 4674  3.2221372D+15       930.4149  1.0470353D-03   -2.980
 4675  3.2223929D+15       930.3411  1.4652731D-03   -2.834
 4676  3.2224221D+15       930.3327  1.4858210D-03   -2.828
 4677  3.2227069D+15       930.2505  1.1948069D-03   -2.923
 4678  3.2227999D+15       930.2236  1.3740445D-03   -2.862
 4679  3.2229918D+15       930.1682  1.6793650D-03   -2.775
 4680  3.2231736D+15       930.1158  1.9111569D-03   -2.719
 4681  3.2231736D+15       930.1158  1.9121694D-03   -2.718
 4682  3.2232766D+15       930.0860  2.0225553D-03   -2.694
 4683  3.2237861D+15       929.9391  2.4003825D-03   -2.620
 4684  3.2238463D+15       929.9217  2.4315618D-03   -2.614
 4685  3.2242954D+15       929.7922  2.6092870D-03   -2.583
 4686  3.2242954D+15       929.7922  2.6092044D-03   -2.583
 4687  3.2244160D+15       929.7574  2.6445489D-03   -2.578
 4688  3.2247722D+15       929.6547  2.7281890D-03   -2.564
 4689  3.2249857D+15       929.5931  2.7667888D-03   -2.558
 4690  3.2255554D+15       929.4290  2.8407104D-03   -2.547
 4691  3.2257584D+15       929.3705  2.8593804D-03   -2.544
 4692  3.2261251D+15       929.2648  2.8854461D-03   -2.540
 4693  3.2266948D+15       929.1008  2.9101659D-03   -2.536
 4694  3.2267446D+15       929.0864  2.9115338D-03   -2.536
 4695  3.2272645D+15       928.9368  2.9186916D-03   -2.535
 4696  3.2277308D+15       928.8026  2.9135275D-03   -2.536
 4697  3.2278341D+15       928.7728  2.9106777D-03   -2.536
 4698  3.2280595D+15       928.7080  2.9019026D-03   -2.537
 4699  3.2282238D+15       928.6607  2.8929376D-03   -2.539
 4700  3.2284038D+15       928.6089  2.8800974D-03   -2.541
 4701  3.2287169D+15       928.5189  2.8478868D-03   -2.545
 4702  3.2289735D+15       928.4451  2.8081794D-03   -2.552
 4703  3.2290665D+15       928.4183  2.7896513D-03   -2.554
 4704  3.2290665D+15       928.4183  2.7818738D-03   -2.556
 4705  3.2292100D+15       928.3771  2.7477443D-03   -2.561
 4706  3.2295432D+15       928.2813  2.6310337D-03   -2.580
 4707  3.2297031D+15       928.2353  2.5474890D-03   -2.594
 4708  3.2298938D+15       928.1805  2.4128153D-03   -2.617
 4709  3.2301962D+15       928.0937  2.0913247D-03   -2.680
 4710  3.2306826D+15       927.9539  1.2632450D-03   -2.899
 4711  3.2306893D+15       927.9520  1.2491675D-03   -2.903
 4712  3.2307211D+15       927.9429  1.1804114D-03   -2.928
 4713  3.2310453D+15       927.8498  1.6060998D-03   -2.794
 4714  3.2311824D+15       927.8104  2.1756235D-03   -2.662
 4715  3.2315484D+15       927.7053  1.5293752D-03   -2.815
 4716  3.2316754D+15       927.6688  1.7404421D-03   -2.759
 4717  3.2318220D+15       927.6268  1.9455828D-03   -2.711
 4718  3.2319215D+15       927.5982  2.0592400D-03   -2.686
 4719  3.2319215D+15       927.5982  2.0592109D-03   -2.686
 4720  3.2321685D+15       927.5273  2.2537018D-03   -2.647
 4721  3.2322688D+15       927.4985  2.3018511D-03   -2.638
 4722  3.2322688D+15       927.4985  2.3019317D-03   -2.638
 4723  3.2323757D+15       927.4679  2.3374862D-03   -2.631
 4724  3.2326616D+15       927.3858  2.3702367D-03   -2.625
 4725  3.2329614D+15       927.2998  2.3335049D-03   -2.632
 4726  3.2331547D+15       927.2444  2.2803949D-03   -2.642
 4727  3.2332030D+15       927.2305  2.2639306D-03   -2.645
 4728  3.2334012D+15       927.1737  2.1837588D-03   -2.661
 4729  3.2336478D+15       927.1030  2.0570239D-03   -2.687
 4730  3.2338943D+15       927.0323  1.9024336D-03   -2.721
 4731  3.2340303D+15       926.9933  1.8065389D-03   -2.743
 4732  3.2341007D+15       926.9732  1.7543040D-03   -2.756
 4733  3.2341409D+15       926.9617  1.7238319D-03   -2.764
 4734  3.2343874D+15       926.8910  1.5281117D-03   -2.816
 4735  3.2346340D+15       926.8203  1.3255584D-03   -2.878
 4736  3.2346340D+15       926.8203  1.3255548D-03   -2.878
 4737  3.2348576D+15       926.7563  1.1462961D-03   -2.941
 4738  3.2348805D+15       926.7497  1.1285677D-03   -2.947
 4739  3.2351271D+15       926.6791  9.4882043D-04   -3.023
 4740  3.2352401D+15       926.6467  8.7413387D-04   -3.058
 4741  3.2353736D+15       926.6085  7.9164283D-04   -3.101
 4742  3.2356201D+15       926.5379  8.1317500D-04   -3.090
 4743  3.2356849D+15       926.5193  7.5424244D-04   -3.122
 4744  3.2358667D+15       926.4673  6.9741854D-04   -3.157
 4745  3.2361132D+15       926.3967  8.1342636D-04   -3.090
 4746  3.2363598D+15       926.3261  7.9214225D-04   -3.101
 4747  3.2363795D+15       926.3205  8.0404884D-04   -3.095
 4748  3.2365122D+15       926.2825  8.8672342D-04   -3.052
 4749  3.2366063D+15       926.2556  9.4888419D-04   -3.023
 4750  3.2366937D+15       926.2305  1.0093188D-03   -2.996
 4751  3.2366937D+15       926.2305  1.0092321D-03   -2.996
 4752  3.2368529D+15       926.1850  1.1241299D-03   -2.949
 4753  3.2370994D+15       926.1145  1.3004536D-03   -2.886
 4754  3.2373395D+15       926.0458  1.4278791D-03   -2.845
 4755  3.2373459D+15       926.0439  1.4299931D-03   -2.845
 4756  3.2375189D+15       925.9945  1.4440896D-03   -2.840
 4757  3.2375925D+15       925.9734  1.4184034D-03   -2.848
 4758  3.2376889D+15       925.9459  1.3488414D-03   -2.870
 4759  3.2378390D+15       925.9029  1.1486764D-03   -2.940
 4760  3.2380856D+15       925.8324  1.6655030D-03   -2.778
 4761  3.2381629D+15       925.8103  1.5666656D-03   -2.805
 4762  3.2381668D+15       925.8092  1.5676308D-03   -2.805
 4763  3.2383321D+15       925.7619  2.0718995D-03   -2.684
 4764  3.2385787D+15       925.6915  1.3549326D-03   -2.868
 4765  3.2386583D+15       925.6687  1.4925535D-03   -2.826
 4766  3.2386840D+15       925.6613  1.5345276D-03   -2.814
 4767  3.2389641D+15       925.5813  1.9217662D-03   -2.716
 4768  3.2389641D+15       925.5813  1.9217217D-03   -2.716
 4769  3.2389941D+15       925.5727  1.9557963D-03   -2.709
 4770  3.2390717D+15       925.5505  2.0377926D-03   -2.691
 4771  3.2395648D+15       925.4097  2.3873812D-03   -2.622
 4772  3.2396791D+15       925.3770  2.4379840D-03   -2.613
 4773  3.2397976D+15       925.3432  2.4823361D-03   -2.605
 4774  3.2398214D+15       925.3364  2.4903504D-03   -2.604
 4775  3.2400579D+15       925.2688  2.5569886D-03   -2.592
 4776  3.2402350D+15       925.2182  2.5939406D-03   -2.586
 4777  3.2405510D+15       925.1280  2.6392808D-03   -2.579
 4778  3.2406487D+15       925.1002  2.6489265D-03   -2.577
 4779  3.2406743D+15       925.0928  2.6511529D-03   -2.577
 4780  3.2409370D+15       925.0178  2.6673803D-03   -2.574
 4781  3.2410441D+15       924.9873  2.6707493D-03   -2.573
 4782  3.2410623D+15       924.9821  2.6711451D-03   -2.573
 4783  3.2412084D+15       924.9404  2.6724803D-03   -2.573
 4784  3.2414760D+15       924.8640  2.6664935D-03   -2.574
 4785  3.2415372D+15       924.8466  2.6635547D-03   -2.575
 4786  3.2416694D+15       924.8089  2.6550958D-03   -2.576
 4787  3.2418896D+15       924.7460  2.6340361D-03   -2.579
 4788  3.2420303D+15       924.7059  2.6153751D-03   -2.582
 4789  3.2420764D+15       924.6928  2.6082404D-03   -2.584
 4790  3.2423033D+15       924.6281  2.5645310D-03   -2.591
 4791  3.2423368D+15       924.6185  2.5566558D-03   -2.592
 4792  3.2423368D+15       924.6185  2.5532459D-03   -2.593
 4793  3.2425233D+15       924.5653  2.5013127D-03   -2.602
 4794  3.2426645D+15       924.5250  2.4504411D-03   -2.611
 4795  3.2427169D+15       924.5101  2.4283635D-03   -2.615
 4796  3.2430164D+15       924.4247  2.2548851D-03   -2.647
 4797  3.2431306D+15       924.3922  2.1591843D-03   -2.666
 4798  3.2432158D+15       924.3679  2.0729046D-03   -2.683
 4799  3.2435095D+15       924.2842  1.6534426D-03   -2.782
 4800  3.2435442D+15       924.2743  1.5907027D-03   -2.798
 4801  3.2436597D+15       924.2414  1.3622796D-03   -2.866
 4802  3.2438782D+15       924.1791  2.1602274D-03   -2.666
 4803  3.2439579D+15       924.1565  1.8733215D-03   -2.727
 4804  3.2440026D+15       924.1437  1.7761409D-03   -2.751
 4805  3.2440276D+15       924.1366  1.7582771D-03   -2.755
 4806  3.2443552D+15       924.0433  1.2472271D-03   -2.904
 4807  3.2443552D+15       924.0433  1.2473893D-03   -2.904
 4808  3.2443715D+15       924.0386  1.2782228D-03   -2.893
 4809  3.2445783D+15       923.9797  1.5498619D-03   -2.810
 4810  3.2446548D+15       923.9579  1.5979351D-03   -2.796
 4811  3.2447851D+15       923.9208  1.6261403D-03   -2.789
 4812  3.2449888D+15       923.8629  1.5748622D-03   -2.803
 4813  3.2449920D+15       923.8619  1.5734144D-03   -2.803
 4814  3.2451988D+15       923.8031  1.4538838D-03   -2.837
 4815  3.2454056D+15       923.7442  1.3047781D-03   -2.884
 4816  3.2454196D+15       923.7402  1.2942606D-03   -2.888
 4817  3.2456124D+15       923.6853  1.1479966D-03   -2.940
 4818  3.2456499D+15       923.6747  1.1199290D-03   -2.951
 4819  3.2458193D+15       923.6265  9.9733074D-04   -3.001
 4820  3.2459749D+15       923.5822  8.9290735D-04   -3.049
 4821  3.2460261D+15       923.5676  8.6052790D-04   -3.065
 4822  3.2460744D+15       923.5539  8.3076360D-04   -3.081
 4823  3.2460744D+15       923.5539  8.3076378D-04   -3.081
 4824  3.2462329D+15       923.5088  1.4154029D-03   -2.849
 4825  3.2464397D+15       923.4499  8.0760180D-04   -3.093
 4826  3.2466288D+15       923.3962  7.2310183D-04   -3.141
 4827  3.2466288D+15       923.3962  7.2309772D-04   -3.141
 4828  3.2466451D+15       923.3915  7.2257506D-04   -3.141
 4829  3.2466466D+15       923.3911  7.2257220D-04   -3.141
 4830  3.2468534D+15       923.3323  8.0788292D-04   -3.093
 4831  3.2469609D+15       923.3017  9.8317061D-04   -3.007
 4832  3.2469611D+15       923.3017  9.8368831D-04   -3.007
 4833  3.2470602D+15       923.2735  1.4150105D-03   -2.849
 4834  3.2472670D+15       923.2147  8.6140175D-04   -3.065
 4835  3.2474739D+15       923.1559  9.9838774D-04   -3.001
 4836  3.2476402D+15       923.1086  1.1184652D-03   -2.951
 4837  3.2476807D+15       923.0971  1.1485730D-03   -2.940
 4838  3.2477829D+15       923.0680  1.2251154D-03   -2.912
 4839  3.2478875D+15       923.0383  1.3026241D-03   -2.885
 4840  3.2479473D+15       923.0213  1.3455326D-03   -2.871
 4841  3.2480943D+15       922.9795  1.4416110D-03   -2.841
 4842  3.2481378D+15       922.9672  1.4658612D-03   -2.834
 4843  3.2481743D+15       922.9568  1.4841351D-03   -2.829
 4844  3.2483012D+15       922.9208  1.5262230D-03   -2.816
 4845  3.2485023D+15       922.8636  1.4709170D-03   -2.832
 4846  3.2485080D+15       922.8620  1.4660198D-03   -2.834
 4847  3.2486353D+15       922.8258  1.2927738D-03   -2.888
 4848  3.2487148D+15       922.8033  1.1166346D-03   -2.952
 4849  3.2489216D+15       922.7445  1.8236378D-03   -2.739
 4850  3.2489335D+15       922.7411  1.8231438D-03   -2.739
 4851  3.2489422D+15       922.7387  1.8250437D-03   -2.739
 4852  3.2491329D+15       922.6845  2.1190352D-03   -2.674
 4853  3.2493353D+15       922.6270  1.5404827D-03   -2.812
 4854  3.2496305D+15       922.5432  1.9935364D-03   -2.700
 4855  3.2497198D+15       922.5179  2.0757586D-03   -2.683
 4856  3.2497489D+15       922.5096  2.0987341D-03   -2.678
 4857  3.2499196D+15       922.4611  2.2041755D-03   -2.657
 4858  3.2499690D+15       922.4471  2.2273130D-03   -2.652
 4859  3.2499690D+15       922.4471  2.2262612D-03   -2.652
 4860  3.2500436D+15       922.4259  2.2564556D-03   -2.647
 4861  3.2501280D+15       922.4020  2.2847262D-03   -2.641
 4862  3.2501626D+15       922.3922  2.2947489D-03   -2.639
 4863  3.2505762D+15       922.2748  2.3639228D-03   -2.626
 4864  3.2506256D+15       922.2608  2.3672684D-03   -2.626
 4865  3.2509058D+15       922.1813  2.3707568D-03   -2.625
 4866  3.2509899D+15       922.1575  2.3669975D-03   -2.626
 4867  3.2511232D+15       922.1197  2.3566317D-03   -2.628
 4868  3.2512652D+15       922.0794  2.3395568D-03   -2.631
 4869  3.2514035D+15       922.0402  2.3166856D-03   -2.635
 4870  3.2515176D+15       922.0078  2.2928315D-03   -2.640
 4871  3.2515850D+15       921.9887  2.2764756D-03   -2.643
 4872  3.2516207D+15       921.9786  2.2670718D-03   -2.645
 4873  3.2518172D+15       921.9229  2.2054986D-03   -2.656
 4874  3.2518920D+15       921.9016  2.1771371D-03   -2.662
 4875  3.2521183D+15       921.8375  2.0710824D-03   -2.684
 4876  3.2522308D+15       921.8056  2.0043742D-03   -2.698
 4877  3.2523671D+15       921.7670  1.9069426D-03   -2.720
 4878  3.2526159D+15       921.6965  1.6564191D-03   -2.781
 4879  3.2526192D+15       921.6955  1.6520783D-03   -2.782
 4880  3.2526192D+15       921.6955  1.6517279D-03   -2.782
 4881  3.2526445D+15       921.6884  1.6181271D-03   -2.791
 4882  3.2528107D+15       921.6413  1.3342462D-03   -2.875
 4883  3.2528646D+15       921.6260  1.2104457D-03   -2.917
 4884  3.2528782D+15       921.6222  1.1760989D-03   -2.930
 4885  3.2530581D+15       921.5712  1.4796489D-03   -2.830
 4886  3.2530663D+15       921.5689  1.4715634D-03   -2.832
 4887  3.2531015D+15       921.5589  1.4404180D-03   -2.842
 4888  3.2531134D+15       921.5555  1.4312057D-03   -2.844
 4889  3.2531263D+15       921.5518  1.4218423D-03   -2.847
 4890  3.2533622D+15       921.4850  1.0963639D-03   -2.960
 4891  3.2534717D+15       921.4540  1.0935895D-03   -2.961
 4892  3.2535659D+15       921.4273  1.0408327D-03   -2.983
 4893  3.2535659D+15       921.4273  1.0408340D-03   -2.983
 4894  3.2536110D+15       921.4146  1.0096244D-03   -2.996
 4895  3.2538598D+15       921.3441  8.2949558D-04   -3.081
 4896  3.2538643D+15       921.3428  8.2632950D-04   -3.083
 4897  3.2538970D+15       921.3336  8.0374015D-04   -3.095
 4898  3.2541086D+15       921.2737  9.7967150D-04   -3.009
 4899  3.2541704D+15       921.2562  8.8415075D-04   -3.053
 4900  3.2542990D+15       921.2198  8.0032236D-04   -3.097
 4901  3.2543562D+15       921.2036  7.9270145D-04   -3.101
 4902  3.2543573D+15       921.2033  7.9269962D-04   -3.101
 4903  3.2543573D+15       921.2033  7.9269959D-04   -3.101
 4904  3.2546061D+15       921.1328  9.8087838D-04   -3.008
 4905  3.2546150D+15       921.1303  9.9953129D-04   -3.000
 4906  3.2546677D+15       921.1154  1.1485876D-03   -2.940
 4907  3.2547573D+15       921.0901  1.6083646D-03   -2.794
 4908  3.2547573D+15       921.0901  1.6081956D-03   -2.794
 4909  3.2548505D+15       921.0637  8.2802135D-04   -3.082
 4910  3.2548549D+15       921.0624  8.3114016D-04   -3.080
 4911  3.2551037D+15       920.9920  1.0210545D-03   -2.991
 4912  3.2551263D+15       920.9856  1.0396731D-03   -2.983
 4913  3.2553525D+15       920.9217  1.2324406D-03   -2.909
 4914  3.2554384D+15       920.8973  1.3059989D-03   -2.884
 4915  3.2556013D+15       920.8513  1.4384670D-03   -2.842
 4916  3.2557216D+15       920.8172  1.5246597D-03   -2.817
 4917  3.2558367D+15       920.7847  1.5916715D-03   -2.798
 4918  3.2558500D+15       920.7809  1.5981770D-03   -2.796
 4919  3.2559016D+15       920.7663  1.6201706D-03   -2.790
 4920  3.2559536D+15       920.7516  1.6366057D-03   -2.786
 4921  3.2560988D+15       920.7106  1.6392271D-03   -2.785
 4922  3.2561636D+15       920.6922  1.6102030D-03   -2.793
 4923  3.2562091D+15       920.6794  1.5737583D-03   -2.803
 4924  3.2563106D+15       920.6507  1.4293269D-03   -2.845
 4925  3.2563476D+15       920.6402  1.3514673D-03   -2.869
 4926  3.2565072D+15       920.5951  1.9695853D-03   -2.706
 4927  3.2565072D+15       920.5951  1.9694375D-03   -2.706
 4928  3.2565964D+15       920.5699  1.9257119D-03   -2.715
 4929  3.2566527D+15       920.5540  1.9149093D-03   -2.718
 4930  3.2567809D+15       920.5177  2.0215170D-03   -2.694
 4931  3.2568228D+15       920.5059  2.0521427D-03   -2.688
 4932  3.2568228D+15       920.5059  2.0537959D-03   -2.687
 4933  3.2569797D+15       920.4615  1.4460542D-03   -2.840
 4934  3.2570940D+15       920.4293  1.6845496D-03   -2.774
 4935  3.2572728D+15       920.3787  1.8842480D-03   -2.725
 4936  3.2574471D+15       920.3295  1.9636766D-03   -2.707
 4937  3.2575915D+15       920.2887  1.9855110D-03   -2.702
 4938  3.2576082D+15       920.2840  1.9862910D-03   -2.702
 4939  3.2577123D+15       920.2546  1.9846776D-03   -2.702
 4940  3.2577504D+15       920.2438  1.9815731D-03   -2.703
 4941  3.2578638D+15       920.2118  1.9653866D-03   -2.707
 4942  3.2579574D+15       920.1853  1.9448432D-03   -2.711
 4943  3.2579574D+15       920.1853  1.9447620D-03   -2.711
 4944  3.2580621D+15       920.1558  1.9145664D-03   -2.718
 4945  3.2580891D+15       920.1481  1.9055727D-03   -2.720
 4946  3.2581358D+15       920.1349  1.8888730D-03   -2.724
 4947  3.2582198D+15       920.1112  1.8550836D-03   -2.732
 4948  3.2584355D+15       920.0503  1.7462210D-03   -2.758
 4949  3.2585211D+15       920.0261  1.6940740D-03   -2.771
 4950  3.2585867D+15       920.0076  1.6506994D-03   -2.782
 4951  3.2588240D+15       919.9406  1.4705093D-03   -2.833
 4952  3.2589064D+15       919.9174  1.4007975D-03   -2.854
 4953  3.2589925D+15       919.8930  1.3252577D-03   -2.878
 4954  3.2590842D+15       919.8672  1.2430386D-03   -2.906
 4955  3.2591727D+15       919.8422  1.1634085D-03   -2.934
 4956  3.2591727D+15       919.8422  1.1633962D-03   -2.934
 4957  3.2592609D+15       919.8173  1.0850667D-03   -2.965
 4958  3.2592628D+15       919.8168  1.0834274D-03   -2.965
 4959  3.2592918D+15       919.8086  1.0582040D-03   -2.975
 4960  3.2594171D+15       919.7732  9.5303658D-04   -3.021
 4961  3.2595137D+15       919.7460  8.7718011D-04   -3.057
 4962  3.2595818D+15       919.7268  8.2659014D-04   -3.083
 4963  3.2596170D+15       919.7168  1.9704561D-03   -2.705
 4964  3.2596771D+15       919.6999  1.6449884D-03   -2.784
 4965  3.2597653D+15       919.6750  1.2152800D-03   -2.915
 4966  3.2600625D+15       919.5911  8.3925591D-04   -3.076
 4967  3.2600794D+15       919.5864  8.4002910D-04   -3.076
 4968  3.2600901D+15       919.5833  8.4131776D-04   -3.075
 4969  3.2602012D+15       919.5520  8.9578217D-04   -3.048
 4970  3.2602012D+15       919.5520  8.9577988D-04   -3.048
 4971  3.2603752D+15       919.5029  1.2739554D-03   -2.895
 4972  3.2604478D+15       919.4825  1.6309569D-03   -2.788
 4973  3.2605380D+15       919.4570  8.2343382D-04   -3.084
 4974  3.2605769D+15       919.4460  8.5199556D-04   -3.070
 4975  3.2607302D+15       919.4028  9.7139752D-04   -3.013
 4976  3.2608096D+15       919.3804  1.0373718D-03   -2.984
 4977  3.2608331D+15       919.3738  1.0573307D-03   -2.976
 4978  3.2609174D+15       919.3501  1.1297685D-03   -2.947
 4979  3.2609318D+15       919.3460  1.1422397D-03   -2.942
 4980  3.2609703D+15       919.3351  1.1755980D-03   -2.930
 4981  3.2610700D+15       919.3070  1.2611430D-03   -2.899
 4982  3.2610745D+15       919.3058  1.2649136D-03   -2.898
 4983  3.2610793D+15       919.3044  1.2689678D-03   -2.897
 4984  3.2610793D+15       919.3044  1.2689640D-03   -2.897
 4985  3.2611720D+15       919.2783  1.3453645D-03   -2.871
 4986  3.2612185D+15       919.2652  1.3820883D-03   -2.859
 4987  3.2613107D+15       919.2392  1.4508486D-03   -2.838
 4988  3.2615839D+15       919.1622  1.6157120D-03   -2.792
 4989  3.2616038D+15       919.1566  1.6252847D-03   -2.789
 4990  3.2617447D+15       919.1169  1.6837902D-03   -2.774
 4991  3.2617597D+15       919.1127  1.6890699D-03   -2.772
 4992  3.2619264D+15       919.0657  1.7363218D-03   -2.760
 4993  3.2619892D+15       919.0480  1.7488529D-03   -2.757
 4994  3.2620696D+15       919.0253  1.7609802D-03   -2.754
 4995  3.2620835D+15       919.0214  1.7626286D-03   -2.754
 4996  3.2622877D+15       918.9639  1.7726741D-03   -2.751
 4997  3.2623583D+15       918.9440  1.7700780D-03   -2.752
 4998  3.2623745D+15       918.9394  1.7690456D-03   -2.752
 4999  3.2623859D+15       918.9362  1.7682201D-03   -2.752
 5000  3.2623859D+15       918.9362  1.7682435D-03   -2.752
 5001  3.2624698D+15       918.9126  1.7597055D-03   -2.755
 5002  3.2625236D+15       918.8974  1.7519161D-03   -2.756
 5003  3.2625720D+15       918.8838  1.7433223D-03   -2.759
 5004  3.2626264D+15       918.8685  1.7318473D-03   -2.761
 5005  3.2626386D+15       918.8650  1.7289884D-03   -2.762
 5006  3.2627269D+15       918.8402  1.7053801D-03   -2.768
 5007  3.2628562D+15       918.8038  1.6607191D-03   -2.780
 5008  3.2630648D+15       918.7450  1.5609106D-03   -2.807
 5009  3.2631326D+15       918.7259  1.5204576D-03   -2.818
 5010  3.2631452D+15       918.7224  1.5125092D-03   -2.820
 5011  3.2632426D+15       918.6950  1.4462123D-03   -2.840
 5012  3.2633182D+15       918.6737  1.3890951D-03   -2.857
 5013  3.2633993D+15       918.6509  1.3227266D-03   -2.879
 5014  3.2634777D+15       918.6288  1.2544121D-03   -2.902
 5015  3.2636289D+15       918.5862  1.1153797D-03   -2.953
 5016  3.2638452D+15       918.5254  9.1951686D-04   -3.036
 5017  3.2639069D+15       918.5080  8.6761322D-04   -3.062
 5018  3.2639158D+15       918.5055  8.6029918D-04   -3.065
 5019  3.2640153D+15       918.4775  1.6988542D-03   -2.770
 5020  3.2640599D+15       918.4649  1.5319107D-03   -2.815
 5021  3.2640768D+15       918.4602  1.4656366D-03   -2.834
 5022  3.2641827D+15       918.4304  1.1252082D-03   -2.949
 5023  3.2641980D+15       918.4261  1.0919165D-03   -2.962
 5024  3.2642266D+15       918.4180  1.0396142D-03   -2.983
 5025  3.2642266D+15       918.4180  1.0397550D-03   -2.983
 5026  3.2642533D+15       918.4105  1.0014573D-03   -2.999
 5027  3.2642818D+15       918.4025  9.6990832D-04   -3.013
 5028  3.2644017D+15       918.3688  9.1677689D-04   -3.038
 5029  3.2646813D+15       918.2901  1.2921759D-03   -2.889
 5030  3.2646865D+15       918.2886  1.3096043D-03   -2.883
 5031  3.2647880D+15       918.2601  1.6655061D-03   -2.778
 5032  3.2648766D+15       918.2352  8.5171196D-04   -3.070
 5033  3.2650289D+15       918.1924  9.8016239D-04   -3.009
 5034  3.2650550D+15       918.1850  1.0031477D-03   -2.999
 5035  3.2651744D+15       918.1514  1.1084843D-03   -2.955
 5036  3.2654027D+15       918.0873  1.2927213D-03   -2.888
 5037  3.2654556D+15       918.0724  1.3290042D-03   -2.876
 5038  3.2654572D+15       918.0719  1.3300679D-03   -2.876
 5039  3.2655608D+15       918.0428  1.3921177D-03   -2.856
 5040  3.2656301D+15       918.0233  1.4270025D-03   -2.846
 5041  3.2657390D+15       917.9927  1.4712009D-03   -2.832
 5042  3.2657573D+15       917.9876  1.4773819D-03   -2.831
 5043  3.2658045D+15       917.9743  1.4917711D-03   -2.826
 5044  3.2658368D+15       917.9652  1.5003465D-03   -2.824
 5045  3.2658428D+15       917.9635  1.5018234D-03   -2.823
 5046  3.2659471D+15       917.9342  1.5221199D-03   -2.818
 5047  3.2660502D+15       917.9052  1.5324867D-03   -2.815
 5048  3.2661441D+15       917.8789  1.5339668D-03   -2.814
 5049  3.2661441D+15       917.8789  1.5339814D-03   -2.814
 5050  3.2662279D+15       917.8553  1.5290309D-03   -2.816
 5051  3.2662299D+15       917.8547  1.5288375D-03   -2.816
 5052  3.2663335D+15       917.8256  1.5143278D-03   -2.820
 5053  3.2664067D+15       917.8050  1.4984229D-03   -2.824
 5054  3.2664351D+15       917.7971  1.4909465D-03   -2.827
 5055  3.2665801D+15       917.7563  1.4406905D-03   -2.841
 5056  3.2666171D+15       917.7459  1.4244087D-03   -2.846
 5057  3.2667199D+15       917.7171  1.3712804D-03   -2.863
 5058  3.2669602D+15       917.6496  1.1991512D-03   -2.921
 5059  3.2669986D+15       917.6388  1.1657991D-03   -2.933
 5060  3.2670042D+15       917.6372  1.1607499D-03   -2.935
 5061  3.2670453D+15       917.6257  1.1235412D-03   -2.949
 5062  3.2671833D+15       917.5869  9.9258968D-04   -3.003
 5063  3.2672953D+15       917.5554  8.8752547D-04   -3.052
 5064  3.2673166D+15       917.5495  8.6833712D-04   -3.061
 5065  3.2673557D+15       917.5385  1.6605440D-03   -2.780
 5066  3.2673914D+15       917.5284  1.6117521D-03   -2.793
 5067  3.2673917D+15       917.5284  1.6112973D-03   -2.793
 5068  3.2674926D+15       917.5000  1.3938429D-03   -2.856
 5069  3.2675063D+15       917.4962  1.3596496D-03   -2.867
 5070  3.2677786D+15       917.4197  1.0048833D-03   -2.998
 5071  3.2679600D+15       917.3688  1.1525584D-03   -2.938
 5072  3.2679936D+15       917.3594  1.2157636D-03   -2.915
 5073  3.2680404D+15       917.3462  1.3176851D-03   -2.880
 5074  3.2681313D+15       917.3207  1.5094878D-03   -2.821
 5075  3.2681657D+15       917.3111  1.5619784D-03   -2.806
 5076  3.2681692D+15       917.3101  1.5663573D-03   -2.805
 5077  3.2682653D+15       917.2831  8.8924301D-04   -3.051
 5078  3.2685177D+15       917.2123  1.1094887D-03   -2.955
 5079  3.2685191D+15       917.2119  1.1106003D-03   -2.954
 5080  3.2685399D+15       917.2060  1.1268033D-03   -2.948
 5081  3.2685529D+15       917.2024  1.1366269D-03   -2.944
 5082  3.2687366D+15       917.1509  1.2506354D-03   -2.903
 5083  3.2688517D+15       917.1186  1.2973237D-03   -2.887
 5084  3.2688759D+15       917.1118  1.3048294D-03   -2.884
 5085  3.2689069D+15       917.1031  1.3132648D-03   -2.882
 5086  3.2689401D+15       917.0938  1.3209515D-03   -2.879
 5087  3.2689466D+15       917.0919  1.3223037D-03   -2.879
 5088  3.2690356D+15       917.0670  1.3354487D-03   -2.874
 5089  3.2690380D+15       917.0663  1.3356797D-03   -2.874
 5090  3.2692947D+15       916.9943  1.3216207D-03   -2.879
 5091  3.2693272D+15       916.9852  1.3144449D-03   -2.881
 5092  3.2695132D+15       916.9330  1.2482124D-03   -2.904
 5093  3.2695521D+15       916.9221  1.2285300D-03   -2.911
 5094  3.2696298D+15       916.9003  1.1826116D-03   -2.927
 5095  3.2696825D+15       916.8855  1.1465077D-03   -2.941
 5096  3.2697144D+15       916.8766  1.1226440D-03   -2.950
 5097  3.2697241D+15       916.8739  1.1151227D-03   -2.953
 5098  3.2698108D+15       916.8496  1.0425754D-03   -2.982
 5099  3.2700307D+15       916.7879  1.5005573D-03   -2.824
 5100  3.2700703D+15       916.7768  1.4754888D-03   -2.831
 5101  3.2700751D+15       916.7754  1.4716252D-03   -2.832
 5102  3.2700813D+15       916.7737  1.4665178D-03   -2.834
 5103  3.2701016D+15       916.7680  1.4475195D-03   -2.839
 5104  3.2702899D+15       916.7152  1.1758705D-03   -2.930
 5105  3.2704080D+15       916.6821  1.0679918D-03   -2.971
 5106  3.2704353D+15       916.6745  1.0594382D-03   -2.975
 5107  3.2704581D+15       916.6681  1.0570087D-03   -2.976
 5108  3.2705016D+15       916.6559  1.0642023D-03   -2.973
 5109  3.2705835D+15       916.6329  1.1193712D-03   -2.951
 5110  3.2706782D+15       916.6064  1.2396755D-03   -2.907
 5111  3.2708459D+15       916.5594  1.4306771D-03   -2.844
 5112  3.2708539D+15       916.5572  1.4351108D-03   -2.843
 5113  3.2708759D+15       916.5510  1.4450537D-03   -2.840
 5114  3.2710258D+15       916.5090  9.6155613D-04   -3.017
 5115  3.2710665D+15       916.4976  9.9581138D-04   -3.002
 5116  3.2711106D+15       916.4852  1.0308586D-03   -2.987
 5117  3.2711862D+15       916.4641  1.0844479D-03   -2.965
 5118  3.2712337D+15       916.4508  1.1133805D-03   -2.953
 5119  3.2712790D+15       916.4381  1.1374511D-03   -2.944
 5120  3.2713562D+15       916.4164  1.1704835D-03   -2.932
 5121  3.2714548D+15       916.3888  1.1988006D-03   -2.921
 5122  3.2716215D+15       916.3421  1.2140296D-03   -2.916
 5123  3.2716226D+15       916.3418  1.2139961D-03   -2.916
 5124  3.2716326D+15       916.3390  1.2136287D-03   -2.916
 5125  3.2716502D+15       916.3341  1.2126318D-03   -2.916
 5126  3.2718431D+15       916.2801  1.1702381D-03   -2.932
 5127  3.2718898D+15       916.2670  1.1501981D-03   -2.939
 5128  3.2719643D+15       916.2461  1.1088454D-03   -2.955
 5129  3.2719946D+15       916.2376  1.0884943D-03   -2.963
 5130  3.2720093D+15       916.2335  1.0778563D-03   -2.967
 5131  3.2720210D+15       916.2302  1.0690046D-03   -2.971
 5132  3.2720210D+15       916.2302  1.0691315D-03   -2.971
 5133  3.2720565D+15       916.2203  1.0402463D-03   -2.983
 5134  3.2721102D+15       916.2053  9.9105405D-04   -3.004
 5135  3.2721102D+15       916.2053  9.9105538D-04   -3.004
 5136  3.2722314D+15       916.1713  1.3561772D-03   -2.868
 5137  3.2723971D+15       916.1249  1.2709840D-03   -2.896
 5138  3.2724114D+15       916.1209  1.2601845D-03   -2.900
 5139  3.2724246D+15       916.1172  1.2501297D-03   -2.903
 5140  3.2724452D+15       916.1115  1.2344084D-03   -2.909
 5141  3.2726197D+15       916.0626  1.1546980D-03   -2.938
 5142  3.2726691D+15       916.0488  1.1604536D-03   -2.935
 5143  3.2727425D+15       916.0283  1.1916271D-03   -2.924
 5144  3.2727743D+15       916.0194  1.2111042D-03   -2.917
 5145  3.2727849D+15       916.0164  1.2180653D-03   -2.914
 5146  3.2728340D+15       916.0026  1.2511122D-03   -2.903
 5147  3.2729017D+15       915.9837  1.2913828D-03   -2.889
 5148  3.2730080D+15       915.9539  1.3252086D-03   -2.878
 5149  3.2731640D+15       915.9103  1.0104585D-03   -2.995
 5150  3.2731901D+15       915.9030  1.0307298D-03   -2.987
 5151  3.2731989D+15       915.9005  1.0371395D-03   -2.984
 5152  3.2732227D+15       915.8939  1.0535759D-03   -2.977
 5153  3.2733964D+15       915.8453  1.1331454D-03   -2.946
 5154  3.2734483D+15       915.8307  1.1448041D-03   -2.941
 5155  3.2735207D+15       915.8105  1.1530042D-03   -2.938
 5156  3.2735539D+15       915.8012  1.1537524D-03   -2.938
 5157  3.2735605D+15       915.7994  1.1536771D-03   -2.938
 5158  3.2735891D+15       915.7914  1.1524824D-03   -2.938
 5159  3.2735891D+15       915.7914  1.1524849D-03   -2.938
 5160  3.2736114D+15       915.7851  1.1505565D-03   -2.939
 5161  3.2737847D+15       915.7366  1.1022119D-03   -2.958
 5162  3.2739097D+15       915.7017  1.0190378D-03   -2.992
 5163  3.2739689D+15       915.6851  1.2732761D-03   -2.895
 5164  3.2739732D+15       915.6839  1.2731289D-03   -2.895
 5165  3.2740002D+15       915.6764  1.2717091D-03   -2.896
 5166  3.2740807D+15       915.6538  1.2611173D-03   -2.899
 5167  3.2741730D+15       915.6280  1.2358862D-03   -2.908
 5168  3.2742275D+15       915.6128  1.2167833D-03   -2.915
 5169  3.2742815D+15       915.5977  1.1988409D-03   -2.921
 5170  3.2742815D+15       915.5977  1.1988435D-03   -2.921
 5171  3.2742988D+15       915.5928  1.1939365D-03   -2.923
 5172  3.2743336D+15       915.5831  1.1860229D-03   -2.926
 5173  3.2743361D+15       915.5824  1.1855718D-03   -2.926
 5174  3.2743412D+15       915.5810  1.1846915D-03   -2.926
 5175  3.2743412D+15       915.5810  1.1846971D-03   -2.926
 5176  3.2743889D+15       915.5677  1.1801158D-03   -2.928
 5177  3.2744472D+15       915.5514  1.1835549D-03   -2.927
 5178  3.2745613D+15       915.5195  1.2108884D-03   -2.917
 5179  3.2746879D+15       915.4841  1.2404814D-03   -2.906
 5180  3.2747054D+15       915.4792  1.2427003D-03   -2.906
 5181  3.2747476D+15       915.4674  1.2459461D-03   -2.905
 5182  3.2747476D+15       915.4674  1.2459491D-03   -2.904
 5183  3.2747776D+15       915.4590  1.2465852D-03   -2.904
 5184  3.2749496D+15       915.4109  1.0578799D-03   -2.976
 5185  3.2750068D+15       915.3949  1.0822390D-03   -2.966
 5186  3.2750770D+15       915.3753  1.1004556D-03   -2.958
 5187  3.2751117D+15       915.3656  1.1052305D-03   -2.957
 5188  3.2751133D+15       915.3652  1.1053848D-03   -2.956
 5189  3.2751370D+15       915.3585  1.1070571D-03   -2.956
 5190  3.2751664D+15       915.3503  1.1074478D-03   -2.956
 5191  3.2754661D+15       915.2666  1.2112664D-03   -2.917
 5192  3.2755264D+15       915.2497  1.2105025D-03   -2.917
 5193  3.2755551D+15       915.2417  1.2089106D-03   -2.918
 5194  3.2757262D+15       915.1939  1.1859396D-03   -2.926
 5195  3.2757860D+15       915.1772  1.1776949D-03   -2.929
 5196  3.2758551D+15       915.1579  1.1730887D-03   -2.931
 5197  3.2758873D+15       915.1489  1.1732529D-03   -2.931
 5198  3.2758929D+15       915.1473  1.1734319D-03   -2.931
 5199  3.2759158D+15       915.1409  1.1745802D-03   -2.930
 5200  3.2759438D+15       915.1331  1.1768147D-03   -2.929
 5201  3.2759926D+15       915.1195  1.1821792D-03   -2.927
 5202  3.2761756D+15       915.0683  1.1976227D-03   -2.922
 5203  3.2762442D+15       915.0492  1.1960269D-03   -2.922
 5204  3.2762467D+15       915.0485  1.1958905D-03   -2.922
 5205  3.2762962D+15       915.0347  1.1921303D-03   -2.924
 5206  3.2763051D+15       915.0322  1.1912551D-03   -2.924
 5207  3.2763326D+15       915.0245  1.0359584D-03   -2.985
 5208  3.2765029D+15       914.9769  1.0817472D-03   -2.966
 5209  3.2765653D+15       914.9595  1.0778002D-03   -2.967
 5210  3.2766333D+15       914.9405  1.1617970D-03   -2.935
 5211  3.2766629D+15       914.9323  1.1654375D-03   -2.934
 5212  3.2766726D+15       914.9296  1.1664789D-03   -2.933
 5213  3.2766945D+15       914.9234  1.1685622D-03   -2.932
 5214  3.2767213D+15       914.9159  1.1706114D-03   -2.932
 5215  3.2769549D+15       914.8507  1.1687378D-03   -2.932
 5216  3.2770224D+15       914.8319  1.1655850D-03   -2.933
 5217  3.2770624D+15       914.8207  1.1645369D-03   -2.934
 5218  3.2770839D+15       914.8147  1.1643388D-03   -2.934
 5219  3.2772795D+15       914.7601  1.1711431D-03   -2.931
 5220  3.2773445D+15       914.7420  1.1727800D-03   -2.931
 5221  3.2774115D+15       914.7233  1.1719912D-03   -2.931
 5222  3.2774385D+15       914.7157  1.1708564D-03   -2.931
 5223  3.2774522D+15       914.7119  1.1700906D-03   -2.932
 5224  3.2774732D+15       914.7060  1.1686734D-03   -2.932
 5225  3.2774988D+15       914.6989  1.1665360D-03   -2.933
 5226  3.2775381D+15       914.6879  1.1622927D-03   -2.935
 5227  3.2777341D+15       914.6332  1.1420536D-03   -2.942
 5228  3.2777881D+15       914.6182  1.1488306D-03   -2.940
 5229  3.2777881D+15       914.6182  1.1489918D-03   -2.940
 5230  3.2778006D+15       914.6147  1.1502244D-03   -2.939
 5231  3.2778421D+15       914.6031  1.1535354D-03   -2.938
 5232  3.2778449D+15       914.6023  1.1537191D-03   -2.938
 5233  3.2778626D+15       914.5974  1.1547696D-03   -2.938
 5234  3.2780561D+15       914.5434  1.1582336D-03   -2.936
 5235  3.2781237D+15       914.5245  1.1584703D-03   -2.936
 5236  3.2781896D+15       914.5061  1.1591511D-03   -2.936
 5237  3.2782319D+15       914.4944  1.1597324D-03   -2.936
 5238  3.2782520D+15       914.4888  1.1599930D-03   -2.936
 5239  3.2782762D+15       914.4820  1.1602517D-03   -2.935
 5240  3.2785134D+15       914.4158  1.1517593D-03   -2.939
 5241  3.2786217D+15       914.3856  1.1328603D-03   -2.946
 5242  3.2786414D+15       914.3801  1.1364072D-03   -2.944
 5243  3.2788328D+15       914.3268  1.1539782D-03   -2.938
 5244  3.2789030D+15       914.3072  1.1562634D-03   -2.937
 5245  3.2789678D+15       914.2891  1.1577248D-03   -2.936
 5246  3.2789897D+15       914.2830  1.1581749D-03   -2.936
 5247  3.2790116D+15       914.2769  1.1586265D-03   -2.936
 5248  3.2790307D+15       914.2716  1.1590295D-03   -2.936
 5249  3.2790537D+15       914.2652  1.1595259D-03   -2.936
 5250  3.2790836D+15       914.2568  1.1601934D-03   -2.935
 5251  3.2792926D+15       914.1986  1.1642998D-03   -2.934
 5252  3.2793935D+15       914.1704  1.1650963D-03   -2.934
 5253  3.2794014D+15       914.1682  1.1651266D-03   -2.934
 5254  3.2794201D+15       914.1630  1.1651841D-03   -2.934
 5255  3.2796094D+15       914.1103  1.1508217D-03   -2.939
 5256  3.2796822D+15       914.0900  1.1541246D-03   -2.938
 5257  3.2797460D+15       914.0722  1.1560599D-03   -2.937
 5258  3.2797912D+15       914.0596  1.1570678D-03   -2.937
 5259  3.2798312D+15       914.0484  1.1577688D-03   -2.936
 5260  3.2800718D+15       913.9814  1.1597988D-03   -2.936
 5261  3.2801811D+15       913.9509  1.1600449D-03   -2.936
 5262  3.2801989D+15       913.9460  1.1600631D-03   -2.936
 5263  3.2804615D+15       913.8728  1.1599076D-03   -2.936
 5264  3.2805241D+15       913.8554  1.1597972D-03   -2.936
 5265  3.2805409D+15       913.8507  1.1597648D-03   -2.936
 5266  3.2805709D+15       913.8423  1.1597045D-03   -2.936
 5267  3.2806086D+15       913.8318  1.1596245D-03   -2.936
 5268  3.2806290D+15       913.8261  1.1595798D-03   -2.936
 5269  3.2806552D+15       913.8189  1.1595210D-03   -2.936
 5270  3.2809422D+15       913.7389  1.1588203D-03   -2.936
 5271  3.2809607D+15       913.7338  1.1587740D-03   -2.936
 5272  3.2809776D+15       913.7291  1.1587317D-03   -2.936
 5273  3.2811626D+15       913.6775  1.1582762D-03   -2.936
 5274  3.2812407D+15       913.6558  1.1580908D-03   -2.936
 5275  3.2813023D+15       913.6386  1.1579485D-03   -2.936
 5276  3.2813506D+15       913.6252  1.1578394D-03   -2.936
 5277  3.2813861D+15       913.6153  1.1577607D-03   -2.936
 5278  3.2817564D+15       913.5122  1.1570252D-03   -2.937
 5279  3.2820200D+15       913.4389  1.1565988D-03   -2.937
 5280  3.2820805D+15       913.4220  1.1565120D-03   -2.937
 5281  3.2820921D+15       913.4188  1.1564958D-03   -2.937
 5282  3.2821302D+15       913.4082  1.1564436D-03   -2.937
 5283  3.2821745D+15       913.3959  1.1563849D-03   -2.937
 5284  3.2821745D+15       913.3959  1.1565147D-03   -2.937
 5285  3.2824909D+15       913.3078  1.1561465D-03   -2.937
 5286  3.2825351D+15       913.2955  1.1561025D-03   -2.937
 5287  3.2827159D+15       913.2452  1.1559395D-03   -2.937
 5288  3.2827992D+15       913.2220  1.1558729D-03   -2.937
 5289  3.2828586D+15       913.2055  1.1558285D-03   -2.937
 5290  3.2829099D+15       913.1912  1.1557921D-03   -2.937
 5291  3.2829410D+15       913.1826  1.1557709D-03   -2.937
 5292  3.2833139D+15       913.0789  1.1555603D-03   -2.937
 5293  3.2835784D+15       913.0053  1.1554509D-03   -2.937
 5294  3.2836433D+15       912.9873  1.1554281D-03   -2.937
 5295  3.2836896D+15       912.9744  1.1554126D-03   -2.937
 5296  3.2840395D+15       912.8771  1.1553138D-03   -2.937
 5297  3.2840926D+15       912.8624  1.1553011D-03   -2.937
 5298  3.2842691D+15       912.8133  1.1552621D-03   -2.937
 5299  3.2843577D+15       912.7887  1.1552440D-03   -2.937
 5300  3.2844149D+15       912.7728  1.1552327D-03   -2.937
 5301  3.2844692D+15       912.7577  1.1552223D-03   -2.937
 5302  3.2844960D+15       912.7503  1.1552173D-03   -2.937
 5303  3.2851369D+15       912.5722  1.1551043D-03   -2.937
 5304  3.2851945D+15       912.5562  1.1550943D-03   -2.937
 5305  3.2852489D+15       912.5411  1.1550848D-03   -2.937
 5306  3.2855882D+15       912.4468  1.1550237D-03   -2.937
 5307  3.2855882D+15       912.4468  1.1551240D-03   -2.937
 5308  3.2856501D+15       912.4297  1.1551115D-03   -2.937
 5309  3.2858224D+15       912.3818  1.1550762D-03   -2.937
 5310  3.2859713D+15       912.3405  1.1550447D-03   -2.937
 5311  3.2860285D+15       912.3246  1.1550324D-03   -2.937
 5312  3.2860509D+15       912.3184  1.1550276D-03   -2.937
 5313  3.2866954D+15       912.1395  1.1548805D-03   -2.937
 5314  3.2867457D+15       912.1255  1.1548684D-03   -2.937
 5315  3.2872076D+15       911.9973  1.1547543D-03   -2.938
 5316  3.2872296D+15       911.9912  1.1547488D-03   -2.938
 5317  3.2872296D+15       911.9912  1.1547487D-03   -2.938
 5318  3.2873756D+15       911.9507  1.1547065D-03   -2.938
 5319  3.2875276D+15       911.9086  1.1546620D-03   -2.938
 5320  3.2875879D+15       911.8918  1.1546442D-03   -2.938
 5321  3.2876058D+15       911.8869  1.1546389D-03   -2.938
 5322  3.2882539D+15       911.7072  1.1544427D-03   -2.938
 5323  3.2882969D+15       911.6952  1.1544293D-03   -2.938
 5324  3.2882969D+15       911.6952  1.1545171D-03   -2.938
 5325  3.2887651D+15       911.5654  1.1543649D-03   -2.938
 5326  3.2889289D+15       911.5200  1.1543110D-03   -2.938
 5327  3.2890839D+15       911.4771  1.1542597D-03   -2.938
 5328  3.2891472D+15       911.4595  1.1542387D-03   -2.938
 5329  3.2891608D+15       911.4558  1.1542341D-03   -2.938
 5330  3.2895234D+15       911.3553  1.1541129D-03   -2.938
 5331  3.2895234D+15       911.3553  1.1263112D-03   -2.948
 5332  3.2898124D+15       911.2752  1.1262104D-03   -2.948
 5333  3.2903226D+15       911.1339  1.1260309D-03   -2.948
 5334  3.2904822D+15       911.0898  1.1259744D-03   -2.948
 5335  3.2904822D+15       911.0898  1.1260197D-03   -2.948
 5336  3.2906403D+15       911.0460  1.1259626D-03   -2.948
 5337  3.2907065D+15       911.0276  1.1259385D-03   -2.948
 5338  3.2907157D+15       911.0251  1.1259352D-03   -2.948
 5339  3.2913709D+15       910.8438  1.1256970D-03   -2.949
 5340  3.2918801D+15       910.7029  1.1255108D-03   -2.949
 5341  3.2921966D+15       910.6153  1.1253946D-03   -2.949
 5342  3.2922659D+15       910.5961  1.1253691D-03   -2.949
 5343  3.2922706D+15       910.5948  1.1253674D-03   -2.949
 5344  3.2922706D+15       910.5948  1.1253950D-03   -2.949
 5345  3.2929293D+15       910.4127  1.1251498D-03   -2.949
 5346  3.2934376D+15       910.2722  1.1249600D-03   -2.949
 5347  3.2937529D+15       910.1850  1.1248421D-03   -2.949
 5348  3.2937529D+15       910.1850  1.1248598D-03   -2.949
 5349  3.2938252D+15       910.1651  1.1248325D-03   -2.949
 5350  3.2944878D+15       909.9820  1.1245828D-03   -2.949
 5351  3.2949951D+15       909.8419  1.1243913D-03   -2.949
 5352  3.2949951D+15       909.8419  1.1244015D-03   -2.949
 5353  3.2953845D+15       909.7344  1.1242539D-03   -2.949
 5354  3.2960463D+15       909.5517  1.1240029D-03   -2.949
 5355  3.2960463D+15       909.5517  1.1240077D-03   -2.949
 5356  3.2969438D+15       909.3041  1.1236667D-03   -2.949
 5357  3.2969438D+15       909.3041  1.1236693D-03   -2.949
 5358  3.5102023D+15       854.0603  1.0433054D-03   -2.982
 5359  3.7372551D+15       802.1729  9.6099087D-04   -3.017
 5360  3.9789945D+15       753.4377  8.7897549D-04   -3.056
 5361  4.2363705D+15       707.6634  7.9923164D-04   -3.097
 5362  4.5103946D+15       664.6701  7.2333842D-04   -3.141
 5363  4.8021435D+15       624.2888  6.5240401D-04   -3.185
 5364  5.1127638D+15       586.3609  5.8703751D-04   -3.231
 5365  5.1127638D+15       586.3609  5.8725353D-04   -3.231
 5366  5.1151857D+15       586.0832  5.8688100D-04   -3.231
 5367  5.1176077D+15       585.8059  5.8658556D-04   -3.232
 5368  5.1200296D+15       585.5288  5.8646262D-04   -3.232
 5369  5.1224515D+15       585.2519  5.8680365D-04   -3.232
 5370  5.1248734D+15       584.9753  5.8882415D-04   -3.230
 5371  5.1260844D+15       584.8371  5.9215531D-04   -3.228
 5372  5.1272954D+15       584.6990  6.0161161D-04   -3.221
 5373  5.1285063D+15       584.5610  6.3891303D-04   -3.195
 5374  5.1291118D+15       584.4920  6.9979720D-04   -3.155
 5375  5.1297173D+15       584.4230  8.1356837D-04   -3.090
 5376  5.1303228D+15       584.3540  4.9196830D-04   -3.308
 5377  5.1309282D+15       584.2850  8.1414004D-04   -3.089
 5378  5.1315337D+15       584.2161  7.0022986D-04   -3.155
 5379  5.1321392D+15       584.1472  6.3885919D-04   -3.195
 5380  5.1333502D+15       584.0094  6.0078547D-04   -3.221
 5381  5.1345611D+15       583.8716  5.9073078D-04   -3.229
 5382  5.1357721D+15       583.7340  5.8686543D-04   -3.231
 5383  5.1381940D+15       583.4588  5.8384566D-04   -3.234
 5384  5.1406159D+15       583.1839  5.8253929D-04   -3.235
 5385  5.1430379D+15       582.9093  5.8170974D-04   -3.235
 5386  5.1454598D+15       582.6349  5.8105864D-04   -3.236
 5387  5.1478817D+15       582.3608  5.8048790D-04   -3.236
 5388  5.1478817D+15       582.3608  5.8024580D-04   -3.236
 5389  5.3531737D+15       560.0275  5.4274850D-04   -3.265
 5390  5.5666525D+15       538.5507  5.0741480D-04   -3.295
 5391  5.5666525D+15       538.5507  5.0748496D-04   -3.295
 5392  5.5745097D+15       537.7916  5.0661903D-04   -3.295
 5393  5.5784383D+15       537.4129  5.0805643D-04   -3.294
 5394  5.5804025D+15       537.2237  5.1478890D-04   -3.288
 5395  5.5813847D+15       537.1292  5.0001554D-04   -3.301
 5396  5.5818758D+15       537.0819  4.3180738D-04   -3.365
 5397  5.5821213D+15       537.0583  2.6643735D-04   -3.574
 5398  5.5822441D+15       537.0465  2.4539603D-04   -3.610
 5399  5.5823668D+15       537.0347  2.6647249D-04   -3.574
 5400  5.5826124D+15       537.0111  4.3197922D-04   -3.365
 5401  5.5831034D+15       536.9638  5.0040512D-04   -3.301
 5402  5.5840856D+15       536.8694  5.1475557D-04   -3.288
 5403  5.5860499D+15       536.6806  5.0709202D-04   -3.295
 5404  5.5899784D+15       536.3034  5.0428090D-04   -3.297
 5405  5.5978356D+15       535.5507  5.0263676D-04   -3.299
 5406  5.5978356D+15       535.5507  5.0253812D-04   -3.299
 5407  5.7318403D+15       523.0300  4.8234235D-04   -3.317
 5408  5.7318403D+15       523.0300  4.8231184D-04   -3.317
 5409  5.7363791D+15       522.6162  4.8145778D-04   -3.317
 5410  5.7386486D+15       522.4095  4.7530792D-04   -3.323
 5411  5.7397833D+15       522.3062  4.1318673D-04   -3.384
 5412  5.7403506D+15       522.2546  3.1783960D-04   -3.498
 5413  5.7406343D+15       522.2288  2.3550626D-04   -3.628
 5414  5.7409180D+15       522.2030  3.1793399D-04   -3.498
 5415  5.7414853D+15       522.1514  4.1352409D-04   -3.383
 5416  5.7426201D+15       522.0482  4.7530020D-04   -3.323
 5417  5.7448895D+15       521.8420  4.8045167D-04   -3.318
 5418  5.7494284D+15       521.4300  4.7983115D-04   -3.319
 5419  5.7494284D+15       521.4300  4.7977960D-04   -3.319
 5420  5.8096555D+15       516.0245  4.7114975D-04   -3.327
 5421  5.8096555D+15       516.0245  4.7114511D-04   -3.327
 5422  5.8114008D+15       515.8695  4.7088376D-04   -3.327
 5423  5.8122734D+15       515.7921  4.7067901D-04   -3.327
 5424  5.8127098D+15       515.7534  3.4246318D-04   -3.465
 5425  5.8129279D+15       515.7340  2.6768982D-04   -3.572
 5426  5.8130370D+15       515.7243  2.5735921D-04   -3.589
 5427  5.8131461D+15       515.7146  2.6771997D-04   -3.572
 5428  5.8133642D+15       515.6953  3.4257914D-04   -3.465
 5429  5.8138006D+15       515.6566  4.7046817D-04   -3.327
 5430  5.8146732D+15       515.5792  4.7042327D-04   -3.328
 5431  5.8164185D+15       515.4245  4.7019024D-04   -3.328
 5432  5.8164185D+15       515.4245  4.7019388D-04   -3.328
 5433  5.8511402D+15       512.3659  4.6530708D-04   -3.332
 5434  5.8511402D+15       512.3659  4.6529757D-04   -3.332
 5435  5.8523200D+15       512.2626  4.6509866D-04   -3.332
 5436  5.8529099D+15       512.2110  4.5862343D-04   -3.339
 5437  5.8532048D+15       512.1852  3.0786224D-04   -3.512
 5438  5.8533523D+15       512.1722  2.8142417D-04   -3.551
 5439  5.8534260D+15       512.1658  2.7805789D-04   -3.556
 5440  5.8534997D+15       512.1593  2.8144545D-04   -3.551
 5441  5.8536472D+15       512.1464  3.0793218D-04   -3.512
 5442  5.8539421D+15       512.1206  4.5855860D-04   -3.339
 5443  5.8545320D+15       512.0690  4.6478710D-04   -3.333
 5444  5.8557118D+15       511.9659  4.6465089D-04   -3.333
 5445  5.8557118D+15       511.9659  4.6465960D-04   -3.333
 5446  5.8754502D+15       510.2459  4.6172839D-04   -3.336
 5447  5.8754502D+15       510.2459  4.6172039D-04   -3.336
 5448  5.8766398D+15       510.1426  4.6149834D-04   -3.336
 5449  5.8772346D+15       510.0910  4.5676735D-04   -3.340
 5450  5.8775320D+15       510.0652  3.1145603D-04   -3.507
 5451  5.8776807D+15       510.0523  2.8743717D-04   -3.541
 5452  5.8777550D+15       510.0459  2.8450844D-04   -3.546
 5453  5.8778293D+15       510.0394  2.8745902D-04   -3.541
 5454  5.8779780D+15       510.0265  3.1152710D-04   -3.507
 5455  5.8782754D+15       510.0007  4.5664763D-04   -3.340
 5456  5.8788702D+15       509.9491  4.6112156D-04   -3.336
 5457  5.8800598D+15       509.8459  4.6093839D-04   -3.336
 5458  5.8800598D+15       509.8459  4.6094585D-04   -3.336
 5459  5.8857549D+15       509.3526  4.5982456D-04   -3.337
 5460  5.8912208D+15       508.8800  4.5842617D-04   -3.339
 5461  5.8912208D+15       508.8800  4.5842023D-04   -3.339
 5462  5.8924168D+15       508.7767  4.5802344D-04   -3.339
 5463  5.8930148D+15       508.7251  4.5466780D-04   -3.342
 5464  5.8933138D+15       508.6993  3.1715651D-04   -3.499
 5465  5.8934633D+15       508.6864  2.9248290D-04   -3.534
 5466  5.8935380D+15       508.6799  2.8959045D-04   -3.538
 5467  5.8936127D+15       508.6735  2.9250518D-04   -3.534
 5468  5.8937622D+15       508.6606  3.1722869D-04   -3.499
 5469  5.8940612D+15       508.6348  4.5432878D-04   -3.343
 5470  5.8946592D+15       508.5832  4.5721874D-04   -3.340
 5471  5.8958552D+15       508.4800  4.5674452D-04   -3.340
 5472  5.8958552D+15       508.4800  4.5675014D-04   -3.340
 5473  5.8976453D+15       508.3257  4.5590646D-04   -3.341
 5474  5.9020363D+15       507.9475  4.5312517D-04   -3.344
 5475  5.9020363D+15       507.9475  4.5312073D-04   -3.344
 5476  5.9032367D+15       507.8442  4.5211535D-04   -3.345
 5477  5.9038368D+15       507.7926  4.4934285D-04   -3.347
 5478  5.9041369D+15       507.7668  3.2446246D-04   -3.489
 5479  5.9042870D+15       507.7539  2.9806951D-04   -3.526
 5480  5.9043620D+15       507.7474  2.9510973D-04   -3.530
 5481  5.9044370D+15       507.7410  2.9809217D-04   -3.526
 5482  5.9045871D+15       507.7281  3.2453073D-04   -3.489
 5483  5.9048872D+15       507.7023  4.4833173D-04   -3.348
 5484  5.9054873D+15       507.6507  4.4991776D-04   -3.347
 5485  5.9066877D+15       507.5475  4.4855391D-04   -3.348
 5486  5.9066877D+15       507.5475  4.4855826D-04   -3.348
 5487  5.9095358D+15       507.3029  4.4462636D-04   -3.352
 5488  5.9214262D+15       506.2842  4.1957129D-04   -3.377
 5489  5.9333166D+15       505.2696  4.0398820D-04   -3.394
 5490  5.9452070D+15       504.2591  4.0069522D-04   -3.397
 5491  5.9452070D+15       504.2591  4.0069521D-04   -3.397
 5492  6.3423703D+15       472.6821  3.1834024D-04   -3.497
 5493  6.7660656D+15       443.0824  2.5529455D-04   -3.593
 5494  7.2180654D+15       415.3363  2.0772199D-04   -3.683
 5495  7.7002606D+15       389.3277  1.7184487D-04   -3.765
 5496  8.2146684D+15       364.9477  1.4431813D-04   -3.841
 5497  8.7634406D+15       342.0945  1.2245383D-04   -3.912
 5498  9.3488729D+15       320.6723  1.0429565D-04   -3.982
 5499  9.3488729D+15       320.6723  1.0373150D-04   -3.984
 5500  9.4138447D+15       318.4591  1.0173831D-04   -3.993
 5501  9.4788164D+15       316.2763  9.9650611D-05   -4.002
 5502  9.5437882D+15       314.1231  9.7333911D-05   -4.012
 5503  9.6087599D+15       311.9991  9.4447329D-05   -4.025
 5504  9.6737316D+15       309.9036  8.9931919D-05   -4.046
 5505  9.7062175D+15       308.8664  8.6038050D-05   -4.065
 5506  9.7387034D+15       307.8361  7.9362317D-05   -4.100
 5507  9.7711893D+15       306.8127  6.6102029D-05   -4.180
 5508  9.8036751D+15       305.7960  3.7252053D-05   -4.429
 5509  9.8199181D+15       305.2902  1.5923536D-05   -4.798
 5510  9.8361610D+15       304.7860  2.1000477D-06   -5.678
 5511  9.8524039D+15       304.2836  1.0149847D-06   -5.994
 5512  9.8686469D+15       303.7827  4.5563922D-07   -6.341
 5513  9.8848898D+15       303.2836  1.0242000D-06   -5.990
 5514  9.9011327D+15       302.7860  2.0944448D-06   -5.679
 5515  9.9173757D+15       302.2901  1.5635034D-05   -4.806
 5516  9.9336186D+15       301.7958  3.6179209D-05   -4.442
 5517  9.9661045D+15       300.8121  6.2989624D-05   -4.201
 5518  9.9985904D+15       299.8347  7.4296606D-05   -4.129
 5519  1.0031076D+16       298.8637  7.9164249D-05   -4.101
 5520  1.0063562D+16       297.8989  8.1341467D-05   -4.090
 5521  1.0128534D+16       295.9880  8.2565124D-05   -4.083
 5522  1.0193506D+16       294.1014  8.2246721D-05   -4.085
 5523  1.0258477D+16       292.2387  8.1392174D-05   -4.089
 5524  1.0323449D+16       290.3995  8.0319110D-05   -4.095
 5525  1.0388421D+16       288.5833  7.9149748D-05   -4.102
 5526  1.0388421D+16       288.5833  7.9565270D-05   -4.099
 5527  1.0783804D+16       278.0025  7.1824961D-05   -4.144
 5528  1.1194235D+16       267.8097  6.4532942D-05   -4.190
 5529  1.1194235D+16       267.8097  6.4236508D-05   -4.192
 5530  1.1256979D+16       266.3170  6.3072234D-05   -4.200
 5531  1.1319723D+16       264.8408  6.1853147D-05   -4.209
 5532  1.1382467D+16       263.3809  6.0508531D-05   -4.218
 5533  1.1445210D+16       261.9370  5.8857500D-05   -4.230
 5534  1.1507954D+16       260.5089  5.6333354D-05   -4.249
 5535  1.1539326D+16       259.8007  5.4189481D-05   -4.266
 5536  1.1570698D+16       259.0963  5.0527289D-05   -4.296
 5537  1.1602070D+16       258.3957  4.3174080D-05   -4.365
 5538  1.1633442D+16       257.6989  2.6328465D-05   -4.580
 5539  1.1649128D+16       257.3519  1.2400588D-05   -4.907
 5540  1.1664814D+16       257.0058  1.3499972D-06   -5.870
 5541  1.1680499D+16       256.6606  8.8832500D-08   -7.051
 5542  1.1696185D+16       256.3164  3.0071008D-08   -7.522
 5543  1.1711871D+16       255.9731  8.9463144D-08   -7.048
 5544  1.1727557D+16       255.6308  1.3382157D-06   -5.873
 5545  1.1743243D+16       255.2893  1.2135962D-05   -4.916
 5546  1.1758929D+16       254.9488  2.5511964D-05   -4.593
 5547  1.1790301D+16       254.2704  4.1096795D-05   -4.386
 5548  1.1821673D+16       253.5956  4.7283651D-05   -4.325
 5549  1.1828219D+16       253.4553  4.8015229D-05   -4.319
 5550  1.1828219D+16       253.4553  4.7776197D-05   -4.321
 5551  1.1853045D+16       252.9244  4.9580213D-05   -4.305
 5552  1.1867264D+16       252.6214  5.0174666D-05   -4.300
 5553  1.1884417D+16       252.2568  5.0629568D-05   -4.296
 5554  1.1906310D+16       251.7929  5.0931386D-05   -4.293
 5555  1.1945355D+16       250.9699  5.1003370D-05   -4.292
 5556  1.1947160D+16       250.9320  5.0996832D-05   -4.292
 5557  1.1984401D+16       250.1522  5.0728117D-05   -4.295
 5558  1.2009904D+16       249.6210  5.0424243D-05   -4.297
 5559  1.2023446D+16       249.3399  5.0228702D-05   -4.299
 5560  1.2062492D+16       248.5328  4.9528322D-05   -4.305
 5561  1.2072648D+16       248.3237  4.9308356D-05   -4.307
 5562  1.2101537D+16       247.7309  4.8570136D-05   -4.314
 5563  1.2135392D+16       247.0398  4.7395419D-05   -4.324
 5564  1.2140583D+16       246.9342  4.7171816D-05   -4.326
 5565  1.2179628D+16       246.1425  4.4848870D-05   -4.348
 5566  1.2198135D+16       245.7691  4.3093074D-05   -4.366
 5567  1.2198135D+16       245.7691  4.3284273D-05   -4.364
 5568  1.2206064D+16       245.6094  4.2302011D-05   -4.374
 5569  1.2206064D+16       245.6094  4.1876920D-05   -4.378
 5570  1.2218674D+16       245.3560  3.9921536D-05   -4.399
 5571  1.2244773D+16       244.8330  3.3493466D-05   -4.475
 5572  1.2257720D+16       244.5744  2.8346043D-05   -4.548
 5573  1.2283482D+16       244.0615  1.2304867D-05   -4.910
 5574  1.2296765D+16       243.7978  3.4076137D-06   -5.468
 5575  1.2322191D+16       243.2948  3.2386153D-08   -7.490
 5576  1.2335811D+16       243.0262  2.5796850D-08   -7.588
 5577  1.2360900D+16       242.5329  8.9919880D-08   -7.046
 5578  1.2374856D+16       242.2593  3.3075212D-06   -5.480
 5579  1.2399609D+16       241.7757  1.9189631D-05   -4.717
 5580  1.2410559D+16       241.5624  2.4798529D-05   -4.606
 5581  1.2410559D+16       241.5624  2.2791826D-05   -4.642
 5582  1.2413902D+16       241.4974  2.4015894D-05   -4.620
 5583  1.2438318D+16       241.0233  2.9552258D-05   -4.529
 5584  1.2452947D+16       240.7402  3.0839389D-05   -4.511
 5585  1.2453017D+16       240.7388  3.0842923D-05   -4.511
 5586  1.2477027D+16       240.2756  3.0910798D-05   -4.510
 5587  1.2491993D+16       239.9877  2.9951533D-05   -4.524
 5588  1.2495475D+16       239.9208  2.9624982D-05   -4.528
 5589  1.2515735D+16       239.5324  2.6895269D-05   -4.570
 5590  1.2531038D+16       239.2399  2.3738190D-05   -4.625
 5591  1.2537933D+16       239.1084  2.1937349D-05   -4.659
 5592  1.2554444D+16       238.7939  1.6480838D-05   -4.783
 5593  1.2557132D+16       238.7428  1.5430307D-05   -4.812
 5594  1.2557132D+16       238.7428  1.2714793D-05   -4.896
 5595  1.2570084D+16       238.4968  8.0013294D-06   -5.097
 5596  1.2580390D+16       238.3014  4.2016967D-06   -5.377
 5597  1.2593153D+16       238.0599  8.4140526D-07   -6.075
 5598  1.2604634D+16       237.8430  4.2824523D-08   -7.368
 5599  1.2609129D+16       237.7583  2.0767583D-08   -7.683
 5600  1.2616812D+16       237.6135  1.8563204D-08   -7.731
 5601  1.2616812D+16       237.6135  1.8550070D-08   -7.732
 5602  1.2622848D+16       237.4999  2.4682241D-08   -7.608
 5603  1.2631862D+16       237.3304  2.0955119D-08   -7.679
 5604  1.2648175D+16       237.0243  1.8186130D-08   -7.740
 5605  1.2652136D+16       236.9501  1.8283709D-08   -7.738
 5606  1.2657719D+16       236.8456  2.6208354D-08   -7.582
 5607  1.2657719D+16       236.8456  2.5538539D-08   -7.593
 5608  1.2665306D+16       236.7037  1.0588108D-07   -6.975
 5609  1.2670571D+16       236.6053  2.5039913D-07   -6.601
 5610  1.2683966D+16       236.3555  6.2614517D-07   -6.203
 5611  1.2686975D+16       236.2994  6.5119807D-07   -6.186
 5612  1.2686975D+16       236.2994  5.6916525D-07   -6.245
 5613  1.2687220D+16       236.2948  5.6973333D-07   -6.244
 5614  1.2699639D+16       236.0638  4.3836196D-07   -6.358
 5615  1.2707764D+16       235.9128  2.7690089D-07   -6.558
 5616  1.2708619D+16       235.8970  2.6057409D-07   -6.584
 5617  1.2708619D+16       235.8970  2.2816217D-07   -6.642
 5618  1.2709280D+16       235.8847  2.1739712D-07   -6.663
 5619  1.2710793D+16       235.8566  1.9367009D-07   -6.713
 5620  1.2725079D+16       235.5918  4.9095658D-08   -7.309
 5621  1.2725079D+16       235.5918  4.5407575D-08   -7.343
 5622  1.2725321D+16       235.5873  4.4322186D-08   -7.353
 5623  1.2726266D+16       235.5699  4.0368372D-08   -7.394
 5624  1.2737109D+16       235.3693  1.8044429D-08   -7.744
 5625  1.2737889D+16       235.3549  1.7465022D-08   -7.758
 5626  1.2737889D+16       235.3549  1.7178312D-08   -7.765
 5627  1.2747141D+16       235.1841  1.4238080D-08   -7.847
 5628  1.2747989D+16       235.1684  1.4152934D-08   -7.849
 5629  1.2748052D+16       235.1673  1.4147428D-08   -7.849
 5630  1.2748052D+16       235.1673  1.4082100D-08   -7.851
 5631  1.2750222D+16       235.1273  1.3969037D-08   -7.855
 5632  1.2751120D+16       235.1107  1.3954357D-08   -7.855
 5633  1.2754899D+16       235.0410  1.4087899D-08   -7.851
 5634  1.2763425D+16       234.8840  1.5609282D-08   -7.807
 5635  1.2765311D+16       234.8493  1.6213514D-08   -7.790
 5636  1.2776781D+16       234.6385  2.3089730D-08   -7.637
 5637  1.2786698D+16       234.4565  3.6114322D-08   -7.442
 5638  1.2789742D+16       234.4007  4.0033996D-08   -7.398
 5639  1.2792680D+16       234.3469  1.0531953D-08   -7.977
 5640  1.2792924D+16       234.3424  1.1974267D-08   -7.922
 5641  1.2793423D+16       234.3333  2.9744586D-08   -7.527
 5642  1.2794643D+16       234.3109  3.8785866D-08   -7.411
 5643  1.2804357D+16       234.1332  2.7856165D-08   -7.555
 5644  1.2806374D+16       234.0963  2.5492301D-08   -7.594
 5645  1.2813491D+16       233.9663  1.9647412D-08   -7.707
 5646  1.2813491D+16       233.9663  1.9643850D-08   -7.707
 5647  1.2816058D+16       233.9194  1.8254998D-08   -7.739
 5648  1.2816649D+16       233.9086  1.7976863D-08   -7.745
 5649  1.2818274D+16       233.8790  1.7284114D-08   -7.762
 5650  1.2820297D+16       233.8420  1.6552381D-08   -7.781
 5651  1.2820297D+16       233.8420  1.6546015D-08   -7.781
 5652  1.2822823D+16       233.7960  1.5802866D-08   -7.801
 5653  1.2825407D+16       233.7489  1.5204465D-08   -7.818
 5654  1.2835137D+16       233.5717  1.3952655D-08   -7.855
 5655  1.2842146D+16       233.4442  1.3732873D-08   -7.862
 5656  1.2842374D+16       233.4401  1.3734533D-08   -7.862
 5657  1.2843402D+16       233.4214  1.3749390D-08   -7.862
 5658  1.2843402D+16       233.4214  1.3746777D-08   -7.862
 5659  1.2844943D+16       233.3934  1.3792552D-08   -7.860
 5660  1.2860526D+16       233.1106  1.6367253D-08   -7.786
 5661  1.2861767D+16       233.0881  1.6796094D-08   -7.775
 5662  1.2864116D+16       233.0455  1.7733317D-08   -7.751
 5663  1.2868691D+16       232.9627  2.0107315D-08   -7.697
 5664  1.2870731D+16       232.9257  2.1444644D-08   -7.669
 5665  1.2874859D+16       232.8511  2.4819212D-08   -7.605
 5666  1.2877595D+16       232.8016  2.7587925D-08   -7.559
 5667  1.2877600D+16       232.8015  2.7592890D-08   -7.559
 5668  1.2883259D+16       232.6992  3.4627871D-08   -7.461
 5669  1.2883259D+16       232.6992  3.4627090D-08   -7.461
 5670  1.2885247D+16       232.6633  3.6906895D-08   -7.433
 5671  1.2885429D+16       232.6601  3.7050618D-08   -7.431
 5672  1.2888002D+16       232.6136  3.2707918D-08   -7.485
 5673  1.2888002D+16       232.6136  3.2707851D-08   -7.485
 5674  1.2889648D+16       232.5839  1.1605272D-08   -7.935
 5675  1.2890747D+16       232.5641  2.6369212D-08   -7.579
 5676  1.2892016D+16       232.5412  3.6045193D-08   -7.443
 5677  1.2892016D+16       232.5412  3.6045042D-08   -7.443
 5678  1.2895007D+16       232.4872  3.5988144D-08   -7.444
 5679  1.2895443D+16       232.4794  3.5470619D-08   -7.450
 5680  1.2895443D+16       232.4794  3.5469897D-08   -7.450
 5681  1.2902825D+16       232.3464  2.6590921D-08   -7.575
 5682  1.2913105D+16       232.1614  1.9312511D-08   -7.714
 5683  1.2920053D+16       232.0366  1.7241162D-08   -7.763
 5684  1.2921323D+16       232.0137  1.7062987D-08   -7.768
 5685  1.2927971D+16       231.8944  1.7142165D-08   -7.766
 5686  1.2928129D+16       231.8916  1.7166071D-08   -7.765
 5687  1.2929142D+16       231.8734  1.7347464D-08   -7.761
 5688  1.2930111D+16       231.8561  1.7566161D-08   -7.755
 5689  1.2933919D+16       231.7878  1.8908816D-08   -7.723
 5690  1.2934902D+16       231.7702  1.9396408D-08   -7.712
 5691  1.2937150D+16       231.7299  2.0769487D-08   -7.683
 5692  1.2937962D+16       231.7154  2.1364092D-08   -7.670
 5693  1.2941414D+16       231.6536  2.4569064D-08   -7.610
 5694  1.2941534D+16       231.6514  2.4700717D-08   -7.607
 5695  1.2943344D+16       231.6190  2.6839349D-08   -7.571
 5696  1.2947640D+16       231.5422  3.3251295D-08   -7.478
 5697  1.2952583D+16       231.4538  1.8894918D-08   -7.724
 5698  1.2953845D+16       231.4313  3.0283936D-08   -7.519
 5699  1.2958671D+16       231.3451  3.1514580D-08   -7.501
 5700  1.2962511D+16       231.2765  2.6202967D-08   -7.582
 5701  1.2973956D+16       231.0725  2.0113160D-08   -7.697
 5702  1.2975025D+16       231.0535  2.0192308D-08   -7.695
 5703  1.2979837D+16       230.9678  2.1766458D-08   -7.662
 5704  1.2980243D+16       230.9606  2.1992071D-08   -7.658
 5705  1.2981268D+16       230.9424  2.2627489D-08   -7.645
 5706  1.2983909D+16       230.8954  2.4694676D-08   -7.607
 5707  1.2984653D+16       230.8822  2.5385065D-08   -7.595
 5708  1.2985212D+16       230.8722  2.5935999D-08   -7.586
 5709  1.2987385D+16       230.8336  2.8389669D-08   -7.547
 5710  1.2992205D+16       230.7479  3.4389379D-08   -7.464
 5711  1.2995731D+16       230.6853  2.0606185D-08   -7.686
 5712  1.2998454D+16       230.6370  3.4253402D-08   -7.465
 5713  1.3000272D+16       230.6048  3.3553176D-08   -7.474
 5714  1.3004969D+16       230.5215  2.7703795D-08   -7.557
 5715  1.3011830D+16       230.3999  2.4574091D-08   -7.610
 5716  1.3018952D+16       230.2739  2.9100854D-08   -7.536
 5717  1.3019737D+16       230.2600  3.0010519D-08   -7.523
 5718  1.3020908D+16       230.2393  3.1378365D-08   -7.503
 5719  1.3022442D+16       230.2122  3.2963877D-08   -7.482
 5720  1.3025754D+16       230.1536  2.5163954D-08   -7.599
 5721  1.3026589D+16       230.1389  2.2337554D-08   -7.651
 5722  1.3026594D+16       230.1388  2.2337583D-08   -7.651
 5723  1.3029855D+16       230.0812  3.3278992D-08   -7.478
 5724  1.3032155D+16       230.0406  3.1635138D-08   -7.500
 5725  1.3033357D+16       230.0194  3.0356008D-08   -7.518
 5726  1.3042452D+16       229.8590  2.9806205D-08   -7.526
 5727  1.3047427D+16       229.7713  3.0348147D-08   -7.518
 5728  1.3049430D+16       229.7361  2.4079917D-08   -7.618
 5729  1.3049507D+16       229.7347  2.4080274D-08   -7.618
 5730  1.3052905D+16       229.6749  3.2484471D-08   -7.488
 5731  1.3057661D+16       229.5912  2.9690914D-08   -7.527
 5732  1.3057661D+16       229.5912  2.9690867D-08   -7.527
 5733  1.3063333D+16       229.4915  3.1845156D-08   -7.497
 5734  1.3066791D+16       229.4308  2.6097690D-08   -7.583
 5735  1.3066798D+16       229.4307  2.6097713D-08   -7.583
 5736  1.3071672D+16       229.3452  3.1364327D-08   -7.504
 5737  1.3075802D+16       229.2727  3.1182808D-08   -7.506
 5738  1.3079221D+16       229.2128  2.8548430D-08   -7.544
 5739  1.3079328D+16       229.2109  2.8310203D-08   -7.548
 5740  1.3079657D+16       229.2051  2.7741422D-08   -7.557
 5741  1.3080315D+16       229.1936  2.7684261D-08   -7.558
 5742  1.3086891D+16       229.0784  3.1120149D-08   -7.507
 5743  1.3089884D+16       229.0261  2.8536837D-08   -7.545
 5744  1.3091040D+16       229.0058  2.7951870D-08   -7.554
 5745  1.3094518D+16       228.9450  3.0715350D-08   -7.513
 5746  1.3099692D+16       228.8546  2.8656648D-08   -7.543
 5747  1.3105538D+16       228.7525  2.9291178D-08   -7.533
 5748  1.3106810D+16       228.7303  2.9093305D-08   -7.536
 5749  1.3112674D+16       228.6280  2.8930511D-08   -7.539
 5750  1.3117589D+16       228.5423  2.8940310D-08   -7.538
 5751  1.3117592D+16       228.5423  2.8940180D-08   -7.538
 5752  1.3121748D+16       228.4699  2.9130641D-08   -7.536
 5753  1.3125300D+16       228.4081  2.9638030D-08   -7.528
 5754  1.3127159D+16       228.3757  2.9929274D-08   -7.524
 5755  1.3130936D+16       228.3101  2.9524716D-08   -7.530
 5756  1.3131854D+16       228.2941  2.9046338D-08   -7.537
 5757  1.3132342D+16       228.2856  2.8796550D-08   -7.541
 5758  1.3135142D+16       228.2369  2.7240877D-08   -7.565
 5759  1.3148800D+16       227.9999  3.1968535D-08   -7.495
 5760  1.3154046D+16       227.9089  2.8852435D-08   -7.540
 5761  1.3156932D+16       227.8589  2.7422992D-08   -7.562
 5762  1.3158170D+16       227.8375  2.7383264D-08   -7.563
 5763  1.3158170D+16       227.8375  2.7383264D-08   -7.563
 5764  1.3158557D+16       227.8308  2.7371926D-08   -7.563
 5765  1.3159637D+16       227.8121  2.7340287D-08   -7.563
 5766  1.3162442D+16       227.7636  2.7258078D-08   -7.565
 5767  1.3163507D+16       227.7451  2.7226882D-08   -7.565
 5768  1.3164112D+16       227.7347  2.7209133D-08   -7.565
 5769  1.3167695D+16       227.6727  2.7104221D-08   -7.567
 5770  1.3171271D+16       227.6109  2.6999701D-08   -7.569
 5771  1.3174662D+16       227.5523  2.6900830D-08   -7.570
 5772  1.3174800D+16       227.5499  2.6896800D-08   -7.570
 5773  1.3174800D+16       227.5499  2.6896782D-08   -7.570
 5774  1.3185754D+16       227.3609  2.6579335D-08   -7.575
 5775  1.3198538D+16       227.1407  2.6213054D-08   -7.581
 5776  1.3203486D+16       227.0555  2.6072564D-08   -7.584
 5777  1.3204440D+16       227.0391  2.6045537D-08   -7.584
 5778  1.3209424D+16       226.9535  2.5904898D-08   -7.587
 5779  1.3213641D+16       226.8810  2.5786446D-08   -7.589
 5780  1.3214173D+16       226.8719  2.5771564D-08   -7.589
 5781  1.3217242D+16       226.8192  2.5685728D-08   -7.590
 5782  1.3217285D+16       226.8185  2.5684531D-08   -7.590
 5783  1.3221200D+16       226.7513  2.5575477D-08   -7.592
 5784  1.3221415D+16       226.7476  2.5569505D-08   -7.592
 5785  1.3222164D+16       226.7348  2.5548685D-08   -7.593
 5786  1.3222164D+16       226.7348  2.5548648D-08   -7.593
 5787  1.3228235D+16       226.6307  2.5380586D-08   -7.595
 5788  1.3230366D+16       226.5942  2.5321848D-08   -7.597
 5789  1.3250323D+16       226.2529  2.4778173D-08   -7.606
 5790  1.3253917D+16       226.1916  2.4681514D-08   -7.608
 5791  1.3255341D+16       226.1673  2.4643287D-08   -7.608
 5792  1.3259588D+16       226.0949  2.4529694D-08   -7.610
 5793  1.3263214D+16       226.0330  2.4433116D-08   -7.612
 5794  1.3266140D+16       225.9832  2.4355431D-08   -7.613
 5795  1.3271413D+16       225.8934  2.4216091D-08   -7.616
 5796  1.3271829D+16       225.8863  2.4205115D-08   -7.616
 5797  1.3278717D+16       225.7691  2.4024347D-08   -7.619
 5798  1.3285770D+16       225.6493  2.3840604D-08   -7.623
 5799  1.3288354D+16       225.6054  2.3773646D-08   -7.624
 5800  1.3288354D+16       225.6054  2.3773625D-08   -7.624
 5801  1.3296206D+16       225.4722  2.3571247D-08   -7.628
 5802  1.3296833D+16       225.4616  2.3555184D-08   -7.628
 5803  1.3298290D+16       225.4369  2.3517836D-08   -7.629
 5804  1.3301259D+16       225.3865  2.3441930D-08   -7.630
 5805  1.3305535D+16       225.3141  2.3333032D-08   -7.632
 5806  1.3309185D+16       225.2523  2.3240450D-08   -7.634
 5807  1.3322079D+16       225.0343  2.2916335D-08   -7.640
 5808  1.3328653D+16       224.9233  2.2752781D-08   -7.643
 5809  1.3333743D+16       224.8374  2.2626951D-08   -7.645
 5810  1.3333743D+16       224.8374  2.2626920D-08   -7.645
 5811  1.3336020D+16       224.7991  2.2570854D-08   -7.646
 5812  1.3340173D+16       224.7291  2.2468919D-08   -7.648
 5813  1.3342089D+16       224.6968  2.2422046D-08   -7.649
 5814  1.3342089D+16       224.6968  2.2421976D-08   -7.649
 5815  1.3347176D+16       224.6112  2.2298016D-08   -7.652
 5816  1.3347176D+16       224.6112  2.2297944D-08   -7.652
 5817  1.3351481D+16       224.5387  2.2193562D-08   -7.654
 5818  1.3351481D+16       224.5387  2.2193491D-08   -7.654
 5819  1.3354256D+16       224.4921  2.2126469D-08   -7.655
 5820  1.3355157D+16       224.4769  2.2104751D-08   -7.656
 5821  1.3355157D+16       224.4769  2.2104684D-08   -7.656
 5822  1.3365430D+16       224.3044  2.1858488D-08   -7.660
 5823  1.3366214D+16       224.2912  2.1839821D-08   -7.661
 5824  1.3366214D+16       224.2912  2.1839787D-08   -7.661
 5825  1.3385893D+16       223.9615  2.1376063D-08   -7.670
 5826  1.3385893D+16       223.9615  2.1376014D-08   -7.670
 5827  1.3390241D+16       223.8888  2.1274881D-08   -7.672
 5828  1.3390241D+16       223.8888  2.1274845D-08   -7.672
 5829  1.3393322D+16       223.8373  2.1203456D-08   -7.674
 5830  1.3393322D+16       223.8373  2.1203412D-08   -7.674
 5831  1.3408517D+16       223.5836  2.0854774D-08   -7.681
 5832  1.3408517D+16       223.5836  2.0854740D-08   -7.681
 5833  1.3422741D+16       223.3467  2.0533483D-08   -7.688
 5834  1.3422741D+16       223.3467  2.0533452D-08   -7.688
 5835  1.3434028D+16       223.1590  2.0281992D-08   -7.693
 5836  1.3434028D+16       223.1590  2.0281954D-08   -7.693
 5837  1.4388299D+16       208.3585  7.0836436D-09   -8.150
 5838  1.5410356D+16       194.5396  2.2490405D-09   -8.648
 5839  1.6505014D+16       181.6372  6.4444451D-10   -9.191
 5840  1.7677430D+16       169.5905  1.6536969D-10   -9.782
 5841  1.8933127D+16       158.3428  3.7685336D-11  -10.424
 5842  2.0278021D+16       147.8411  7.5573574D-12  -11.122
 5843  2.1718448D+16       138.0359  1.3204734D-12  -11.879
 5844  2.3261194D+16       128.8809  1.9888844D-13  -12.701
 5845  2.4913528D+16       120.3332  2.5533872D-14  -13.593
 5846  2.6683233D+16       112.3524  2.7617089D-15  -14.559
 5847  2.8578647D+16       104.9009  2.4863690D-16  -15.604
 5848  3.0608700D+16        97.9435  1.8401937D-17  -16.735
 5849  3.2782956D+16        91.4477  1.1050780D-18  -17.957
 5850  3.5111658D+16        85.3826  5.3105600D-20  -19.275
 5851  3.7605776D+16        79.7198  2.0124635D-21  -20.696
 5852  4.0277061D+16        74.4326  5.9216065D-23  -22.228
 5853  4.3138098D+16        69.4960  1.3313071D-24  -23.876
 5854  4.6202366D+16        64.8868  2.2491009D-26  -25.648
 5855  4.9484301D+16        60.5833  2.8062766D-28  -27.552
 5856  5.2999364D+16        56.5653  2.5395308D-30  -29.595
 5857  5.6764116D+16        52.8137  1.6345837D-32  -31.787
 5858  6.0796293D+16        49.3110  7.3255378D-35  -34.135
 5859  6.5114892D+16        46.0405  2.2329636D-37  -36.651
 5860  6.9740257D+16        42.9870  4.5123847D-40  -39.346
 5861  7.4694180D+16        40.1360  5.8794994D-43  -42.231
 5862  8.0000000D+16        37.4741  4.8074691D-46  -45.318
