*      I  NZ  NE  ISLP  ILV        E(RYD)      NP
       1   2   1   200    1  -4.00000E+00     101
  3.960000E+00 1.619E+00
  4.000000E+00 1.576E+00
  4.101260E+00 1.474E+00
  4.205084E+00 1.379E+00
  4.311536E+00 1.289E+00
  4.420684E+00 1.206E+00
  4.532592E+00 1.127E+00
  4.647336E+00 1.053E+00
  4.764984E+00 9.843E-01
  4.885612E+00 9.198E-01
  5.009292E+00 8.590E-01
  5.136100E+00 8.025E-01
  5.266124E+00 7.493E-01
  5.399436E+00 6.997E-01
  5.536124E+00 6.532E-01
  5.676272E+00 6.095E-01
  5.819964E+00 5.690E-01
  5.967300E+00 5.307E-01
  6.118360E+00 4.953E-01
  6.273248E+00 4.620E-01
  6.432056E+00 4.308E-01
  6.594884E+00 4.017E-01
  6.761836E+00 3.745E-01
  6.933012E+00 3.493E-01
  7.108520E+00 3.255E-01
  7.288476E+00 3.033E-01
  7.472984E+00 2.825E-01
  7.662164E+00 2.632E-01
  7.856132E+00 2.452E-01
  8.055012E+00 2.283E-01
  8.258924E+00 2.126E-01
  8.468000E+00 1.980E-01
  8.682368E+00 1.843E-01
  8.902164E+00 1.715E-01
  9.127524E+00 1.597E-01
  9.358588E+00 1.486E-01
  9.595500E+00 1.382E-01
  9.838412E+00 1.286E-01
  1.008747E+01 1.196E-01
  1.034284E+01 1.113E-01
  1.060467E+01 1.035E-01
  1.087313E+01 9.620E-02
  1.114838E+01 8.942E-02
  1.143060E+01 8.312E-02
  1.171997E+01 7.727E-02
  1.201666E+01 7.180E-02
  1.232087E+01 6.672E-02
  1.263277E+01 6.200E-02
  1.295257E+01 5.760E-02
  1.328047E+01 5.350E-02
  1.361666E+01 4.968E-02
  1.396137E+01 4.615E-02
  1.431480E+01 4.285E-02
  1.467719E+01 3.978E-02
  1.504874E+01 3.692E-02
  1.542970E+01 3.427E-02
  1.582031E+01 3.180E-02
  1.622080E+01 2.952E-02
  1.663143E+01 2.740E-02
  1.705246E+01 2.542E-02
  1.748414E+01 2.358E-02
  1.792676E+01 2.187E-02
  1.838057E+01 2.029E-02
  1.884588E+01 1.881E-02
  1.932297E+01 1.744E-02
  1.981213E+01 1.617E-02
  2.031368E+01 1.499E-02
  2.082792E+01 1.390E-02
  2.135518E+01 1.288E-02
  2.189579E+01 1.194E-02
  2.245008E+01 1.106E-02
  2.301841E+01 1.025E-02
  2.360112E+01 9.500E-03
  2.419859E+01 8.802E-03
  2.481118E+01 8.153E-03
  2.543928E+01 7.552E-03
  2.608328E+01 6.995E-03
  2.674358E+01 6.477E-03
  2.742060E+01 5.997E-03
  2.811475E+01 5.552E-03
  2.882648E+01 5.140E-03
  2.955622E+01 4.760E-03
  3.030445E+01 4.405E-03
  3.107160E+01 4.077E-03
  3.185819E+01 3.773E-03
  3.266468E+01 3.492E-03
  3.349159E+01 3.230E-03
  3.433944E+01 2.990E-03
  3.520874E+01 2.765E-03
  3.610006E+01 2.558E-03
  3.701394E+01 2.366E-03
  3.795094E+01 2.188E-03
  3.891168E+01 2.023E-03
  3.989673E+01 1.871E-03
  4.090672E+01 1.730E-03
  4.194228E+01 1.600E-03
  4.300404E+01 1.478E-03
  4.409272E+01 1.367E-03
  4.520892E+01 1.263E-03
  4.635340E+01 1.167E-03
  4.752684E+01 1.079E-03
       2   2   1   200    2  -1.00000E+00     102
  9.600000E-01 4.022E+00
  9.797960E-01 3.855E+00
  1.000000E+00 3.695E+00
  1.025315E+00 3.507E+00
  1.051271E+00 3.327E+00
  1.077884E+00 3.157E+00
  1.105171E+00 2.995E+00
  1.133148E+00 2.840E+00
  1.161834E+00 2.692E+00
  1.191246E+00 2.552E+00
  1.221403E+00 2.419E+00
  1.252323E+00 2.292E+00
  1.284026E+00 2.171E+00
  1.316531E+00 2.056E+00
  1.349859E+00 1.948E+00
  1.384031E+00 1.844E+00
  1.419068E+00 1.745E+00
  1.454992E+00 1.651E+00
  1.491825E+00 1.562E+00
  1.529590E+00 1.478E+00
  1.568312E+00 1.398E+00
  1.608014E+00 1.321E+00
  1.648721E+00 1.249E+00
  1.690459E+00 1.181E+00
  1.733253E+00 1.116E+00
  1.777130E+00 1.054E+00
  1.822119E+00 9.955E-01
  1.868246E+00 9.402E-01
  1.915541E+00 8.877E-01
  1.964033E+00 8.380E-01
  2.013753E+00 7.908E-01
  2.064731E+00 7.463E-01
  2.117000E+00 7.040E-01
  2.170592E+00 6.640E-01
  2.225541E+00 6.260E-01
  2.281881E+00 5.902E-01
  2.339647E+00 5.565E-01
  2.398875E+00 5.245E-01
  2.459603E+00 4.943E-01
  2.521868E+00 4.655E-01
  2.585710E+00 4.385E-01
  2.651167E+00 4.128E-01
  2.718282E+00 3.887E-01
  2.787095E+00 3.660E-01
  2.857651E+00 3.443E-01
  2.929993E+00 3.240E-01
  3.004166E+00 3.048E-01
  3.080217E+00 2.868E-01
  3.158193E+00 2.697E-01
  3.238143E+00 2.535E-01
  3.320117E+00 2.383E-01
  3.404166E+00 2.240E-01
  3.490343E+00 2.105E-01
  3.578701E+00 1.977E-01
  3.669297E+00 1.857E-01
  3.762186E+00 1.744E-01
  3.857426E+00 1.638E-01
  3.955077E+00 1.537E-01
  4.055200E+00 1.443E-01
  4.157860E+00 1.354E-01
  4.263116E+00 1.271E-01
  4.371036E+00 1.192E-01
  4.481688E+00 1.118E-01
  4.595144E+00 1.048E-01
  4.711472E+00 9.830E-02
  4.830740E+00 9.215E-02
  4.953032E+00 8.635E-02
  5.078420E+00 8.092E-02
  5.206980E+00 7.580E-02
  5.338796E+00 7.102E-02
  5.473948E+00 6.650E-02
  5.612520E+00 6.228E-02
  5.754604E+00 5.830E-02
  5.900280E+00 5.457E-02
  6.049648E+00 5.107E-02
  6.202796E+00 4.780E-02
  6.359820E+00 4.473E-02
  6.520820E+00 4.183E-02
  6.685896E+00 3.913E-02
  6.855148E+00 3.657E-02
  7.028688E+00 3.420E-02
  7.206620E+00 3.197E-02
  7.389056E+00 2.987E-02
  7.576112E+00 2.792E-02
  7.767900E+00 2.608E-02
  7.964548E+00 2.436E-02
  8.166172E+00 2.275E-02
  8.372896E+00 2.124E-02
  8.584860E+00 1.983E-02
  8.802184E+00 1.852E-02
  9.025012E+00 1.728E-02
  9.253484E+00 1.613E-02
  9.487736E+00 1.505E-02
  9.727920E+00 1.404E-02
  9.974184E+00 1.309E-02
  1.022668E+01 1.221E-02
  1.048557E+01 1.139E-02
  1.075101E+01 1.061E-02
  1.102318E+01 9.895E-03
  1.130223E+01 9.222E-03
  1.158835E+01 8.595E-03
  1.188171E+01 8.007E-03
       3   2   1   200    3  -4.44444E-01     104
  4.044444E-01 7.628E+00
  4.140936E-01 7.270E+00
  4.239728E-01 6.930E+00
  4.340880E-01 6.605E+00
  4.444444E-01 6.295E+00
  4.556956E-01 5.982E+00
  4.672316E-01 5.685E+00
  4.790596E-01 5.402E+00
  4.911872E-01 5.133E+00
  5.036216E-01 4.875E+00
  5.163708E-01 4.630E+00
  5.294428E-01 4.397E+00
  5.428456E-01 4.175E+00
  5.565880E-01 3.965E+00
  5.706780E-01 3.762E+00
  5.851248E-01 3.573E+00
  5.999372E-01 3.390E+00
  6.151248E-01 3.218E+00
  6.306968E-01 3.052E+00
  6.466628E-01 2.895E+00
  6.630332E-01 2.747E+00
  6.798180E-01 2.605E+00
  6.970276E-01 2.470E+00
  7.146728E-01 2.343E+00
  7.327648E-01 2.221E+00
  7.513152E-01 2.105E+00
  7.703348E-01 1.995E+00
  7.898356E-01 1.891E+00
  8.098308E-01 1.792E+00
  8.303316E-01 1.698E+00
  8.513516E-01 1.608E+00
  8.729036E-01 1.524E+00
  8.950012E-01 1.443E+00
  9.176584E-01 1.366E+00
  9.408888E-01 1.294E+00
  9.647076E-01 1.225E+00
  9.891292E-01 1.159E+00
  1.014169E+00 1.097E+00
  1.039843E+00 1.039E+00
  1.066167E+00 9.828E-01
  1.093157E+00 9.298E-01
  1.120830E+00 8.795E-01
  1.149204E+00 8.320E-01
  1.178297E+00 7.868E-01
  1.208125E+00 7.440E-01
  1.238709E+00 7.032E-01
  1.270067E+00 6.650E-01
  1.302219E+00 6.285E-01
  1.335185E+00 5.940E-01
  1.368985E+00 5.613E-01
  1.403641E+00 5.302E-01
  1.439175E+00 5.010E-01
  1.475608E+00 4.730E-01
  1.512963E+00 4.467E-01
  1.551264E+00 4.218E-01
  1.590534E+00 3.982E-01
  1.630799E+00 3.760E-01
  1.672082E+00 3.548E-01
  1.714412E+00 3.350E-01
  1.757812E+00 3.160E-01
  1.802311E+00 2.980E-01
  1.847937E+00 2.813E-01
  1.894718E+00 2.652E-01
  1.942683E+00 2.500E-01
  1.991862E+00 2.358E-01
  2.042286E+00 2.223E-01
  2.093987E+00 2.095E-01
  2.146996E+00 1.975E-01
  2.201348E+00 1.860E-01
  2.257075E+00 1.753E-01
  2.314213E+00 1.651E-01
  2.372798E+00 1.555E-01
  2.432866E+00 1.464E-01
  2.494454E+00 1.379E-01
  2.557601E+00 1.298E-01
  2.622347E+00 1.221E-01
  2.688732E+00 1.149E-01
  2.756798E+00 1.082E-01
  2.826587E+00 1.017E-01
  2.898142E+00 9.572E-02
  2.971509E+00 9.002E-02
  3.046733E+00 8.465E-02
  3.123861E+00 7.957E-02
  3.202942E+00 7.480E-02
  3.284025E+00 7.030E-02
  3.367161E+00 6.607E-02
  3.452400E+00 6.208E-02
  3.539798E+00 5.832E-02
  3.629409E+00 5.478E-02
  3.721288E+00 5.145E-02
  3.815493E+00 4.830E-02
  3.912082E+00 4.535E-02
  4.011116E+00 4.255E-02
  4.112660E+00 3.995E-02
  4.216772E+00 3.748E-02
  4.323520E+00 3.515E-02
  4.432968E+00 3.298E-02
  4.545192E+00 3.093E-02
  4.660252E+00 2.900E-02
  4.778228E+00 2.720E-02
  4.899188E+00 2.548E-02
  5.023212E+00 2.389E-02
  5.150376E+00 2.238E-02
  5.280760E+00 2.097E-02
       4   2   1   200    4  -2.50000E-01     107
  2.100000E-01 1.331E+01
  2.152963E-01 1.265E+01
  2.207262E-01 1.203E+01
  2.262930E-01 1.143E+01
  2.320002E-01 1.086E+01
  2.378513E-01 1.032E+01
  2.438500E-01 9.813E+00
  2.500000E-01 9.325E+00
  2.563288E-01 8.862E+00
  2.628178E-01 8.420E+00
  2.694710E-01 8.000E+00
  2.762928E-01 7.600E+00
  2.832871E-01 7.220E+00
  2.904586E-01 6.857E+00
  2.978116E-01 6.513E+00
  3.053507E-01 6.185E+00
  3.130807E-01 5.872E+00
  3.210064E-01 5.577E+00
  3.291327E-01 5.295E+00
  3.374647E-01 5.025E+00
  3.460077E-01 4.770E+00
  3.547669E-01 4.527E+00
  3.637479E-01 4.298E+00
  3.729562E-01 4.080E+00
  3.823976E-01 3.870E+00
  3.920780E-01 3.672E+00
  4.020036E-01 3.485E+00
  4.121804E-01 3.305E+00
  4.226148E-01 3.135E+00
  4.333132E-01 2.975E+00
  4.442828E-01 2.823E+00
  4.555296E-01 2.675E+00
  4.670616E-01 2.537E+00
  4.788852E-01 2.406E+00
  4.910084E-01 2.281E+00
  5.034380E-01 2.163E+00
  5.161828E-01 2.050E+00
  5.292500E-01 1.944E+00
  5.426480E-01 1.842E+00
  5.563852E-01 1.746E+00
  5.704704E-01 1.654E+00
  5.849116E-01 1.568E+00
  5.997188E-01 1.485E+00
  6.149008E-01 1.407E+00
  6.304672E-01 1.333E+00
  6.464272E-01 1.263E+00
  6.627920E-01 1.196E+00
  6.795704E-01 1.133E+00
  6.967740E-01 1.073E+00
  7.144128E-01 1.016E+00
  7.324984E-01 9.617E-01
  7.510416E-01 9.105E-01
  7.700544E-01 8.618E-01
  7.895484E-01 8.157E-01
  8.095360E-01 7.720E-01
  8.300292E-01 7.308E-01
  8.510416E-01 6.915E-01
  8.725856E-01 6.542E-01
  8.946752E-01 6.190E-01
  9.173244E-01 5.855E-01
  9.405464E-01 5.538E-01
  9.643564E-01 5.237E-01
  9.887692E-01 4.953E-01
  1.013800E+00 4.682E-01
  1.039464E+00 4.427E-01
  1.065779E+00 4.188E-01
  1.092759E+00 3.957E-01
  1.120422E+00 3.740E-01
  1.148786E+00 3.535E-01
  1.177868E+00 3.340E-01
  1.207686E+00 3.155E-01
  1.238258E+00 2.983E-01
  1.269605E+00 2.818E-01
  1.301745E+00 2.660E-01
  1.334699E+00 2.512E-01
  1.368487E+00 2.373E-01
  1.403130E+00 2.240E-01
  1.438651E+00 2.115E-01
  1.475070E+00 1.996E-01
  1.512412E+00 1.884E-01
  1.550699E+00 1.778E-01
  1.589955E+00 1.678E-01
  1.630205E+00 1.583E-01
  1.671474E+00 1.494E-01
  1.713787E+00 1.409E-01
  1.757172E+00 1.329E-01
  1.801655E+00 1.253E-01
  1.847264E+00 1.181E-01
  1.894028E+00 1.114E-01
  1.941975E+00 1.050E-01
  1.991137E+00 9.897E-02
  2.041543E+00 9.327E-02
  2.093224E+00 8.787E-02
  2.146215E+00 8.280E-02
  2.200546E+00 7.800E-02
  2.256254E+00 7.345E-02
  2.313371E+00 6.918E-02
  2.371934E+00 6.512E-02
  2.431980E+00 6.133E-02
  2.493546E+00 5.772E-02
  2.556670E+00 5.432E-02
  2.621393E+00 5.113E-02
  2.687753E+00 4.810E-02
  2.755794E+00 4.525E-02
  2.825557E+00 4.258E-02
  2.897087E+00 4.003E-02
  2.970427E+00 3.765E-02
       5   2   1   200    5  -1.60000E-01     112
  1.200000E-01 2.304E+01
  1.229116E-01 2.193E+01
  1.258938E-01 2.088E+01
  1.289484E-01 1.987E+01
  1.320771E-01 1.892E+01
  1.352817E-01 1.800E+01
  1.385641E-01 1.714E+01
  1.419261E-01 1.631E+01
  1.453696E-01 1.553E+01
  1.488968E-01 1.478E+01
  1.525095E-01 1.407E+01
  1.562098E-01 1.339E+01
  1.600000E-01 1.275E+01
  1.640504E-01 1.211E+01
  1.682034E-01 1.150E+01
  1.724615E-01 1.092E+01
  1.768274E-01 1.038E+01
  1.813038E-01 9.853E+00
  1.858935E-01 9.355E+00
  1.905994E-01 8.883E+00
  1.954244E-01 8.433E+00
  2.003716E-01 8.005E+00
  2.054441E-01 7.600E+00
  2.106449E-01 7.215E+00
  2.159774E-01 6.848E+00
  2.214449E-01 6.500E+00
  2.270508E-01 6.168E+00
  2.327986E-01 5.855E+00
  2.386920E-01 5.555E+00
  2.447345E-01 5.272E+00
  2.509300E-01 5.003E+00
  2.572823E-01 4.745E+00
  2.637954E-01 4.503E+00
  2.704734E-01 4.272E+00
  2.773205E-01 4.053E+00
  2.843409E-01 3.843E+00
  2.915390E-01 3.645E+00
  2.989194E-01 3.458E+00
  3.064866E-01 3.280E+00
  3.142453E-01 3.110E+00
  3.222004E-01 2.950E+00
  3.303570E-01 2.797E+00
  3.387200E-01 2.652E+00
  3.472948E-01 2.515E+00
  3.560865E-01 2.383E+00
  3.651009E-01 2.259E+00
  3.743435E-01 2.142E+00
  3.838200E-01 2.030E+00
  3.935365E-01 1.924E+00
  4.034988E-01 1.824E+00
  4.137136E-01 1.729E+00
  4.241868E-01 1.638E+00
  4.349252E-01 1.552E+00
  4.459352E-01 1.471E+00
  4.572240E-01 1.394E+00
  4.687988E-01 1.321E+00
  4.806664E-01 1.251E+00
  4.928348E-01 1.185E+00
  5.053108E-01 1.122E+00
  5.181028E-01 1.063E+00
  5.312188E-01 1.007E+00
  5.446664E-01 9.537E-01
  5.584548E-01 9.032E-01
  5.725920E-01 8.553E-01
  5.870876E-01 8.098E-01
  6.019496E-01 7.667E-01
  6.171880E-01 7.258E-01
  6.328124E-01 6.873E-01
  6.488320E-01 6.505E-01
  6.652572E-01 6.158E-01
  6.820984E-01 5.827E-01
  6.993656E-01 5.515E-01
  7.170704E-01 5.217E-01
  7.352228E-01 4.938E-01
  7.538352E-01 4.672E-01
  7.729188E-01 4.420E-01
  7.924852E-01 4.183E-01
  8.125472E-01 3.955E-01
  8.331168E-01 3.743E-01
  8.542072E-01 3.538E-01
  8.758316E-01 3.345E-01
  8.980032E-01 3.165E-01
  9.207364E-01 2.993E-01
  9.440448E-01 2.828E-01
  9.679436E-01 2.675E-01
  9.924472E-01 2.527E-01
  1.017571E+00 2.389E-01
  1.043331E+00 2.258E-01
  1.069743E+00 2.134E-01
  1.096824E+00 2.016E-01
  1.124590E+00 1.905E-01
  1.153059E+00 1.800E-01
  1.182249E+00 1.700E-01
  1.212178E+00 1.606E-01
  1.242864E+00 1.516E-01
  1.274328E+00 1.432E-01
  1.306587E+00 1.352E-01
  1.339664E+00 1.277E-01
  1.373577E+00 1.205E-01
  1.408350E+00 1.138E-01
  1.444002E+00 1.074E-01
  1.480557E+00 1.013E-01
  1.518038E+00 9.563E-02
  1.556467E+00 9.022E-02
  1.595869E+00 8.510E-02
  1.636269E+00 8.027E-02
  1.677691E+00 7.573E-02
  1.720162E+00 7.140E-02
  1.763708E+00 6.732E-02
  1.808356E+00 6.347E-02
  1.854136E+00 5.985E-02
  1.901074E+00 5.640E-02
       6   2   1   200    6  -1.11111E-01     112
  8.333332E-02 3.005E+01
  8.535528E-02 2.857E+01
  8.742624E-02 2.720E+01
  8.954748E-02 2.588E+01
  9.172020E-02 2.462E+01
  9.394564E-02 2.343E+01
  9.622504E-02 2.229E+01
  9.855976E-02 2.121E+01
  1.009512E-01 2.018E+01
  1.034006E-01 1.920E+01
  1.059094E-01 1.827E+01
  1.084791E-01 1.738E+01
  1.111111E-01 1.654E+01
  1.139239E-01 1.571E+01
  1.168079E-01 1.491E+01
  1.197649E-01 1.416E+01
  1.227968E-01 1.344E+01
  1.259054E-01 1.275E+01
  1.290927E-01 1.211E+01
  1.323607E-01 1.149E+01
  1.357114E-01 1.091E+01
  1.391470E-01 1.035E+01
  1.426695E-01 9.822E+00
  1.462812E-01 9.322E+00
  1.499843E-01 8.848E+00
  1.537812E-01 8.395E+00
  1.576742E-01 7.965E+00
  1.616657E-01 7.558E+00
  1.657583E-01 7.170E+00
  1.699545E-01 6.803E+00
  1.742569E-01 6.452E+00
  1.786682E-01 6.122E+00
  1.831912E-01 5.808E+00
  1.878288E-01 5.508E+00
  1.925837E-01 5.225E+00
  1.974590E-01 4.955E+00
  2.024576E-01 4.700E+00
  2.075829E-01 4.457E+00
  2.128379E-01 4.228E+00
  2.182259E-01 4.008E+00
  2.237503E-01 3.800E+00
  2.294146E-01 3.605E+00
  2.352222E-01 3.417E+00
  2.411769E-01 3.240E+00
  2.472823E-01 3.073E+00
  2.535423E-01 2.912E+00
  2.599608E-01 2.760E+00
  2.665417E-01 2.617E+00
  2.732892E-01 2.481E+00
  2.802076E-01 2.352E+00
  2.873011E-01 2.229E+00
  2.945742E-01 2.113E+00
  3.020313E-01 2.002E+00
  3.096772E-01 1.898E+00
  3.175168E-01 1.798E+00
  3.255548E-01 1.704E+00
  3.337962E-01 1.615E+00
  3.422463E-01 1.530E+00
  3.509103E-01 1.450E+00
  3.597937E-01 1.374E+00
  3.689019E-01 1.302E+00
  3.782407E-01 1.233E+00
  3.878159E-01 1.168E+00
  3.976335E-01 1.107E+00
  4.076996E-01 1.048E+00
  4.180208E-01 9.930E-01
  4.286028E-01 9.405E-01
  4.394528E-01 8.907E-01
  4.505776E-01 8.438E-01
  4.619844E-01 7.990E-01
  4.736796E-01 7.565E-01
  4.856708E-01 7.165E-01
  4.979656E-01 6.783E-01
  5.105716E-01 6.422E-01
  5.234968E-01 6.080E-01
  5.367492E-01 5.757E-01
  5.503368E-01 5.450E-01
  5.642688E-01 5.157E-01
  5.785532E-01 4.883E-01
  5.931996E-01 4.622E-01
  6.082164E-01 4.375E-01
  6.236136E-01 4.140E-01
  6.394004E-01 3.917E-01
  6.555868E-01 3.708E-01
  6.721832E-01 3.508E-01
  6.891996E-01 3.317E-01
  7.066468E-01 3.140E-01
  7.245356E-01 2.970E-01
  7.428772E-01 2.810E-01
  7.616832E-01 2.657E-01
  7.809652E-01 2.512E-01
  8.007356E-01 2.376E-01
  8.210064E-01 2.247E-01
  8.417904E-01 2.125E-01
  8.631000E-01 2.009E-01
  8.849496E-01 1.899E-01
  9.073524E-01 1.796E-01
  9.303220E-01 1.697E-01
  9.538732E-01 1.604E-01
  9.780204E-01 1.516E-01
  1.002779E+00 1.433E-01
  1.028165E+00 1.354E-01
  1.054193E+00 1.279E-01
  1.080880E+00 1.208E-01
  1.108242E+00 1.142E-01
  1.136298E+00 1.079E-01
  1.165064E+00 1.018E-01
  1.194557E+00 9.620E-02
  1.224798E+00 9.085E-02
  1.255803E+00 8.577E-02
  1.287594E+00 8.097E-02
  1.320190E+00 7.645E-02
       7   2   1   200    7  -8.16326E-02     112
  6.122448E-02 3.772E+01
  6.271000E-02 3.588E+01
  6.423152E-02 3.413E+01
  6.579000E-02 3.247E+01
  6.738628E-02 3.088E+01
  6.902128E-02 2.938E+01
  7.069596E-02 2.792E+01
  7.241124E-02 2.657E+01
  7.416820E-02 2.527E+01
  7.596776E-02 2.403E+01
  7.781096E-02 2.286E+01
  7.969892E-02 2.174E+01
  8.163264E-02 2.068E+01
  8.369920E-02 1.963E+01
  8.581804E-02 1.863E+01
  8.799056E-02 1.767E+01
  9.021804E-02 1.677E+01
  9.250192E-02 1.592E+01
  9.484360E-02 1.510E+01
  9.724460E-02 1.433E+01
  9.970636E-02 1.359E+01
  1.022304E-01 1.290E+01
  1.048184E-01 1.224E+01
  1.074719E-01 1.161E+01
  1.101926E-01 1.101E+01
  1.129821E-01 1.045E+01
  1.158422E-01 9.910E+00
  1.187748E-01 9.400E+00
  1.217816E-01 8.918E+00
  1.248645E-01 8.457E+00
  1.280255E-01 8.020E+00
  1.312665E-01 7.607E+00
  1.345895E-01 7.215E+00
  1.379966E-01 6.843E+00
  1.414900E-01 6.487E+00
  1.450719E-01 6.152E+00
  1.487444E-01 5.835E+00
  1.525099E-01 5.532E+00
  1.563707E-01 5.245E+00
  1.603292E-01 4.975E+00
  1.643880E-01 4.715E+00
  1.685495E-01 4.470E+00
  1.728163E-01 4.240E+00
  1.771912E-01 4.020E+00
  1.816768E-01 3.810E+00
  1.862760E-01 3.612E+00
  1.909916E-01 3.425E+00
  1.958266E-01 3.245E+00
  2.007839E-01 3.077E+00
  2.058668E-01 2.915E+00
  2.110783E-01 2.765E+00
  2.164218E-01 2.620E+00
  2.219006E-01 2.483E+00
  2.275180E-01 2.353E+00
  2.332776E-01 2.230E+00
  2.391831E-01 2.113E+00
  2.452380E-01 2.003E+00
  2.514463E-01 1.898E+00
  2.578116E-01 1.798E+00
  2.643382E-01 1.704E+00
  2.710300E-01 1.615E+00
  2.778911E-01 1.530E+00
  2.849260E-01 1.450E+00
  2.921389E-01 1.373E+00
  2.995344E-01 1.301E+00
  3.071172E-01 1.233E+00
  3.148919E-01 1.168E+00
  3.228634E-01 1.106E+00
  3.310367E-01 1.048E+00
  3.394170E-01 9.928E-01
  3.480094E-01 9.402E-01
  3.568193E-01 8.905E-01
  3.658522E-01 8.435E-01
  3.751137E-01 7.988E-01
  3.846098E-01 7.565E-01
  3.943463E-01 7.165E-01
  4.043292E-01 6.785E-01
  4.145648E-01 6.425E-01
  4.250596E-01 6.083E-01
  4.358200E-01 5.760E-01
  4.468528E-01 5.453E-01
  4.581648E-01 5.162E-01
  4.697636E-01 4.888E-01
  4.816556E-01 4.627E-01
  4.938488E-01 4.380E-01
  5.063508E-01 4.148E-01
  5.191688E-01 3.925E-01
  5.323116E-01 3.715E-01
  5.457872E-01 3.515E-01
  5.596040E-01 3.327E-01
  5.737704E-01 3.147E-01
  5.882956E-01 2.980E-01
  6.031884E-01 2.820E-01
  6.184580E-01 2.667E-01
  6.341144E-01 2.525E-01
  6.501672E-01 2.388E-01
  6.666260E-01 2.259E-01
  6.835016E-01 2.137E-01
  7.008048E-01 2.021E-01
  7.185456E-01 1.912E-01
  7.367360E-01 1.808E-01
  7.553864E-01 1.710E-01
  7.745092E-01 1.617E-01
  7.941160E-01 1.529E-01
  8.142188E-01 1.445E-01
  8.348312E-01 1.367E-01
  8.559648E-01 1.292E-01
  8.776336E-01 1.221E-01
  8.998512E-01 1.154E-01
  9.226308E-01 1.091E-01
  9.459876E-01 1.031E-01
  9.699356E-01 9.745E-02
       8   2   1   200    8  -6.25000E-02     112
  4.687500E-02 4.607E+01
  4.801232E-02 4.380E+01
  4.917728E-02 4.165E+01
  5.037048E-02 3.960E+01
  5.159260E-02 3.765E+01
  5.284440E-02 3.580E+01
  5.412660E-02 3.402E+01
  5.543988E-02 3.235E+01
  5.678500E-02 3.077E+01
  5.816280E-02 2.925E+01
  5.957400E-02 2.782E+01
  6.101948E-02 2.645E+01
  6.250000E-02 2.515E+01
  6.408220E-02 2.386E+01
  6.570444E-02 2.263E+01
  6.736776E-02 2.147E+01
  6.907320E-02 2.037E+01
  7.082176E-02 1.932E+01
  7.261464E-02 1.833E+01
  7.445288E-02 1.738E+01
  7.633768E-02 1.649E+01
  7.827016E-02 1.564E+01
  8.025160E-02 1.483E+01
  8.228316E-02 1.407E+01
  8.436620E-02 1.334E+01
  8.650192E-02 1.265E+01
  8.869172E-02 1.200E+01
  9.093696E-02 1.138E+01
  9.323904E-02 1.079E+01
  9.559940E-02 1.023E+01
  9.801952E-02 9.702E+00
  1.005009E-01 9.200E+00
  1.030451E-01 8.723E+00
  1.056537E-01 8.270E+00
  1.083283E-01 7.840E+00
  1.110706E-01 7.435E+00
  1.138824E-01 7.048E+00
  1.167654E-01 6.683E+00
  1.197213E-01 6.335E+00
  1.227521E-01 6.005E+00
  1.258596E-01 5.692E+00
  1.290457E-01 5.395E+00
  1.323125E-01 5.115E+00
  1.356620E-01 4.850E+00
  1.390963E-01 4.595E+00
  1.426176E-01 4.357E+00
  1.462279E-01 4.130E+00
  1.499297E-01 3.912E+00
  1.537252E-01 3.710E+00
  1.576168E-01 3.515E+00
  1.616068E-01 3.333E+00
  1.656980E-01 3.157E+00
  1.698926E-01 2.992E+00
  1.741934E-01 2.835E+00
  1.786032E-01 2.688E+00
  1.831246E-01 2.547E+00
  1.877604E-01 2.413E+00
  1.925136E-01 2.287E+00
  1.973870E-01 2.167E+00
  2.023840E-01 2.053E+00
  2.075073E-01 1.946E+00
  2.127604E-01 1.843E+00
  2.181464E-01 1.747E+00
  2.236688E-01 1.655E+00
  2.293311E-01 1.568E+00
  2.351366E-01 1.485E+00
  2.410891E-01 1.407E+00
  2.471923E-01 1.333E+00
  2.534500E-01 1.263E+00
  2.598662E-01 1.196E+00
  2.664447E-01 1.133E+00
  2.731898E-01 1.074E+00
  2.801056E-01 1.017E+00
  2.871964E-01 9.632E-01
  2.944669E-01 9.125E-01
  3.019214E-01 8.643E-01
  3.095645E-01 8.185E-01
  3.174012E-01 7.752E-01
  3.254362E-01 7.343E-01
  3.336747E-01 6.952E-01
  3.421217E-01 6.585E-01
  3.507826E-01 6.235E-01
  3.596627E-01 5.905E-01
  3.687676E-01 5.590E-01
  3.781030E-01 5.295E-01
  3.876747E-01 5.012E-01
  3.974888E-01 4.745E-01
  4.075512E-01 4.492E-01
  4.178684E-01 4.255E-01
  4.284468E-01 4.027E-01
  4.392928E-01 3.812E-01
  4.504136E-01 3.608E-01
  4.618160E-01 3.415E-01
  4.735068E-01 3.232E-01
  4.854940E-01 3.060E-01
  4.977840E-01 2.898E-01
  5.103856E-01 2.742E-01
  5.233060E-01 2.595E-01
  5.365536E-01 2.455E-01
  5.501364E-01 2.323E-01
  5.640632E-01 2.198E-01
  5.783428E-01 2.080E-01
  5.929836E-01 1.968E-01
  6.079948E-01 1.862E-01
  6.233864E-01 1.761E-01
  6.391676E-01 1.666E-01
  6.553480E-01 1.576E-01
  6.719384E-01 1.491E-01
  6.889484E-01 1.410E-01
  7.063892E-01 1.333E-01
  7.242716E-01 1.261E-01
  7.426068E-01 1.192E-01
       9   2   1   200    9  -4.93827E-02     112
  3.703704E-02 5.502E+01
  3.793567E-02 5.230E+01
  3.885611E-02 4.972E+01
  3.979889E-02 4.725E+01
  4.076452E-02 4.492E+01
  4.175360E-02 4.270E+01
  4.276668E-02 4.057E+01
  4.380436E-02 3.857E+01
  4.486716E-02 3.667E+01
  4.595580E-02 3.485E+01
  4.707084E-02 3.313E+01
  4.821292E-02 3.147E+01
  4.938272E-02 2.992E+01
  5.063284E-02 2.838E+01
  5.191464E-02 2.692E+01
  5.322884E-02 2.552E+01
  5.457636E-02 2.421E+01
  5.595796E-02 2.296E+01
  5.737452E-02 2.177E+01
  5.882696E-02 2.065E+01
  6.031620E-02 1.958E+01
  6.184308E-02 1.856E+01
  6.340868E-02 1.760E+01
  6.501388E-02 1.669E+01
  6.665968E-02 1.583E+01
  6.834720E-02 1.500E+01
  7.007740E-02 1.422E+01
  7.185144E-02 1.349E+01
  7.367036E-02 1.279E+01
  7.553532E-02 1.212E+01
  7.744752E-02 1.149E+01
  7.940812E-02 1.089E+01
  8.141832E-02 1.033E+01
  8.347944E-02 9.787E+00
  8.559276E-02 9.277E+00
  8.775952E-02 8.795E+00
  8.998116E-02 8.338E+00
  9.225908E-02 7.902E+00
  9.459460E-02 7.490E+00
  9.698928E-02 7.100E+00
  9.944456E-02 6.728E+00
  1.019620E-01 6.378E+00
  1.045432E-01 6.045E+00
  1.071898E-01 5.728E+00
  1.099032E-01 5.430E+00
  1.126855E-01 5.145E+00
  1.155381E-01 4.875E+00
  1.184630E-01 4.620E+00
  1.214619E-01 4.380E+00
  1.245367E-01 4.150E+00
  1.276894E-01 3.932E+00
  1.309218E-01 3.727E+00
  1.342361E-01 3.532E+00
  1.376343E-01 3.345E+00
  1.411186E-01 3.170E+00
  1.446910E-01 3.005E+00
  1.483539E-01 2.847E+00
  1.521095E-01 2.698E+00
  1.559602E-01 2.555E+00
  1.599083E-01 2.421E+00
  1.639564E-01 2.294E+00
  1.681070E-01 2.174E+00
  1.723626E-01 2.059E+00
  1.767260E-01 1.951E+00
  1.811998E-01 1.848E+00
  1.857870E-01 1.751E+00
  1.904902E-01 1.659E+00
  1.953124E-01 1.572E+00
  2.002568E-01 1.489E+00
  2.053264E-01 1.410E+00
  2.105242E-01 1.336E+00
  2.158536E-01 1.266E+00
  2.213180E-01 1.199E+00
  2.269206E-01 1.136E+00
  2.326652E-01 1.076E+00
  2.385552E-01 1.019E+00
  2.445942E-01 9.652E-01
  2.507861E-01 9.143E-01
  2.571348E-01 8.658E-01
  2.636442E-01 8.200E-01
  2.703184E-01 7.767E-01
  2.771616E-01 7.355E-01
  2.841779E-01 6.965E-01
  2.913719E-01 6.598E-01
  2.987480E-01 6.248E-01
  3.063109E-01 5.915E-01
  3.140652E-01 5.603E-01
  3.220158E-01 5.305E-01
  3.301676E-01 5.022E-01
  3.385259E-01 4.755E-01
  3.470957E-01 4.502E-01
  3.558824E-01 4.263E-01
  3.648917E-01 4.037E-01
  3.741290E-01 3.822E-01
  3.836000E-01 3.618E-01
  3.933110E-01 3.425E-01
  4.032676E-01 3.242E-01
  4.134764E-01 3.070E-01
  4.239436E-01 2.905E-01
  4.346760E-01 2.750E-01
  4.456796E-01 2.602E-01
  4.569620E-01 2.464E-01
  4.685300E-01 2.332E-01
  4.803912E-01 2.207E-01
  4.925524E-01 2.088E-01
  5.050212E-01 1.976E-01
  5.178060E-01 1.870E-01
  5.309144E-01 1.770E-01
  5.443544E-01 1.675E-01
  5.581348E-01 1.584E-01
  5.722640E-01 1.499E-01
  5.867512E-01 1.418E-01
      10   2   1   200   10  -4.00000E-02     112
  3.000000E-02 6.458E+01
  3.072790E-02 6.138E+01
  3.147345E-02 5.832E+01
  3.223710E-02 5.542E+01
  3.301927E-02 5.265E+01
  3.382042E-02 5.005E+01
  3.464102E-02 4.755E+01
  3.548152E-02 4.520E+01
  3.634241E-02 4.295E+01
  3.722419E-02 4.080E+01
  3.812737E-02 3.877E+01
  3.905246E-02 3.685E+01
  4.000000E-02 3.502E+01
  4.101260E-02 3.320E+01
  4.205084E-02 3.147E+01
  4.311536E-02 2.985E+01
  4.420684E-02 2.830E+01
  4.532592E-02 2.682E+01
  4.647336E-02 2.542E+01
  4.764984E-02 2.411E+01
  4.885612E-02 2.286E+01
  5.009292E-02 2.167E+01
  5.136100E-02 2.054E+01
  5.266124E-02 1.947E+01
  5.399436E-02 1.846E+01
  5.536124E-02 1.749E+01
  5.676268E-02 1.658E+01
  5.819964E-02 1.572E+01
  5.967300E-02 1.490E+01
  6.118360E-02 1.412E+01
  6.273248E-02 1.338E+01
  6.432056E-02 1.268E+01
  6.594884E-02 1.202E+01
  6.761836E-02 1.139E+01
  6.933012E-02 1.080E+01
  7.108520E-02 1.024E+01
  7.288476E-02 9.700E+00
  7.472984E-02 9.192E+00
  7.662164E-02 8.710E+00
  7.856132E-02 8.255E+00
  8.055012E-02 7.822E+00
  8.258924E-02 7.412E+00
  8.468000E-02 7.025E+00
  8.682368E-02 6.657E+00
  8.902164E-02 6.308E+00
  9.127524E-02 5.978E+00
  9.358588E-02 5.662E+00
  9.595500E-02 5.367E+00
  9.838412E-02 5.085E+00
  1.008747E-01 4.817E+00
  1.034284E-01 4.565E+00
  1.060467E-01 4.325E+00
  1.087313E-01 4.098E+00
  1.114838E-01 3.882E+00
  1.143060E-01 3.680E+00
  1.171997E-01 3.485E+00
  1.201666E-01 3.302E+00
  1.232087E-01 3.127E+00
  1.263277E-01 2.965E+00
  1.295257E-01 2.807E+00
  1.328047E-01 2.660E+00
  1.361666E-01 2.520E+00
  1.396137E-01 2.388E+00
  1.431480E-01 2.262E+00
  1.467719E-01 2.143E+00
  1.504874E-01 2.030E+00
  1.542970E-01 1.923E+00
  1.582031E-01 1.821E+00
  1.622080E-01 1.725E+00
  1.663143E-01 1.634E+00
  1.705246E-01 1.548E+00
  1.748414E-01 1.467E+00
  1.792676E-01 1.389E+00
  1.838057E-01 1.316E+00
  1.884588E-01 1.246E+00
  1.932297E-01 1.181E+00
  1.981213E-01 1.118E+00
  2.031368E-01 1.059E+00
  2.082792E-01 1.003E+00
  2.135518E-01 9.502E-01
  2.189579E-01 9.000E-01
  2.245008E-01 8.523E-01
  2.301841E-01 8.073E-01
  2.360112E-01 7.645E-01
  2.419859E-01 7.240E-01
  2.481118E-01 6.858E-01
  2.543928E-01 6.492E-01
  2.608328E-01 6.150E-01
  2.674358E-01 5.822E-01
  2.742060E-01 5.515E-01
  2.811475E-01 5.220E-01
  2.882648E-01 4.945E-01
  2.955622E-01 4.682E-01
  3.030445E-01 4.432E-01
  3.107160E-01 4.198E-01
  3.185819E-01 3.975E-01
  3.266468E-01 3.762E-01
  3.349159E-01 3.563E-01
  3.433944E-01 3.372E-01
  3.520874E-01 3.192E-01
  3.610006E-01 3.023E-01
  3.701394E-01 2.863E-01
  3.795094E-01 2.707E-01
  3.891168E-01 2.565E-01
  3.989673E-01 2.427E-01
  4.090672E-01 2.297E-01
  4.194228E-01 2.174E-01
  4.300404E-01 2.058E-01
  4.409272E-01 1.948E-01
  4.520892E-01 1.843E-01
  4.635340E-01 1.744E-01
  4.752684E-01 1.651E-01
      11   2   1   211    1  -1.00000E+00     102
  9.600000E-01 3.837E+00
  9.797960E-01 3.605E+00
  1.000000E+00 3.387E+00
  1.025315E+00 3.137E+00
  1.051271E+00 2.905E+00
  1.077884E+00 2.690E+00
  1.105171E+00 2.490E+00
  1.133148E+00 2.304E+00
  1.161834E+00 2.132E+00
  1.191246E+00 1.972E+00
  1.221403E+00 1.824E+00
  1.252323E+00 1.687E+00
  1.284026E+00 1.559E+00
  1.316531E+00 1.442E+00
  1.349859E+00 1.332E+00
  1.384031E+00 1.231E+00
  1.419068E+00 1.137E+00
  1.454992E+00 1.050E+00
  1.491825E+00 9.695E-01
  1.529590E+00 8.950E-01
  1.568312E+00 8.262E-01
  1.608014E+00 7.625E-01
  1.648721E+00 7.035E-01
  1.690459E+00 6.487E-01
  1.733253E+00 5.983E-01
  1.777130E+00 5.518E-01
  1.822119E+00 5.085E-01
  1.868246E+00 4.688E-01
  1.915541E+00 4.320E-01
  1.964033E+00 3.980E-01
  2.013753E+00 3.665E-01
  2.064731E+00 3.375E-01
  2.117000E+00 3.108E-01
  2.170592E+00 2.863E-01
  2.225541E+00 2.635E-01
  2.281881E+00 2.424E-01
  2.339647E+00 2.230E-01
  2.398875E+00 2.051E-01
  2.459603E+00 1.886E-01
  2.521868E+00 1.734E-01
  2.585710E+00 1.594E-01
  2.651167E+00 1.465E-01
  2.718282E+00 1.347E-01
  2.787095E+00 1.237E-01
  2.857651E+00 1.137E-01
  2.929993E+00 1.044E-01
  3.004166E+00 9.585E-02
  3.080217E+00 8.797E-02
  3.158193E+00 8.075E-02
  3.238143E+00 7.410E-02
  3.320117E+00 6.800E-02
  3.404166E+00 6.237E-02
  3.490343E+00 5.720E-02
  3.578701E+00 5.245E-02
  3.669297E+00 4.810E-02
  3.762186E+00 4.407E-02
  3.857426E+00 4.040E-02
  3.955077E+00 3.702E-02
  4.055200E+00 3.390E-02
  4.157860E+00 3.105E-02
  4.263116E+00 2.845E-02
  4.371036E+00 2.605E-02
  4.481688E+00 2.383E-02
  4.595144E+00 2.182E-02
  4.711472E+00 1.996E-02
  4.830740E+00 1.826E-02
  4.953032E+00 1.671E-02
  5.078420E+00 1.528E-02
  5.206980E+00 1.397E-02
  5.338796E+00 1.277E-02
  5.473948E+00 1.167E-02
  5.612520E+00 1.067E-02
  5.754604E+00 9.745E-03
  5.900280E+00 8.902E-03
  6.049648E+00 8.132E-03
  6.202796E+00 7.425E-03
  6.359820E+00 6.780E-03
  6.520820E+00 6.190E-03
  6.685896E+00 5.650E-03
  6.855148E+00 5.155E-03
  7.028688E+00 4.703E-03
  7.206620E+00 4.290E-03
  7.389056E+00 3.912E-03
  7.576112E+00 3.567E-03
  7.767900E+00 3.252E-03
  7.964548E+00 2.965E-03
  8.166172E+00 2.703E-03
  8.372896E+00 2.463E-03
  8.584860E+00 2.244E-03
  8.802184E+00 2.044E-03
  9.025012E+00 1.862E-03
  9.253484E+00 1.695E-03
  9.487736E+00 1.544E-03
  9.727920E+00 1.405E-03
  9.974184E+00 1.279E-03
  1.022668E+01 1.164E-03
  1.048557E+01 1.059E-03
  1.075101E+01 9.635E-04
  1.102318E+01 8.762E-04
  1.130223E+01 7.970E-04
  1.158835E+01 7.247E-04
  1.188171E+01 6.587E-04
      12   2   1   211    2  -4.44444E-01     104
  4.044444E-01 8.197E+00
  4.140936E-01 7.737E+00
  4.239728E-01 7.305E+00
  4.340880E-01 6.895E+00
  4.444444E-01 6.510E+00
  4.556956E-01 6.122E+00
  4.672316E-01 5.760E+00
  4.790596E-01 5.415E+00
  4.911872E-01 5.090E+00
  5.036216E-01 4.782E+00
  5.163708E-01 4.492E+00
  5.294428E-01 4.220E+00
  5.428456E-01 3.962E+00
  5.565880E-01 3.718E+00
  5.706780E-01 3.490E+00
  5.851248E-01 3.272E+00
  5.999372E-01 3.070E+00
  6.151248E-01 2.877E+00
  6.306968E-01 2.698E+00
  6.466628E-01 2.527E+00
  6.630332E-01 2.368E+00
  6.798180E-01 2.217E+00
  6.970276E-01 2.076E+00
  7.146728E-01 1.943E+00
  7.327648E-01 1.818E+00
  7.513152E-01 1.701E+00
  7.703348E-01 1.591E+00
  7.898356E-01 1.487E+00
  8.098308E-01 1.390E+00
  8.303316E-01 1.299E+00
  8.513516E-01 1.213E+00
  8.729036E-01 1.133E+00
  8.950012E-01 1.058E+00
  9.176584E-01 9.875E-01
  9.408888E-01 9.215E-01
  9.647076E-01 8.595E-01
  9.891292E-01 8.018E-01
  1.014169E+00 7.475E-01
  1.039843E+00 6.967E-01
  1.066167E+00 6.492E-01
  1.093157E+00 6.048E-01
  1.120830E+00 5.632E-01
  1.149204E+00 5.242E-01
  1.178297E+00 4.880E-01
  1.208125E+00 4.542E-01
  1.238709E+00 4.225E-01
  1.270067E+00 3.930E-01
  1.302219E+00 3.653E-01
  1.335185E+00 3.395E-01
  1.368985E+00 3.155E-01
  1.403641E+00 2.933E-01
  1.439175E+00 2.722E-01
  1.475608E+00 2.527E-01
  1.512963E+00 2.347E-01
  1.551264E+00 2.178E-01
  1.590534E+00 2.021E-01
  1.630799E+00 1.874E-01
  1.672082E+00 1.738E-01
  1.714412E+00 1.611E-01
  1.757812E+00 1.493E-01
  1.802311E+00 1.384E-01
  1.847937E+00 1.282E-01
  1.894718E+00 1.187E-01
  1.942683E+00 1.099E-01
  1.991862E+00 1.017E-01
  2.042286E+00 9.410E-02
  2.093987E+00 8.705E-02
  2.146996E+00 8.050E-02
  2.201348E+00 7.442E-02
  2.257075E+00 6.880E-02
  2.314213E+00 6.357E-02
  2.372798E+00 5.872E-02
  2.432866E+00 5.425E-02
  2.494454E+00 5.010E-02
  2.557601E+00 4.625E-02
  2.622347E+00 4.268E-02
  2.688732E+00 3.938E-02
  2.756798E+00 3.632E-02
  2.826587E+00 3.350E-02
  2.898142E+00 3.087E-02
  2.971509E+00 2.848E-02
  3.046733E+00 2.622E-02
  3.123861E+00 2.416E-02
  3.202942E+00 2.226E-02
  3.284025E+00 2.049E-02
  3.367161E+00 1.887E-02
  3.452400E+00 1.736E-02
  3.539798E+00 1.598E-02
  3.629409E+00 1.470E-02
  3.721288E+00 1.352E-02
  3.815493E+00 1.243E-02
  3.912082E+00 1.142E-02
  4.011116E+00 1.050E-02
  4.112660E+00 9.647E-03
  4.216772E+00 8.862E-03
  4.323520E+00 8.137E-03
  4.432968E+00 7.472E-03
  4.545192E+00 6.857E-03
  4.660252E+00 6.295E-03
  4.778228E+00 5.775E-03
  4.899188E+00 5.297E-03
  5.023212E+00 4.857E-03
  5.150376E+00 4.455E-03
  5.280760E+00 4.082E-03
      13   2   1   211    3  -2.50000E-01     107
  2.100000E-01 1.460E+01
  2.152963E-01 1.380E+01
  2.207262E-01 1.305E+01
  2.262930E-01 1.233E+01
  2.320002E-01 1.166E+01
  2.378513E-01 1.103E+01
  2.438500E-01 1.042E+01
  2.500000E-01 9.855E+00
  2.563288E-01 9.315E+00
  2.628178E-01 8.803E+00
  2.694710E-01 8.317E+00
  2.762928E-01 7.857E+00
  2.832871E-01 7.420E+00
  2.904586E-01 7.008E+00
  2.978116E-01 6.615E+00
  3.053507E-01 6.242E+00
  3.130807E-01 5.893E+00
  3.210064E-01 5.558E+00
  3.291327E-01 5.242E+00
  3.374647E-01 4.945E+00
  3.460077E-01 4.662E+00
  3.547669E-01 4.395E+00
  3.637479E-01 4.143E+00
  3.729562E-01 3.902E+00
  3.823976E-01 3.677E+00
  3.920780E-01 3.462E+00
  4.020036E-01 3.260E+00
  4.121804E-01 3.070E+00
  4.226148E-01 2.890E+00
  4.333132E-01 2.718E+00
  4.442828E-01 2.557E+00
  4.555296E-01 2.406E+00
  4.670616E-01 2.262E+00
  4.788852E-01 2.127E+00
  4.910084E-01 1.999E+00
  5.034380E-01 1.878E+00
  5.161828E-01 1.765E+00
  5.292500E-01 1.658E+00
  5.426480E-01 1.557E+00
  5.563852E-01 1.462E+00
  5.704704E-01 1.372E+00
  5.849116E-01 1.287E+00
  5.997188E-01 1.208E+00
  6.149008E-01 1.133E+00
  6.304672E-01 1.062E+00
  6.464272E-01 9.958E-01
  6.627920E-01 9.333E-01
  6.795704E-01 8.745E-01
  6.967740E-01 8.192E-01
  7.144128E-01 7.672E-01
  7.324984E-01 7.182E-01
  7.510416E-01 6.725E-01
  7.700544E-01 6.292E-01
  7.895484E-01 5.887E-01
  8.095360E-01 5.508E-01
  8.300292E-01 5.150E-01
  8.510416E-01 4.815E-01
  8.725856E-01 4.500E-01
  8.946752E-01 4.205E-01
  9.173244E-01 3.927E-01
  9.405464E-01 3.670E-01
  9.643564E-01 3.425E-01
  9.887692E-01 3.197E-01
  1.013800E+00 2.985E-01
  1.039464E+00 2.785E-01
  1.065779E+00 2.597E-01
  1.092759E+00 2.422E-01
  1.120422E+00 2.258E-01
  1.148786E+00 2.104E-01
  1.177868E+00 1.960E-01
  1.207686E+00 1.826E-01
  1.238258E+00 1.701E-01
  1.269605E+00 1.583E-01
  1.301745E+00 1.474E-01
  1.334699E+00 1.371E-01
  1.368487E+00 1.276E-01
  1.403130E+00 1.186E-01
  1.438651E+00 1.103E-01
  1.475070E+00 1.025E-01
  1.512412E+00 9.530E-02
  1.550699E+00 8.852E-02
  1.589955E+00 8.222E-02
  1.630205E+00 7.635E-02
  1.671474E+00 7.087E-02
  1.713787E+00 6.578E-02
  1.757172E+00 6.102E-02
  1.801655E+00 5.660E-02
  1.847264E+00 5.250E-02
  1.894028E+00 4.865E-02
  1.941975E+00 4.510E-02
  1.991137E+00 4.177E-02
  2.041543E+00 3.870E-02
  2.093224E+00 3.585E-02
  2.146215E+00 3.317E-02
  2.200546E+00 3.072E-02
  2.256254E+00 2.842E-02
  2.313371E+00 2.630E-02
  2.371934E+00 2.431E-02
  2.431980E+00 2.248E-02
  2.493546E+00 2.078E-02
  2.556670E+00 1.920E-02
  2.621393E+00 1.774E-02
  2.687753E+00 1.639E-02
  2.755794E+00 1.513E-02
  2.825557E+00 1.397E-02
  2.897087E+00 1.289E-02
  2.970427E+00 1.189E-02
      14   2   1   211    4  -1.60000E-01     112
  1.200000E-01 2.530E+01
  1.229116E-01 2.400E+01
  1.258938E-01 2.278E+01
  1.289484E-01 2.162E+01
  1.320771E-01 2.051E+01
  1.352817E-01 1.947E+01
  1.385641E-01 1.848E+01
  1.419261E-01 1.754E+01
  1.453696E-01 1.664E+01
  1.488968E-01 1.579E+01
  1.525095E-01 1.499E+01
  1.562098E-01 1.423E+01
  1.600000E-01 1.350E+01
  1.640504E-01 1.279E+01
  1.682034E-01 1.211E+01
  1.724615E-01 1.146E+01
  1.768274E-01 1.084E+01
  1.813038E-01 1.026E+01
  1.858935E-01 9.713E+00
  1.905994E-01 9.190E+00
  1.954244E-01 8.692E+00
  2.003716E-01 8.220E+00
  2.054441E-01 7.775E+00
  2.106449E-01 7.350E+00
  2.159774E-01 6.950E+00
  2.214449E-01 6.567E+00
  2.270508E-01 6.207E+00
  2.327986E-01 5.865E+00
  2.386920E-01 5.543E+00
  2.447345E-01 5.235E+00
  2.509300E-01 4.945E+00
  2.572823E-01 4.668E+00
  2.637954E-01 4.407E+00
  2.704734E-01 4.160E+00
  2.773205E-01 3.927E+00
  2.843409E-01 3.705E+00
  2.915390E-01 3.497E+00
  2.989194E-01 3.297E+00
  3.064866E-01 3.110E+00
  3.142453E-01 2.935E+00
  3.222004E-01 2.765E+00
  3.303570E-01 2.607E+00
  3.387200E-01 2.458E+00
  3.472948E-01 2.316E+00
  3.560865E-01 2.182E+00
  3.651009E-01 2.055E+00
  3.743435E-01 1.936E+00
  3.838200E-01 1.823E+00
  3.935365E-01 1.716E+00
  4.034988E-01 1.615E+00
  4.137136E-01 1.520E+00
  4.241868E-01 1.430E+00
  4.349252E-01 1.345E+00
  4.459352E-01 1.265E+00
  4.572240E-01 1.190E+00
  4.687988E-01 1.119E+00
  4.806664E-01 1.051E+00
  4.928348E-01 9.883E-01
  5.053108E-01 9.285E-01
  5.181028E-01 8.723E-01
  5.312188E-01 8.192E-01
  5.446664E-01 7.692E-01
  5.584548E-01 7.220E-01
  5.725920E-01 6.778E-01
  5.870876E-01 6.360E-01
  6.019496E-01 5.965E-01
  6.171880E-01 5.595E-01
  6.328124E-01 5.247E-01
  6.488320E-01 4.920E-01
  6.652572E-01 4.610E-01
  6.820984E-01 4.320E-01
  6.993656E-01 4.047E-01
  7.170704E-01 3.792E-01
  7.352228E-01 3.550E-01
  7.538352E-01 3.325E-01
  7.729188E-01 3.113E-01
  7.924852E-01 2.913E-01
  8.125472E-01 2.725E-01
  8.331168E-01 2.547E-01
  8.542072E-01 2.382E-01
  8.758316E-01 2.227E-01
  8.980032E-01 2.082E-01
  9.207364E-01 1.945E-01
  9.440448E-01 1.817E-01
  9.679436E-01 1.697E-01
  9.924472E-01 1.584E-01
  1.017571E+00 1.479E-01
  1.043331E+00 1.380E-01
  1.069743E+00 1.288E-01
  1.096824E+00 1.201E-01
  1.124590E+00 1.120E-01
  1.153059E+00 1.045E-01
  1.182249E+00 9.735E-02
  1.212178E+00 9.070E-02
  1.242864E+00 8.450E-02
  1.274328E+00 7.870E-02
  1.306587E+00 7.327E-02
  1.339664E+00 6.820E-02
  1.373577E+00 6.347E-02
  1.408350E+00 5.905E-02
  1.444002E+00 5.493E-02
  1.480557E+00 5.107E-02
  1.518038E+00 4.747E-02
  1.556467E+00 4.413E-02
  1.595869E+00 4.100E-02
  1.636269E+00 3.808E-02
  1.677691E+00 3.538E-02
  1.720162E+00 3.283E-02
  1.763708E+00 3.047E-02
  1.808356E+00 2.828E-02
  1.854136E+00 2.622E-02
  1.901074E+00 2.433E-02
      15   2   1   211    5  -1.11111E-01     112
  8.333332E-02 3.245E+01
  8.535528E-02 3.080E+01
  8.742624E-02 2.925E+01
  8.954748E-02 2.780E+01
  9.172020E-02 2.640E+01
  9.394564E-02 2.507E+01
  9.622504E-02 2.380E+01
  9.855976E-02 2.261E+01
  1.009512E-01 2.147E+01
  1.034006E-01 2.039E+01
  1.059094E-01 1.936E+01
  1.084791E-01 1.839E+01
  1.111111E-01 1.746E+01
  1.139239E-01 1.655E+01
  1.168079E-01 1.568E+01
  1.197649E-01 1.486E+01
  1.227968E-01 1.408E+01
  1.259054E-01 1.333E+01
  1.290927E-01 1.263E+01
  1.323607E-01 1.196E+01
  1.357114E-01 1.132E+01
  1.391470E-01 1.072E+01
  1.426695E-01 1.015E+01
  1.462812E-01 9.605E+00
  1.499843E-01 9.090E+00
  1.537812E-01 8.603E+00
  1.576742E-01 8.140E+00
  1.616657E-01 7.702E+00
  1.657583E-01 7.285E+00
  1.699545E-01 6.893E+00
  1.742569E-01 6.518E+00
  1.786682E-01 6.165E+00
  1.831912E-01 5.827E+00
  1.878288E-01 5.510E+00
  1.925837E-01 5.207E+00
  1.974590E-01 4.923E+00
  2.024576E-01 4.652E+00
  2.075829E-01 4.397E+00
  2.128379E-01 4.155E+00
  2.182259E-01 3.925E+00
  2.237503E-01 3.708E+00
  2.294146E-01 3.500E+00
  2.352222E-01 3.305E+00
  2.411769E-01 3.120E+00
  2.472823E-01 2.948E+00
  2.535423E-01 2.780E+00
  2.599608E-01 2.625E+00
  2.665417E-01 2.477E+00
  2.732892E-01 2.337E+00
  2.802076E-01 2.204E+00
  2.873011E-01 2.079E+00
  2.945742E-01 1.961E+00
  3.020313E-01 1.849E+00
  3.096772E-01 1.743E+00
  3.175168E-01 1.643E+00
  3.255548E-01 1.548E+00
  3.337962E-01 1.459E+00
  3.422463E-01 1.374E+00
  3.509103E-01 1.295E+00
  3.597937E-01 1.219E+00
  3.689019E-01 1.148E+00
  3.782407E-01 1.081E+00
  3.878159E-01 1.018E+00
  3.976335E-01 9.577E-01
  4.076996E-01 9.012E-01
  4.180208E-01 8.480E-01
  4.286028E-01 7.978E-01
  4.394528E-01 7.502E-01
  4.505776E-01 7.055E-01
  4.619844E-01 6.633E-01
  4.736796E-01 6.233E-01
  4.856708E-01 5.857E-01
  4.979656E-01 5.505E-01
  5.105716E-01 5.170E-01
  5.234968E-01 4.858E-01
  5.367492E-01 4.560E-01
  5.503368E-01 4.280E-01
  5.642688E-01 4.017E-01
  5.785532E-01 3.770E-01
  5.931996E-01 3.538E-01
  6.082164E-01 3.320E-01
  6.236136E-01 3.113E-01
  6.394004E-01 2.918E-01
  6.555868E-01 2.735E-01
  6.721832E-01 2.565E-01
  6.891996E-01 2.403E-01
  7.066468E-01 2.251E-01
  7.245356E-01 2.108E-01
  7.428772E-01 1.974E-01
  7.616832E-01 1.848E-01
  7.809652E-01 1.730E-01
  8.007356E-01 1.619E-01
  8.210064E-01 1.515E-01
  8.417904E-01 1.416E-01
  8.631000E-01 1.324E-01
  8.849496E-01 1.238E-01
  9.073524E-01 1.157E-01
  9.303220E-01 1.081E-01
  9.538732E-01 1.010E-01
  9.780204E-01 9.438E-02
  1.002779E+00 8.812E-02
  1.028165E+00 8.225E-02
  1.054193E+00 7.677E-02
  1.080880E+00 7.162E-02
  1.108242E+00 6.682E-02
  1.136298E+00 6.232E-02
  1.165064E+00 5.810E-02
  1.194557E+00 5.415E-02
  1.224798E+00 5.047E-02
  1.255803E+00 4.703E-02
  1.287594E+00 4.380E-02
  1.320190E+00 4.077E-02
      16   2   1   211    6  -8.16326E-02     112
  6.122448E-02 4.025E+01
  6.271000E-02 3.825E+01
  6.423152E-02 3.632E+01
  6.579000E-02 3.452E+01
  6.738628E-02 3.277E+01
  6.902128E-02 3.115E+01
  7.069596E-02 2.960E+01
  7.241124E-02 2.810E+01
  7.416820E-02 2.670E+01
  7.596776E-02 2.538E+01
  7.781096E-02 2.409E+01
  7.969892E-02 2.289E+01
  8.163264E-02 2.174E+01
  8.369920E-02 2.061E+01
  8.581804E-02 1.954E+01
  8.799056E-02 1.851E+01
  9.021804E-02 1.754E+01
  9.250192E-02 1.663E+01
  9.484360E-02 1.575E+01
  9.724460E-02 1.492E+01
  9.970636E-02 1.414E+01
  1.022304E-01 1.339E+01
  1.048184E-01 1.268E+01
  1.074719E-01 1.201E+01
  1.101926E-01 1.138E+01
  1.129821E-01 1.077E+01
  1.158422E-01 1.020E+01
  1.187748E-01 9.655E+00
  1.217816E-01 9.140E+00
  1.248645E-01 8.650E+00
  1.280255E-01 8.188E+00
  1.312665E-01 7.747E+00
  1.345895E-01 7.332E+00
  1.379966E-01 6.938E+00
  1.414900E-01 6.563E+00
  1.450719E-01 6.210E+00
  1.487444E-01 5.872E+00
  1.525099E-01 5.555E+00
  1.563707E-01 5.253E+00
  1.603292E-01 4.968E+00
  1.643880E-01 4.697E+00
  1.685495E-01 4.440E+00
  1.728163E-01 4.197E+00
  1.771912E-01 3.968E+00
  1.816768E-01 3.750E+00
  1.862760E-01 3.545E+00
  1.909916E-01 3.350E+00
  1.958266E-01 3.165E+00
  2.007839E-01 2.990E+00
  2.058668E-01 2.823E+00
  2.110783E-01 2.667E+00
  2.164218E-01 2.517E+00
  2.219006E-01 2.378E+00
  2.275180E-01 2.245E+00
  2.332776E-01 2.119E+00
  2.391831E-01 2.000E+00
  2.452380E-01 1.888E+00
  2.514463E-01 1.781E+00
  2.578116E-01 1.681E+00
  2.643382E-01 1.586E+00
  2.710300E-01 1.496E+00
  2.778911E-01 1.410E+00
  2.849260E-01 1.330E+00
  2.921389E-01 1.254E+00
  2.995344E-01 1.182E+00
  3.071172E-01 1.114E+00
  3.148919E-01 1.050E+00
  3.228634E-01 9.898E-01
  3.310367E-01 9.325E-01
  3.394170E-01 8.785E-01
  3.480094E-01 8.272E-01
  3.568193E-01 7.790E-01
  3.658522E-01 7.335E-01
  3.751137E-01 6.905E-01
  3.846098E-01 6.500E-01
  3.943463E-01 6.118E-01
  4.043292E-01 5.755E-01
  4.145648E-01 5.415E-01
  4.250596E-01 5.092E-01
  4.358200E-01 4.790E-01
  4.468528E-01 4.505E-01
  4.581648E-01 4.235E-01
  4.697636E-01 3.980E-01
  4.816556E-01 3.740E-01
  4.938488E-01 3.515E-01
  5.063508E-01 3.300E-01
  5.191688E-01 3.100E-01
  5.323116E-01 2.913E-01
  5.457872E-01 2.732E-01
  5.596040E-01 2.565E-01
  5.737704E-01 2.408E-01
  5.882956E-01 2.259E-01
  6.031884E-01 2.119E-01
  6.184580E-01 1.988E-01
  6.341144E-01 1.864E-01
  6.501672E-01 1.747E-01
  6.666260E-01 1.638E-01
  6.835016E-01 1.535E-01
  7.008048E-01 1.438E-01
  7.185456E-01 1.347E-01
  7.367360E-01 1.261E-01
  7.553864E-01 1.181E-01
  7.745092E-01 1.106E-01
  7.941160E-01 1.035E-01
  8.142188E-01 9.682E-02
  8.348312E-01 9.057E-02
  8.559648E-01 8.470E-02
  8.776336E-01 7.920E-02
  8.998512E-01 7.402E-02
  9.226308E-01 6.918E-02
  9.459876E-01 6.465E-02
  9.699356E-01 6.038E-02
      17   2   1   211    7  -6.25000E-02     112
  4.687500E-02 4.872E+01
  4.801232E-02 4.627E+01
  4.917728E-02 4.397E+01
  5.037048E-02 4.177E+01
  5.159260E-02 3.967E+01
  5.284440E-02 3.770E+01
  5.412660E-02 3.582E+01
  5.543988E-02 3.402E+01
  5.678500E-02 3.232E+01
  5.816280E-02 3.070E+01
  5.957400E-02 2.917E+01
  6.101948E-02 2.772E+01
  6.250000E-02 2.632E+01
  6.408220E-02 2.496E+01
  6.570444E-02 2.366E+01
  6.736776E-02 2.242E+01
  6.907320E-02 2.125E+01
  7.082176E-02 2.014E+01
  7.261464E-02 1.909E+01
  7.445288E-02 1.808E+01
  7.633768E-02 1.713E+01
  7.827016E-02 1.623E+01
  8.025160E-02 1.538E+01
  8.228316E-02 1.457E+01
  8.436620E-02 1.380E+01
  8.650192E-02 1.307E+01
  8.869172E-02 1.238E+01
  9.093696E-02 1.172E+01
  9.323904E-02 1.110E+01
  9.559940E-02 1.051E+01
  9.801952E-02 9.952E+00
  1.005009E-01 9.423E+00
  1.030451E-01 8.920E+00
  1.056537E-01 8.445E+00
  1.083283E-01 7.992E+00
  1.110706E-01 7.565E+00
  1.138824E-01 7.160E+00
  1.167654E-01 6.775E+00
  1.197213E-01 6.410E+00
  1.227521E-01 6.065E+00
  1.258596E-01 5.740E+00
  1.290457E-01 5.430E+00
  1.323125E-01 5.135E+00
  1.356620E-01 4.857E+00
  1.390963E-01 4.595E+00
  1.426176E-01 4.345E+00
  1.462279E-01 4.107E+00
  1.499297E-01 3.885E+00
  1.537252E-01 3.672E+00
  1.576168E-01 3.472E+00
  1.616068E-01 3.282E+00
  1.656980E-01 3.102E+00
  1.698926E-01 2.932E+00
  1.741934E-01 2.770E+00
  1.786032E-01 2.617E+00
  1.831246E-01 2.473E+00
  1.877604E-01 2.336E+00
  1.925136E-01 2.207E+00
  1.973870E-01 2.084E+00
  2.023840E-01 1.968E+00
  2.075073E-01 1.859E+00
  2.127604E-01 1.755E+00
  2.181464E-01 1.657E+00
  2.236688E-01 1.564E+00
  2.293311E-01 1.476E+00
  2.351366E-01 1.393E+00
  2.410891E-01 1.315E+00
  2.471923E-01 1.240E+00
  2.534500E-01 1.170E+00
  2.598662E-01 1.104E+00
  2.664447E-01 1.041E+00
  2.731898E-01 9.818E-01
  2.801056E-01 9.258E-01
  2.871964E-01 8.728E-01
  2.944669E-01 8.227E-01
  3.019214E-01 7.755E-01
  3.095645E-01 7.308E-01
  3.174012E-01 6.885E-01
  3.254362E-01 6.487E-01
  3.336747E-01 6.110E-01
  3.421217E-01 5.755E-01
  3.507826E-01 5.420E-01
  3.596627E-01 5.102E-01
  3.687676E-01 4.805E-01
  3.781030E-01 4.522E-01
  3.876747E-01 4.255E-01
  3.974888E-01 4.005E-01
  4.075512E-01 3.767E-01
  4.178684E-01 3.543E-01
  4.284468E-01 3.332E-01
  4.392928E-01 3.135E-01
  4.504136E-01 2.948E-01
  4.618160E-01 2.770E-01
  4.735068E-01 2.602E-01
  4.854940E-01 2.446E-01
  4.977840E-01 2.298E-01
  5.103856E-01 2.158E-01
  5.233060E-01 2.027E-01
  5.365536E-01 1.903E-01
  5.501364E-01 1.786E-01
  5.640632E-01 1.677E-01
  5.783428E-01 1.573E-01
  5.929836E-01 1.476E-01
  6.079948E-01 1.385E-01
  6.233864E-01 1.299E-01
  6.391676E-01 1.218E-01
  6.553480E-01 1.142E-01
  6.719384E-01 1.070E-01
  6.889484E-01 1.002E-01
  7.063892E-01 9.392E-02
  7.242716E-01 8.797E-02
  7.426068E-01 8.240E-02
      18   2   1   211    8  -4.93827E-02     112
  3.703704E-02 5.780E+01
  3.793567E-02 5.490E+01
  3.885611E-02 5.215E+01
  3.979889E-02 4.955E+01
  4.076452E-02 4.707E+01
  4.175360E-02 4.470E+01
  4.276668E-02 4.247E+01
  4.380436E-02 4.035E+01
  4.486716E-02 3.832E+01
  4.595580E-02 3.642E+01
  4.707084E-02 3.460E+01
  4.821292E-02 3.288E+01
  4.938272E-02 3.122E+01
  5.063284E-02 2.960E+01
  5.191464E-02 2.805E+01
  5.322884E-02 2.657E+01
  5.457636E-02 2.520E+01
  5.595796E-02 2.388E+01
  5.737452E-02 2.263E+01
  5.882696E-02 2.144E+01
  6.031620E-02 2.032E+01
  6.184308E-02 1.925E+01
  6.340868E-02 1.824E+01
  6.501388E-02 1.728E+01
  6.665968E-02 1.637E+01
  6.834720E-02 1.550E+01
  7.007740E-02 1.468E+01
  7.185144E-02 1.391E+01
  7.367036E-02 1.317E+01
  7.553532E-02 1.248E+01
  7.744752E-02 1.182E+01
  7.940812E-02 1.119E+01
  8.141832E-02 1.059E+01
  8.347944E-02 1.003E+01
  8.559276E-02 9.497E+00
  8.775952E-02 8.990E+00
  8.998116E-02 8.510E+00
  9.225908E-02 8.058E+00
  9.459460E-02 7.625E+00
  9.698928E-02 7.218E+00
  9.944456E-02 6.830E+00
  1.019620E-01 6.465E+00
  1.045432E-01 6.117E+00
  1.071898E-01 5.787E+00
  1.099032E-01 5.478E+00
  1.126855E-01 5.183E+00
  1.155381E-01 4.902E+00
  1.184630E-01 4.638E+00
  1.214619E-01 4.385E+00
  1.245367E-01 4.147E+00
  1.276894E-01 3.922E+00
  1.309218E-01 3.710E+00
  1.342361E-01 3.507E+00
  1.376343E-01 3.317E+00
  1.411186E-01 3.137E+00
  1.446910E-01 2.965E+00
  1.483539E-01 2.802E+00
  1.521095E-01 2.650E+00
  1.559602E-01 2.505E+00
  1.599083E-01 2.366E+00
  1.639564E-01 2.236E+00
  1.681070E-01 2.113E+00
  1.723626E-01 1.996E+00
  1.767260E-01 1.886E+00
  1.811998E-01 1.782E+00
  1.857870E-01 1.683E+00
  1.904902E-01 1.589E+00
  1.953124E-01 1.501E+00
  2.002568E-01 1.417E+00
  2.053264E-01 1.338E+00
  2.105242E-01 1.263E+00
  2.158536E-01 1.192E+00
  2.213180E-01 1.125E+00
  2.269206E-01 1.062E+00
  2.326652E-01 1.002E+00
  2.385552E-01 9.457E-01
  2.445942E-01 8.922E-01
  2.507861E-01 8.417E-01
  2.571348E-01 7.940E-01
  2.636442E-01 7.488E-01
  2.703184E-01 7.060E-01
  2.771616E-01 6.658E-01
  2.841779E-01 6.275E-01
  2.913719E-01 5.915E-01
  2.987480E-01 5.575E-01
  3.063109E-01 5.255E-01
  3.140652E-01 4.950E-01
  3.220158E-01 4.665E-01
  3.301676E-01 4.392E-01
  3.385259E-01 4.138E-01
  3.470957E-01 3.895E-01
  3.558824E-01 3.668E-01
  3.648917E-01 3.453E-01
  3.741290E-01 3.250E-01
  3.836000E-01 3.060E-01
  3.933110E-01 2.878E-01
  4.032676E-01 2.707E-01
  4.134764E-01 2.547E-01
  4.239436E-01 2.396E-01
  4.346760E-01 2.253E-01
  4.456796E-01 2.118E-01
  4.569620E-01 1.991E-01
  4.685300E-01 1.871E-01
  4.803912E-01 1.758E-01
  4.925524E-01 1.652E-01
  5.050212E-01 1.552E-01
  5.178060E-01 1.457E-01
  5.309144E-01 1.368E-01
  5.443544E-01 1.285E-01
  5.581348E-01 1.206E-01
  5.722640E-01 1.132E-01
  5.867512E-01 1.062E-01
      19   2   1   211    9  -4.00000E-02     112
  3.000000E-02 6.745E+01
  3.072790E-02 6.408E+01
  3.147345E-02 6.085E+01
  3.223710E-02 5.780E+01
  3.301927E-02 5.492E+01
  3.382042E-02 5.217E+01
  3.464102E-02 4.955E+01
  3.548152E-02 4.707E+01
  3.634241E-02 4.470E+01
  3.722419E-02 4.247E+01
  3.812737E-02 4.035E+01
  3.905246E-02 3.832E+01
  4.000000E-02 3.640E+01
  4.101260E-02 3.450E+01
  4.205084E-02 3.270E+01
  4.311536E-02 3.100E+01
  4.420684E-02 2.938E+01
  4.532592E-02 2.782E+01
  4.647336E-02 2.638E+01
  4.764984E-02 2.499E+01
  4.885612E-02 2.368E+01
  5.009292E-02 2.243E+01
  5.136100E-02 2.125E+01
  5.266124E-02 2.013E+01
  5.399436E-02 1.907E+01
  5.536124E-02 1.807E+01
  5.676268E-02 1.711E+01
  5.819964E-02 1.621E+01
  5.967300E-02 1.536E+01
  6.118360E-02 1.454E+01
  6.273248E-02 1.377E+01
  6.432056E-02 1.304E+01
  6.594884E-02 1.235E+01
  6.761836E-02 1.170E+01
  6.933012E-02 1.108E+01
  7.108520E-02 1.049E+01
  7.288476E-02 9.928E+00
  7.472984E-02 9.400E+00
  7.662164E-02 8.897E+00
  7.856132E-02 8.423E+00
  8.055012E-02 7.975E+00
  8.258924E-02 7.548E+00
  8.468000E-02 7.145E+00
  8.682368E-02 6.760E+00
  8.902164E-02 6.400E+00
  9.127524E-02 6.055E+00
  9.358588E-02 5.730E+00
  9.595500E-02 5.423E+00
  9.838412E-02 5.130E+00
  1.008747E-01 4.855E+00
  1.034284E-01 4.593E+00
  1.060467E-01 4.345E+00
  1.087313E-01 4.110E+00
  1.114838E-01 3.887E+00
  1.143060E-01 3.677E+00
  1.171997E-01 3.477E+00
  1.201666E-01 3.287E+00
  1.232087E-01 3.110E+00
  1.263277E-01 2.940E+00
  1.295257E-01 2.780E+00
  1.328047E-01 2.627E+00
  1.361666E-01 2.485E+00
  1.396137E-01 2.349E+00
  1.431480E-01 2.220E+00
  1.467719E-01 2.098E+00
  1.504874E-01 1.983E+00
  1.542970E-01 1.874E+00
  1.582031E-01 1.771E+00
  1.622080E-01 1.673E+00
  1.663143E-01 1.581E+00
  1.705246E-01 1.493E+00
  1.748414E-01 1.411E+00
  1.792676E-01 1.333E+00
  1.838057E-01 1.258E+00
  1.884588E-01 1.188E+00
  1.932297E-01 1.122E+00
  1.981213E-01 1.060E+00
  2.031368E-01 1.000E+00
  2.082792E-01 9.442E-01
  2.135518E-01 8.912E-01
  2.189579E-01 8.412E-01
  2.245008E-01 7.940E-01
  2.301841E-01 7.490E-01
  2.360112E-01 7.067E-01
  2.419859E-01 6.668E-01
  2.481118E-01 6.290E-01
  2.543928E-01 5.932E-01
  2.608328E-01 5.595E-01
  2.674358E-01 5.275E-01
  2.742060E-01 4.973E-01
  2.811475E-01 4.688E-01
  2.882648E-01 4.420E-01
  2.955622E-01 4.165E-01
  3.030445E-01 3.925E-01
  3.107160E-01 3.698E-01
  3.185819E-01 3.483E-01
  3.266468E-01 3.282E-01
  3.349159E-01 3.090E-01
  3.433944E-01 2.910E-01
  3.520874E-01 2.740E-01
  3.610006E-01 2.580E-01
  3.701394E-01 2.428E-01
  3.795094E-01 2.285E-01
  3.891168E-01 2.150E-01
  3.989673E-01 2.023E-01
  4.090672E-01 1.903E-01
  4.194228E-01 1.790E-01
  4.300404E-01 1.683E-01
  4.409272E-01 1.582E-01
  4.520892E-01 1.488E-01
  4.635340E-01 1.398E-01
  4.752684E-01 1.314E-01
      20   2   2   100    1  -1.78678E+00     489
  1.760792E+00 7.468E+00
  1.920779E+00 6.516E+00
  2.269878E+00 4.937E+00
  2.743476E+00 3.503E+00
  3.377872E+00 2.345E+00
  3.632486E+00 2.072E+00
  4.162550E+00 1.582E+00
  4.279843E+00 1.559E+00
  4.327635E+00 1.626E+00
  4.350321E+00 1.745E+00
  4.361016E+00 1.883E+00
  4.368773E+00 2.093E+00
  4.371309E+00 2.209E+00
  4.373822E+00 2.372E+00
  4.376310E+00 2.612E+00
  4.378776E+00 3.001E+00
  4.381219E+00 3.720E+00
  4.383638E+00 5.393E+00
  4.386036E+00 1.055E+01
  4.388411E+00 4.461E+00
  4.390764E+00 7.465E-02
  4.393095E+00 8.901E-02
  4.395405E+00 3.036E-01
  4.397694E+00 4.776E-01
  4.399963E+00 6.080E-01
  4.402210E+00 7.067E-01
  4.406644E+00 8.442E-01
  4.413147E+00 9.685E-01
  4.423604E+00 1.080E+00
  4.443188E+00 1.178E+00
  4.488491E+00 1.256E+00
  4.572740E+00 1.316E+00
  4.575357E+00 1.349E+00
  4.576218E+00 1.441E+00
  4.577074E+00 1.154E+00
  4.577923E+00 1.255E+00
  4.581267E+00 1.292E+00
  4.620208E+00 1.372E+00
  4.630723E+00 1.460E+00
  4.635324E+00 1.571E+00
  4.637783E+00 1.705E+00
  4.639226E+00 1.858E+00
  4.640175E+00 2.035E+00
  4.640646E+00 2.167E+00
  4.641114E+00 2.352E+00
  4.641579E+00 2.629E+00
  4.642042E+00 3.080E+00
  4.642503E+00 3.924E+00
  4.642961E+00 5.880E+00
  4.643417E+00 1.067E+01
  4.643870E+00 3.460E+00
  4.644321E+00 1.175E-01
  4.644770E+00 4.066E-02
  4.645216E+00 2.092E-01
  4.645660E+00 3.642E-01
  4.646101E+00 4.864E-01
  4.646540E+00 5.818E-01
  4.646977E+00 6.574E-01
  4.647843E+00 7.686E-01
  4.649126E+00 8.762E-01
  4.651220E+00 9.799E-01
  4.655250E+00 1.080E+00
  4.663778E+00 1.167E+00
  4.676804E+00 1.241E+00
  4.677092E+00 9.916E-01
  4.677378E+00 1.258E+00
  4.677662E+00 1.274E+00
  4.677946E+00 1.317E+00
  4.678228E+00 2.457E+00
  4.678509E+00 1.127E+00
  4.678789E+00 1.181E+00
  4.680168E+00 1.223E+00
  4.693708E+00 1.325E+00
  4.697420E+00 1.419E+00
  4.699176E+00 1.540E+00
  4.700125E+00 1.692E+00
  4.700685E+00 1.872E+00
  4.701055E+00 2.090E+00
  4.701238E+00 2.262E+00
  4.701421E+00 2.514E+00
  4.701604E+00 2.916E+00
  4.701785E+00 3.640E+00
  4.701966E+00 5.202E+00
  4.702146E+00 8.922E+00
  4.702326E+00 4.869E+00
  4.702505E+00 2.772E-01
  4.702683E+00 1.178E-02
  4.702860E+00 1.581E-01
  4.703037E+00 3.123E-01
  4.703213E+00 4.368E-01
  4.703388E+00 5.346E-01
  4.703563E+00 6.121E-01
  4.703910E+00 7.260E-01
  4.704426E+00 8.360E-01
  4.705272E+00 9.418E-01
  4.706756E+00 1.037E+00
  4.709877E+00 1.124E+00
  4.714148E+00 1.194E+00
  4.714282E+00 1.170E+00
  4.723257E+00 1.293E+00
  4.725263E+00 1.380E+00
  4.726219E+00 1.491E+00
  4.726686E+00 1.609E+00
  4.726962E+00 1.738E+00
  4.727145E+00 1.877E+00
  4.727327E+00 2.110E+00
  4.727418E+00 2.296E+00
  4.727508E+00 2.572E+00
  4.727598E+00 3.021E+00
  4.727687E+00 3.851E+00
  4.727777E+00 5.690E+00
  4.727866E+00 9.260E+00
  4.727954E+00 2.977E+00
  4.728043E+00 1.313E-01
  4.728131E+00 2.797E-02
  4.728219E+00 1.784E-01
  4.728307E+00 3.244E-01
  4.728394E+00 4.418E-01
  4.728481E+00 5.345E-01
  4.728568E+00 6.085E-01
  4.728741E+00 7.179E-01
  4.728999E+00 8.247E-01
  4.729423E+00 9.284E-01
  4.730170E+00 1.023E+00
  4.731759E+00 1.111E+00
  4.733545E+00 1.169E+00
  4.733617E+00 1.184E+00
  4.733689E+00 1.028E+00
  4.733760E+00 1.144E+00
  4.735346E+00 1.192E+00
  4.738806E+00 1.285E+00
  4.739920E+00 1.378E+00
  4.740456E+00 1.501E+00
  4.740718E+00 1.638E+00
  4.740874E+00 1.794E+00
  4.740977E+00 1.974E+00
  4.741029E+00 2.108E+00
  4.741080E+00 2.297E+00
  4.741131E+00 2.577E+00
  4.741182E+00 3.032E+00
  4.741233E+00 3.873E+00
  4.741284E+00 5.721E+00
  4.741334E+00 9.040E+00
  4.741385E+00 2.799E+00
  4.741435E+00 1.282E-01
  4.741485E+00 2.647E-02
  4.741585E+00 3.168E-01
  4.741635E+00 4.330E-01
  4.741685E+00 5.251E-01
  4.741734E+00 5.986E-01
  4.741833E+00 7.078E-01
  4.741980E+00 8.145E-01
  4.742223E+00 9.184E-01
  4.742700E+00 1.021E+00
  4.743752E+00 1.113E+00
  4.744493E+00 1.160E+00
  4.744535E+00 1.172E+00
  4.744578E+00 1.225E+00
  4.744620E+00 1.071E+00
  4.744662E+00 1.125E+00
  4.745121E+00 1.164E+00
  4.747704E+00 1.273E+00
  4.748424E+00 1.365E+00
  4.748754E+00 1.478E+00
  4.748917E+00 1.600E+00
  4.749014E+00 1.732E+00
  4.749078E+00 1.877E+00
  4.749142E+00 2.121E+00
  4.749173E+00 2.318E+00
  4.749205E+00 2.614E+00
  4.749237E+00 3.101E+00
  4.749269E+00 4.015E+00
  4.749300E+00 6.053E+00
  4.749332E+00 8.879E+00
  4.749363E+00 2.027E+00
  4.749394E+00 7.114E-02
  4.749426E+00 4.053E-02
  4.749457E+00 1.898E-01
  4.749488E+00 3.294E-01
  4.749519E+00 4.418E-01
  4.749550E+00 5.309E-01
  4.749581E+00 6.022E-01
  4.749642E+00 7.085E-01
  4.749734E+00 8.129E-01
  4.749886E+00 9.152E-01
  4.750156E+00 1.009E+00
  4.750736E+00 1.098E+00
  4.751292E+00 1.164E+00
  4.751319E+00 1.188E+00
  4.751346E+00 1.604E+00
  4.751374E+00 1.081E+00
  4.751401E+00 1.116E+00
  4.751694E+00 1.156E+00
  4.753393E+00 1.268E+00
  4.753865E+00 1.360E+00
  4.754083E+00 1.474E+00
  4.754190E+00 1.597E+00
  4.754254E+00 1.731E+00
  4.754297E+00 1.878E+00
  4.754339E+00 2.127E+00
  4.754360E+00 2.328E+00
  4.754381E+00 2.632E+00
  4.754402E+00 3.137E+00
  4.754423E+00 4.095E+00
  4.754444E+00 6.240E+00
  4.754465E+00 8.625E+00
  4.754486E+00 1.675E+00
  4.754506E+00 4.790E-02
  4.754527E+00 4.948E-02
  4.754548E+00 1.996E-01
  4.754569E+00 3.369E-01
  4.754589E+00 4.470E-01
  4.754610E+00 5.344E-01
  4.754630E+00 6.045E-01
  4.754671E+00 7.091E-01
  4.754733E+00 8.121E-01
  4.754834E+00 9.133E-01
  4.755014E+00 1.007E+00
  4.755422E+00 1.099E+00
  4.755741E+00 1.151E+00
  4.755777E+00 1.185E+00
  4.755796E+00 1.355E+00
  4.755814E+00 1.044E+00
  4.755832E+00 1.101E+00
  4.755942E+00 1.140E+00
  4.757227E+00 1.268E+00
  4.757537E+00 1.357E+00
  4.757689E+00 1.471E+00
  4.757778E+00 1.631E+00
  4.757823E+00 1.794E+00
  4.757852E+00 1.983E+00
  4.757867E+00 2.126E+00
  4.757881E+00 2.330E+00
  4.757896E+00 2.637E+00
  4.757911E+00 3.147E+00
  4.757925E+00 4.121E+00
  4.757940E+00 6.303E+00
  4.757954E+00 8.463E+00
  4.757969E+00 1.545E+00
  4.757983E+00 3.999E-02
  4.757998E+00 5.328E-02
  4.758012E+00 2.035E-01
  4.758027E+00 3.397E-01
  4.758041E+00 4.489E-01
  4.758056E+00 5.355E-01
  4.758070E+00 6.051E-01
  4.758099E+00 7.089E-01
  4.758141E+00 8.112E-01
  4.758212E+00 9.119E-01
  4.758352E+00 1.012E+00
  4.758665E+00 1.105E+00
  4.758850E+00 1.156E+00
  4.758863E+00 1.172E+00
  4.758876E+00 1.225E+00
  4.758889E+00 7.642E-01
  4.758902E+00 1.074E+00
  4.758928E+00 1.116E+00
  4.759282E+00 1.175E+00
  4.759806E+00 1.243E+00
  4.760100E+00 1.335E+00
  4.760220E+00 1.437E+00
  4.760285E+00 1.560E+00
  4.760328E+00 1.726E+00
  4.760349E+00 1.873E+00
  4.760371E+00 2.123E+00
  4.760381E+00 2.326E+00
  4.760392E+00 2.633E+00
  4.760402E+00 3.143E+00
  4.760413E+00 4.117E+00
  4.760424E+00 6.294E+00
  4.760434E+00 8.400E+00
  4.760445E+00 1.523E+00
  4.760455E+00 3.882E-02
  4.760466E+00 5.380E-02
  4.760476E+00 2.039E-01
  4.760487E+00 3.398E-01
  4.760497E+00 4.487E-01
  4.760518E+00 6.045E-01
  4.760528E+00 6.611E-01
  4.760549E+00 7.475E-01
  4.760590E+00 8.577E-01
  4.760662E+00 9.605E-01
  4.760792E+00 1.049E+00
  4.764152E+00 1.195E+00
  4.767482E+00 1.252E+00
  4.770782E+00 1.232E+00
  4.770792E+00 1.256E+00
  5.072969E+00 9.922E-01
  5.093334E+00 9.700E-01
  5.098858E+00 1.028E+00
  5.104187E+00 1.095E+00
  5.136753E+00 1.012E+00
  5.198486E+00 9.621E-01
  5.198942E+00 9.690E-01
  5.199395E+00 1.714E+00
  5.199846E+00 9.629E-01
  5.215354E+00 9.401E-01
  5.218609E+00 9.051E-01
  5.228482E+00 9.078E-01
  5.232344E+00 9.888E-01
  5.236791E+00 9.649E-01
  5.237059E+00 9.951E-01
  5.238116E+00 9.655E-01
  5.260654E+00 9.177E-01
  5.260822E+00 9.297E-01
  5.260989E+00 1.914E+00
  5.261156E+00 9.740E-01
  5.261322E+00 9.375E-01
  5.263425E+00 9.150E-01
  5.266025E+00 8.940E-01
  5.268187E+00 9.050E-01
  5.272678E+00 8.933E-01
  5.273295E+00 9.301E-01
  5.273538E+00 9.494E-01
  5.273780E+00 8.975E-01
  5.274020E+00 8.950E-01
  5.274848E+00 9.547E-01
  5.276779E+00 9.384E-01
  5.276999E+00 9.322E-01
  5.277108E+00 9.478E-01
  5.277217E+00 1.126E+00
  5.277326E+00 1.009E+00
  5.277434E+00 9.756E-01
  5.278077E+00 9.458E-01
  5.286050E+00 9.029E-01
  5.286131E+00 1.214E+00
  5.286212E+00 1.046E+00
  5.286292E+00 9.399E-01
  5.286531E+00 9.050E-01
  5.287314E+00 8.845E-01
  5.287924E+00 9.135E-01
  5.291101E+00 8.859E-01
  5.291430E+00 9.184E-01
  5.291625E+00 9.471E-01
  5.291754E+00 8.870E-01
  5.291882E+00 8.884E-01
  5.292326E+00 9.436E-01
  5.293547E+00 9.282E-01
  5.293606E+00 9.576E-01
  5.293665E+00 1.075E+00
  5.293724E+00 9.818E-01
  5.293842E+00 9.507E-01
  5.295747E+00 9.188E-01
  5.298676E+00 8.833E-01
  5.298722E+00 9.053E-01
  5.298768E+00 1.425E+00
  5.298814E+00 9.810E-01
  5.298859E+00 9.021E-01
  5.298950E+00 8.862E-01
  5.299309E+00 9.203E-01
  5.301402E+00 8.822E-01
  5.301559E+00 9.130E-01
  5.301598E+00 9.364E-01
  5.301637E+00 9.401E-01
  5.301676E+00 8.909E-01
  5.301715E+00 8.748E-01
  5.302135E+00 9.379E-01
  5.302835E+00 9.213E-01
  5.302907E+00 9.194E-01
  5.302943E+00 9.992E-01
  5.302978E+00 1.023E+00
  5.303014E+00 9.731E-01
  5.303156E+00 9.395E-01
  5.305919E+00 8.785E-01
  5.306093E+00 8.843E-01
  5.306122E+00 8.986E-01
  5.306151E+00 9.722E-01
  5.306179E+00 1.185E+00
  5.306208E+00 9.503E-01
  5.306293E+00 9.312E-01
  5.307743E+00 8.801E-01
  5.307819E+00 9.040E-01
  5.307844E+00 9.331E-01
  5.307869E+00 8.921E-01
  5.307895E+00 8.714E-01
  5.308241E+00 9.354E-01
  5.308742E+00 9.111E-01
  5.308765E+00 9.523E-01
  5.308788E+00 1.030E+00
  5.308811E+00 9.804E-01
  5.308881E+00 9.426E-01
  5.309812E+00 9.091E-01
  5.310787E+00 8.775E-01
  5.310883E+00 9.113E-01
  5.310903E+00 9.587E-01
  5.310922E+00 1.268E+00
  5.310941E+00 9.876E-01
  5.310960E+00 9.538E-01
  5.311093E+00 9.202E-01
  5.311941E+00 8.798E-01
  5.311976E+00 8.957E-01
  5.311993E+00 9.190E-01
  5.312010E+00 8.762E-01
  5.312079E+00 8.774E-01
  5.312298E+00 9.340E-01
  5.312641E+00 9.078E-01
  5.312673E+00 1.018E+00
  5.312689E+00 9.770E-01
  5.312737E+00 9.412E-01
  5.313335E+00 9.086E-01
  5.314033E+00 8.771E-01
  5.314115E+00 9.103E-01
  5.314142E+00 9.242E-01
  5.314155E+00 1.454E+00
  5.314169E+00 1.029E+00
  5.314182E+00 9.643E-01
  5.314236E+00 9.267E-01
  5.314863E+00 8.805E-01
  5.314888E+00 9.061E-01
  5.314900E+00 8.767E-01
  5.314937E+00 8.701E-01
  5.315118E+00 9.323E-01
  5.315352E+00 9.087E-01
  5.315375E+00 9.099E-01
  5.315386E+00 9.878E-01
  5.315398E+00 1.000E+00
  5.315421E+00 9.525E-01
  5.315545E+00 9.230E-01
  5.316300E+00 8.770E-01
  5.326348E+00 9.052E-01
  5.775327E+00 7.693E-01
  6.174420E+00 6.136E-01
  6.423854E+00 5.605E-01
  6.872833E+00 4.995E-01
  7.421586E+00 3.764E-01
  7.671019E+00 3.497E-01
  7.770792E+00 3.458E-01
  7.927774E+00 3.257E-01
  8.087922E+00 3.067E-01
  8.251308E+00 2.888E-01
  8.417999E+00 2.720E-01
  8.588055E+00 2.562E-01
  8.761542E+00 2.413E-01
  8.938535E+00 2.272E-01
  9.119106E+00 2.140E-01
  9.303324E+00 2.015E-01
  9.491269E+00 1.898E-01
  9.683002E+00 1.787E-01
  9.878610E+00 1.683E-01
  1.007818E+01 1.585E-01
  1.028176E+01 1.493E-01
  1.048947E+01 1.406E-01
  1.070137E+01 1.324E-01
  1.091755E+01 1.247E-01
  1.113811E+01 1.174E-01
  1.136310E+01 1.106E-01
  1.159266E+01 1.042E-01
  1.182684E+01 9.809E-02
  1.206576E+01 9.238E-02
  1.230951E+01 8.700E-02
  1.255818E+01 8.193E-02
  1.281187E+01 7.716E-02
  1.307069E+01 7.267E-02
  1.333473E+01 6.843E-02
  1.360411E+01 6.445E-02
  1.387893E+01 6.069E-02
  1.415931E+01 5.716E-02
  1.444534E+01 5.383E-02
  1.473716E+01 5.070E-02
  1.503487E+01 4.774E-02
  1.533859E+01 4.496E-02
  1.564845E+01 4.235E-02
  1.596457E+01 3.988E-02
  1.628708E+01 3.756E-02
  1.661609E+01 3.537E-02
  1.695175E+01 3.331E-02
  1.729420E+01 3.137E-02
  1.764357E+01 2.954E-02
  1.800000E+01 2.782E-02
  1.836362E+01 2.620E-02
  1.873459E+01 2.468E-02
  1.911305E+01 2.324E-02
  1.949918E+01 2.189E-02
  1.989308E+01 2.061E-02
  2.029494E+01 1.941E-02
  2.070493E+01 1.828E-02
  2.112320E+01 1.722E-02
  2.154990E+01 1.621E-02
  2.198524E+01 1.527E-02
  2.242937E+01 1.451E-02
  2.340180E+01 1.290E-02
  2.502370E+01 1.077E-02
  2.675790E+01 8.973E-03
  2.861240E+01 7.461E-03
  3.059530E+01 6.190E-03
  3.271570E+01 5.127E-03
  3.498300E+01 4.239E-03
  3.740750E+01 3.500E-03
  4.000000E+01 2.883E-03
      21   2   2   100    2  -2.89696E-01    1133
  2.786500E-01 1.001E+01
  3.399347E-01 7.347E+00
  3.899155E-01 5.869E+00
  4.386362E-01 4.792E+00
  4.861389E-01 3.981E+00
  5.324637E-01 3.358E+00
  5.776494E-01 2.872E+00
  6.217329E-01 2.489E+00
  6.647498E-01 2.183E+00
  7.477191E-01 1.731E+00
  8.268144E-01 1.416E+00
  9.387082E-01 1.088E+00
  1.043143E+00 8.644E-01
  1.140768E+00 7.082E-01
  1.261333E+00 5.669E-01
  1.398281E+00 4.505E-01
  1.567849E+00 3.426E-01
  1.735126E+00 2.628E-01
  1.895730E+00 2.066E-01
  2.100175E+00 1.537E-01
  2.596782E+00 4.760E-02
  2.675637E+00 2.809E-02
  2.749739E+00 7.598E-03
  2.761413E+00 4.645E-03
  2.768985E+00 2.944E-03
  2.772711E+00 2.199E-03
  2.776396E+00 1.539E-03
  2.780042E+00 9.756E-04
  2.783649E+00 5.239E-04
  2.787218E+00 2.007E-04
  2.790750E+00 2.535E-05
  2.794244E+00 2.056E-05
  2.797701E+00 2.125E-04
  2.801122E+00 6.319E-04
  2.804508E+00 1.314E-03
  2.807859E+00 2.302E-03
  2.811175E+00 3.644E-03
  2.814456E+00 5.399E-03
  2.817704E+00 7.635E-03
  2.820919E+00 1.044E-02
  2.824101E+00 1.390E-02
  2.827251E+00 1.814E-02
  2.830368E+00 2.331E-02
  2.833454E+00 2.957E-02
  2.836509E+00 3.713E-02
  2.839534E+00 4.627E-02
  2.842528E+00 5.729E-02
  2.845492E+00 7.060E-02
  2.848427E+00 8.670E-02
  2.851333E+00 1.062E-01
  2.854210E+00 1.300E-01
  2.857059E+00 1.591E-01
  2.859880E+00 1.950E-01
  2.862673E+00 2.394E-01
  2.865439E+00 2.949E-01
  2.868179E+00 3.649E-01
  2.870892E+00 4.544E-01
  2.873578E+00 5.701E-01
  2.876239E+00 7.224E-01
  2.878874E+00 9.265E-01
  2.881484E+00 1.207E+00
  2.884070E+00 1.602E+00
  2.886630E+00 2.181E+00
  2.889167E+00 3.067E+00
  2.891679E+00 4.504E+00
  2.894168E+00 7.031E+00
  2.896634E+00 1.202E+01
  2.899076E+00 2.375E+01
  2.901496E+00 6.107E+01
  2.903893E+00 2.546E+02
  2.906268E+00 3.400E+02
  2.908622E+00 8.433E+01
  2.910953E+00 3.409E+01
  2.913263E+00 1.844E+01
  2.915552E+00 1.170E+01
  2.917820E+00 8.176E+00
  2.920068E+00 6.101E+00
  2.922295E+00 4.771E+00
  2.924502E+00 3.863E+00
  2.926689E+00 3.214E+00
  2.928857E+00 2.732E+00
  2.931005E+00 2.363E+00
  2.933134E+00 2.074E+00
  2.935243E+00 1.842E+00
  2.939407E+00 1.497E+00
  2.943498E+00 1.256E+00
  2.947517E+00 1.078E+00
  2.953416E+00 8.884E-01
  2.959163E+00 7.552E-01
  2.966598E+00 6.303E-01
  2.975544E+00 5.243E-01
  2.985795E+00 4.389E-01
  2.998699E+00 3.638E-01
  3.015136E+00 2.982E-01
  3.035390E+00 2.423E-01
  3.070709E+00 1.657E-01
  3.078625E+00 1.401E-01
  3.082422E+00 1.213E-01
  3.085203E+00 1.012E-01
  3.087025E+00 8.261E-02
  3.087927E+00 7.096E-02
  3.088823E+00 5.723E-02
  3.089714E+00 4.103E-02
  3.090598E+00 2.255E-02
  3.091476E+00 4.700E-03
  3.092348E+00 5.900E-03
  3.093215E+00 1.688E-01
  3.094076E+00 3.993E+00
  3.094931E+00 1.019E+01
  3.095781E+00 1.718E+00
  3.096625E+00 9.091E-01
  3.097464E+00 6.428E-01
  3.098297E+00 5.150E-01
  3.099124E+00 4.410E-01
  3.099947E+00 3.929E-01
  3.100764E+00 3.593E-01
  3.102382E+00 3.154E-01
  3.104770E+00 2.777E-01
  3.107883E+00 2.496E-01
  3.113144E+00 2.237E-01
  3.121644E+00 2.031E-01
  3.133281E+00 1.924E-01
  3.142073E+00 1.961E-01
  3.147527E+00 2.092E-01
  3.151165E+00 2.305E-01
  3.153182E+00 2.532E-01
  3.154665E+00 2.806E-01
  3.156124E+00 3.261E-01
  3.157083E+00 3.765E-01
  3.157559E+00 4.129E-01
  3.158033E+00 4.614E-01
  3.158503E+00 5.289E-01
  3.158971E+00 6.282E-01
  3.159437E+00 7.853E-01
  3.159900E+00 1.063E+00
  3.160361E+00 1.640E+00
  3.160819E+00 3.215E+00
  3.161275E+00 8.764E+00
  3.161728E+00 5.786E+00
  3.162179E+00 1.173E+00
  3.162627E+00 3.214E-01
  3.163074E+00 1.009E-01
  3.163517E+00 3.013E-02
  3.163959E+00 6.445E-03
  3.164398E+00 2.303E-04
  3.164834E+00 1.071E-03
  3.165269E+00 4.816E-03
  3.165701E+00 9.667E-03
  3.166984E+00 2.466E-02
  3.167828E+00 3.326E-02
  3.169078E+00 4.374E-02
  3.170715E+00 5.409E-02
  3.173107E+00 6.442E-02
  3.176186E+00 7.249E-02
  3.180578E+00 7.807E-02
  3.185715E+00 7.862E-02
  3.189253E+00 7.436E-02
  3.191107E+00 6.869E-02
  3.192314E+00 6.184E-02
  3.193205E+00 5.318E-02
  3.193499E+00 4.905E-02
  3.193792E+00 4.390E-02
  3.194083E+00 3.724E-02
  3.194373E+00 2.804E-02
  3.194662E+00 1.326E-02
  3.194949E+00 2.005E+02
  3.195235E+00 2.515E-02
  3.195520E+00 6.827E-04
  3.195804E+00 7.264E-02
  3.196086E+00 4.469E+01
  3.196367E+00 1.076E+00
  3.196646E+00 4.335E-01
  3.196925E+00 2.909E-01
  3.197202E+00 2.312E-01
  3.197478E+00 1.989E-01
  3.197752E+00 1.788E-01
  3.198026E+00 1.650E-01
  3.198569E+00 1.476E-01
  3.199374E+00 1.330E-01
  3.200693E+00 1.207E-01
  3.202994E+00 1.108E-01
  3.207565E+00 1.026E-01
  3.215278E+00 9.790E-02
  3.217982E+00 1.006E-01
  3.218912E+00 1.062E-01
  3.219279E+00 1.118E-01
  3.219461E+00 1.165E-01
  3.219643E+00 1.238E-01
  3.219824E+00 1.346E-01
  3.220004E+00 1.292E-01
  3.220184E+00 5.602E-03
  3.220362E+00 2.188E-02
  3.220540E+00 4.562E-02
  3.220718E+00 5.787E-02
  3.220894E+00 6.489E-02
  3.221070E+00 6.935E-02
  3.221420E+00 7.457E-02
  3.222283E+00 7.984E-02
  3.224451E+00 8.239E-02
  3.228332E+00 7.929E-02
  3.230070E+00 7.395E-02
  3.230773E+00 6.839E-02
  3.231188E+00 6.145E-02
  3.231326E+00 5.764E-02
  3.231463E+00 5.235E-02
  3.231599E+00 4.451E-02
  3.231735E+00 3.187E-02
  3.231871E+00 1.009E-02
  3.232006E+00 1.229E-01
  3.232140E+00 5.600E-01
  3.232274E+00 2.095E-01
  3.232408E+00 1.537E-01
  3.232541E+00 1.318E-01
  3.232674E+00 1.202E-01
  3.232806E+00 1.129E-01
  3.233069E+00 1.045E-01
  3.233589E+00 9.651E-02
  3.234608E+00 9.057E-02
  3.235477E+00 8.995E-02
  3.235721E+00 9.201E-02
  3.235843E+00 9.521E-02
  3.235964E+00 1.064E-01
  3.236085E+00 2.393E-02
  3.236205E+00 6.763E-02
  3.236325E+00 7.519E-02
  3.236563E+00 7.897E-02
  3.237501E+00 8.017E-02
  3.241321E+00 7.340E-02
  3.243121E+00 6.626E-02
  3.243983E+00 5.912E-02
  3.244451E+00 5.210E-02
  3.244728E+00 4.553E-02
  3.244912E+00 3.934E-02
  3.245003E+00 3.542E-02
  3.245094E+00 3.076E-02
  3.245185E+00 2.517E-02
  3.245275E+00 1.846E-02
  3.245366E+00 1.061E-02
  3.245455E+00 2.673E-03
  3.245545E+00 1.491E-03
  3.245634E+00 5.302E-02
  3.245723E+00 5.012E-01
  3.245812E+00 8.680E-01
  3.245901E+00 4.700E-01
  3.245989E+00 3.073E-01
  3.246077E+00 2.349E-01
  3.246165E+00 1.958E-01
  3.246252E+00 1.717E-01
  3.246339E+00 1.555E-01
  3.246426E+00 1.439E-01
  3.246599E+00 1.284E-01
  3.246856E+00 1.149E-01
  3.247280E+00 1.028E-01
  3.248027E+00 9.213E-02
  3.250376E+00 7.369E-02
  3.250821E+00 6.626E-02
  3.251041E+00 5.886E-02
  3.251114E+00 5.500E-02
  3.251186E+00 4.983E-02
  3.251259E+00 4.253E-02
  3.251331E+00 3.150E-02
  3.251403E+00 1.391E-02
  3.251475E+00 6.601E-03
  3.251546E+00 5.500E+00
  3.251618E+00 3.102E-01
  3.251689E+00 1.856E-01
  3.251760E+00 1.479E-01
  3.251831E+00 1.299E-01
  3.251901E+00 1.195E-01
  3.252042E+00 1.078E-01
  3.252251E+00 9.910E-02
  3.252664E+00 9.155E-02
  3.253270E+00 8.789E-02
  3.253601E+00 8.976E-02
  3.253731E+00 9.373E-02
  3.253797E+00 9.854E-02
  3.253862E+00 1.102E-01
  3.253926E+00 1.674E-01
  3.253991E+00 4.575E-03
  3.254055E+00 4.987E-02
  3.254120E+00 6.114E-02
  3.254184E+00 6.590E-02
  3.254311E+00 6.995E-02
  3.254627E+00 7.246E-02
  3.255729E+00 7.039E-02
  3.257061E+00 6.320E-02
  3.257724E+00 5.630E-02
  3.258101E+00 4.959E-02
  3.258366E+00 4.212E-02
  3.258524E+00 3.565E-02
  3.258628E+00 3.000E-02
  3.258732E+00 2.284E-02
  3.258783E+00 1.856E-02
  3.258835E+00 1.378E-02
  3.258886E+00 8.603E-03
  3.258938E+00 3.507E-03
  3.258989E+00 1.199E-04
  3.259040E+00 4.127E-03
  3.259091E+00 3.838E-02
  3.259141E+00 2.219E-01
  3.259192E+00 1.233E+00
  3.259242E+00 1.607E+00
  3.259293E+00 7.728E-01
  3.259343E+00 4.647E-01
  3.259393E+00 3.336E-01
  3.259443E+00 2.649E-01
  3.259493E+00 2.236E-01
  3.259543E+00 1.963E-01
  3.259592E+00 1.771E-01
  3.259691E+00 1.519E-01
  3.259789E+00 1.362E-01
  3.259936E+00 1.213E-01
  3.260177E+00 1.069E-01
  3.260558E+00 9.467E-02
  3.261787E+00 7.199E-02
  3.262006E+00 6.470E-02
  3.262136E+00 5.700E-02
  3.262179E+00 5.318E-02
  3.262222E+00 4.827E-02
  3.262265E+00 4.167E-02
  3.262308E+00 3.236E-02
  3.262350E+00 1.869E-02
  3.262393E+00 1.366E-03
  3.262435E+00 2.022E-01
  3.262478E+00 1.133E+00
  3.262520E+00 2.921E-01
  3.262562E+00 1.916E-01
  3.262604E+00 1.551E-01
  3.262646E+00 1.364E-01
  3.262688E+00 1.251E-01
  3.262772E+00 1.120E-01
  3.262896E+00 1.021E-01
  3.263142E+00 9.331E-02
  3.263505E+00 8.875E-02
  3.263742E+00 9.011E-02
  3.263860E+00 9.510E-02
  3.263899E+00 9.906E-02
  3.263938E+00 1.063E-01
  3.263977E+00 1.228E-01
  3.264015E+00 1.893E-01
  3.264054E+00 2.497E-01
  3.264092E+00 2.764E-02
  3.264131E+00 4.713E-02
  3.264169E+00 5.544E-02
  3.264207E+00 5.989E-02
  3.264284E+00 6.437E-02
  3.264435E+00 6.749E-02
  3.264844E+00 6.781E-02
  3.265632E+00 6.202E-02
  3.266113E+00 5.508E-02
  3.266415E+00 4.752E-02
  3.266579E+00 4.103E-02
  3.266710E+00 3.362E-02
  3.266807E+00 2.593E-02
  3.266871E+00 1.935E-02
  3.266904E+00 1.554E-02
  3.266999E+00 2.958E-03
  3.267031E+00 1.862E-04
  3.267063E+00 2.066E-03
  3.267095E+00 1.918E-02
  3.267126E+00 9.240E-02
  3.267158E+00 4.305E-01
  3.267189E+00 1.999E+00
  3.267221E+00 1.884E+00
  3.267252E+00 8.855E-01
  3.267283E+00 5.311E-01
  3.267314E+00 3.780E-01
  3.267346E+00 2.971E-01
  3.267377E+00 2.482E-01
  3.267408E+00 2.160E-01
  3.267439E+00 1.932E-01
  3.267469E+00 1.763E-01
  3.267531E+00 1.531E-01
  3.267623E+00 1.322E-01
  3.267744E+00 1.160E-01
  3.267924E+00 1.021E-01
  3.268219E+00 8.933E-02
  3.268763E+00 7.179E-02
  3.268902E+00 6.417E-02
  3.268985E+00 5.651E-02
  3.269013E+00 5.286E-02
  3.269040E+00 4.828E-02
  3.269068E+00 4.233E-02
  3.269095E+00 3.430E-02
  3.269123E+00 2.305E-02
  3.269150E+00 7.646E-03
  3.269177E+00 8.196E-03
  3.269204E+00 9.423E+00
  3.269231E+00 5.979E-01
  3.269258E+00 2.632E-01
  3.269285E+00 1.881E-01
  3.269312E+00 1.561E-01
  3.269339E+00 1.386E-01
  3.269366E+00 1.275E-01
  3.269419E+00 1.143E-01
  3.269499E+00 1.040E-01
  3.269631E+00 9.561E-02
  3.269865E+00 8.972E-02
  3.270044E+00 9.021E-02
  3.270119E+00 9.349E-02
  3.270170E+00 9.918E-02
  3.270195E+00 1.049E-01
  3.270220E+00 1.154E-01
  3.270245E+00 1.406E-01
  3.270270E+00 2.599E-01
  3.270295E+00 1.077E-01
  3.270320E+00 2.066E-02
  3.270344E+00 4.035E-02
  3.270369E+00 4.963E-02
  3.270394E+00 5.483E-02
  3.270418E+00 5.808E-02
  3.270492E+00 6.287E-02
  3.270638E+00 6.540E-02
  3.270995E+00 6.375E-02
  3.271432E+00 5.702E-02
  3.271678E+00 5.014E-02
  3.271832E+00 4.323E-02
  3.271940E+00 3.591E-02
  3.272005E+00 2.989E-02
  3.272048E+00 2.489E-02
  3.272091E+00 1.888E-02
  3.272133E+00 1.175E-02
  3.272175E+00 4.045E-03
  3.272197E+00 9.375E-04
  3.272218E+00 2.159E-04
  3.272239E+00 6.516E-03
  3.272260E+00 3.434E-02
  3.272281E+00 1.392E-01
  3.272302E+00 6.027E-01
  3.272322E+00 2.537E+00
  3.272343E+00 2.042E+00
  3.272364E+00 9.539E-01
  3.272385E+00 5.719E-01
  3.272406E+00 4.054E-01
  3.272426E+00 3.170E-01
  3.272447E+00 2.635E-01
  3.272467E+00 2.281E-01
  3.272488E+00 2.031E-01
  3.272529E+00 1.705E-01
  3.272570E+00 1.501E-01
  3.272631E+00 1.309E-01
  3.272712E+00 1.154E-01
  3.272832E+00 1.017E-01
  3.273029E+00 8.852E-02
  3.273355E+00 7.152E-02
  3.273450E+00 6.352E-02
  3.273506E+00 5.564E-02
  3.273543E+00 4.732E-02
  3.273561E+00 4.140E-02
  3.273580E+00 3.354E-02
  3.273598E+00 2.274E-02
  3.273617E+00 8.269E-03
  3.273635E+00 3.533E-03
  3.273654E+00 1.360E+00
  3.273672E+00 9.024E-01
  3.273690E+00 3.095E-01
  3.273708E+00 2.074E-01
  3.273727E+00 1.674E-01
  3.273745E+00 1.462E-01
  3.273763E+00 1.332E-01
  3.273799E+00 1.180E-01
  3.273853E+00 1.063E-01
  3.273943E+00 9.696E-02
  3.274085E+00 9.073E-02
  3.274224E+00 9.013E-02
  3.274293E+00 9.382E-02
  3.274328E+00 9.902E-02
  3.274345E+00 1.039E-01
  3.274362E+00 1.121E-01
  3.274379E+00 1.286E-01
  3.274396E+00 1.748E-01
  3.274413E+00 6.471E-01
  3.274430E+00 1.196E-03
  3.274447E+00 2.371E-02
  3.274464E+00 3.951E-02
  3.274481E+00 4.776E-02
  3.274498E+00 5.267E-02
  3.274514E+00 5.586E-02
  3.274565E+00 6.077E-02
  3.274664E+00 6.354E-02
  3.274893E+00 6.223E-02
  3.275179E+00 5.591E-02
  3.275365E+00 4.832E-02
  3.275471E+00 4.120E-02
  3.275546E+00 3.370E-02
  3.275591E+00 2.757E-02
  3.275621E+00 2.253E-02
  3.275651E+00 1.653E-02
  3.275666E+00 1.315E-02
  3.275695E+00 5.923E-03
  3.275710E+00 2.538E-03
  3.275724E+00 2.363E-04
  3.275739E+00 1.074E-03
  3.275754E+00 1.062E-02
  3.275768E+00 4.608E-02
  3.275783E+00 1.727E-01
  3.275798E+00 7.200E-01
  3.275812E+00 2.880E+00
  3.275827E+00 2.173E+00
  3.275841E+00 1.010E+00
  3.275856E+00 6.034E-01
  3.275870E+00 4.259E-01
  3.275885E+00 3.316E-01
  3.275899E+00 2.745E-01
  3.275913E+00 2.368E-01
  3.275928E+00 2.102E-01
  3.275942E+00 1.905E-01
  3.275956E+00 1.754E-01
  3.275985E+00 1.538E-01
  3.276013E+00 1.391E-01
  3.276070E+00 1.204E-01
  3.276140E+00 1.065E-01
  3.276265E+00 9.211E-02
  3.276536E+00 7.054E-02
  3.276603E+00 6.177E-02
  3.276642E+00 5.289E-02
  3.276655E+00 4.864E-02
  3.276668E+00 4.328E-02
  3.276682E+00 3.632E-02
  3.276695E+00 2.697E-02
  3.276708E+00 1.429E-02
  3.276721E+00 6.812E-04
  3.276734E+00 8.718E-02
  3.276747E+00 8.171E+00
  3.276760E+00 4.731E-01
  3.276773E+00 2.538E-01
  3.276786E+00 1.893E-01
  3.276799E+00 1.592E-01
  3.276811E+00 1.420E-01
  3.276824E+00 1.308E-01
  3.276850E+00 1.171E-01
  3.276888E+00 1.061E-01
  3.276964E+00 9.592E-02
  3.277077E+00 9.023E-02
  3.277164E+00 9.082E-02
  3.277213E+00 9.590E-02
  3.277237E+00 1.031E-01
  3.277250E+00 1.101E-01
  3.277262E+00 1.230E-01
  3.277274E+00 1.526E-01
  3.277286E+00 2.774E-01
  3.277298E+00 1.273E+00
  3.277310E+00 7.577E-03
  3.277322E+00 2.980E-02
  3.277334E+00 4.142E-02
  3.277346E+00 4.805E-02
  3.277358E+00 5.224E-02
  3.277382E+00 5.706E-02
  3.277430E+00 6.104E-02
  3.277524E+00 6.246E-02
  3.277710E+00 5.923E-02
  3.277879E+00 5.267E-02
  3.277990E+00 4.530E-02
  3.278056E+00 3.852E-02
  3.278100E+00 3.222E-02
  3.278143E+00 2.362E-02
  3.278154E+00 2.098E-02
  3.278186E+00 1.170E-02
  3.278196E+00 8.234E-03
  3.278207E+00 4.776E-03
  3.278218E+00 1.728E-03
  3.278228E+00 2.818E-05
  3.278239E+00 1.987E-03
  3.278250E+00 1.378E-02
  3.278260E+00 5.430E-02
  3.278271E+00 1.947E-01
  3.278281E+00 7.906E-01
  3.278292E+00 3.093E+00
  3.278302E+00 2.296E+00
  3.278313E+00 1.060E+00
  3.278323E+00 6.300E-01
  3.278334E+00 4.425E-01
  3.278344E+00 3.431E-01
  3.278355E+00 2.831E-01
  3.278365E+00 2.435E-01
  3.278376E+00 2.156E-01
  3.278386E+00 1.949E-01
  3.278407E+00 1.667E-01
  3.278428E+00 1.482E-01
  3.278459E+00 1.301E-01
  3.278500E+00 1.150E-01
  3.278561E+00 1.013E-01
  3.278650E+00 8.889E-02
  3.282010E+00 3.491E+00
  3.285340E+00 3.456E+00
  3.288640E+00 3.491E+00
  3.288650E+00 1.615E+00
  3.316539E+00 1.474E+00
  3.376124E+00 1.378E+00
  3.449462E+00 1.313E+00
  3.496808E+00 1.363E+00
  3.536120E+00 1.494E+00
  3.558734E+00 1.651E+00
  3.573396E+00 1.847E+00
  3.582997E+00 2.075E+00
  3.589546E+00 2.329E+00
  3.594610E+00 2.631E+00
  3.599524E+00 3.086E+00
  3.603114E+00 3.597E+00
  3.606627E+00 4.339E+00
  3.610063E+00 5.394E+00
  3.614530E+00 6.983E+00
  3.615626E+00 7.186E+00
  3.616715E+00 7.193E+00
  3.617797E+00 6.962E+00
  3.618870E+00 6.504E+00
  3.620994E+00 5.168E+00
  3.623088E+00 3.806E+00
  3.624124E+00 3.239E+00
  3.625153E+00 2.764E+00
  3.626175E+00 2.376E+00
  3.627189E+00 2.063E+00
  3.628197E+00 1.812E+00
  3.629197E+00 1.612E+00
  3.630191E+00 1.452E+00
  3.632157E+00 1.223E+00
  3.634096E+00 1.076E+00
  3.636956E+00 9.478E-01
  3.640679E+00 8.693E-01
  3.646078E+00 8.378E-01
  3.657063E+00 8.715E-01
  3.696458E+00 1.121E+00
  3.708202E+00 1.244E+00
  3.712606E+00 1.349E+00
  3.714495E+00 1.462E+00
  3.715424E+00 1.593E+00
  3.715885E+00 1.725E+00
  3.716343E+00 2.000E+00
  3.716799E+00 2.917E+00
  3.717253E+00 5.829E+01
  3.717704E+00 5.820E-01
  3.718153E+00 7.793E-01
  3.718599E+00 9.237E-01
  3.719043E+00 1.012E+00
  3.719924E+00 1.115E+00
  3.722086E+00 1.245E+00
  3.726244E+00 1.451E+00
  3.728244E+00 1.631E+00
  3.729420E+00 1.821E+00
  3.730193E+00 2.016E+00
  3.730959E+00 2.302E+00
  3.731718E+00 2.730E+00
  3.732468E+00 3.354E+00
  3.733948E+00 4.986E+00
  3.734313E+00 5.267E+00
  3.734676E+00 5.407E+00
  3.735038E+00 5.401E+00
  3.735756E+00 5.077E+00
  3.737170E+00 4.183E+00
  3.738213E+00 3.746E+00
  3.739580E+00 3.470E+00
  3.740920E+00 3.428E+00
  3.742560E+00 3.614E+00
  3.744161E+00 4.050E+00
  3.746646E+00 5.105E+00
  3.747252E+00 5.217E+00
  3.747853E+00 5.082E+00
  3.748448E+00 4.627E+00
  3.749331E+00 3.500E+00
  3.749913E+00 2.709E+00
  3.750489E+00 2.051E+00
  3.750776E+00 1.786E+00
  3.751061E+00 1.563E+00
  3.751344E+00 1.378E+00
  3.751626E+00 1.226E+00
  3.751907E+00 1.103E+00
  3.752466E+00 9.244E-01
  3.753019E+00 8.121E-01
  3.753567E+00 7.453E-01
  3.754110E+00 7.131E-01
  3.754380E+00 7.148E-01
  3.754649E+00 7.695E-01
  3.754916E+00 2.714E+00
  3.755182E+00 9.123E-01
  3.755447E+00 7.265E-01
  3.755711E+00 6.997E-01
  3.756755E+00 7.000E-01
  3.774276E+00 1.217E+00
  3.776444E+00 1.333E+00
  3.777317E+00 1.435E+00
  3.777833E+00 1.569E+00
  3.778004E+00 1.651E+00
  3.778174E+00 1.778E+00
  3.778343E+00 2.004E+00
  3.778512E+00 2.516E+00
  3.778680E+00 4.486E+00
  3.778847E+00 6.088E+01
  3.779014E+00 1.500E+00
  3.779180E+00 8.973E-01
  3.779346E+00 9.223E-01
  3.779838E+00 1.063E+00
  3.780647E+00 1.177E+00
  3.782374E+00 1.321E+00
  3.782680E+00 1.390E+00
  3.782832E+00 1.454E+00
  3.782984E+00 1.554E+00
  3.783135E+00 1.714E+00
  3.783286E+00 1.958E+00
  3.783585E+00 2.645E+00
  3.783734E+00 2.878E+00
  3.783883E+00 2.917E+00
  3.784178E+00 2.684E+00
  3.784617E+00 2.355E+00
  3.785051E+00 2.204E+00
  3.785764E+00 2.144E+00
  3.786740E+00 2.230E+00
  3.787827E+00 2.484E+00
  3.788621E+00 2.807E+00
  3.789271E+00 3.216E+00
  3.789909E+00 3.826E+00
  3.790536E+00 4.722E+00
  3.791030E+00 5.468E+00
  3.791152E+00 5.467E+00
  3.791274E+00 5.116E+00
  3.791396E+00 3.983E+00
  3.791517E+00 2.043E+00
  3.791638E+00 1.026E+00
  3.791758E+00 1.360E+00
  3.791878E+00 1.883E+00
  3.791997E+00 2.188E+00
  3.792116E+00 2.285E+00
  3.792235E+00 2.245E+00
  3.792471E+00 1.963E+00
  3.792822E+00 1.459E+00
  3.793055E+00 1.195E+00
  3.793285E+00 1.005E+00
  3.793514E+00 8.795E-01
  3.793742E+00 8.046E-01
  3.793968E+00 7.714E-01
  3.794192E+00 7.783E-01
  3.794304E+00 8.001E-01
  3.794415E+00 8.402E-01
  3.794526E+00 9.100E-01
  3.794637E+00 1.037E+00
  3.794747E+00 1.299E+00
  3.794857E+00 1.999E+00
  3.794966E+00 5.162E+00
  3.795075E+00 1.153E+01
  3.795184E+00 2.133E+00
  3.795292E+00 9.760E-01
  3.795400E+00 7.251E-01
  3.795508E+00 6.473E-01
  3.795615E+00 6.208E-01
  3.795829E+00 6.151E-01
  3.799348E+00 9.069E-01
  3.803003E+00 1.181E+00
  3.803501E+00 1.271E+00
  3.803664E+00 1.355E+00
  3.803746E+00 1.445E+00
  3.803827E+00 1.648E+00
  3.803908E+00 2.367E+00
  3.803989E+00 1.210E+01
  3.804070E+00 3.125E+00
  3.804150E+00 1.437E+00
  3.804230E+00 1.249E+00
  3.804310E+00 1.210E+00
  3.804548E+00 1.229E+00
  3.804705E+00 1.289E+00
  3.804862E+00 1.414E+00
  3.804940E+00 1.519E+00
  3.805017E+00 1.665E+00
  3.805249E+00 2.251E+00
  3.805326E+00 2.377E+00
  3.805402E+00 2.424E+00
  3.805555E+00 2.362E+00
  3.805932E+00 2.122E+00
  3.806303E+00 2.053E+00
  3.806815E+00 2.113E+00
  3.807387E+00 2.327E+00
  3.807876E+00 2.661E+00
  3.808288E+00 3.127E+00
  3.808626E+00 3.726E+00
  3.808959E+00 4.602E+00
  3.809222E+00 5.385E+00
  3.809288E+00 5.480E+00
  3.809353E+00 5.395E+00
  3.809418E+00 4.878E+00
  3.809483E+00 3.518E+00
  3.809547E+00 1.677E+00
  3.809612E+00 1.031E+00
  3.809676E+00 1.387E+00
  3.809740E+00 1.792E+00
  3.809804E+00 2.003E+00
  3.809868E+00 2.049E+00
  3.809931E+00 1.991E+00
  3.810121E+00 1.585E+00
  3.810246E+00 1.313E+00
  3.810371E+00 1.100E+00
  3.810495E+00 9.491E-01
  3.810619E+00 8.495E-01
  3.810741E+00 7.915E-01
  3.810863E+00 7.679E-01
  3.810985E+00 7.772E-01
  3.811106E+00 8.291E-01
  3.811166E+00 8.819E-01
  3.811226E+00 9.690E-01
  3.811286E+00 1.125E+00
  3.811345E+00 1.451E+00
  3.811405E+00 2.369E+00
  3.811464E+00 7.034E+00
  3.811523E+00 8.367E+00
  3.811582E+00 1.616E+00
  3.811641E+00 8.259E-01
  3.811700E+00 6.502E-01
  3.811758E+00 5.994E-01
  3.811817E+00 5.860E-01
  3.811991E+00 6.012E-01
  3.813171E+00 7.956E-01
  3.816020E+00 1.161E+00
  3.816256E+00 1.230E+00
  3.816395E+00 1.335E+00
  3.816442E+00 1.409E+00
  3.816488E+00 1.536E+00
  3.816534E+00 1.810E+00
  3.816580E+00 2.744E+00
  3.816626E+00 1.436E+01
  3.816671E+00 2.419E+00
  3.816717E+00 1.530E+00
  3.816763E+00 1.576E+00
  3.816898E+00 2.086E+00
  3.816944E+00 2.185E+00
  3.816988E+00 2.221E+00
  3.817123E+00 2.122E+00
  3.817344E+00 1.943E+00
  3.817606E+00 1.896E+00
  3.817950E+00 1.980E+00
  3.818329E+00 2.215E+00
  3.818618E+00 2.536E+00
  3.818862E+00 2.984E+00
  3.819022E+00 3.441E+00
  3.819142E+00 3.926E+00
  3.819260E+00 4.638E+00
  3.819339E+00 5.381E+00
  3.819378E+00 5.924E+00
  3.819456E+00 7.287E+00
  3.819495E+00 5.369E+00
  3.819534E+00 1.874E+00
  3.819572E+00 1.562E+00
  3.819611E+00 1.909E+00
  3.819650E+00 2.159E+00
  3.819688E+00 2.268E+00
  3.819726E+00 2.268E+00
  3.819765E+00 2.193E+00
  3.819841E+00 1.921E+00
  3.819992E+00 1.320E+00
  3.820067E+00 1.099E+00
  3.820142E+00 9.422E-01
  3.820217E+00 8.387E-01
  3.820291E+00 7.780E-01
  3.820365E+00 7.520E-01
  3.820438E+00 7.568E-01
  3.820511E+00 7.960E-01
  3.820548E+00 8.335E-01
  3.820584E+00 8.899E-01
  3.820620E+00 9.767E-01
  3.820656E+00 1.120E+00
  3.820693E+00 1.383E+00
  3.820729E+00 1.972E+00
  3.820764E+00 3.828E+00
  3.820800E+00 1.152E+01
  3.820836E+00 4.632E+00
  3.820872E+00 1.395E+00
  3.820907E+00 8.086E-01
  3.820943E+00 6.469E-01
  3.820978E+00 5.938E-01
  3.821014E+00 5.776E-01
  3.821119E+00 5.897E-01
  3.821805E+00 7.803E-01
  3.823149E+00 1.050E+00
  3.823600E+00 1.156E+00
  3.823718E+00 1.225E+00
  3.823806E+00 1.343E+00
  3.823864E+00 1.505E+00
  3.823893E+00 1.633E+00
  3.823922E+00 1.807E+00
  3.823951E+00 2.049E+00
  3.823980E+00 2.454E+00
  3.824008E+00 4.249E+00
  3.824037E+00 7.231E+00
  3.824066E+00 2.666E+00
  3.824094E+00 2.346E+00
  3.824151E+00 2.135E+00
  3.824236E+00 1.952E+00
  3.824348E+00 1.836E+00
  3.824543E+00 1.808E+00
  3.824789E+00 1.918E+00
  3.825030E+00 2.155E+00
  3.825214E+00 2.471E+00
  3.825345E+00 2.824E+00
  3.825448E+00 3.248E+00
  3.825525E+00 3.728E+00
  3.825576E+00 4.220E+00
  3.825601E+00 4.579E+00
  3.825626E+00 5.095E+00
  3.825652E+00 5.947E+00
  3.825677E+00 7.616E+00
  3.825702E+00 9.978E+00
  3.825727E+00 4.077E+00
  3.825752E+00 2.214E+00
  3.825777E+00 2.331E+00
  3.825802E+00 2.528E+00
  3.825827E+00 2.642E+00
  3.825852E+00 2.671E+00
  3.825877E+00 2.629E+00
  3.825927E+00 2.389E+00
  3.826049E+00 1.512E+00
  3.826098E+00 1.234E+00
  3.826147E+00 1.029E+00
  3.826195E+00 8.892E-01
  3.826244E+00 8.014E-01
  3.826292E+00 7.542E-01
  3.826339E+00 7.400E-01
  3.826387E+00 7.559E-01
  3.826435E+00 8.067E-01
  3.826458E+00 8.508E-01
  3.826482E+00 9.147E-01
  3.826505E+00 1.010E+00
  3.826529E+00 1.162E+00
  3.826552E+00 1.432E+00
  3.826576E+00 1.996E+00
  3.826599E+00 3.548E+00
  3.826623E+00 9.140E+00
  3.826646E+00 6.789E+00
  3.826669E+00 1.918E+00
  3.826692E+00 9.592E-01
  3.826716E+00 6.981E-01
  3.826739E+00 6.098E-01
  3.826762E+00 5.787E-01
  3.826808E+00 5.723E-01
  3.827324E+00 7.891E-01
  3.828168E+00 1.044E+00
  3.828449E+00 1.147E+00
  3.828527E+00 1.229E+00
  3.828567E+00 1.314E+00
  3.828606E+00 1.464E+00
  3.828645E+00 1.704E+00
  3.828683E+00 1.971E+00
  3.828722E+00 2.112E+00
  3.828741E+00 2.237E+00
  3.828760E+00 3.648E+00
  3.828780E+00 9.020E+00
  3.828799E+00 2.938E+00
  3.828818E+00 2.303E+00
  3.828837E+00 2.087E+00
  3.828856E+00 1.974E+00
  3.828913E+00 1.821E+00
  3.829007E+00 1.753E+00
  3.829156E+00 1.795E+00
  3.829339E+00 1.979E+00
  3.829483E+00 2.248E+00
  3.829589E+00 2.573E+00
  3.829677E+00 3.005E+00
  3.829730E+00 3.414E+00
  3.829764E+00 3.841E+00
  3.829782E+00 4.163E+00
  3.829799E+00 4.649E+00
  3.829816E+00 5.530E+00
  3.829833E+00 7.628E+00
  3.829851E+00 1.159E+01
  3.829868E+00 4.254E+00
  3.829885E+00 2.776E+00
  3.829902E+00 2.780E+00
  3.829936E+00 2.960E+00
  3.829970E+00 2.939E+00
  3.830004E+00 2.717E+00
  3.830072E+00 1.956E+00
  3.830105E+00 1.582E+00
  3.830139E+00 1.280E+00
  3.830155E+00 1.158E+00
  3.830189E+00 9.717E-01
  3.830222E+00 8.486E-01
  3.830255E+00 7.752E-01
  3.830288E+00 7.402E-01
  3.830320E+00 7.366E-01
  3.830353E+00 7.630E-01
  3.830386E+00 8.261E-01
  3.830402E+00 8.782E-01
  3.830418E+00 9.527E-01
  3.830434E+00 1.064E+00
  3.830450E+00 1.240E+00
  3.830466E+00 1.555E+00
  3.830483E+00 2.218E+00
  3.830499E+00 4.030E+00
  3.830515E+00 9.606E+00
  3.830531E+00 6.106E+00
  3.830547E+00 1.900E+00
  3.830563E+00 9.735E-01
  3.830579E+00 7.055E-01
  3.830594E+00 6.114E-01
  3.830610E+00 5.771E-01
  3.830642E+00 5.679E-01
  3.830998E+00 7.868E-01
  3.831542E+00 1.025E+00
  3.831753E+00 1.130E+00
  3.831809E+00 1.206E+00
  3.831850E+00 1.345E+00
  3.831864E+00 1.424E+00
  3.831918E+00 1.888E+00
  3.831932E+00 1.956E+00
  3.831959E+00 1.949E+00
  3.831973E+00 1.922E+00
  3.831986E+00 1.968E+00
  3.832000E+00 2.638E+00
  3.832013E+00 1.458E+01
  3.832027E+00 3.567E+00
  3.832040E+00 2.367E+00
  3.832053E+00 2.060E+00
  3.832067E+00 1.926E+00
  3.832094E+00 1.805E+00
  3.832147E+00 1.730E+00
  3.832252E+00 1.755E+00
  3.832382E+00 1.921E+00
  3.832484E+00 2.163E+00
  3.832572E+00 2.512E+00
  3.832635E+00 2.925E+00
  3.832672E+00 3.328E+00
  3.832697E+00 3.784E+00
  3.832709E+00 4.171E+00
  3.832721E+00 4.854E+00
  3.832733E+00 6.470E+00
  3.832746E+00 1.133E+01
  3.832758E+00 6.163E+00
  3.832770E+00 3.277E+00
  3.832782E+00 3.042E+00
  3.832819E+00 3.170E+00
  3.832843E+00 3.097E+00
  3.832867E+00 2.848E+00
  3.832892E+00 2.470E+00
  3.832940E+00 1.648E+00
  3.832963E+00 1.324E+00
  3.832987E+00 1.084E+00
  3.833011E+00 9.189E-01
  3.833035E+00 8.140E-01
  3.833058E+00 7.552E-01
  3.833082E+00 7.322E-01
  3.833117E+00 7.541E-01
  3.833140E+00 8.097E-01
  3.833152E+00 8.551E-01
  3.833163E+00 9.183E-01
  3.833175E+00 1.009E+00
  3.833187E+00 1.146E+00
  3.833198E+00 1.370E+00
  3.833210E+00 1.785E+00
  3.833221E+00 2.714E+00
  3.833233E+00 5.410E+00
  3.833244E+00 1.040E+01
  3.833256E+00 4.129E+00
  3.833267E+00 1.522E+00
  3.833278E+00 8.791E-01
  3.833290E+00 6.741E-01
  3.833301E+00 5.987E-01
  3.833313E+00 5.710E-01
  3.833335E+00 5.659E-01
  3.833580E+00 7.794E-01
  3.833943E+00 1.003E+00
  3.834118E+00 1.116E+00
  3.834158E+00 1.183E+00
  3.834188E+00 1.303E+00
  3.834206E+00 1.436E+00
  3.844196E+00 1.893E+00
  3.844206E+00 1.715E+00
  4.193412E+00 1.344E+00
  4.567562E+00 1.060E+00
  4.866881E+00 8.865E-01
  5.365748E+00 6.880E-01
  5.789784E+00 5.599E-01
  6.288650E+00 4.498E-01
  6.415690E+00 4.236E-01
  6.545293E+00 3.989E-01
  6.677516E+00 3.757E-01
  6.812413E+00 3.538E-01
  6.950034E+00 3.332E-01
  7.090431E+00 3.138E-01
  7.233665E+00 2.955E-01
  7.379796E+00 2.783E-01
  7.528877E+00 2.621E-01
  7.680976E+00 2.469E-01
  7.836139E+00 2.325E-01
  7.994438E+00 2.189E-01
  8.155940E+00 2.062E-01
  8.320698E+00 1.942E-01
  8.488785E+00 1.829E-01
  8.660273E+00 1.722E-01
  8.835220E+00 1.622E-01
  9.013707E+00 1.528E-01
  9.195791E+00 1.439E-01
  9.381565E+00 1.355E-01
  9.571080E+00 1.276E-01
  9.764428E+00 1.202E-01
  9.961686E+00 1.132E-01
  1.016293E+01 1.066E-01
  1.036823E+01 1.004E-01
  1.057768E+01 9.452E-02
  1.079137E+01 8.901E-02
  1.100936E+01 8.383E-02
  1.123177E+01 7.895E-02
  1.145867E+01 7.435E-02
  1.169014E+01 7.002E-02
  1.192630E+01 6.594E-02
  1.216723E+01 6.210E-02
  1.241303E+01 5.849E-02
  1.266379E+01 5.508E-02
  1.291961E+01 5.187E-02
  1.318060E+01 4.885E-02
  1.344687E+01 4.601E-02
  1.371851E+01 4.333E-02
  1.399565E+01 4.080E-02
  1.427837E+01 3.843E-02
  1.456682E+01 3.619E-02
  1.486109E+01 3.408E-02
  1.516130E+01 3.210E-02
  1.546758E+01 3.023E-02
  1.578005E+01 2.847E-02
  1.609882E+01 2.681E-02
  1.642404E+01 2.525E-02
  1.675583E+01 2.378E-02
  1.709431E+01 2.239E-02
  1.743964E+01 2.109E-02
  1.779195E+01 1.986E-02
  1.815137E+01 1.871E-02
  1.851805E+01 1.762E-02
  1.889214E+01 1.659E-02
  1.927379E+01 1.562E-02
  1.966313E+01 1.471E-02
  2.006036E+01 1.386E-02
  2.046559E+01 1.305E-02
  2.087904E+01 1.229E-02
  2.130081E+01 1.157E-02
  2.173112E+01 1.090E-02
  2.217012E+01 1.027E-02
  2.261800E+01 9.668E-03
  2.307489E+01 9.105E-03
  2.354105E+01 8.575E-03
      22   2   2   100    3  -1.21938E-01    1412
  1.115277E-01 1.733E+01
  1.215277E-01 1.515E+01
  1.728124E-01 8.364E+00
  2.227932E-01 5.264E+00
  2.715139E-01 3.652E+00
  3.190165E-01 2.720E+00
  3.653414E-01 2.121E+00
  4.105270E-01 1.698E+00
  4.546106E-01 1.382E+00
  4.976275E-01 1.140E+00
  5.396120E-01 9.558E-01
  5.805968E-01 8.157E-01
  6.206134E-01 7.093E-01
  6.596921E-01 6.276E-01
  7.351509E-01 5.108E-01
  8.419964E-01 3.912E-01
  9.418236E-01 3.017E-01
  1.035234E+00 2.368E-01
  1.122766E+00 1.942E-01
  1.204903E+00 1.673E-01
  1.354685E+00 1.341E-01
  1.606011E+00 8.486E-02
  1.712025E+00 6.874E-02
  1.807291E+00 5.867E-02
  1.933052E+00 5.019E-02
  2.155188E+00 3.789E-02
  2.493861E+00 1.408E-02
  2.582617E+00 7.872E-03
  2.623627E+00 4.531E-03
  2.660128E+00 1.238E-03
  2.666332E+00 7.333E-04
  2.669387E+00 5.114E-04
  2.672411E+00 3.180E-04
  2.675406E+00 1.612E-04
  2.678370E+00 5.112E-05
  2.681305E+00 1.304E-06
  2.684211E+00 2.911E-05
  2.687088E+00 1.574E-04
  2.689937E+00 4.163E-04
  2.692758E+00 8.466E-04
  2.695551E+00 1.503E-03
  2.698317E+00 2.462E-03
  2.701056E+00 3.828E-03
  2.703769E+00 5.753E-03
  2.706456E+00 8.457E-03
  2.709117E+00 1.227E-02
  2.711752E+00 1.769E-02
  2.714362E+00 2.551E-02
  2.716947E+00 3.707E-02
  2.719508E+00 5.466E-02
  2.722044E+00 8.255E-02
  2.724557E+00 1.293E-01
  2.727046E+00 2.139E-01
  2.729511E+00 3.851E-01
  2.731954E+00 7.985E-01
  2.734374E+00 2.144E+00
  2.736771E+00 9.301E+00
  2.739146E+00 1.288E+01
  2.741499E+00 3.303E+00
  2.743831E+00 1.377E+00
  2.746141E+00 7.663E-01
  2.748430E+00 4.987E-01
  2.750698E+00 3.571E-01
  2.752946E+00 2.724E-01
  2.755173E+00 2.174E-01
  2.757380E+00 1.794E-01
  2.759567E+00 1.519E-01
  2.761734E+00 1.312E-01
  2.763882E+00 1.152E-01
  2.766011E+00 1.025E-01
  2.770212E+00 8.369E-02
  2.774339E+00 7.058E-02
  2.780395E+00 5.706E-02
  2.786294E+00 4.783E-02
  2.793923E+00 3.929E-02
  2.803100E+00 3.202E-02
  2.813611E+00 2.602E-02
  2.826836E+00 2.048E-02
  2.842202E+00 1.562E-02
  2.860445E+00 1.107E-02
  2.878162E+00 7.446E-03
  2.890847E+00 5.318E-03
  2.898410E+00 4.327E-03
  2.903587E+00 3.856E-03
  2.907600E+00 3.701E-03
  2.910537E+00 3.795E-03
  2.912462E+00 4.026E-03
  2.914360E+00 4.477E-03
  2.915300E+00 4.828E-03
  2.916233E+00 5.300E-03
  2.917160E+00 5.942E-03
  2.918080E+00 6.822E-03
  2.918995E+00 8.052E-03
  2.919903E+00 9.820E-03
  2.920805E+00 1.245E-02
  2.921701E+00 1.654E-02
  2.922591E+00 2.331E-02
  2.923475E+00 3.554E-02
  2.924354E+00 6.056E-02
  2.925226E+00 1.234E-01
  2.926093E+00 3.568E-01
  2.926954E+00 3.165E+00
  2.927809E+00 4.407E+00
  2.928659E+00 4.880E-01
  2.929503E+00 1.895E-01
  2.930341E+00 1.060E-01
  2.931174E+00 7.099E-02
  2.932002E+00 5.294E-02
  2.932824E+00 4.244E-02
  2.933641E+00 3.584E-02
  2.934453E+00 3.146E-02
  2.935259E+00 2.847E-02
  2.936060E+00 2.639E-02
  2.937647E+00 2.396E-02
  2.939214E+00 2.296E-02
  2.941527E+00 2.303E-02
  2.944542E+00 2.505E-02
  2.947483E+00 2.877E-02
  2.950351E+00 3.411E-02
  2.953148E+00 4.127E-02
  2.955878E+00 5.059E-02
  2.958542E+00 6.264E-02
  2.961142E+00 7.818E-02
  2.963680E+00 9.833E-02
  2.966158E+00 1.247E-01
  2.968579E+00 1.595E-01
  2.970357E+00 1.931E-01
  2.972105E+00 2.354E-01
  2.973822E+00 2.894E-01
  2.975511E+00 3.590E-01
  2.977170E+00 4.506E-01
  2.978801E+00 5.732E-01
  2.979873E+00 6.792E-01
  2.980933E+00 8.116E-01
  2.981982E+00 9.797E-01
  2.983018E+00 1.196E+00
  2.984043E+00 1.482E+00
  2.985057E+00 1.866E+00
  2.985560E+00 2.110E+00
  2.986059E+00 2.399E+00
  2.986557E+00 2.745E+00
  2.987051E+00 3.164E+00
  2.987543E+00 3.677E+00
  2.988032E+00 4.314E+00
  2.988518E+00 5.116E+00
  2.989002E+00 6.144E+00
  2.989483E+00 7.490E+00
  2.989961E+00 9.297E+00
  2.990437E+00 1.180E+01
  2.990910E+00 1.538E+01
  2.991381E+00 2.077E+01
  2.991849E+00 2.940E+01
  2.992315E+00 4.437E+01
  2.992778E+00 7.361E+01
  2.993239E+00 1.420E+02
  2.993697E+00 3.559E+02
  2.994152E+00 1.278E+03
  2.994606E+00 1.154E+03
  2.995057E+00 3.367E+02
  2.995505E+00 1.428E+02
  2.995951E+00 7.760E+01
  2.996395E+00 4.869E+01
  2.996836E+00 3.347E+01
  2.997275E+00 2.448E+01
  2.997712E+00 1.874E+01
  2.998147E+00 1.485E+01
  2.998579E+00 1.208E+01
  2.999009E+00 1.005E+01
  2.999436E+00 8.502E+00
  2.999862E+00 7.303E+00
  3.000285E+00 6.351E+00
  3.000706E+00 5.583E+00
  3.001125E+00 4.953E+00
  3.001956E+00 3.992E+00
  3.002778E+00 3.300E+00
  3.003592E+00 2.784E+00
  3.004798E+00 2.225E+00
  3.005985E+00 1.830E+00
  3.007540E+00 1.460E+00
  3.009063E+00 1.201E+00
  3.010925E+00 9.707E-01
  3.013099E+00 7.783E-01
  3.015556E+00 6.212E-01
  3.018593E+00 4.776E-01
  3.023679E+00 2.780E-01
  3.024892E+00 2.194E-01
  3.025787E+00 1.645E-01
  3.026376E+00 1.189E-01
  3.026669E+00 9.250E-02
  3.026961E+00 6.347E-02
  3.027251E+00 3.257E-02
  3.027539E+00 4.397E-03
  3.027827E+00 1.882E+02
  3.028113E+00 1.885E-02
  3.028398E+00 3.114E-01
  3.028681E+00 2.779E+00
  3.028964E+00 6.922E+02
  3.029244E+00 1.138E+01
  3.029524E+00 3.690E+00
  3.029802E+00 2.146E+00
  3.030080E+00 1.539E+00
  3.030355E+00 1.225E+00
  3.030630E+00 1.034E+00
  3.030903E+00 9.077E-01
  3.031176E+00 8.172E-01
  3.031716E+00 6.968E-01
  3.032252E+00 6.201E-01
  3.033047E+00 5.454E-01
  3.034348E+00 4.716E-01
  3.036122E+00 4.137E-01
  3.038564E+00 3.687E-01
  3.041810E+00 3.399E-01
  3.044657E+00 3.375E-01
  3.046744E+00 3.564E-01
  3.048155E+00 3.902E-01
  3.049139E+00 4.363E-01
  3.049912E+00 5.009E-01
  3.050483E+00 5.825E-01
  3.050860E+00 6.674E-01
  3.051048E+00 7.254E-01
  3.051234E+00 7.988E-01
  3.051420E+00 8.942E-01
  3.051605E+00 1.022E+00
  3.051790E+00 1.202E+00
  3.051974E+00 1.467E+00
  3.052157E+00 1.887E+00
  3.052339E+00 2.627E+00
  3.052521E+00 4.143E+00
  3.052702E+00 8.105E+00
  3.052882E+00 2.176E+01
  3.053061E+00 2.428E+01
  3.053240E+00 6.090E+00
  3.053418E+00 1.949E+00
  3.053595E+00 7.871E-01
  3.053772E+00 3.575E-01
  3.053948E+00 1.705E-01
  3.054123E+00 8.115E-02
  3.054298E+00 3.658E-02
  3.054472E+00 1.438E-02
  3.054645E+00 4.079E-03
  3.054818E+00 3.489E-04
  3.054990E+00 3.412E-04
  3.055161E+00 2.453E-03
  3.055332E+00 5.752E-03
  3.055502E+00 9.685E-03
  3.056342E+00 3.074E-02
  3.057002E+00 4.504E-02
  3.057814E+00 5.896E-02
  3.058925E+00 7.282E-02
  3.060462E+00 8.537E-02
  3.062520E+00 9.468E-02
  3.063789E+00 9.605E-02
  3.064340E+00 9.248E-02
  3.064477E+00 8.975E-02
  3.064613E+00 8.457E-02
  3.064748E+00 7.229E-02
  3.064883E+00 1.940E-02
  3.065018E+00 2.088E-01
  3.065152E+00 1.396E-01
  3.065286E+00 1.262E-01
  3.065419E+00 1.207E-01
  3.065815E+00 1.150E-01
  3.067107E+00 1.135E-01
  3.068354E+00 1.183E-01
  3.068599E+00 1.224E-01
  3.068720E+00 1.276E-01
  3.068841E+00 1.441E-01
  3.068962E+00 4.228E-02
  3.069082E+00 9.038E-02
  3.069202E+00 1.016E-01
  3.069441E+00 1.080E-01
  3.070379E+00 1.140E-01
  3.073575E+00 1.269E-01
  3.075112E+00 1.410E-01
  3.075999E+00 1.576E-01
  3.076576E+00 1.772E-01
  3.076955E+00 1.987E-01
  3.077236E+00 2.235E-01
  3.077514E+00 2.628E-01
  3.077698E+00 3.047E-01
  3.077789E+00 3.339E-01
  3.077881E+00 3.718E-01
  3.077972E+00 4.225E-01
  3.078063E+00 4.935E-01
  3.078153E+00 5.985E-01
  3.078243E+00 7.660E-01
  3.078333E+00 1.064E+00
  3.078423E+00 1.688E+00
  3.078512E+00 3.365E+00
  3.078601E+00 8.512E+00
  3.078690E+00 5.731E+00
  3.078778E+00 1.408E+00
  3.078867E+00 4.465E-01
  3.078955E+00 1.678E-01
  3.079042E+00 6.648E-02
  3.079130E+00 2.519E-02
  3.079217E+00 7.936E-03
  3.079304E+00 1.412E-03
  3.079390E+00 4.209E-06
  3.079477E+00 1.119E-03
  3.079563E+00 3.475E-03
  3.079649E+00 6.409E-03
  3.079989E+00 1.887E-02
  3.080242E+00 2.694E-02
  3.080575E+00 3.560E-02
  3.081068E+00 4.515E-02
  3.081711E+00 5.371E-02
  3.082648E+00 6.134E-02
  3.083477E+00 6.399E-02
  3.083846E+00 6.224E-02
  3.083991E+00 5.977E-02
  3.084064E+00 5.759E-02
  3.084136E+00 5.418E-02
  3.084209E+00 4.841E-02
  3.084281E+00 3.714E-02
  3.084352E+00 9.915E-03
  3.084424E+00 1.548E+00
  3.084495E+00 1.616E-01
  3.084566E+00 1.178E-01
  3.084637E+00 1.038E-01
  3.084708E+00 9.703E-02
  3.084849E+00 9.071E-02
  3.085128E+00 8.654E-02
  3.085813E+00 8.620E-02
  3.086347E+00 9.029E-02
  3.086544E+00 9.502E-02
  3.086609E+00 9.825E-02
  3.086674E+00 1.039E-01
  3.086739E+00 1.169E-01
  3.086804E+00 1.788E-01
  3.086869E+00 4.899E-03
  3.086933E+00 5.388E-02
  3.086997E+00 6.646E-02
  3.087061E+00 7.206E-02
  3.087189E+00 7.742E-02
  3.087567E+00 8.331E-02
  3.089485E+00 9.838E-02
  3.090217E+00 1.095E-01
  3.090656E+00 1.218E-01
  3.090979E+00 1.376E-01
  3.091191E+00 1.552E-01
  3.091349E+00 1.758E-01
  3.091453E+00 1.961E-01
  3.091557E+00 2.260E-01
  3.091609E+00 2.468E-01
  3.091661E+00 2.736E-01
  3.091712E+00 3.095E-01
  3.091764E+00 3.595E-01
  3.091815E+00 4.333E-01
  3.091866E+00 5.506E-01
  3.091917E+00 7.584E-01
  3.091968E+00 1.191E+00
  3.092019E+00 2.337E+00
  3.092070E+00 5.629E+00
  3.092120E+00 3.557E+00
  3.092170E+00 8.705E-01
  3.092221E+00 2.683E-01
  3.092271E+00 9.549E-02
  3.092321E+00 3.453E-02
  3.092371E+00 1.105E-02
  3.092420E+00 2.337E-03
  3.092470E+00 3.909E-05
  3.092519E+00 6.845E-04
  3.092569E+00 2.692E-03
  3.092618E+00 5.298E-03
  3.092813E+00 1.636E-02
  3.092959E+00 2.336E-02
  3.093151E+00 3.074E-02
  3.093388E+00 3.760E-02
  3.093762E+00 4.505E-02
  3.094264E+00 5.103E-02
  3.094709E+00 5.297E-02
  3.094927E+00 5.151E-02
  3.095057E+00 4.822E-02
  3.095100E+00 4.614E-02
  3.095142E+00 4.308E-02
  3.095185E+00 3.834E-02
  3.095228E+00 3.033E-02
  3.095271E+00 1.513E-02
  3.095313E+00 1.686E-02
  3.095355E+00 4.357E-01
  3.095398E+00 1.504E-01
  3.095440E+00 1.123E-01
  3.095482E+00 9.797E-02
  3.095524E+00 9.061E-02
  3.095608E+00 8.335E-02
  3.095774E+00 7.818E-02
  3.096101E+00 7.662E-02
  3.096502E+00 8.003E-02
  3.096659E+00 8.440E-02
  3.096738E+00 8.917E-02
  3.096776E+00 9.342E-02
  3.096815E+00 1.008E-01
  3.096854E+00 1.169E-01
  3.096893E+00 1.802E-01
  3.096931E+00 2.273E-01
  3.096970E+00 2.782E-02
  3.097008E+00 4.698E-02
  3.097047E+00 5.539E-02
  3.097085E+00 6.012E-02
  3.097161E+00 6.535E-02
  3.097350E+00 7.108E-02
  3.098614E+00 8.835E-02
  3.099025E+00 9.908E-02
  3.099292E+00 1.123E-01
  3.099457E+00 1.267E-01
  3.099588E+00 1.460E-01
  3.099685E+00 1.702E-01
  3.099749E+00 1.959E-01
  3.099781E+00 2.138E-01
  3.099813E+00 2.369E-01
  3.099845E+00 2.680E-01
  3.099877E+00 3.115E-01
  3.099909E+00 3.761E-01
  3.099941E+00 4.796E-01
  3.099972E+00 6.654E-01
  3.100004E+00 1.060E+00
  3.100035E+00 2.132E+00
  3.100067E+00 4.828E+00
  3.100098E+00 2.351E+00
  3.100130E+00 5.800E-01
  3.100161E+00 1.793E-01
  3.100192E+00 6.195E-02
  3.100223E+00 2.080E-02
  3.100254E+00 5.612E-03
  3.100285E+00 6.627E-04
  3.100316E+00 1.189E-04
  3.100347E+00 1.541E-03
  3.100378E+00 3.824E-03
  3.100409E+00 6.438E-03
  3.100470E+00 1.176E-02
  3.100531E+00 1.664E-02
  3.100622E+00 2.285E-02
  3.100742E+00 2.932E-02
  3.100921E+00 3.627E-02
  3.101155E+00 4.231E-02
  3.101471E+00 4.689E-02
  3.101697E+00 4.753E-02
  3.101835E+00 4.536E-02
  3.101891E+00 4.299E-02
  3.101946E+00 3.848E-02
  3.101973E+00 3.458E-02
  3.102000E+00 2.850E-02
  3.102027E+00 1.821E-02
  3.102055E+00 1.574E-03
  3.102082E+00 2.461E+00
  3.102109E+00 2.579E-01
  3.102136E+00 1.355E-01
  3.102163E+00 1.063E-01
  3.102190E+00 9.369E-02
  3.102217E+00 8.676E-02
  3.102270E+00 7.957E-02
  3.102350E+00 7.496E-02
  3.102535E+00 7.220E-02
  3.102794E+00 7.408E-02
  3.102947E+00 7.861E-02
  3.103022E+00 8.435E-02
  3.103047E+00 8.788E-02
  3.103073E+00 9.339E-02
  3.103098E+00 1.032E-01
  3.103123E+00 1.260E-01
  3.103148E+00 2.314E-01
  3.103172E+00 8.795E-02
  3.103197E+00 2.037E-02
  3.103222E+00 3.868E-02
  3.103247E+00 4.749E-02
  3.103271E+00 5.261E-02
  3.103321E+00 5.841E-02
  3.103419E+00 6.390E-02
  3.103707E+00 7.080E-02
  3.104265E+00 8.218E-02
  3.104534E+00 9.260E-02
  3.104688E+00 1.035E-01
  3.104796E+00 1.166E-01
  3.104861E+00 1.288E-01
  3.104926E+00 1.475E-01
  3.104968E+00 1.666E-01
  3.105011E+00 1.957E-01
  3.105032E+00 2.169E-01
  3.105053E+00 2.452E-01
  3.105074E+00 2.850E-01
  3.105095E+00 3.442E-01
  3.105116E+00 4.396E-01
  3.105137E+00 6.122E-01
  3.105158E+00 9.827E-01
  3.105179E+00 2.001E+00
  3.105200E+00 4.303E+00
  3.105221E+00 1.833E+00
  3.105242E+00 4.540E-01
  3.105263E+00 1.396E-01
  3.105283E+00 4.695E-02
  3.105304E+00 1.482E-02
  3.105325E+00 3.416E-03
  3.105345E+00 1.790E-04
  3.105366E+00 4.126E-04
  3.105386E+00 2.157E-03
  3.105407E+00 4.528E-03
  3.105468E+00 1.219E-02
  3.105509E+00 1.677E-02
  3.105569E+00 2.254E-02
  3.105650E+00 2.850E-02
  3.105749E+00 3.396E-02
  3.105906E+00 3.978E-02
  3.106100E+00 4.384E-02
  3.106252E+00 4.464E-02
  3.106346E+00 4.296E-02
  3.106402E+00 3.979E-02
  3.106439E+00 3.534E-02
  3.106457E+00 3.159E-02
  3.106476E+00 2.589E-02
  3.106494E+00 1.662E-02
  3.106513E+00 2.233E-03
  3.106531E+00 3.131E-01
  3.106550E+00 3.637E-01
  3.106568E+00 1.504E-01
  3.106586E+00 1.111E-01
  3.106604E+00 9.527E-02
  3.106623E+00 8.691E-02
  3.106641E+00 8.182E-02
  3.106677E+00 7.608E-02
  3.106749E+00 7.139E-02
  3.106892E+00 6.964E-02
  3.107067E+00 7.256E-02
  3.107154E+00 7.732E-02
  3.107205E+00 8.441E-02
  3.107222E+00 8.899E-02
  3.107240E+00 9.646E-02
  3.107257E+00 1.109E-01
  3.107274E+00 1.505E-01
  3.107291E+00 5.468E-01
  3.107308E+00 4.486E-04
  3.107325E+00 2.276E-02
  3.107341E+00 3.701E-02
  3.107358E+00 4.461E-02
  3.107375E+00 4.931E-02
  3.107409E+00 5.486E-02
  3.107476E+00 6.034E-02
  3.107641E+00 6.646E-02
  3.108057E+00 7.863E-02
  3.108227E+00 8.785E-02
  3.108334E+00 9.807E-02
  3.108409E+00 1.103E-01
  3.108469E+00 1.267E-01
  3.108514E+00 1.473E-01
  3.108543E+00 1.691E-01
  3.108558E+00 1.843E-01
  3.108573E+00 2.040E-01
  3.108587E+00 2.305E-01
  3.108602E+00 2.677E-01
  3.108617E+00 3.231E-01
  3.108631E+00 4.125E-01
  3.108646E+00 5.745E-01
  3.108661E+00 9.236E-01
  3.108675E+00 1.886E+00
  3.108690E+00 3.942E+00
  3.108704E+00 1.593E+00
  3.108719E+00 3.937E-01
  3.108733E+00 1.200E-01
  3.108748E+00 3.943E-02
  3.108762E+00 1.185E-02
  3.108777E+00 2.395E-03
  3.108791E+00 3.833E-05
  3.108805E+00 6.660E-04
  3.108820E+00 2.565E-03
  3.108834E+00 4.967E-03
  3.108848E+00 7.512E-03
  3.108891E+00 1.471E-02
  3.108919E+00 1.880E-02
  3.108976E+00 2.535E-02
  3.109046E+00 3.126E-02
  3.109143E+00 3.684E-02
  3.109266E+00 4.114E-02
  3.109387E+00 4.288E-02
  3.109467E+00 4.180E-02
  3.109507E+00 3.963E-02
  3.109533E+00 3.675E-02
  3.109546E+00 3.450E-02
  3.109559E+00 3.133E-02
  3.109572E+00 2.668E-02
  3.109585E+00 1.946E-02
  3.109598E+00 7.857E-03
  3.109611E+00 7.826E-03
  3.109624E+00 2.752E+00
  3.109637E+00 2.095E-01
  3.109650E+00 1.272E-01
  3.109663E+00 1.020E-01
  3.109676E+00 9.016E-02
  3.109689E+00 8.337E-02
  3.109715E+00 7.608E-02
  3.109753E+00 7.122E-02
  3.109830E+00 6.819E-02
  3.109955E+00 6.910E-02
  3.110042E+00 7.313E-02
  3.110091E+00 7.921E-02
  3.110115E+00 8.608E-02
  3.110127E+00 9.235E-02
  3.110139E+00 1.034E-01
  3.110152E+00 1.283E-01
  3.110164E+00 2.311E-01
  3.110176E+00 9.953E-01
  3.110188E+00 8.009E-03
  3.110200E+00 2.785E-02
  3.110212E+00 3.816E-02
  3.110224E+00 4.421E-02
  3.110236E+00 4.818E-02
  3.110260E+00 5.314E-02
  3.110308E+00 5.832E-02
  3.110437E+00 6.478E-02
  3.110712E+00 7.585E-02
  3.110835E+00 8.469E-02
  3.110923E+00 9.635E-02
  3.110977E+00 1.093E-01
  3.111010E+00 1.217E-01
  3.111042E+00 1.413E-01
  3.111053E+00 1.505E-01
  3.111074E+00 1.764E-01
  3.111085E+00 1.951E-01
  3.111095E+00 2.202E-01
  3.111106E+00 2.554E-01
  3.111117E+00 3.079E-01
  3.111127E+00 3.925E-01
  3.111138E+00 5.456E-01
  3.111148E+00 8.754E-01
  3.111159E+00 1.782E+00
  3.111170E+00 3.691E+00
  3.111180E+00 1.477E+00
  3.111191E+00 3.631E-01
  3.111201E+00 1.095E-01
  3.111212E+00 3.534E-02
  3.111222E+00 1.024E-02
  3.111233E+00 1.866E-03
  3.111243E+00 3.302E-06
  3.111253E+00 8.504E-04
  3.111264E+00 2.831E-03
  3.111274E+00 5.244E-03
  3.111285E+00 7.762E-03
  3.111305E+00 1.259E-02
  3.111336E+00 1.876E-02
  3.111367E+00 2.368E-02
  3.111408E+00 2.873E-02
  3.111469E+00 3.410E-02
  3.111528E+00 3.769E-02
  3.114887E+00 2.462E+00
  3.118217E+00 1.925E+00
  3.121518E+00 2.011E+00
  3.121528E+00 1.045E+00
  3.133745E+00 8.929E-01
  3.149417E+00 7.521E-01
  3.168071E+00 6.337E-01
  3.195925E+00 5.095E-01
  3.227640E+00 4.069E-01
  3.259036E+00 3.325E-01
  3.294454E+00 2.746E-01
  3.337733E+00 2.275E-01
  3.377373E+00 1.987E-01
  3.394637E+00 1.959E-01
  3.404859E+00 2.047E-01
  3.411823E+00 2.218E-01
  3.417205E+00 2.480E-01
  3.421134E+00 2.801E-01
  3.424975E+00 3.298E-01
  3.427487E+00 3.779E-01
  3.429963E+00 4.440E-01
  3.432401E+00 5.361E-01
  3.433607E+00 5.955E-01
  3.434804E+00 6.665E-01
  3.435992E+00 7.518E-01
  3.437171E+00 8.546E-01
  3.438342E+00 9.789E-01
  3.439504E+00 1.130E+00
  3.440658E+00 1.313E+00
  3.441804E+00 1.535E+00
  3.442941E+00 1.803E+00
  3.444069E+00 2.122E+00
  3.446303E+00 2.911E+00
  3.448504E+00 3.789E+00
  3.449593E+00 4.159E+00
  3.450674E+00 4.410E+00
  3.451748E+00 4.504E+00
  3.452813E+00 4.436E+00
  3.453872E+00 4.235E+00
  3.459052E+00 2.687E+00
  3.461074E+00 2.209E+00
  3.463068E+00 1.845E+00
  3.465035E+00 1.571E+00
  3.467934E+00 1.277E+00
  3.470774E+00 1.075E+00
  3.474472E+00 8.931E-01
  3.478956E+00 7.469E-01
  3.484143E+00 6.369E-01
  3.490748E+00 5.487E-01
  3.499290E+00 4.823E-01
  3.509338E+00 4.432E-01
  3.520434E+00 4.333E-01
  3.530465E+00 4.547E-01
  3.538537E+00 5.025E-01
  3.544040E+00 5.627E-01
  3.545960E+00 6.043E-01
  3.546904E+00 6.508E-01
  3.547372E+00 6.956E-01
  3.547838E+00 7.760E-01
  3.548302E+00 9.393E-01
  3.548763E+00 1.332E+00
  3.549221E+00 2.566E+00
  3.549677E+00 9.528E+00
  3.550131E+00 1.093E+03
  3.550582E+00 1.993E+01
  3.551030E+00 6.135E+00
  3.551477E+00 3.588E+00
  3.551921E+00 2.669E+00
  3.552362E+00 2.236E+00
  3.552802E+00 2.003E+00
  3.553239E+00 1.871E+00
  3.553673E+00 1.795E+00
  3.554536E+00 1.741E+00
  3.555813E+00 1.797E+00
  3.557070E+00 1.960E+00
  3.558307E+00 2.227E+00
  3.559526E+00 2.625E+00
  3.560726E+00 3.214E+00
  3.561515E+00 3.766E+00
  3.562297E+00 4.503E+00
  3.563071E+00 5.504E+00
  3.563837E+00 6.873E+00
  3.564595E+00 8.724E+00
  3.565719E+00 1.236E+01
  3.566458E+00 1.455E+01
  3.566825E+00 1.510E+01
  3.567190E+00 1.506E+01
  3.567554E+00 1.440E+01
  3.567915E+00 1.325E+01
  3.568989E+00 8.801E+00
  3.569344E+00 7.486E+00
  3.569697E+00 6.353E+00
  3.570048E+00 5.401E+00
  3.570397E+00 4.610E+00
  3.570745E+00 3.959E+00
  3.571091E+00 3.423E+00
  3.571435E+00 2.983E+00
  3.571777E+00 2.620E+00
  3.572118E+00 2.322E+00
  3.572457E+00 2.076E+00
  3.573131E+00 1.706E+00
  3.573798E+00 1.460E+00
  3.574459E+00 1.304E+00
  3.575113E+00 1.221E+00
  3.575761E+00 1.201E+00
  3.576403E+00 1.240E+00
  3.577039E+00 1.342E+00
  3.577669E+00 1.515E+00
  3.578293E+00 1.769E+00
  3.578911E+00 2.115E+00
  3.579827E+00 2.785E+00
  3.580731E+00 3.461E+00
  3.581326E+00 3.714E+00
  3.581916E+00 3.687E+00
  3.582500E+00 3.402E+00
  3.584222E+00 2.075E+00
  3.585065E+00 1.537E+00
  3.585897E+00 1.115E+00
  3.586445E+00 8.856E-01
  3.586717E+00 7.953E-01
  3.586988E+00 7.577E-01
  3.587258E+00 9.338E-01
  3.587527E+00 2.612E+00
  3.587794E+00 7.747E+01
  3.588060E+00 1.340E+01
  3.588325E+00 4.167E+00
  3.588589E+00 2.502E+00
  3.588852E+00 1.857E+00
  3.589113E+00 1.518E+00
  3.589373E+00 1.306E+00
  3.589633E+00 1.159E+00
  3.589891E+00 1.050E+00
  3.590403E+00 8.948E-01
  3.591164E+00 7.452E-01
  3.591914E+00 6.449E-01
  3.593144E+00 5.325E-01
  3.594584E+00 4.452E-01
  3.596447E+00 3.699E-01
  3.598689E+00 3.105E-01
  3.601467E+00 2.626E-01
  3.605651E+00 2.163E-01
  3.608431E+00 1.855E-01
  3.609497E+00 1.643E-01
  3.610195E+00 1.416E-01
  3.610711E+00 1.231E-01
  3.610881E+00 1.239E-01
  3.611051E+00 1.427E-01
  3.611221E+00 2.214E-01
  3.611389E+00 5.546E-01
  3.611557E+00 2.850E+00
  3.611725E+00 1.447E+02
  3.611892E+00 7.033E+00
  3.612058E+00 2.435E+00
  3.612223E+00 1.464E+00
  3.612388E+00 1.086E+00
  3.612552E+00 8.969E-01
  3.612716E+00 7.880E-01
  3.612879E+00 7.207E-01
  3.613041E+00 6.778E-01
  3.613364E+00 6.350E-01
  3.613685E+00 6.278E-01
  3.614003E+00 6.473E-01
  3.614318E+00 6.937E-01
  3.614632E+00 7.745E-01
  3.614943E+00 9.070E-01
  3.615097E+00 1.003E+00
  3.615251E+00 1.127E+00
  3.615405E+00 1.290E+00
  3.615558E+00 1.508E+00
  3.615710E+00 1.800E+00
  3.615862E+00 2.193E+00
  3.616013E+00 2.709E+00
  3.616314E+00 3.929E+00
  3.616463E+00 4.220E+00
  3.616612E+00 3.965E+00
  3.616761E+00 3.293E+00
  3.616908E+00 2.541E+00
  3.617056E+00 1.916E+00
  3.617203E+00 1.455E+00
  3.617349E+00 1.129E+00
  3.617495E+00 8.988E-01
  3.617640E+00 7.349E-01
  3.617784E+00 6.158E-01
  3.617929E+00 5.278E-01
  3.618072E+00 4.616E-01
  3.618215E+00 4.108E-01
  3.618358E+00 3.713E-01
  3.618641E+00 3.153E-01
  3.618923E+00 2.789E-01
  3.619341E+00 2.451E-01
  3.619892E+00 2.206E-01
  3.620704E+00 2.044E-01
  3.622533E+00 1.903E-01
  3.623039E+00 1.763E-01
  3.623414E+00 1.616E-01
  3.623538E+00 1.621E-01
  3.623661E+00 1.748E-01
  3.623785E+00 2.171E-01
  3.623908E+00 3.300E-01
  3.624030E+00 6.136E-01
  3.624152E+00 1.308E+00
  3.624273E+00 2.830E+00
  3.624395E+00 4.916E+00
  3.624515E+00 5.469E+00
  3.624636E+00 4.476E+00
  3.624756E+00 3.398E+00
  3.624875E+00 2.612E+00
  3.624994E+00 2.062E+00
  3.625113E+00 1.665E+00
  3.625231E+00 1.369E+00
  3.625349E+00 1.143E+00
  3.625466E+00 9.651E-01
  3.625583E+00 8.242E-01
  3.625700E+00 7.111E-01
  3.625816E+00 6.197E-01
  3.625932E+00 5.453E-01
  3.626048E+00 4.844E-01
  3.626278E+00 3.926E-01
  3.626506E+00 3.293E-01
  3.626733E+00 2.851E-01
  3.626958E+00 2.550E-01
  3.627181E+00 2.378E-01
  3.627293E+00 2.356E-01
  3.627404E+00 2.410E-01
  3.627514E+00 2.619E-01
  3.627624E+00 3.229E-01
  3.627734E+00 5.298E-01
  3.627844E+00 1.683E+00
  3.627953E+00 5.156E+00
  3.628061E+00 1.180E+00
  3.628170E+00 5.452E-01
  3.628278E+00 3.691E-01
  3.628385E+00 2.949E-01
  3.628493E+00 2.557E-01
  3.628600E+00 2.319E-01
  3.628706E+00 2.159E-01
  3.628918E+00 1.959E-01
  3.629234E+00 1.792E-01
  3.629856E+00 1.631E-01
  3.630965E+00 1.514E-01
  3.632883E+00 1.465E-01
  3.634946E+00 1.522E-01
  3.636214E+00 1.617E-01
  3.636296E+00 1.646E-01
  3.636378E+00 1.710E-01
  3.636460E+00 1.853E-01
  3.636542E+00 2.205E-01
  3.636624E+00 3.174E-01
  3.636705E+00 6.451E-01
  3.636786E+00 2.368E+00
  3.636867E+00 3.799E+01
  3.636947E+00 1.336E+01
  3.637027E+00 3.788E+00
  3.637108E+00 2.227E+00
  3.637187E+00 1.710E+00
  3.637267E+00 1.502E+00
  3.637346E+00 1.429E+00
  3.637425E+00 1.436E+00
  3.637504E+00 1.503E+00
  3.637583E+00 1.624E+00
  3.637661E+00 1.800E+00
  3.637739E+00 2.035E+00
  3.637972E+00 2.956E+00
  3.638050E+00 3.146E+00
  3.638127E+00 3.128E+00
  3.638203E+00 2.885E+00
  3.638432E+00 1.690E+00
  3.638508E+00 1.375E+00
  3.638584E+00 1.127E+00
  3.638659E+00 9.366E-01
  3.638735E+00 7.898E-01
  3.638810E+00 6.763E-01
  3.638884E+00 5.878E-01
  3.638959E+00 5.180E-01
  3.639033E+00 4.624E-01
  3.639107E+00 4.175E-01
  3.639255E+00 3.509E-01
  3.639402E+00 3.051E-01
  3.639620E+00 2.597E-01
  3.639837E+00 2.308E-01
  3.640193E+00 2.023E-01
  3.640684E+00 1.821E-01
  3.641704E+00 1.570E-01
  3.641771E+00 1.576E-01
  3.641837E+00 1.615E-01
  3.641903E+00 1.717E-01
  3.641969E+00 1.945E-01
  3.642034E+00 2.423E-01
  3.642100E+00 3.412E-01
  3.642165E+00 5.479E-01
  3.642231E+00 9.890E-01
  3.642295E+00 1.923E+00
  3.642360E+00 3.601E+00
  3.642425E+00 5.105E+00
  3.642489E+00 4.777E+00
  3.642554E+00 3.578E+00
  3.642618E+00 2.588E+00
  3.642682E+00 1.921E+00
  3.642745E+00 1.472E+00
  3.642809E+00 1.161E+00
  3.642872E+00 9.378E-01
  3.642935E+00 7.724E-01
  3.642998E+00 6.472E-01
  3.643061E+00 5.508E-01
  3.643124E+00 4.755E-01
  3.643186E+00 4.161E-01
  3.643249E+00 3.688E-01
  3.643311E+00 3.307E-01
  3.643435E+00 2.747E-01
  3.643558E+00 2.370E-01
  3.643680E+00 2.113E-01
  3.643863E+00 1.879E-01
  3.643983E+00 1.808E-01
  3.644043E+00 1.807E-01
  3.644103E+00 1.845E-01
  3.644163E+00 1.963E-01
  3.644223E+00 2.288E-01
  3.644282E+00 3.390E-01
  3.644342E+00 1.005E+00
  3.644401E+00 1.511E+00
  3.644460E+00 4.001E-01
  3.644519E+00 2.366E-01
  3.644577E+00 1.889E-01
  3.644636E+00 1.685E-01
  3.644694E+00 1.576E-01
  3.644811E+00 1.465E-01
  3.645041E+00 1.375E-01
  3.645607E+00 1.308E-01
  3.646642E+00 1.309E-01
  3.647525E+00 1.393E-01
  3.648027E+00 1.517E-01
  3.648370E+00 1.686E-01
  3.648612E+00 1.897E-01
  3.648803E+00 2.174E-01
  3.648945E+00 2.496E-01
  3.649040E+00 2.802E-01
  3.649133E+00 3.227E-01
  3.649180E+00 3.509E-01
  3.649226E+00 3.866E-01
  3.649273E+00 4.346E-01
  3.649319E+00 5.080E-01
  3.649365E+00 6.490E-01
  3.649412E+00 1.048E+00
  3.649457E+00 3.205E+00
  3.649503E+00 5.484E+01
  3.649549E+00 1.405E+01
  3.649595E+00 5.789E+00
  3.649640E+00 4.312E+00
  3.649686E+00 3.834E+00
  3.649776E+00 3.232E+00
  3.649911E+00 1.975E+00
  3.649956E+00 1.619E+00
  3.650000E+00 1.331E+00
  3.650045E+00 1.104E+00
  3.650089E+00 9.282E-01
  3.650134E+00 7.912E-01
  3.650178E+00 6.838E-01
  3.650222E+00 5.989E-01
  3.650266E+00 5.311E-01
  3.650353E+00 4.316E-01
  3.650441E+00 3.641E-01
  3.650527E+00 3.166E-01
  3.650657E+00 2.684E-01
  3.650785E+00 2.368E-01
  3.650955E+00 2.097E-01
  3.651206E+00 1.861E-01
  3.651536E+00 1.706E-01
  3.651860E+00 1.651E-01
  3.651980E+00 1.690E-01
  3.652059E+00 1.812E-01
  3.652098E+00 1.955E-01
  3.652138E+00 2.223E-01
  3.652177E+00 2.743E-01
  3.652216E+00 3.822E-01
  3.652256E+00 6.273E-01
  3.652295E+00 1.260E+00
  3.652334E+00 3.083E+00
  3.652373E+00 6.481E+00
  3.652411E+00 5.375E+00
  3.652450E+00 3.026E+00
  3.652489E+00 1.884E+00
  3.652527E+00 1.319E+00
  3.652566E+00 9.982E-01
  3.652604E+00 7.945E-01
  3.652642E+00 6.534E-01
  3.652680E+00 5.497E-01
  3.652718E+00 4.704E-01
  3.652756E+00 4.082E-01
  3.652794E+00 3.586E-01
  3.652832E+00 3.186E-01
  3.652870E+00 2.862E-01
  3.652945E+00 2.381E-01
  3.653020E+00 2.058E-01
  3.653094E+00 1.839E-01
  3.653205E+00 1.635E-01
  3.653316E+00 1.531E-01
  3.653425E+00 1.516E-01
  3.653462E+00 1.540E-01
  3.653498E+00 1.594E-01
  3.653534E+00 1.702E-01
  3.653570E+00 1.932E-01
  3.653606E+00 2.509E-01
  3.653642E+00 4.533E-01
  3.653678E+00 1.422E+00
  3.653714E+00 7.192E-01
  3.653749E+00 2.826E-01
  3.653785E+00 1.890E-01
  3.653821E+00 1.571E-01
  3.653856E+00 1.427E-01
  3.653891E+00 1.351E-01
  3.653997E+00 1.256E-01
  3.654241E+00 1.206E-01
  3.654883E+00 1.215E-01
  3.655434E+00 1.299E-01
  3.655749E+00 1.420E-01
  3.655966E+00 1.586E-01
  3.656119E+00 1.796E-01
  3.656239E+00 2.075E-01
  3.656329E+00 2.401E-01
  3.656389E+00 2.713E-01
  3.656448E+00 3.143E-01
  3.656508E+00 3.755E-01
  3.656567E+00 4.657E-01
  3.656596E+00 5.271E-01
  3.656625E+00 6.038E-01
  3.656654E+00 7.005E-01
  3.656684E+00 8.237E-01
  3.656713E+00 9.814E-01
  3.656742E+00 1.184E+00
  3.656771E+00 1.448E+00
  3.656800E+00 1.802E+00
  3.656828E+00 2.352E+00
  3.656857E+00 3.693E+00
  3.656886E+00 1.347E+01
  3.656915E+00 3.853E+01
  3.656943E+00 5.615E+00
  3.656972E+00 2.910E+00
  3.657000E+00 2.018E+00
  3.657029E+00 1.543E+00
  3.657057E+00 1.235E+00
  3.657085E+00 1.017E+00
  3.657114E+00 8.562E-01
  3.657142E+00 7.340E-01
  3.657170E+00 6.392E-01
  3.657198E+00 5.643E-01
  3.657226E+00 5.043E-01
  3.657282E+00 4.155E-01
  3.657338E+00 3.543E-01
  3.657393E+00 3.105E-01
  3.657476E+00 2.653E-01
  3.657558E+00 2.351E-01
  3.657693E+00 2.035E-01
  3.657854E+00 1.825E-01
  3.658066E+00 1.693E-01
  3.658222E+00 1.681E-01
  3.658325E+00 1.760E-01
  3.658377E+00 1.889E-01
  3.658402E+00 2.012E-01
  3.658428E+00 2.215E-01
  3.658453E+00 2.571E-01
  3.658479E+00 3.248E-01
  3.658504E+00 4.690E-01
  3.658529E+00 8.337E-01
  3.658555E+00 2.033E+00
  3.658580E+00 6.623E+00
  3.658605E+00 6.273E+00
  3.658630E+00 2.514E+00
  3.658655E+00 1.343E+00
  3.658680E+00 8.902E-01
  3.658705E+00 6.675E-01
  3.658730E+00 5.379E-01
  3.658755E+00 4.527E-01
  3.658779E+00 3.917E-01
  3.658804E+00 3.450E-01
  3.658853E+00 2.775E-01
  3.658903E+00 2.313E-01
  3.658952E+00 1.991E-01
  3.659000E+00 1.768E-01
  3.659073E+00 1.556E-01
  3.659145E+00 1.440E-01
  3.659241E+00 1.379E-01
  3.659312E+00 1.398E-01
  3.659360E+00 1.468E-01
  3.659383E+00 1.542E-01
  3.659407E+00 1.669E-01
  3.659430E+00 1.913E-01
  3.659454E+00 2.459E-01
  3.659477E+00 4.073E-01
  3.659500E+00 1.045E+00
  3.659524E+00 8.923E-01
  3.659547E+00 3.190E-01
  3.659570E+00 1.914E-01
  3.659593E+00 1.513E-01
  3.659616E+00 1.345E-01
  3.659639E+00 1.262E-01
  3.659685E+00 1.188E-01
  3.659800E+00 1.142E-01
  3.660223E+00 1.157E-01
  3.660589E+00 1.237E-01
  3.660799E+00 1.350E-01
  3.660944E+00 1.508E-01
  3.661046E+00 1.708E-01
  3.661127E+00 1.975E-01
  3.661187E+00 2.290E-01
  3.661227E+00 2.591E-01
  3.661267E+00 3.008E-01
  3.661287E+00 3.278E-01
  3.661326E+00 3.997E-01
  3.661346E+00 4.481E-01
  3.661366E+00 5.080E-01
  3.661385E+00 5.830E-01
  3.661405E+00 6.777E-01
  3.661425E+00 7.982E-01
  3.661444E+00 9.523E-01
  3.661464E+00 1.149E+00
  3.661483E+00 1.395E+00
  3.661503E+00 1.693E+00
  3.661561E+00 2.687E+00
  3.661580E+00 2.971E+00
  3.661600E+00 3.411E+00
  3.661619E+00 4.853E+00
  3.661638E+00 1.539E+01
  3.661657E+00 3.487E+01
  3.661676E+00 4.163E+00
  3.661695E+00 1.832E+00
  3.661715E+00 1.197E+00
  3.661734E+00 9.100E-01
  3.661753E+00 7.431E-01
  3.661772E+00 6.316E-01
  3.661790E+00 5.509E-01
  3.661809E+00 4.896E-01
  3.661828E+00 4.414E-01
  3.661866E+00 3.706E-01
  3.661903E+00 3.217E-01
  3.661959E+00 2.721E-01
  3.662015E+00 2.395E-01
  3.662089E+00 2.110E-01
  3.662198E+00 1.859E-01
  3.662342E+00 1.700E-01
  3.662467E+00 1.679E-01
  3.662537E+00 1.757E-01
  3.662572E+00 1.865E-01
  3.662590E+00 1.958E-01
  3.662607E+00 2.101E-01
  3.662625E+00 2.327E-01
  3.662642E+00 2.711E-01
  3.662659E+00 3.425E-01
  3.662677E+00 4.936E-01
  3.662694E+00 8.863E-01
  3.662711E+00 2.312E+00
  3.662728E+00 8.241E+00
  3.662746E+00 4.477E+00
  3.662763E+00 1.626E+00
  3.662780E+00 8.799E-01
  3.662797E+00 5.968E-01
  3.662814E+00 4.585E-01
  3.662831E+00 3.790E-01
  3.662848E+00 3.273E-01
  3.662865E+00 2.906E-01
  3.662882E+00 2.626E-01
  3.662916E+00 2.216E-01
  3.662949E+00 1.926E-01
  3.663000E+00 1.635E-01
  3.663050E+00 1.463E-01
  3.663116E+00 1.348E-01
  3.663198E+00 1.314E-01
  3.663247E+00 1.347E-01
  3.663279E+00 1.413E-01
  3.663296E+00 1.471E-01
  3.663312E+00 1.564E-01
  3.663328E+00 1.719E-01
  3.663344E+00 2.010E-01
  3.663360E+00 2.653E-01
  3.663376E+00 4.506E-01
  3.663392E+00 1.066E+00
  3.663408E+00 7.616E-01
  3.663424E+00 2.926E-01
  3.663440E+00 1.791E-01
  3.663456E+00 1.423E-01
  3.663472E+00 1.269E-01
  3.663488E+00 1.194E-01
  3.663520E+00 1.131E-01
  3.663598E+00 1.097E-01
  3.663951E+00 1.138E-01
  3.664174E+00 1.229E-01
  3.664305E+00 1.357E-01
  3.664391E+00 1.520E-01
  3.664448E+00 1.701E-01
  3.664491E+00 1.908E-01
  3.664533E+00 2.216E-01
  3.664561E+00 2.513E-01
  3.664589E+00 2.925E-01
  3.664617E+00 3.516E-01
  3.664631E+00 3.909E-01
  3.664645E+00 4.393E-01
  3.664659E+00 4.994E-01
  3.664673E+00 5.749E-01
  3.664686E+00 6.705E-01
  3.664700E+00 7.924E-01
  3.664714E+00 9.485E-01
  3.664728E+00 1.147E+00
  3.664741E+00 1.396E+00
  3.664769E+00 2.024E+00
  3.664782E+00 2.337E+00
  3.664796E+00 2.566E+00
  3.664810E+00 2.669E+00
  3.664837E+00 2.666E+00
  3.664850E+00 2.856E+00
  3.664864E+00 3.773E+00
  3.664877E+00 8.864E+00
  3.664891E+00 6.432E+01
  3.664904E+00 6.280E+00
  3.664918E+00 2.004E+00
  3.664931E+00 1.139E+00
  3.664945E+00 8.135E-01
  3.664958E+00 6.474E-01
  3.664971E+00 5.458E-01
  3.664985E+00 4.764E-01
  3.664998E+00 4.255E-01
  3.665011E+00 3.863E-01
  3.665024E+00 3.551E-01
  3.665064E+00 2.906E-01
  3.665103E+00 2.509E-01
  3.665156E+00 2.174E-01
  3.665221E+00 1.923E-01
  3.665310E+00 1.734E-01
  3.665399E+00 1.663E-01
  3.665462E+00 1.697E-01
  3.665500E+00 1.796E-01
  3.665525E+00 1.949E-01
  3.665537E+00 2.083E-01
  3.665549E+00 2.291E-01
  3.665562E+00 2.630E-01
  3.665574E+00 3.235E-01
  3.665587E+00 4.452E-01
  3.665599E+00 7.405E-01
  3.665611E+00 1.722E+00
  3.665623E+00 6.437E+00
  3.665636E+00 5.245E+00
  3.665648E+00 1.627E+00
  3.665660E+00 8.032E-01
  3.665672E+00 5.209E-01
  3.665685E+00 3.921E-01
  3.665697E+00 3.219E-01
  3.665709E+00 2.785E-01
  3.665721E+00 2.488E-01
  3.665733E+00 2.270E-01
  3.665757E+00 1.960E-01
  3.665793E+00 1.658E-01
  3.665829E+00 1.470E-01
  3.665877E+00 1.336E-01
  3.665936E+00 1.279E-01
  3.665994E+00 1.305E-01
  3.666029E+00 1.384E-01
  3.666053E+00 1.510E-01
  3.666064E+00 1.628E-01
  3.666076E+00 1.829E-01
  3.666087E+00 2.217E-01
  3.666099E+00 3.118E-01
  3.666110E+00 5.849E-01
  3.666122E+00 1.138E+00
  3.666133E+00 5.169E-01
  3.666145E+00 2.334E-01
  3.666156E+00 1.579E-01
  3.666168E+00 1.312E-01
  3.666179E+00 1.196E-01
  3.666190E+00 1.138E-01
  3.666224E+00 1.080E-01
  3.666359E+00 1.078E-01
  3.666599E+00 1.152E-01
  3.666716E+00 1.250E-01
  3.666790E+00 1.378E-01
  3.666842E+00 1.539E-01
  3.666883E+00 1.752E-01
  3.666914E+00 2.000E-01
  3.666945E+00 2.383E-01
  3.666965E+00 2.763E-01
  3.666985E+00 3.306E-01
  3.667006E+00 4.110E-01
  3.667016E+00 4.659E-01
  3.667026E+00 5.348E-01
  3.667036E+00 6.219E-01
  3.667046E+00 7.329E-01
  3.667056E+00 8.753E-01
  3.667066E+00 1.058E+00
  3.667083E+00 1.488E+00
  3.677073E+00 8.756E-01
  3.677083E+00 6.297E-01
  3.702027E+00 5.020E-01
  3.726970E+00 4.349E-01
  3.751913E+00 3.861E-01
  3.776857E+00 3.489E-01
  3.801800E+00 3.257E-01
  3.826743E+00 3.149E-01
  4.001346E+00 3.066E-01
  4.151006E+00 3.162E-01
  4.400439E+00 3.053E-01
  5.148739E+00 2.229E-01
  5.822208E+00 1.645E-01
  6.121528E+00 1.454E-01
  6.245193E+00 1.369E-01
  6.371350E+00 1.290E-01
  6.500059E+00 1.214E-01
  6.631372E+00 1.144E-01
  6.765336E+00 1.077E-01
  6.902002E+00 1.014E-01
  7.041430E+00 9.553E-02
  7.183677E+00 8.997E-02
  7.328796E+00 8.473E-02
  7.476852E+00 7.980E-02
  7.627892E+00 7.515E-02
  7.781984E+00 7.077E-02
  7.939195E+00 6.665E-02
  8.099574E+00 6.277E-02
  8.263194E+00 5.912E-02
  8.430124E+00 5.567E-02
  8.600423E+00 5.243E-02
  8.774166E+00 4.938E-02
  8.951412E+00 4.650E-02
  9.132248E+00 4.379E-02
  9.316728E+00 4.124E-02
  9.504936E+00 3.884E-02
  9.696953E+00 3.658E-02
  9.892844E+00 3.445E-02
  1.009269E+01 3.244E-02
  1.029658E+01 3.055E-02
  1.050459E+01 2.877E-02
  1.071679E+01 2.710E-02
  1.093328E+01 2.552E-02
  1.115415E+01 2.403E-02
  1.137948E+01 2.263E-02
  1.160936E+01 2.132E-02
  1.184389E+01 2.008E-02
  1.208315E+01 1.891E-02
  1.232724E+01 1.781E-02
  1.257627E+01 1.677E-02
  1.283033E+01 1.579E-02
  1.308952E+01 1.487E-02
  1.335394E+01 1.401E-02
  1.362371E+01 1.319E-02
  1.389892E+01 1.242E-02
  1.417970E+01 1.170E-02
  1.446615E+01 1.102E-02
  1.475839E+01 1.038E-02
  1.505653E+01 9.772E-03
  1.536069E+01 9.203E-03
  1.567100E+01 8.667E-03
  1.598757E+01 8.162E-03
  1.631053E+01 7.687E-03
  1.664003E+01 7.239E-03
  1.697617E+01 6.817E-03
  1.731912E+01 6.420E-03
  1.766899E+01 6.047E-03
  1.802592E+01 5.694E-03
  1.839008E+01 5.363E-03
  1.876158E+01 5.051E-03
  1.914058E+01 4.756E-03
  1.952725E+01 4.479E-03
  1.992172E+01 4.219E-03
  2.032417E+01 3.973E-03
  2.073474E+01 3.742E-03
  2.115363E+01 3.524E-03
  2.158095E+01 3.318E-03
  2.201692E+01 3.125E-03
  2.246167E+01 2.943E-03
  2.291545E+01 2.772E-03
  2.337836E+01 2.610E-03
  2.385063E+01 2.458E-03
  2.433244E+01 2.315E-03
  2.482401E+01 2.180E-03
      23   2   2   100    4  -6.69194E-02    1389
  5.679301E-02 2.792E+01
  6.679302E-02 2.136E+01
  1.180777E-01 7.828E+00
  1.680585E-01 4.035E+00
  2.167792E-01 2.483E+00
  2.642819E-01 1.705E+00
  3.106067E-01 1.254E+00
  3.557924E-01 9.617E-01
  3.998759E-01 7.576E-01
  4.428928E-01 6.097E-01
  4.848773E-01 5.008E-01
  5.258621E-01 4.201E-01
  5.658787E-01 3.599E-01
  6.049574E-01 3.143E-01
  6.431272E-01 2.787E-01
  7.168512E-01 2.261E-01
  8.212862E-01 1.702E-01
  9.189109E-01 1.299E-01
  1.010305E+00 1.022E-01
  1.095987E+00 8.458E-02
  1.202145E+00 7.030E-02
  1.513269E+00 4.101E-02
  1.623223E+00 3.274E-02
  1.721903E+00 2.742E-02
  1.838481E+00 2.336E-02
  2.119172E+00 1.635E-02
  2.413509E+00 7.480E-03
  2.527882E+00 4.197E-03
  2.568893E+00 2.789E-03
  2.592599E+00 1.822E-03
  2.620671E+00 5.335E-04
  2.623635E+00 4.044E-04
  2.626570E+00 2.848E-04
  2.629476E+00 1.784E-04
  2.632353E+00 9.050E-05
  2.635202E+00 2.798E-05
  2.638023E+00 3.875E-07
  2.640816E+00 2.088E-05
  2.643582E+00 1.079E-04
  2.646322E+00 2.876E-04
  2.649035E+00 5.980E-04
  2.651721E+00 1.095E-03
  2.654382E+00 1.862E-03
  2.657017E+00 3.032E-03
  2.659627E+00 4.814E-03
  2.662213E+00 7.562E-03
  2.664773E+00 1.189E-02
  2.667310E+00 1.896E-02
  2.669822E+00 3.111E-02
  2.672311E+00 5.359E-02
  2.674777E+00 9.999E-02
  2.677219E+00 2.139E-01
  2.679639E+00 5.906E-01
  2.682036E+00 2.627E+00
  2.684411E+00 3.722E+00
  2.686765E+00 9.745E-01
  2.689096E+00 4.139E-01
  2.691406E+00 2.344E-01
  2.693695E+00 1.551E-01
  2.695963E+00 1.127E-01
  2.698211E+00 8.720E-02
  2.700438E+00 7.052E-02
  2.702645E+00 5.891E-02
  2.704832E+00 5.045E-02
  2.707000E+00 4.406E-02
  2.709148E+00 3.909E-02
  2.711277E+00 3.513E-02
  2.715478E+00 2.924E-02
  2.719605E+00 2.509E-02
  2.725660E+00 2.077E-02
  2.731559E+00 1.780E-02
  2.739189E+00 1.502E-02
  2.750154E+00 1.226E-02
  2.763938E+00 9.897E-03
  2.779939E+00 7.959E-03
  2.800292E+00 6.132E-03
  2.823427E+00 4.524E-03
  2.840481E+00 3.604E-03
  2.849866E+00 3.287E-03
  2.855802E+00 3.285E-03
  2.858679E+00 3.421E-03
  2.861498E+00 3.749E-03
  2.863346E+00 4.173E-03
  2.864260E+00 4.494E-03
  2.865168E+00 4.932E-03
  2.866070E+00 5.544E-03
  2.866966E+00 6.435E-03
  2.867856E+00 7.802E-03
  2.868741E+00 1.007E-02
  2.869619E+00 1.431E-02
  2.870491E+00 2.395E-02
  2.871358E+00 5.606E-02
  2.872219E+00 3.972E-01
  2.873074E+00 4.362E-01
  2.873924E+00 3.767E-02
  2.874768E+00 1.130E-02
  2.875607E+00 4.843E-03
  2.876440E+00 2.471E-03
  2.877267E+00 1.400E-03
  2.878090E+00 8.521E-04
  2.878907E+00 5.479E-04
  2.879718E+00 3.687E-04
  2.880524E+00 2.585E-04
  2.881326E+00 1.884E-04
  2.882122E+00 1.428E-04
  2.882913E+00 1.127E-04
  2.883698E+00 9.255E-05
  2.884479E+00 7.922E-05
  2.885255E+00 7.062E-05
  2.886026E+00 6.548E-05
  2.886792E+00 6.297E-05
  2.887553E+00 6.259E-05
  2.888309E+00 6.401E-05
  2.889061E+00 6.706E-05
  2.889808E+00 7.165E-05
  2.890550E+00 7.777E-05
  2.892020E+00 9.464E-05
  2.893472E+00 1.182E-04
  2.894906E+00 1.491E-04
  2.896322E+00 1.885E-04
  2.897721E+00 2.373E-04
  2.899102E+00 2.968E-04
  2.900467E+00 3.684E-04
  2.902483E+00 5.018E-04
  2.904463E+00 6.717E-04
  2.906407E+00 8.852E-04
  2.908316E+00 1.151E-03
  2.910192E+00 1.479E-03
  2.912034E+00 1.884E-03
  2.913844E+00 2.383E-03
  2.915623E+00 2.999E-03
  2.917370E+00 3.762E-03
  2.919088E+00 4.713E-03
  2.920776E+00 5.910E-03
  2.922435E+00 7.436E-03
  2.924066E+00 9.414E-03
  2.925670E+00 1.203E-02
  2.927247E+00 1.558E-02
  2.928283E+00 1.871E-02
  2.929308E+00 2.271E-02
  2.930322E+00 2.794E-02
  2.931325E+00 3.498E-02
  2.931822E+00 3.945E-02
  2.932316E+00 4.477E-02
  2.932808E+00 5.119E-02
  2.933297E+00 5.903E-02
  2.933783E+00 6.876E-02
  2.934267E+00 8.103E-02
  2.934748E+00 9.684E-02
  2.935226E+00 1.177E-01
  2.935702E+00 1.461E-01
  2.936176E+00 1.863E-01
  2.936646E+00 2.457E-01
  2.937114E+00 3.391E-01
  2.937580E+00 4.987E-01
  2.938043E+00 8.054E-01
  2.938504E+00 1.510E+00
  2.938962E+00 3.677E+00
  2.939418E+00 1.280E+01
  2.939871E+00 1.119E+01
  2.940322E+00 3.160E+00
  2.940770E+00 1.294E+00
  2.941217E+00 6.785E-01
  2.941660E+00 4.100E-01
  2.942102E+00 2.710E-01
  2.942541E+00 1.903E-01
  2.942977E+00 1.396E-01
  2.943412E+00 1.058E-01
  2.943844E+00 8.215E-02
  2.944274E+00 6.507E-02
  2.944702E+00 5.234E-02
  2.945127E+00 4.262E-02
  2.945550E+00 3.506E-02
  2.945971E+00 2.907E-02
  2.946390E+00 2.426E-02
  2.946807E+00 2.035E-02
  2.947221E+00 1.713E-02
  2.947633E+00 1.447E-02
  2.948044E+00 1.223E-02
  2.948452E+00 1.036E-02
  2.948858E+00 8.766E-03
  2.949262E+00 7.412E-03
  2.949663E+00 6.256E-03
  2.950063E+00 5.265E-03
  2.950461E+00 4.413E-03
  2.950857E+00 3.681E-03
  2.951250E+00 3.051E-03
  2.951642E+00 2.508E-03
  2.952032E+00 2.042E-03
  2.952419E+00 1.643E-03
  2.952805E+00 1.302E-03
  2.953189E+00 1.013E-03
  2.953571E+00 7.697E-04
  2.953951E+00 5.673E-04
  2.954329E+00 4.015E-04
  2.954705E+00 2.687E-04
  2.955079E+00 1.656E-04
  2.955452E+00 8.942E-05
  2.955822E+00 3.783E-05
  2.956191E+00 8.663E-06
  2.956558E+00 2.993E-08
  2.956923E+00 1.026E-05
  2.957286E+00 3.786E-05
  2.957647E+00 8.148E-05
  2.958007E+00 1.399E-04
  2.958365E+00 2.120E-04
  2.958721E+00 2.967E-04
  2.959075E+00 3.931E-04
  2.959428E+00 5.002E-04
  2.960128E+00 7.431E-04
  2.961165E+00 1.167E-03
  2.962860E+00 1.971E-03
  2.965166E+00 3.068E-03
  2.966131E+00 3.402E-03
  2.967082E+00 3.553E-03
  2.967709E+00 3.503E-03
  2.968330E+00 3.288E-03
  2.968945E+00 2.870E-03
  2.969250E+00 2.574E-03
  2.969554E+00 2.218E-03
  2.969856E+00 1.804E-03
  2.970755E+00 4.044E-04
  2.971052E+00 7.094E-05
  2.971348E+00 4.283E-05
  2.971642E+00 6.773E-04
  2.971935E+00 2.705E-03
  2.972226E+00 7.758E-03
  2.972516E+00 2.017E-02
  2.972805E+00 5.817E-02
  2.973092E+00 3.736E+02
  2.973378E+00 9.448E-02
  2.973663E+00 4.115E-01
  2.973947E+00 2.219E+00
  2.974229E+00 4.142E+02
  2.974510E+00 5.656E+00
  2.974789E+00 1.619E+00
  2.975068E+00 8.638E-01
  2.975345E+00 5.840E-01
  2.975621E+00 4.466E-01
  2.975895E+00 3.679E-01
  2.976169E+00 3.183E-01
  2.976441E+00 2.851E-01
  2.976712E+00 2.620E-01
  2.977250E+00 2.334E-01
  2.977783E+00 2.183E-01
  2.978575E+00 2.093E-01
  2.979613E+00 2.115E-01
  2.980886E+00 2.282E-01
  2.982377E+00 2.641E-01
  2.983829E+00 3.178E-01
  2.985244E+00 3.939E-01
  2.986396E+00 4.807E-01
  2.987524E+00 5.975E-01
  2.988628E+00 7.575E-01
  2.989494E+00 9.308E-01
  2.990347E+00 1.163E+00
  2.990977E+00 1.392E+00
  2.991599E+00 1.688E+00
  2.992214E+00 2.078E+00
  2.992821E+00 2.605E+00
  2.993222E+00 3.065E+00
  2.993619E+00 3.647E+00
  2.994013E+00 4.397E+00
  2.994404E+00 5.384E+00
  2.994792E+00 6.718E+00
  2.994985E+00 7.567E+00
  2.995177E+00 8.577E+00
  2.995368E+00 9.793E+00
  2.995559E+00 1.127E+01
  2.995748E+00 1.310E+01
  2.995937E+00 1.538E+01
  2.996125E+00 1.828E+01
  2.996313E+00 2.205E+01
  2.996500E+00 2.707E+01
  2.996686E+00 3.395E+01
  2.996871E+00 4.370E+01
  2.997055E+00 5.817E+01
  2.997239E+00 8.092E+01
  2.997422E+00 1.195E+02
  2.997604E+00 1.926E+02
  2.997786E+00 3.551E+02
  2.997967E+00 8.209E+02
  2.998147E+00 2.637E+03
  2.998327E+00 3.577E+03
  2.998505E+00 1.110E+03
  2.998683E+00 4.497E+02
  2.998861E+00 2.363E+02
  2.999037E+00 1.448E+02
  2.999213E+00 9.776E+01
  2.999389E+00 7.049E+01
  2.999563E+00 5.331E+01
  2.999737E+00 4.179E+01
  2.999911E+00 3.369E+01
  3.000083E+00 2.777E+01
  3.000255E+00 2.332E+01
  3.000426E+00 1.988E+01
  3.000597E+00 1.717E+01
  3.000767E+00 1.499E+01
  3.000936E+00 1.322E+01
  3.001273E+00 1.053E+01
  3.001607E+00 8.614E+00
  3.001938E+00 7.197E+00
  3.002267E+00 6.119E+00
  3.002756E+00 4.926E+00
  3.003240E+00 4.071E+00
  3.003876E+00 3.258E+00
  3.004502E+00 2.684E+00
  3.005272E+00 2.174E+00
  3.006177E+00 1.752E+00
  3.007208E+00 1.417E+00
  3.008355E+00 1.162E+00
  3.009331E+00 1.024E+00
  3.009742E+00 1.011E+00
  3.009878E+00 1.034E+00
  3.010014E+00 1.118E+00
  3.010149E+00 1.784E+00
  3.010283E+00 3.944E-01
  3.010417E+00 6.474E-01
  3.010551E+00 7.027E-01
  3.010817E+00 7.254E-01
  3.011732E+00 6.837E-01
  3.013250E+00 6.039E-01
  3.013742E+00 6.022E-01
  3.013864E+00 6.130E-01
  3.013986E+00 6.422E-01
  3.014107E+00 7.543E-01
  3.014228E+00 1.036E+00
  3.014348E+00 3.664E-01
  3.014468E+00 4.338E-01
  3.014587E+00 4.555E-01
  3.014943E+00 4.689E-01
  3.018630E+00 3.913E-01
  3.020277E+00 3.801E-01
  3.021361E+00 3.961E-01
  3.022031E+00 4.306E-01
  3.022408E+00 4.708E-01
  3.022687E+00 5.222E-01
  3.022871E+00 5.757E-01
  3.023055E+00 6.579E-01
  3.023146E+00 7.172E-01
  3.023237E+00 7.964E-01
  3.023328E+00 9.064E-01
  3.023418E+00 1.068E+00
  3.023509E+00 1.322E+00
  3.023598E+00 1.767E+00
  3.023688E+00 2.679E+00
  3.023777E+00 5.055E+00
  3.023866E+00 1.195E+01
  3.023955E+00 7.376E+00
  3.024044E+00 1.614E+00
  3.024132E+00 4.347E-01
  3.024220E+00 1.270E-01
  3.024308E+00 3.219E-02
  3.024395E+00 4.139E-03
  3.024482E+00 2.599E-04
  3.024569E+00 5.679E-03
  3.024656E+00 1.456E-02
  3.024828E+00 3.430E-02
  3.024999E+00 5.229E-02
  3.025170E+00 6.747E-02
  3.025423E+00 8.547E-02
  3.025758E+00 1.028E-01
  3.026252E+00 1.197E-01
  3.026977E+00 1.340E-01
  3.028218E+00 1.453E-01
  3.029329E+00 1.530E-01
  3.029474E+00 1.571E-01
  3.029546E+00 1.623E-01
  3.029618E+00 1.802E-01
  3.029689E+00 2.693E-02
  3.029761E+00 1.269E-01
  3.029832E+00 1.369E-01
  3.030044E+00 1.441E-01
  3.031480E+00 1.558E-01
  3.031744E+00 1.642E-01
  3.031874E+00 1.754E-01
  3.031940E+00 1.878E-01
  3.032005E+00 2.170E-01
  3.032069E+00 3.616E-01
  3.032134E+00 6.241E-05
  3.032198E+00 7.832E-02
  3.032263E+00 1.040E-01
  3.032327E+00 1.155E-01
  3.032454E+00 1.263E-01
  3.032707E+00 1.345E-01
  3.033632E+00 1.431E-01
  3.035091E+00 1.552E-01
  3.035758E+00 1.693E-01
  3.036190E+00 1.888E-01
  3.036456E+00 2.117E-01
  3.036614E+00 2.344E-01
  3.036771E+00 2.714E-01
  3.036875E+00 3.119E-01
  3.036926E+00 3.408E-01
  3.036978E+00 3.793E-01
  3.037029E+00 4.326E-01
  3.037080E+00 5.104E-01
  3.037132E+00 6.326E-01
  3.037183E+00 8.461E-01
  3.037234E+00 1.282E+00
  3.037284E+00 2.408E+00
  3.037335E+00 5.485E+00
  3.037385E+00 3.221E+00
  3.037436E+00 7.128E-01
  3.037486E+00 1.894E-01
  3.037536E+00 5.300E-02
  3.037586E+00 1.203E-02
  3.037636E+00 9.518E-04
  3.037686E+00 6.019E-04
  3.037735E+00 4.292E-03
  3.037785E+00 9.415E-03
  3.037883E+00 2.024E-02
  3.037981E+00 2.997E-02
  3.038127E+00 4.183E-02
  3.038320E+00 5.350E-02
  3.038559E+00 6.370E-02
  3.038935E+00 7.423E-02
  3.039529E+00 8.401E-02
  3.040408E+00 9.141E-02
  3.040536E+00 9.016E-02
  3.040578E+00 8.412E-02
  3.040621E+00 1.049E-01
  3.040663E+00 9.792E-02
  3.040873E+00 9.679E-02
  3.041608E+00 1.038E-01
  3.041846E+00 1.100E-01
  3.041964E+00 1.174E-01
  3.042042E+00 1.287E-01
  3.042081E+00 1.407E-01
  3.042119E+00 1.672E-01
  3.042158E+00 2.737E-01
  3.042197E+00 5.276E-01
  3.042235E+00 2.747E-02
  3.042274E+00 5.515E-02
  3.042312E+00 6.785E-02
  3.042350E+00 7.506E-02
  3.042427E+00 8.302E-02
  3.042578E+00 9.031E-02
  3.043024E+00 9.876E-02
  3.043949E+00 1.127E-01
  3.044357E+00 1.252E-01
  3.044591E+00 1.387E-01
  3.044755E+00 1.554E-01
  3.044885E+00 1.783E-01
  3.044950E+00 1.964E-01
  3.045014E+00 2.227E-01
  3.045047E+00 2.409E-01
  3.045079E+00 2.644E-01
  3.045111E+00 2.958E-01
  3.045142E+00 3.395E-01
  3.045174E+00 4.038E-01
  3.045206E+00 5.062E-01
  3.045238E+00 6.878E-01
  3.045269E+00 1.068E+00
  3.045301E+00 2.082E+00
  3.045332E+00 4.529E+00
  3.045364E+00 2.090E+00
  3.045395E+00 4.787E-01
  3.045426E+00 1.323E-01
  3.045457E+00 3.798E-02
  3.045489E+00 8.792E-03
  3.045520E+00 7.206E-04
  3.045551E+00 4.241E-04
  3.045582E+00 3.129E-03
  3.045612E+00 6.933E-03
  3.045674E+00 1.507E-02
  3.045735E+00 2.247E-02
  3.045826E+00 3.160E-02
  3.045947E+00 4.073E-02
  3.046097E+00 4.885E-02
  3.046333E+00 5.746E-02
  3.046708E+00 6.573E-02
  3.047128E+00 7.047E-02
  3.047238E+00 6.959E-02
  3.047266E+00 6.848E-02
  3.047293E+00 6.606E-02
  3.047320E+00 5.902E-02
  3.047347E+00 8.924E-06
  3.047374E+00 9.953E-02
  3.047401E+00 8.681E-02
  3.047428E+00 8.335E-02
  3.047509E+00 8.077E-02
  3.047852E+00 8.315E-02
  3.048110E+00 8.888E-02
  3.048237E+00 9.596E-02
  3.048288E+00 1.020E-01
  3.048313E+00 1.070E-01
  3.048338E+00 1.147E-01
  3.048363E+00 1.285E-01
  3.048388E+00 1.609E-01
  3.048413E+00 3.144E-01
  3.048438E+00 1.796E-01
  3.048463E+00 1.752E-02
  3.048487E+00 4.026E-02
  3.048512E+00 5.175E-02
  3.048537E+00 5.854E-02
  3.048561E+00 6.304E-02
  3.048635E+00 7.064E-02
  3.048781E+00 7.739E-02
  3.049575E+00 9.619E-02
  3.049821E+00 1.070E-01
  3.049975E+00 1.193E-01
  3.050083E+00 1.343E-01
  3.050148E+00 1.486E-01
  3.050212E+00 1.712E-01
  3.050255E+00 1.949E-01
  3.050276E+00 2.114E-01
  3.050297E+00 2.327E-01
  3.050318E+00 2.612E-01
  3.050340E+00 3.010E-01
  3.050361E+00 3.600E-01
  3.050382E+00 4.544E-01
  3.050403E+00 6.239E-01
  3.050424E+00 9.845E-01
  3.050445E+00 1.962E+00
  3.050465E+00 4.104E+00
  3.050486E+00 1.685E+00
  3.050507E+00 3.961E-01
  3.050528E+00 1.126E-01
  3.050549E+00 3.318E-02
  3.050569E+00 7.995E-03
  3.050590E+00 7.648E-04
  3.050610E+00 2.667E-04
  3.050631E+00 2.422E-03
  3.050652E+00 5.584E-03
  3.050692E+00 1.248E-02
  3.050733E+00 1.883E-02
  3.050794E+00 2.674E-02
  3.050875E+00 3.471E-02
  3.050975E+00 4.188E-02
  3.051133E+00 4.955E-02
  3.051384E+00 5.699E-02
  3.051630E+00 6.056E-02
  3.051704E+00 5.978E-02
  3.051741E+00 5.748E-02
  3.051760E+00 5.449E-02
  3.051778E+00 4.690E-02
  3.051797E+00 7.715E-03
  3.051815E+00 1.127E-01
  3.051833E+00 8.437E-02
  3.051851E+00 7.803E-02
  3.051888E+00 7.404E-02
  3.051996E+00 7.260E-02
  3.052245E+00 7.686E-02
  3.052385E+00 8.333E-02
  3.052436E+00 8.881E-02
  3.052471E+00 9.576E-02
  3.052488E+00 1.017E-01
  3.052505E+00 1.114E-01
  3.052522E+00 1.301E-01
  3.052539E+00 1.822E-01
  3.052556E+00 7.219E-01
  3.052573E+00 4.246E-03
  3.052590E+00 2.010E-02
  3.052607E+00 3.676E-02
  3.052624E+00 4.596E-02
  3.052640E+00 5.172E-02
  3.052674E+00 5.859E-02
  3.052741E+00 6.539E-02
  3.052890E+00 7.229E-02
  3.053337E+00 8.705E-02
  3.053507E+00 9.732E-02
  3.053614E+00 1.088E-01
  3.053689E+00 1.229E-01
  3.053734E+00 1.363E-01
  3.053779E+00 1.574E-01
  3.053808E+00 1.796E-01
  3.053823E+00 1.951E-01
  3.053838E+00 2.151E-01
  3.053853E+00 2.419E-01
  3.053867E+00 2.794E-01
  3.053882E+00 3.351E-01
  3.053897E+00 4.247E-01
  3.053911E+00 5.860E-01
  3.053926E+00 9.317E-01
  3.053941E+00 1.876E+00
  3.053955E+00 3.850E+00
  3.053970E+00 1.518E+00
  3.053984E+00 3.624E-01
  3.053999E+00 1.048E-01
  3.054013E+00 3.149E-02
  3.054028E+00 7.875E-03
  3.054042E+00 8.701E-04
  3.054056E+00 1.632E-04
  3.054071E+00 1.974E-03
  3.054085E+00 4.761E-03
  3.054099E+00 7.857E-03
  3.054142E+00 1.673E-02
  3.054171E+00 2.174E-02
  3.054213E+00 2.792E-02
  3.054269E+00 3.423E-02
  3.054353E+00 4.099E-02
  3.054477E+00 4.765E-02
  3.054666E+00 5.367E-02
  3.054785E+00 5.476E-02
  3.054825E+00 5.327E-02
  3.054838E+00 5.194E-02
  3.054851E+00 4.947E-02
  3.054864E+00 4.419E-02
  3.054877E+00 2.770E-02
  3.054890E+00 3.637E-01
  3.054903E+00 9.231E-02
  3.054916E+00 7.787E-02
  3.054929E+00 7.302E-02
  3.054954E+00 6.944E-02
  3.055031E+00 6.785E-02
  3.055208E+00 7.182E-02
  3.055307E+00 7.795E-02
  3.055344E+00 8.296E-02
  3.055368E+00 8.906E-02
  3.055380E+00 9.402E-02
  3.055393E+00 1.017E-01
  3.055405E+00 1.153E-01
  3.055417E+00 1.462E-01
  3.055429E+00 2.756E-01
  3.055441E+00 1.431E+00
  3.055453E+00 4.844E-03
  3.055465E+00 2.552E-02
  3.055477E+00 3.722E-02
  3.055489E+00 4.424E-02
  3.055501E+00 4.890E-02
  3.055525E+00 5.475E-02
  3.055573E+00 6.091E-02
  3.055679E+00 6.750E-02
  3.055989E+00 8.149E-02
  3.056111E+00 9.137E-02
  3.056188E+00 1.024E-01
  3.056243E+00 1.158E-01
  3.056286E+00 1.343E-01
  3.056318E+00 1.583E-01
  3.056329E+00 1.700E-01
  3.056350E+00 2.039E-01
  3.056361E+00 2.295E-01
  3.056371E+00 2.654E-01
  3.056382E+00 3.187E-01
  3.056393E+00 4.044E-01
  3.056403E+00 5.591E-01
  3.056414E+00 8.910E-01
  3.056424E+00 1.798E+00
  3.056435E+00 3.683E+00
  3.056445E+00 1.452E+00
  3.056456E+00 3.491E-01
  3.056466E+00 1.019E-01
  3.056477E+00 3.108E-02
  3.056487E+00 8.014E-03
  3.056498E+00 9.953E-04
  3.056508E+00 9.669E-05
  3.056519E+00 1.667E-03
  3.056529E+00 4.212E-03
  3.056539E+00 7.079E-03
  3.056560E+00 1.276E-02
  3.056591E+00 2.011E-02
  3.056622E+00 2.594E-02
  3.056673E+00 3.317E-02
  3.056744E+00 4.003E-02
  3.056793E+00 4.345E-02
  3.060153E+00 2.439E+00
  3.063483E+00 1.972E+00
  3.066783E+00 1.905E+00
  3.066793E+00 1.055E+00
  3.070911E+00 9.429E-01
  3.079010E+00 7.762E-01
  3.086932E+00 6.598E-01
  3.098494E+00 5.411E-01
  3.109686E+00 4.615E-01
  3.124059E+00 3.884E-01
  3.144510E+00 3.153E-01
  3.169877E+00 2.507E-01
  3.196074E+00 2.018E-01
  3.225114E+00 1.626E-01
  3.257973E+00 1.317E-01
  3.294556E+00 1.079E-01
  3.325893E+00 9.429E-02
  3.344353E+00 9.161E-02
  3.355717E+00 9.560E-02
  3.362470E+00 1.031E-01
  3.367689E+00 1.146E-01
  3.371501E+00 1.287E-01
  3.375228E+00 1.508E-01
  3.377667E+00 1.725E-01
  3.380069E+00 2.026E-01
  3.382437E+00 2.453E-01
  3.383608E+00 2.731E-01
  3.384770E+00 3.065E-01
  3.385924E+00 3.466E-01
  3.387069E+00 3.947E-01
  3.388206E+00 4.518E-01
  3.389335E+00 5.189E-01
  3.391568E+00 6.809E-01
  3.393769E+00 8.524E-01
  3.394858E+00 9.197E-01
  3.395939E+00 9.600E-01
  3.397013E+00 9.665E-01
  3.398079E+00 9.397E-01
  3.400188E+00 8.183E-01
  3.403296E+00 6.016E-01
  3.405332E+00 4.864E-01
  3.407340E+00 3.993E-01
  3.409320E+00 3.347E-01
  3.411273E+00 2.863E-01
  3.414152E+00 2.346E-01
  3.416973E+00 1.990E-01
  3.420646E+00 1.666E-01
  3.425100E+00 1.402E-01
  3.430253E+00 1.197E-01
  3.437612E+00 1.006E-01
  3.446783E+00 8.540E-02
  3.459967E+00 7.118E-02
  3.475730E+00 5.976E-02
  3.484316E+00 5.672E-02
  3.488329E+00 5.851E-02
  3.490270E+00 6.217E-02
  3.491698E+00 6.847E-02
  3.492169E+00 7.208E-02
  3.492638E+00 7.714E-02
  3.493104E+00 8.464E-02
  3.493567E+00 9.667E-02
  3.494028E+00 1.186E-01
  3.494486E+00 1.690E-01
  3.494942E+00 3.644E-01
  3.495396E+00 1.793E+01
  3.495847E+00 1.035E-01
  3.496296E+00 1.313E-02
  3.496742E+00 1.155E-02
  3.497628E+00 1.941E-02
  3.498067E+00 2.266E-02
  3.498939E+00 2.763E-02
  3.500655E+00 3.441E-02
  3.503981E+00 4.611E-02
  3.505991E+00 5.631E-02
  3.507562E+00 6.815E-02
  3.508720E+00 8.035E-02
  3.510237E+00 1.024E-01
  3.512091E+00 1.323E-01
  3.513540E+00 1.496E-01
  3.514255E+00 1.645E-01
  3.514962E+00 1.869E-01
  3.515662E+00 2.177E-01
  3.516356E+00 2.575E-01
  3.517043E+00 3.080E-01
  3.517723E+00 3.716E-01
  3.518396E+00 4.520E-01
  3.519063E+00 5.541E-01
  3.519724E+00 6.848E-01
  3.520378E+00 8.539E-01
  3.521027E+00 1.075E+00
  3.521668E+00 1.365E+00
  3.522304E+00 1.751E+00
  3.522934E+00 2.265E+00
  3.523558E+00 2.948E+00
  3.524176E+00 3.838E+00
  3.524789E+00 4.950E+00
  3.525996E+00 7.453E+00
  3.526591E+00 8.329E+00
  3.527181E+00 8.582E+00
  3.527766E+00 8.204E+00
  3.528632E+00 6.959E+00
  3.529769E+00 5.182E+00
  3.530609E+00 4.123E+00
  3.531710E+00 3.045E+00
  3.532523E+00 2.358E+00
  3.532792E+00 2.437E+00
  3.533059E+00 2.574E+01
  3.533325E+00 8.092E+00
  3.533590E+00 4.117E+00
  3.533854E+00 3.253E+00
  3.534117E+00 2.857E+00
  3.534378E+00 2.613E+00
  3.534898E+00 2.303E+00
  3.535669E+00 2.015E+00
  3.536931E+00 1.719E+00
  3.538409E+00 1.502E+00
  3.540321E+00 1.332E+00
  3.542845E+00 1.220E+00
  3.545469E+00 1.201E+00
  3.547964E+00 1.270E+00
  3.549952E+00 1.410E+00
  3.551486E+00 1.603E+00
  3.552604E+00 1.829E+00
  3.553516E+00 2.114E+00
  3.554232E+00 2.458E+00
  3.554763E+00 2.851E+00
  3.555113E+00 3.235E+00
  3.555460E+00 3.809E+00
  3.555633E+00 4.224E+00
  3.555805E+00 4.786E+00
  3.555976E+00 5.592E+00
  3.556147E+00 6.841E+00
  3.556317E+00 8.995E+00
  3.556486E+00 1.337E+01
  3.556655E+00 2.504E+01
  3.556823E+00 8.160E+01
  3.556990E+00 2.572E+03
  3.557157E+00 8.368E+01
  3.557323E+00 2.179E+01
  3.557489E+00 1.109E+01
  3.557653E+00 7.664E+00
  3.557818E+00 6.287E+00
  3.557981E+00 5.707E+00
  3.558144E+00 5.511E+00
  3.558307E+00 5.533E+00
  3.558630E+00 5.976E+00
  3.558950E+00 6.820E+00
  3.559268E+00 8.082E+00
  3.559584E+00 9.901E+00
  3.559741E+00 1.110E+01
  3.559897E+00 1.257E+01
  3.560053E+00 1.438E+01
  3.560208E+00 1.664E+01
  3.560363E+00 1.952E+01
  3.560517E+00 2.322E+01
  3.560670E+00 2.809E+01
  3.560823E+00 3.458E+01
  3.560975E+00 4.335E+01
  3.561127E+00 5.527E+01
  3.561278E+00 7.111E+01
  3.561579E+00 1.102E+02
  3.561728E+00 1.213E+02
  3.561877E+00 1.160E+02
  3.562026E+00 9.721E+01
  3.562174E+00 7.512E+01
  3.562321E+00 5.624E+01
  3.562468E+00 4.205E+01
  3.562614E+00 3.185E+01
  3.562760E+00 2.456E+01
  3.562905E+00 1.930E+01
  3.563050E+00 1.543E+01
  3.563194E+00 1.253E+01
  3.563337E+00 1.033E+01
  3.563481E+00 8.628E+00
  3.563623E+00 7.289E+00
  3.563765E+00 6.223E+00
  3.563907E+00 5.364E+00
  3.564048E+00 4.665E+00
  3.564188E+00 4.091E+00
  3.564328E+00 3.615E+00
  3.564607E+00 2.886E+00
  3.564883E+00 2.370E+00
  3.565158E+00 1.999E+00
  3.565430E+00 1.734E+00
  3.565835E+00 1.478E+00
  3.566236E+00 1.347E+00
  3.566633E+00 1.314E+00
  3.567025E+00 1.367E+00
  3.567414E+00 1.505E+00
  3.567798E+00 1.735E+00
  3.568304E+00 2.181E+00
  3.568679E+00 2.536E+00
  3.568803E+00 2.609E+00
  3.568927E+00 2.619E+00
  3.569050E+00 2.519E+00
  3.569173E+00 2.237E+00
  3.569295E+00 1.683E+00
  3.569417E+00 8.401E-01
  3.569539E+00 2.739E-01
  3.569660E+00 1.960E+00
  3.569781E+00 5.883E+00
  3.569901E+00 8.435E+00
  3.570021E+00 9.212E+00
  3.570140E+00 9.146E+00
  3.570378E+00 8.149E+00
  3.570965E+00 4.985E+00
  3.571198E+00 3.976E+00
  3.571428E+00 3.160E+00
  3.571657E+00 2.508E+00
  3.571885E+00 1.989E+00
  3.572111E+00 1.576E+00
  3.572335E+00 1.257E+00
  3.572447E+00 1.139E+00
  3.572558E+00 1.063E+00
  3.572669E+00 1.066E+00
  3.572780E+00 1.244E+00
  3.572890E+00 1.920E+00
  3.572999E+00 4.550E+00
  3.573109E+00 2.081E+01
  3.573218E+00 7.742E+01
  3.573327E+00 1.786E+01
  3.573435E+00 7.532E+00
  3.573543E+00 4.519E+00
  3.573651E+00 3.200E+00
  3.573758E+00 2.481E+00
  3.573865E+00 2.032E+00
  3.573972E+00 1.725E+00
  3.574078E+00 1.500E+00
  3.574184E+00 1.329E+00
  3.574289E+00 1.192E+00
  3.574499E+00 9.878E-01
  3.574708E+00 8.401E-01
  3.575018E+00 6.803E-01
  3.575326E+00 5.648E-01
  3.575731E+00 4.520E-01
  3.576131E+00 3.688E-01
  3.576624E+00 2.909E-01
  3.577205E+00 2.221E-01
  3.577775E+00 1.707E-01
  3.578334E+00 1.309E-01
  3.578973E+00 9.474E-02
  3.579510E+00 7.026E-02
  3.580037E+00 5.088E-02
  3.580383E+00 4.101E-02
  3.580640E+00 3.569E-02
  3.580810E+00 3.353E-02
  3.580979E+00 3.295E-02
  3.581063E+00 3.347E-02
  3.581146E+00 3.470E-02
  3.581230E+00 3.684E-02
  3.581313E+00 4.019E-02
  3.581396E+00 4.516E-02
  3.581479E+00 5.246E-02
  3.581561E+00 6.322E-02
  3.581644E+00 7.953E-02
  3.581726E+00 1.055E-01
  3.581807E+00 1.505E-01
  3.581889E+00 2.398E-01
  3.581970E+00 4.639E-01
  3.582051E+00 1.365E+00
  3.582132E+00 1.585E+01
  3.582212E+00 4.043E+00
  3.582293E+00 9.036E-01
  3.582373E+00 4.727E-01
  3.582453E+00 3.619E-01
  3.582532E+00 3.434E-01
  3.582612E+00 3.695E-01
  3.582691E+00 4.288E-01
  3.582769E+00 5.213E-01
  3.582848E+00 6.533E-01
  3.582926E+00 8.353E-01
  3.583005E+00 1.081E+00
  3.583083E+00 1.401E+00
  3.583315E+00 2.620E+00
  3.583392E+00 2.850E+00
  3.583469E+00 2.850E+00
  3.583545E+00 2.651E+00
  3.583774E+00 1.724E+00
  3.583849E+00 1.471E+00
  3.583925E+00 1.263E+00
  3.584000E+00 1.093E+00
  3.584075E+00 9.542E-01
  3.584150E+00 8.410E-01
  3.584224E+00 7.476E-01
  3.584298E+00 6.700E-01
  3.584446E+00 5.498E-01
  3.584594E+00 4.623E-01
  3.584740E+00 3.967E-01
  3.584958E+00 3.253E-01
  3.585174E+00 2.750E-01
  3.585459E+00 2.287E-01
  3.585741E+00 1.983E-01
  3.586019E+00 1.794E-01
  3.586294E+00 1.706E-01
  3.586567E+00 1.718E-01
  3.587102E+00 1.941E-01
  3.587168E+00 1.927E-01
  3.587234E+00 1.868E-01
  3.587300E+00 1.740E-01
  3.587365E+00 1.515E-01
  3.587496E+00 8.541E-02
  3.587561E+00 1.045E-01
  3.587626E+00 3.393E-01
  3.587690E+00 9.102E-01
  3.587755E+00 1.370E+00
  3.587819E+00 1.458E+00
  3.587883E+00 1.381E+00
  3.588074E+00 1.054E+00
  3.588264E+00 7.972E-01
  3.588389E+00 6.651E-01
  3.588576E+00 5.153E-01
  3.588762E+00 4.098E-01
  3.588945E+00 3.372E-01
  3.589067E+00 3.050E-01
  3.589188E+00 2.897E-01
  3.589249E+00 2.930E-01
  3.589309E+00 3.103E-01
  3.589369E+00 3.549E-01
  3.589429E+00 4.621E-01
  3.589488E+00 7.464E-01
  3.589548E+00 1.741E+00
  3.589666E+00 1.441E+01
  3.589725E+00 3.151E+00
  3.589784E+00 1.382E+00
  3.589843E+00 8.450E-01
  3.589901E+00 6.088E-01
  3.589960E+00 4.813E-01
  3.590018E+00 4.029E-01
  3.590076E+00 3.501E-01
  3.590134E+00 3.122E-01
  3.590191E+00 2.835E-01
  3.590306E+00 2.428E-01
  3.590478E+00 2.037E-01
  3.590704E+00 1.708E-01
  3.590984E+00 1.437E-01
  3.591369E+00 1.180E-01
  3.591854E+00 9.489E-02
  3.592535E+00 7.053E-02
  3.593489E+00 4.242E-02
  3.593829E+00 3.443E-02
  3.593973E+00 3.261E-02
  3.594069E+00 3.268E-02
  3.594163E+00 3.460E-02
  3.594211E+00 3.667E-02
  3.594258E+00 3.982E-02
  3.594305E+00 4.448E-02
  3.594352E+00 5.125E-02
  3.594399E+00 6.111E-02
  3.594445E+00 7.562E-02
  3.594492E+00 9.751E-02
  3.594538E+00 1.320E-01
  3.594585E+00 1.905E-01
  3.594631E+00 3.025E-01
  3.594677E+00 5.726E-01
  3.594723E+00 1.643E+00
  3.594769E+00 1.844E+01
  3.594814E+00 2.675E+00
  3.594860E+00 7.817E-01
  3.594906E+00 5.702E-01
  3.594951E+00 5.861E-01
  3.595041E+00 7.081E-01
  3.595086E+00 7.255E-01
  3.595131E+00 7.032E-01
  3.595221E+00 5.958E-01
  3.595310E+00 4.819E-01
  3.595399E+00 3.929E-01
  3.595487E+00 3.278E-01
  3.595575E+00 2.801E-01
  3.595706E+00 2.300E-01
  3.595836E+00 1.958E-01
  3.596008E+00 1.646E-01
  3.596220E+00 1.388E-01
  3.596472E+00 1.185E-01
  3.596761E+00 1.033E-01
  3.597165E+00 9.120E-02
  3.597324E+00 8.518E-02
  3.597403E+00 7.854E-02
  3.597482E+00 6.856E-02
  3.597521E+00 6.841E-02
  3.597560E+00 9.803E-02
  3.597599E+00 2.768E-01
  3.597638E+00 8.717E-01
  3.597677E+00 1.064E+00
  3.597715E+00 8.164E-01
  3.597754E+00 6.486E-01
  3.597793E+00 5.520E-01
  3.597831E+00 4.909E-01
  3.597869E+00 4.474E-01
  3.597984E+00 3.577E-01
  3.598097E+00 2.917E-01
  3.598210E+00 2.411E-01
  3.598323E+00 2.039E-01
  3.598434E+00 1.781E-01
  3.598544E+00 1.632E-01
  3.598618E+00 1.613E-01
  3.598654E+00 1.645E-01
  3.598691E+00 1.723E-01
  3.598727E+00 1.877E-01
  3.598763E+00 2.173E-01
  3.598799E+00 2.758E-01
  3.598835E+00 4.037E-01
  3.598872E+00 7.417E-01
  3.598907E+00 2.008E+00
  3.598943E+00 8.676E+00
  3.598979E+00 4.568E+00
  3.599015E+00 1.454E+00
  3.599050E+00 7.347E-01
  3.599086E+00 4.737E-01
  3.599121E+00 3.497E-01
  3.599157E+00 2.803E-01
  3.599192E+00 2.370E-01
  3.599227E+00 2.078E-01
  3.599262E+00 1.868E-01
  3.599297E+00 1.711E-01
  3.599367E+00 1.492E-01
  3.599471E+00 1.287E-01
  3.599609E+00 1.120E-01
  3.599813E+00 9.655E-02
  3.600148E+00 8.064E-02
  3.600763E+00 6.065E-02
  3.601384E+00 4.099E-02
  3.601625E+00 3.294E-02
  3.601714E+00 3.130E-02
  3.601773E+00 3.174E-02
  3.601802E+00 3.285E-02
  3.601832E+00 3.488E-02
  3.601861E+00 3.823E-02
  3.601890E+00 4.348E-02
  3.601920E+00 5.146E-02
  3.601949E+00 6.345E-02
  3.601978E+00 8.133E-02
  3.602007E+00 1.080E-01
  3.602036E+00 1.483E-01
  3.602065E+00 2.118E-01
  3.602094E+00 3.272E-01
  3.602123E+00 6.432E-01
  3.602151E+00 3.071E+00
  3.602180E+00 1.010E+01
  3.602209E+00 1.461E+00
  3.602237E+00 7.563E-01
  3.602266E+00 5.407E-01
  3.602294E+00 4.333E-01
  3.602322E+00 3.659E-01
  3.602351E+00 3.183E-01
  3.602379E+00 2.825E-01
  3.602407E+00 2.546E-01
  3.602463E+00 2.138E-01
  3.602519E+00 1.858E-01
  3.602603E+00 1.572E-01
  3.602686E+00 1.379E-01
  3.602823E+00 1.169E-01
  3.603013E+00 9.898E-02
  3.603252E+00 8.474E-02
  3.603642E+00 6.737E-02
  3.603719E+00 6.264E-02
  3.603744E+00 6.259E-02
  3.603769E+00 6.799E-02
  3.603795E+00 9.548E-02
  3.603820E+00 2.326E-01
  3.603845E+00 9.743E-01
  3.603870E+00 1.273E+00
  3.603895E+00 6.763E-01
  3.603920E+00 4.515E-01
  3.603945E+00 3.567E-01
  3.603970E+00 3.079E-01
  3.603995E+00 2.786E-01
  3.604045E+00 2.437E-01
  3.604143E+00 1.995E-01
  3.604266E+00 1.578E-01
  3.604362E+00 1.356E-01
  3.604459E+00 1.236E-01
  3.604530E+00 1.232E-01
  3.604578E+00 1.310E-01
  3.604601E+00 1.399E-01
  3.604625E+00 1.549E-01
  3.604648E+00 1.810E-01
  3.604672E+00 2.289E-01
  3.604695E+00 3.264E-01
  3.604719E+00 5.611E-01
  3.604742E+00 1.311E+00
  3.604766E+00 4.595E+00
  3.604789E+00 4.449E+00
  3.604812E+00 1.416E+00
  3.604835E+00 6.676E-01
  3.604858E+00 4.105E-01
  3.604882E+00 2.939E-01
  3.604905E+00 2.311E-01
  3.604928E+00 1.931E-01
  3.604951E+00 1.681E-01
  3.604974E+00 1.506E-01
  3.604996E+00 1.378E-01
  3.605042E+00 1.204E-01
  3.605110E+00 1.048E-01
  3.605200E+00 9.277E-02
  3.605356E+00 8.079E-02
  3.605619E+00 6.910E-02
  3.606270E+00 4.741E-02
  3.606492E+00 3.717E-02
  3.606611E+00 3.117E-02
  3.606651E+00 3.011E-02
  3.606670E+00 3.016E-02
  3.606690E+00 3.085E-02
  3.606710E+00 3.251E-02
  3.606729E+00 3.555E-02
  3.606749E+00 4.046E-02
  3.606768E+00 4.777E-02
  3.606788E+00 5.778E-02
  3.606807E+00 7.057E-02
  3.606826E+00 8.707E-02
  3.606846E+00 1.143E-01
  3.606865E+00 1.849E-01
  3.606884E+00 4.730E-01
  3.606903E+00 3.052E+00
  3.606923E+00 1.160E+01
  3.606942E+00 1.664E+00
  3.606961E+00 7.363E-01
  3.606980E+00 4.649E-01
  3.606999E+00 3.436E-01
  3.607018E+00 2.764E-01
  3.607037E+00 2.342E-01
  3.607056E+00 2.052E-01
  3.607075E+00 1.842E-01
  3.607112E+00 1.557E-01
  3.607150E+00 1.372E-01
  3.607206E+00 1.192E-01
  3.607280E+00 1.041E-01
  3.607391E+00 9.027E-02
  3.607554E+00 7.787E-02
  3.607890E+00 6.015E-02
  3.607907E+00 6.066E-02
  3.607925E+00 6.404E-02
  3.607942E+00 7.631E-02
  3.607959E+00 1.216E-01
  3.607976E+00 3.377E-01
  3.607994E+00 1.523E+00
  3.608011E+00 1.098E+00
  3.608028E+00 5.106E-01
  3.608045E+00 3.351E-01
  3.608062E+00 2.634E-01
  3.608079E+00 2.271E-01
  3.608096E+00 2.059E-01
  3.608113E+00 1.922E-01
  3.608164E+00 1.681E-01
  3.608265E+00 1.348E-01
  3.608348E+00 1.152E-01
  3.608414E+00 1.068E-01
  3.608463E+00 1.057E-01
  3.608496E+00 1.092E-01
  3.608529E+00 1.193E-01
  3.608545E+00 1.292E-01
  3.608561E+00 1.451E-01
  3.608577E+00 1.719E-01
  3.608593E+00 2.202E-01
  3.608609E+00 3.173E-01
  3.608626E+00 5.497E-01
  3.608642E+00 1.280E+00
  3.608658E+00 4.020E+00
  3.608674E+00 3.237E+00
  3.608690E+00 1.125E+00
  3.608706E+00 5.502E-01
  3.608721E+00 3.434E-01
  3.608737E+00 2.478E-01
  3.608753E+00 1.959E-01
  3.608769E+00 1.644E-01
  3.608785E+00 1.437E-01
  3.608801E+00 1.294E-01
  3.608816E+00 1.189E-01
  3.608848E+00 1.047E-01
  3.608895E+00 9.223E-02
  3.608957E+00 8.278E-02
  3.609065E+00 7.364E-02
  3.609262E+00 6.436E-02
  3.609699E+00 4.842E-02
  3.609841E+00 4.071E-02
  3.609979E+00 3.028E-02
  3.610007E+00 2.948E-02
  3.610020E+00 2.996E-02
  3.610034E+00 3.132E-02
  3.610048E+00 3.379E-02
  3.610061E+00 3.758E-02
  3.610075E+00 4.355E-02
  3.610089E+00 5.460E-02
  3.610102E+00 7.939E-02
  3.610116E+00 1.455E-01
  3.610129E+00 3.710E-01
  3.610143E+00 1.694E+00
  3.610156E+00 2.054E+01
  3.610170E+00 2.609E+00
  3.610183E+00 8.932E-01
  3.610196E+00 5.000E-01
  3.610210E+00 3.449E-01
  3.610223E+00 2.659E-01
  3.610237E+00 2.191E-01
  3.610250E+00 1.885E-01
  3.610263E+00 1.672E-01
  3.610276E+00 1.515E-01
  3.610303E+00 1.301E-01
  3.610342E+00 1.109E-01
  3.610395E+00 9.611E-02
  3.610460E+00 8.514E-02
  3.610576E+00 7.358E-02
  3.610802E+00 5.907E-02
  3.610815E+00 5.914E-02
  3.610827E+00 6.040E-02
  3.610840E+00 6.457E-02
  3.610852E+00 7.683E-02
  3.610864E+00 1.161E-01
  3.610876E+00 2.804E-01
  3.610889E+00 1.269E+00
  3.610901E+00 1.343E+00
  3.610913E+00 5.308E-01
  3.610925E+00 3.173E-01
  3.610938E+00 2.375E-01
  3.610950E+00 1.991E-01
  3.610962E+00 1.777E-01
  3.610974E+00 1.644E-01
  3.610998E+00 1.491E-01
  3.611094E+00 1.165E-01
  3.611154E+00 1.027E-01
  3.611201E+00 9.713E-02
  3.611236E+00 9.709E-02
  3.611260E+00 1.003E-01
  3.611283E+00 1.085E-01
  3.611295E+00 1.160E-01
  3.611306E+00 1.275E-01
  3.611318E+00 1.460E-01
  3.611330E+00 1.770E-01
  3.611341E+00 2.340E-01
  3.611353E+00 3.523E-01
  3.611364E+00 6.516E-01
  3.611376E+00 1.653E+00
  3.611387E+00 4.092E+00
  3.611399E+00 1.976E+00
  3.611410E+00 7.787E-01
  3.611421E+00 4.191E-01
  3.611433E+00 2.762E-01
  3.611444E+00 2.061E-01
  3.611456E+00 1.666E-01
  3.611467E+00 1.421E-01
  3.611478E+00 1.258E-01
  3.611501E+00 1.058E-01
  3.611524E+00 9.438E-02
  3.611557E+00 8.427E-02
  3.611613E+00 7.524E-02
  3.611702E+00 6.781E-02
  3.611907E+00 5.856E-02
  3.612159E+00 4.819E-02
  3.612271E+00 4.066E-02
  3.612349E+00 3.280E-02
  3.622339E+00 2.191E-01
  3.622349E+00 2.268E-01
  3.672235E+00 2.086E-01
  3.697179E+00 1.922E-01
  3.747065E+00 1.485E-01
  3.772008E+00 1.336E-01
  3.796952E+00 1.242E-01
  3.846838E+00 1.131E-01
  3.921668E+00 1.047E-01
  4.196045E+00 1.045E-01
  4.345705E+00 1.011E-01
  5.143891E+00 7.263E-02
  5.842303E+00 5.283E-02
  6.066793E+00 4.833E-02
  6.189352E+00 4.552E-02
  6.314383E+00 4.286E-02
  6.441940E+00 4.037E-02
  6.572080E+00 3.802E-02
  6.704844E+00 3.580E-02
  6.840289E+00 3.372E-02
  6.978470E+00 3.176E-02
  7.119446E+00 2.991E-02
  7.263268E+00 2.816E-02
  7.410000E+00 2.652E-02
  7.559689E+00 2.498E-02
  7.712403E+00 2.352E-02
  7.868208E+00 2.215E-02
  8.027154E+00 2.086E-02
  8.189311E+00 1.965E-02
  8.354749E+00 1.851E-02
  8.523524E+00 1.743E-02
  8.695714E+00 1.641E-02
  8.871375E+00 1.546E-02
  9.050594E+00 1.456E-02
  9.233424E+00 1.371E-02
  9.419950E+00 1.291E-02
  9.610250E+00 1.216E-02
  9.804390E+00 1.145E-02
  1.000245E+01 1.078E-02
  1.020451E+01 1.016E-02
  1.041066E+01 9.564E-03
  1.062097E+01 9.007E-03
  1.083553E+01 8.483E-03
  1.105442E+01 7.989E-03
  1.127773E+01 7.524E-03
  1.150556E+01 7.086E-03
  1.173799E+01 6.673E-03
  1.197511E+01 6.284E-03
  1.221702E+01 5.918E-03
  1.246382E+01 5.574E-03
  1.271561E+01 5.249E-03
  1.297248E+01 4.943E-03
  1.323454E+01 4.656E-03
  1.350190E+01 4.384E-03
  1.377465E+01 4.129E-03
  1.405292E+01 3.889E-03
  1.433680E+01 3.662E-03
  1.462643E+01 3.449E-03
  1.492190E+01 3.248E-03
  1.522335E+01 3.059E-03
  1.553088E+01 2.881E-03
  1.584462E+01 2.713E-03
  1.616470E+01 2.555E-03
  1.649124E+01 2.406E-03
  1.682439E+01 2.266E-03
  1.716426E+01 2.134E-03
  1.751100E+01 2.010E-03
  1.786475E+01 1.893E-03
  1.822563E+01 1.783E-03
  1.859383E+01 1.679E-03
  1.896944E+01 1.581E-03
  1.935266E+01 1.489E-03
  1.974359E+01 1.402E-03
  2.014246E+01 1.321E-03
  2.054935E+01 1.244E-03
  2.096448E+01 1.171E-03
  2.138799E+01 1.103E-03
  2.182005E+01 1.039E-03
  2.226083E+01 9.783E-04
  2.271056E+01 9.213E-04
  2.316933E+01 8.677E-04
  2.363737E+01 8.171E-04
  2.411488E+01 7.696E-04
  2.460205E+01 7.247E-04
      24   2   2   100    5  -4.22279E-02    1544
  3.214397E-02 4.474E+01
  4.214397E-02 2.812E+01
  9.342867E-02 6.565E+00
  1.434095E-01 2.879E+00
  1.921302E-01 1.628E+00
  2.396328E-01 1.061E+00
  2.859577E-01 7.532E-01
  3.311433E-01 5.631E-01
  3.752268E-01 4.355E-01
  4.182438E-01 3.456E-01
  4.602282E-01 2.807E-01
  5.012131E-01 2.334E-01
  5.412297E-01 1.983E-01
  5.803084E-01 1.720E-01
  6.184782E-01 1.515E-01
  6.922021E-01 1.216E-01
  7.966372E-01 9.061E-02
  8.942619E-01 6.868E-02
  9.558503E-01 5.806E-02
  1.043382E+00 4.699E-02
  1.125519E+00 3.999E-02
  1.251584E+00 3.265E-02
  1.507800E+00 2.035E-02
  1.615760E+00 1.630E-02
  1.712713E+00 1.374E-02
  1.827331E+00 1.182E-02
  2.085232E+00 8.611E-03
  2.383549E+00 3.955E-03
  2.511058E+00 2.117E-03
  2.547738E+00 1.481E-03
  2.571198E+00 9.921E-04
  2.590003E+00 5.402E-04
  2.601921E+00 2.438E-04
  2.604827E+00 1.768E-04
  2.607704E+00 1.159E-04
  2.610553E+00 6.375E-05
  2.613374E+00 2.411E-05
  2.616167E+00 2.219E-06
  2.618933E+00 5.491E-06
  2.621673E+00 4.454E-05
  2.624385E+00 1.348E-04
  2.627072E+00 2.993E-04
  2.629733E+00 5.729E-04
  2.632368E+00 1.010E-03
  2.634978E+00 1.700E-03
  2.637564E+00 2.789E-03
  2.640124E+00 4.540E-03
  2.642661E+00 7.444E-03
  2.645173E+00 1.250E-02
  2.647662E+00 2.194E-02
  2.650128E+00 4.163E-02
  2.652570E+00 9.033E-02
  2.654990E+00 2.525E-01
  2.657387E+00 1.136E+00
  2.659762E+00 1.625E+00
  2.662116E+00 4.294E-01
  2.664447E+00 1.839E-01
  2.666757E+00 1.049E-01
  2.669046E+00 6.986E-02
  2.671314E+00 5.109E-02
  2.673562E+00 3.976E-02
  2.675789E+00 3.233E-02
  2.677996E+00 2.714E-02
  2.680183E+00 2.336E-02
  2.682351E+00 2.049E-02
  2.684499E+00 1.826E-02
  2.688737E+00 1.502E-02
  2.692901E+00 1.280E-02
  2.699011E+00 1.054E-02
  2.704961E+00 9.019E-03
  2.712657E+00 7.624E-03
  2.721912E+00 6.447E-03
  2.734228E+00 5.352E-03
  2.750625E+00 4.340E-03
  2.771468E+00 3.422E-03
  2.797573E+00 2.562E-03
  2.816904E+00 2.079E-03
  2.827223E+00 1.937E-03
  2.832119E+00 1.958E-03
  2.835916E+00 2.084E-03
  2.837776E+00 2.222E-03
  2.839611E+00 2.461E-03
  2.840519E+00 2.645E-03
  2.841421E+00 2.899E-03
  2.842317E+00 3.264E-03
  2.843207E+00 3.814E-03
  2.844092E+00 4.709E-03
  2.844970E+00 6.341E-03
  2.845842E+00 9.935E-03
  2.846709E+00 2.146E-02
  2.847570E+00 1.377E-01
  2.848425E+00 1.336E-01
  2.849275E+00 9.879E-03
  2.850119E+00 2.429E-03
  2.850958E+00 8.031E-04
  2.851791E+00 2.884E-04
  2.852618E+00 9.916E-05
  2.853441E+00 2.763E-05
  2.854257E+00 3.785E-06
  2.855069E+00 2.159E-07
  2.855875E+00 5.101E-06
  2.856677E+00 1.304E-05
  2.857473E+00 2.151E-05
  2.858264E+00 2.931E-05
  2.859049E+00 3.595E-05
  2.859830E+00 4.124E-05
  2.860606E+00 4.517E-05
  2.861377E+00 4.783E-05
  2.862143E+00 4.932E-05
  2.863660E+00 4.933E-05
  2.865159E+00 4.624E-05
  2.867371E+00 3.781E-05
  2.872374E+00 1.293E-05
  2.873072E+00 9.859E-06
  2.873765E+00 7.093E-06
  2.874453E+00 4.697E-06
  2.875138E+00 2.729E-06
  2.875818E+00 1.251E-06
  2.876494E+00 3.205E-07
  2.877166E+00 1.923E-11
  2.877834E+00 3.518E-07
  2.878498E+00 1.440E-06
  2.879158E+00 3.333E-06
  2.879814E+00 6.099E-06
  2.880466E+00 9.811E-06
  2.881114E+00 1.455E-05
  2.881758E+00 2.039E-05
  2.882398E+00 2.742E-05
  2.883035E+00 3.574E-05
  2.883667E+00 4.545E-05
  2.884296E+00 5.664E-05
  2.884921E+00 6.944E-05
  2.885543E+00 8.397E-05
  2.886160E+00 1.004E-04
  2.887385E+00 1.393E-04
  2.888595E+00 1.877E-04
  2.889791E+00 2.470E-04
  2.890974E+00 3.193E-04
  2.892142E+00 4.069E-04
  2.893297E+00 5.128E-04
  2.894439E+00 6.407E-04
  2.895567E+00 7.951E-04
  2.896683E+00 9.821E-04
  2.897786E+00 1.210E-03
  2.898877E+00 1.488E-03
  2.899955E+00 1.830E-03
  2.901021E+00 2.255E-03
  2.902075E+00 2.789E-03
  2.903118E+00 3.470E-03
  2.904148E+00 4.351E-03
  2.905168E+00 5.515E-03
  2.905673E+00 6.241E-03
  2.906176E+00 7.091E-03
  2.906676E+00 8.096E-03
  2.907173E+00 9.293E-03
  2.907667E+00 1.073E-02
  2.908159E+00 1.249E-02
  2.908648E+00 1.466E-02
  2.909134E+00 1.737E-02
  2.909618E+00 2.083E-02
  2.910099E+00 2.533E-02
  2.910577E+00 3.134E-02
  2.911053E+00 3.961E-02
  2.911527E+00 5.140E-02
  2.911997E+00 6.903E-02
  2.912465E+00 9.705E-02
  2.912931E+00 1.454E-01
  2.913394E+00 2.393E-01
  2.913855E+00 4.575E-01
  2.914313E+00 1.136E+00
  2.914769E+00 4.034E+00
  2.915222E+00 3.602E+00
  2.915673E+00 1.039E+00
  2.916121E+00 4.348E-01
  2.916567E+00 2.331E-01
  2.917011E+00 1.442E-01
  2.917453E+00 9.759E-02
  2.917892E+00 7.026E-02
  2.918328E+00 5.288E-02
  2.918763E+00 4.116E-02
  2.919195E+00 3.287E-02
  2.919625E+00 2.681E-02
  2.920053E+00 2.223E-02
  2.920478E+00 1.869E-02
  2.920901E+00 1.590E-02
  2.921322E+00 1.366E-02
  2.921741E+00 1.183E-02
  2.922158E+00 1.032E-02
  2.922572E+00 9.065E-03
  2.923395E+00 7.095E-03
  2.924209E+00 5.645E-03
  2.925014E+00 4.548E-03
  2.925812E+00 3.698E-03
  2.926601E+00 3.028E-03
  2.927770E+00 2.263E-03
  2.928922E+00 1.700E-03
  2.930056E+00 1.278E-03
  2.931173E+00 9.564E-04
  2.932274E+00 7.101E-04
  2.933358E+00 5.208E-04
  2.934426E+00 3.756E-04
  2.935130E+00 2.988E-04
  2.935826E+00 2.352E-04
  2.936516E+00 1.831E-04
  2.937199E+00 1.409E-04
  2.937876E+00 1.072E-04
  2.938546E+00 8.080E-05
  2.938878E+00 7.002E-05
  2.939209E+00 6.068E-05
  2.939539E+00 5.267E-05
  2.939866E+00 4.587E-05
  2.940193E+00 4.018E-05
  2.940517E+00 3.553E-05
  2.940841E+00 3.183E-05
  2.941162E+00 2.902E-05
  2.941482E+00 2.707E-05
  2.941801E+00 2.598E-05
  2.942118E+00 2.578E-05
  2.942433E+00 2.657E-05
  2.942747E+00 2.850E-05
  2.943060E+00 3.188E-05
  2.943371E+00 3.711E-05
  2.943681E+00 4.486E-05
  2.943989E+00 5.607E-05
  2.944296E+00 7.215E-05
  2.944601E+00 9.514E-05
  2.944905E+00 1.281E-04
  2.945207E+00 1.754E-04
  2.945508E+00 2.439E-04
  2.945808E+00 3.439E-04
  2.946106E+00 4.914E-04
  2.946403E+00 7.126E-04
  2.946699E+00 1.051E-03
  2.946993E+00 1.583E-03
  2.947285E+00 2.454E-03
  2.947577E+00 3.967E-03
  2.947867E+00 6.899E-03
  2.948156E+00 1.447E-02
  2.948443E+00 5.865E+01
  2.948729E+00 1.895E-02
  2.949014E+00 6.661E-02
  2.949298E+00 3.127E-01
  2.949580E+00 5.229E+01
  2.949861E+00 6.517E-01
  2.950140E+00 1.726E-01
  2.950419E+00 8.612E-02
  2.950696E+00 5.492E-02
  2.950972E+00 3.988E-02
  2.951246E+00 3.138E-02
  2.951520E+00 2.606E-02
  2.951792E+00 2.249E-02
  2.952063E+00 1.998E-02
  2.952333E+00 1.815E-02
  2.952868E+00 1.574E-02
  2.953399E+00 1.430E-02
  2.954187E+00 1.312E-02
  2.955221E+00 1.254E-02
  2.956738E+00 1.276E-02
  2.958459E+00 1.397E-02
  2.960362E+00 1.630E-02
  2.962201E+00 1.966E-02
  2.963760E+00 2.368E-02
  2.965273E+00 2.915E-02
  2.966536E+00 3.560E-02
  2.967565E+00 4.296E-02
  2.968373E+00 5.093E-02
  2.969167E+00 6.191E-02
  2.969755E+00 7.336E-02
  2.970336E+00 8.946E-02
  2.970719E+00 1.044E-01
  2.971099E+00 1.248E-01
  2.971288E+00 1.381E-01
  2.971476E+00 1.543E-01
  2.971664E+00 1.745E-01
  2.971851E+00 2.003E-01
  2.972037E+00 2.339E-01
  2.972222E+00 2.796E-01
  2.972406E+00 3.443E-01
  2.972590E+00 4.411E-01
  2.972773E+00 5.974E-01
  2.972955E+00 8.783E-01
  2.973137E+00 1.469E+00
  2.973318E+00 3.062E+00
  2.973498E+00 8.809E+00
  2.973678E+00 1.061E+01
  2.973856E+00 2.901E+00
  2.974034E+00 1.024E+00
  2.974212E+00 4.632E-01
  2.974388E+00 2.410E-01
  2.974564E+00 1.358E-01
  2.974740E+00 8.012E-02
  2.974914E+00 4.833E-02
  2.975088E+00 2.927E-02
  2.975262E+00 1.747E-02
  2.975434E+00 1.007E-02
  2.975606E+00 5.433E-03
  2.975777E+00 2.603E-03
  2.975948E+00 9.850E-04
  2.976118E+00 2.009E-04
  2.976287E+00 1.192E-06
  2.976456E+00 2.182E-04
  2.976624E+00 7.368E-04
  2.976791E+00 1.477E-03
  2.976958E+00 2.380E-03
  2.977124E+00 3.408E-03
  2.977454E+00 5.721E-03
  2.977945E+00 9.594E-03
  2.978910E+00 1.809E-02
  2.980163E+00 3.046E-02
  2.981528E+00 4.620E-02
  2.982849E+00 6.485E-02
  2.983987E+00 8.516E-02
  2.984820E+00 1.045E-01
  2.985229E+00 1.187E-01
  2.985365E+00 1.280E-01
  2.985500E+00 1.672E-01
  2.985634E+00 9.128E-02
  2.985768E+00 1.137E-01
  2.986035E+00 1.280E-01
  2.987341E+00 1.797E-01
  2.988228E+00 2.262E-01
  2.988848E+00 2.729E-01
  2.989093E+00 3.016E-01
  2.989215E+00 3.230E-01
  2.989337E+00 3.590E-01
  2.989458E+00 4.609E-01
  2.989578E+00 1.436E+00
  2.989699E+00 1.939E-01
  2.989819E+00 2.566E-01
  2.989938E+00 2.869E-01
  2.990294E+00 3.420E-01
  2.991340E+00 4.844E-01
  2.992020E+00 6.045E-01
  2.992687E+00 7.604E-01
  2.993340E+00 9.690E-01
  2.993875E+00 1.201E+00
  2.994400E+00 1.512E+00
  2.994815E+00 1.842E+00
  2.995224E+00 2.275E+00
  2.995628E+00 2.860E+00
  2.995927E+00 3.441E+00
  2.996224E+00 4.200E+00
  2.996518E+00 5.213E+00
  2.996809E+00 6.606E+00
  2.997001E+00 7.843E+00
  2.997192E+00 9.437E+00
  2.997382E+00 1.154E+01
  2.997571E+00 1.437E+01
  2.997665E+00 1.618E+01
  2.997758E+00 1.833E+01
  2.997852E+00 2.092E+01
  2.997945E+00 2.408E+01
  2.998038E+00 2.798E+01
  2.998130E+00 3.288E+01
  2.998222E+00 3.912E+01
  2.998314E+00 4.726E+01
  2.998406E+00 5.814E+01
  2.998497E+00 7.312E+01
  2.998588E+00 9.452E+01
  2.998679E+00 1.266E+02
  2.998769E+00 1.776E+02
  2.998859E+00 2.656E+02
  2.998949E+00 4.365E+02
  2.999039E+00 8.306E+02
  2.999128E+00 2.020E+03
  2.999217E+00 6.360E+03
  2.999306E+00 5.466E+03
  2.999395E+00 1.770E+03
  2.999483E+00 7.715E+02
  2.999571E+00 4.220E+02
  2.999659E+00 2.646E+02
  2.999746E+00 1.813E+02
  2.999833E+00 1.320E+02
  2.999920E+00 1.005E+02
  3.000007E+00 7.915E+01
  3.000093E+00 6.401E+01
  3.000179E+00 5.290E+01
  3.000265E+00 4.449E+01
  3.000350E+00 3.797E+01
  3.000436E+00 3.281E+01
  3.000521E+00 2.867E+01
  3.000606E+00 2.528E+01
  3.000690E+00 2.247E+01
  3.000858E+00 1.814E+01
  3.001026E+00 1.498E+01
  3.001192E+00 1.261E+01
  3.001439E+00 1.002E+01
  3.001684E+00 8.183E+00
  3.001927E+00 6.833E+00
  3.002248E+00 5.523E+00
  3.002643E+00 4.384E+00
  3.003033E+00 3.589E+00
  3.003493E+00 2.914E+00
  3.004019E+00 2.369E+00
  3.004535E+00 1.994E+00
  3.004825E+00 1.860E+00
  3.004897E+00 1.858E+00
  3.004969E+00 1.947E+00
  3.005040E+00 6.627E-01
  3.005112E+00 1.486E+00
  3.005183E+00 1.527E+00
  3.005535E+00 1.441E+00
  3.006362E+00 1.209E+00
  3.006897E+00 1.131E+00
  3.007095E+00 1.146E+00
  3.007225E+00 1.212E+00
  3.007291E+00 1.301E+00
  3.007355E+00 1.531E+00
  3.007420E+00 2.757E+00
  3.007485E+00 5.110E-02
  3.007549E+00 3.969E-01
  3.007614E+00 5.769E-01
  3.007678E+00 6.546E-01
  3.007741E+00 6.949E-01
  3.007869E+00 7.309E-01
  3.008184E+00 7.425E-01
  3.010043E+00 6.368E-01
  3.010834E+00 6.307E-01
  3.011326E+00 6.626E-01
  3.011648E+00 7.201E-01
  3.011860E+00 7.946E-01
  3.012018E+00 8.903E-01
  3.012122E+00 9.906E-01
  3.012226E+00 1.146E+00
  3.012277E+00 1.258E+00
  3.012329E+00 1.409E+00
  3.012380E+00 1.620E+00
  3.012431E+00 1.931E+00
  3.012483E+00 2.426E+00
  3.012534E+00 3.299E+00
  3.012584E+00 5.109E+00
  3.012635E+00 9.870E+00
  3.012686E+00 2.335E+01
  3.012736E+00 1.444E+01
  3.012787E+00 3.440E+00
  3.012837E+00 1.023E+00
  3.012887E+00 3.464E-01
  3.012937E+00 1.156E-01
  3.012987E+00 3.160E-02
  3.013037E+00 4.109E-03
  3.013086E+00 3.882E-04
  3.013136E+00 7.037E-03
  3.013185E+00 1.809E-02
  3.013332E+00 5.618E-02
  3.013430E+00 7.901E-02
  3.013575E+00 1.071E-01
  3.013719E+00 1.289E-01
  3.013957E+00 1.549E-01
  3.014286E+00 1.775E-01
  3.014790E+00 1.961E-01
  3.015630E+00 2.076E-01
  3.015887E+00 2.057E-01
  3.015929E+00 1.970E-01
  3.015972E+00 2.258E-01
  3.016014E+00 2.160E-01
  3.016472E+00 2.150E-01
  3.016999E+00 2.242E-01
  3.017197E+00 2.359E-01
  3.017315E+00 2.535E-01
  3.017354E+00 2.646E-01
  3.017393E+00 2.819E-01
  3.017432E+00 3.127E-01
  3.017470E+00 3.825E-01
  3.017509E+00 6.723E-01
  3.017548E+00 1.930E+00
  3.017586E+00 3.501E-02
  3.017625E+00 9.529E-02
  3.017663E+00 1.250E-01
  3.017701E+00 1.420E-01
  3.017739E+00 1.530E-01
  3.017816E+00 1.663E-01
  3.017967E+00 1.793E-01
  3.018375E+00 1.926E-01
  3.019300E+00 2.137E-01
  3.019708E+00 2.358E-01
  3.019942E+00 2.614E-01
  3.020106E+00 2.940E-01
  3.020204E+00 3.258E-01
  3.020301E+00 3.765E-01
  3.020365E+00 4.303E-01
  3.020397E+00 4.678E-01
  3.020430E+00 5.164E-01
  3.020461E+00 5.816E-01
  3.020493E+00 6.729E-01
  3.020525E+00 8.081E-01
  3.020557E+00 1.025E+00
  3.020589E+00 1.412E+00
  3.020620E+00 2.233E+00
  3.020652E+00 4.450E+00
  3.020683E+00 9.969E+00
  3.020715E+00 4.788E+00
  3.020746E+00 1.160E+00
  3.020777E+00 3.495E-01
  3.020808E+00 1.160E-01
  3.020840E+00 3.635E-02
  3.020871E+00 8.355E-03
  3.020902E+00 4.452E-04
  3.020932E+00 9.754E-04
  3.020963E+00 5.134E-03
  3.020994E+00 1.077E-02
  3.021086E+00 2.886E-02
  3.021177E+00 4.436E-02
  3.021268E+00 5.673E-02
  3.021388E+00 6.939E-02
  3.021567E+00 8.284E-02
  3.021830E+00 9.576E-02
  3.022257E+00 1.078E-01
  3.022562E+00 1.111E-01
  3.022617E+00 1.096E-01
  3.022644E+00 1.071E-01
  3.022671E+00 9.958E-02
  3.022698E+00 1.148E-02
  3.022725E+00 1.424E-01
  3.022752E+00 1.295E-01
  3.022806E+00 1.246E-01
  3.023046E+00 1.252E-01
  3.023384E+00 1.337E-01
  3.023537E+00 1.437E-01
  3.023613E+00 1.548E-01
  3.023664E+00 1.704E-01
  3.023689E+00 1.848E-01
  3.023714E+00 2.110E-01
  3.023739E+00 2.733E-01
  3.023764E+00 5.790E-01
  3.023789E+00 5.031E-01
  3.023814E+00 1.463E-02
  3.023838E+00 4.961E-02
  3.023863E+00 6.897E-02
  3.023888E+00 8.068E-02
  3.023912E+00 8.849E-02
  3.023961E+00 9.832E-02
  3.024059E+00 1.086E-01
  3.024300E+00 1.198E-01
  3.024926E+00 1.411E-01
  3.025172E+00 1.574E-01
  3.025326E+00 1.763E-01
  3.025434E+00 1.997E-01
  3.025499E+00 2.223E-01
  3.025563E+00 2.580E-01
  3.025606E+00 2.958E-01
  3.025627E+00 3.222E-01
  3.025648E+00 3.565E-01
  3.025669E+00 4.024E-01
  3.025691E+00 4.670E-01
  3.025712E+00 5.629E-01
  3.025733E+00 7.175E-01
  3.025754E+00 9.965E-01
  3.025775E+00 1.595E+00
  3.025796E+00 3.237E+00
  3.025816E+00 6.930E+00
  3.025837E+00 2.936E+00
  3.025858E+00 7.216E-01
  3.025879E+00 2.195E-01
  3.025900E+00 7.254E-02
  3.025920E+00 2.217E-02
  3.025941E+00 4.713E-03
  3.025961E+00 1.328E-04
  3.025982E+00 9.721E-04
  3.026003E+00 4.132E-03
  3.026023E+00 8.225E-03
  3.026064E+00 1.694E-02
  3.026084E+00 2.111E-02
  3.026145E+00 3.214E-02
  3.026206E+00 4.098E-02
  3.026286E+00 5.014E-02
  3.026405E+00 6.005E-02
  3.026600E+00 7.071E-02
  3.026887E+00 7.982E-02
  3.027055E+00 8.127E-02
  3.027092E+00 7.939E-02
  3.027111E+00 7.671E-02
  3.027129E+00 6.955E-02
  3.027147E+00 2.596E-02
  3.027166E+00 1.291E-01
  3.027184E+00 1.046E-01
  3.027202E+00 9.909E-02
  3.027257E+00 9.523E-02
  3.027455E+00 9.740E-02
  3.027649E+00 1.047E-01
  3.027753E+00 1.142E-01
  3.027804E+00 1.252E-01
  3.027822E+00 1.316E-01
  3.027839E+00 1.411E-01
  3.027856E+00 1.568E-01
  3.027873E+00 1.876E-01
  3.027890E+00 2.747E-01
  3.027907E+00 1.225E+00
  3.027924E+00 2.373E-02
  3.027941E+00 1.717E-02
  3.027958E+00 3.990E-02
  3.027975E+00 5.330E-02
  3.027991E+00 6.186E-02
  3.028008E+00 6.780E-02
  3.028042E+00 7.556E-02
  3.028109E+00 8.403E-02
  3.028257E+00 9.324E-02
  3.028673E+00 1.116E-01
  3.028843E+00 1.248E-01
  3.028965E+00 1.422E-01
  3.029040E+00 1.616E-01
  3.029085E+00 1.802E-01
  3.029130E+00 2.096E-01
  3.029159E+00 2.408E-01
  3.029174E+00 2.625E-01
  3.029189E+00 2.907E-01
  3.029204E+00 3.285E-01
  3.029218E+00 3.817E-01
  3.029233E+00 4.609E-01
  3.029248E+00 5.888E-01
  3.029262E+00 8.206E-01
  3.029277E+00 1.320E+00
  3.029292E+00 2.698E+00
  3.029306E+00 5.648E+00
  3.029321E+00 2.286E+00
  3.029335E+00 5.662E-01
  3.029350E+00 1.731E-01
  3.029364E+00 5.716E-02
  3.029379E+00 1.734E-02
  3.029393E+00 3.592E-03
  3.029407E+00 7.644E-05
  3.029422E+00 8.753E-04
  3.029436E+00 3.522E-03
  3.029465E+00 1.052E-02
  3.029493E+00 1.753E-02
  3.029507E+00 2.077E-02
  3.029550E+00 2.924E-02
  3.029606E+00 3.801E-02
  3.029676E+00 4.608E-02
  3.029787E+00 5.493E-02
  3.029963E+00 6.372E-02
  3.030123E+00 6.784E-02
  3.030176E+00 6.700E-02
  3.030202E+00 6.394E-02
  3.030215E+00 5.937E-02
  3.030228E+00 4.412E-02
  3.030241E+00 3.000E-01
  3.030254E+00 1.004E-01
  3.030267E+00 8.873E-02
  3.030280E+00 8.485E-02
  3.030318E+00 8.164E-02
  3.030446E+00 8.311E-02
  3.030596E+00 9.010E-02
  3.030670E+00 9.837E-02
  3.030707E+00 1.075E-01
  3.030731E+00 1.199E-01
  3.030744E+00 1.313E-01
  3.030756E+00 1.517E-01
  3.030768E+00 1.986E-01
  3.030780E+00 4.010E-01
  3.030792E+00 2.662E+00
  3.030804E+00 1.156E-03
  3.030816E+00 2.326E-02
  3.030828E+00 3.846E-02
  3.030840E+00 4.793E-02
  3.030852E+00 5.431E-02
  3.030876E+00 6.242E-02
  3.030912E+00 6.933E-02
  3.030995E+00 7.757E-02
  3.031351E+00 9.872E-02
  3.031462E+00 1.104E-01
  3.031539E+00 1.244E-01
  3.031593E+00 1.416E-01
  3.031626E+00 1.581E-01
  3.031647E+00 1.739E-01
  3.031669E+00 1.963E-01
  3.031680E+00 2.115E-01
  3.031701E+00 2.555E-01
  3.031712E+00 2.889E-01
  3.031722E+00 3.358E-01
  3.031733E+00 4.057E-01
  3.031744E+00 5.185E-01
  3.031754E+00 7.231E-01
  3.031765E+00 1.164E+00
  3.031775E+00 2.381E+00
  3.031786E+00 4.960E+00
  3.031796E+00 1.999E+00
  3.031807E+00 4.965E-01
  3.031817E+00 1.520E-01
  3.031828E+00 5.023E-02
  3.031838E+00 1.524E-02
  3.031849E+00 3.155E-03
  3.031859E+00 6.626E-05
  3.031870E+00 7.749E-04
  3.031880E+00 3.112E-03
  3.031901E+00 9.287E-03
  3.031911E+00 1.245E-02
  3.031942E+00 2.104E-02
  3.031963E+00 2.586E-02
  3.031993E+00 3.190E-02
  3.032044E+00 3.957E-02
  3.032125E+00 4.794E-02
  3.032144E+00 4.945E-02
  3.035504E+00 3.561E+00
  3.038834E+00 2.735E+00
  3.042134E+00 2.446E+00
  3.042144E+00 1.355E+00
  3.046262E+00 1.124E+00
  3.050334E+00 9.509E-01
  3.054361E+00 8.182E-01
  3.058344E+00 7.142E-01
  3.062283E+00 6.312E-01
  3.066179E+00 5.638E-01
  3.073845E+00 4.623E-01
  3.081346E+00 3.902E-01
  3.092300E+00 3.153E-01
  3.102908E+00 2.642E-01
  3.116541E+00 2.171E-01
  3.132804E+00 1.771E-01
  3.151255E+00 1.446E-01
  3.171425E+00 1.187E-01
  3.195410E+00 9.679E-02
  3.222073E+00 7.969E-02
  3.254361E+00 6.532E-02
  3.289614E+00 5.463E-02
  3.313747E+00 5.053E-02
  3.328293E+00 5.105E-02
  3.336491E+00 5.404E-02
  3.343040E+00 5.976E-02
  3.346852E+00 6.577E-02
  3.350579E+00 7.515E-02
  3.353018E+00 8.430E-02
  3.355420E+00 9.699E-02
  3.357788E+00 1.148E-01
  3.360121E+00 1.402E-01
  3.361274E+00 1.567E-01
  3.362420E+00 1.765E-01
  3.363557E+00 1.998E-01
  3.365806E+00 2.582E-01
  3.369120E+00 3.599E-01
  3.370209E+00 3.856E-01
  3.371290E+00 4.000E-01
  3.372364E+00 4.005E-01
  3.373430E+00 3.877E-01
  3.375539E+00 3.353E-01
  3.378647E+00 2.454E-01
  3.380683E+00 1.984E-01
  3.382691E+00 1.632E-01
  3.384671E+00 1.372E-01
  3.386624E+00 1.179E-01
  3.389503E+00 9.727E-02
  3.392324E+00 8.319E-02
  3.395997E+00 7.044E-02
  3.400451E+00 6.006E-02
  3.406443E+00 5.098E-02
  3.414540E+00 4.332E-02
  3.425755E+00 3.679E-02
  3.441051E+00 3.129E-02
  3.454393E+00 2.855E-02
  3.460687E+00 2.866E-02
  3.464169E+00 3.018E-02
  3.466100E+00 3.255E-02
  3.467049E+00 3.483E-02
  3.467989E+00 3.888E-02
  3.468455E+00 4.231E-02
  3.468918E+00 4.773E-02
  3.469379E+00 5.748E-02
  3.469837E+00 7.947E-02
  3.470293E+00 1.626E-01
  3.470747E+00 7.222E+00
  3.471198E+00 3.433E-02
  3.471647E+00 5.376E-03
  3.472093E+00 6.987E-03
  3.472537E+00 9.685E-03
  3.472979E+00 1.191E-02
  3.473418E+00 1.366E-02
  3.474290E+00 1.622E-02
  3.476005E+00 1.951E-02
  3.480944E+00 2.685E-02
  3.483301E+00 3.184E-02
  3.485962E+00 3.996E-02
  3.487807E+00 4.683E-02
  3.488891E+00 5.326E-02
  3.489960E+00 6.316E-02
  3.491013E+00 7.662E-02
  3.492051E+00 9.437E-02
  3.493074E+00 1.180E-01
  3.494082E+00 1.501E-01
  3.494745E+00 1.782E-01
  3.495403E+00 2.134E-01
  3.496054E+00 2.583E-01
  3.496699E+00 3.159E-01
  3.497338E+00 3.904E-01
  3.497971E+00 4.875E-01
  3.498598E+00 6.140E-01
  3.499219E+00 7.768E-01
  3.499834E+00 9.800E-01
  3.501347E+00 1.562E+00
  3.501942E+00 1.700E+00
  3.502532E+00 1.708E+00
  3.503117E+00 1.592E+00
  3.504838E+00 1.009E+00
  3.505681E+00 7.756E-01
  3.506513E+00 5.995E-01
  3.507874E+00 3.773E-01
  3.508143E+00 3.489E-01
  3.508410E+00 2.097E+00
  3.508676E+00 8.848E-01
  3.508941E+00 5.169E-01
  3.509205E+00 4.259E-01
  3.509468E+00 3.790E-01
  3.509729E+00 3.472E-01
  3.510249E+00 3.027E-01
  3.511020E+00 2.568E-01
  3.512031E+00 2.138E-01
  3.513271E+00 1.758E-01
  3.514724E+00 1.432E-01
  3.516372E+00 1.158E-01
  3.518420E+00 9.036E-02
  3.520820E+00 6.759E-02
  3.523518E+00 4.718E-02
  3.525884E+00 3.226E-02
  3.527399E+00 2.447E-02
  3.528322E+00 2.099E-02
  3.529047E+00 1.951E-02
  3.529583E+00 1.963E-02
  3.529938E+00 2.061E-02
  3.530289E+00 2.267E-02
  3.530464E+00 2.427E-02
  3.530638E+00 2.640E-02
  3.530811E+00 2.921E-02
  3.530984E+00 3.298E-02
  3.531156E+00 3.812E-02
  3.531327E+00 4.537E-02
  3.531498E+00 5.617E-02
  3.531668E+00 7.367E-02
  3.531837E+00 1.064E-01
  3.532006E+00 1.852E-01
  3.532174E+00 5.224E-01
  3.532341E+00 1.290E+01
  3.532508E+00 2.971E-01
  3.532674E+00 5.583E-02
  3.532840E+00 2.756E-02
  3.533004E+00 2.556E-02
  3.533169E+00 3.035E-02
  3.533332E+00 3.801E-02
  3.533495E+00 4.758E-02
  3.533658E+00 5.891E-02
  3.533819E+00 7.219E-02
  3.533980E+00 8.776E-02
  3.534141E+00 1.061E-01
  3.534301E+00 1.278E-01
  3.534460E+00 1.538E-01
  3.534619E+00 1.850E-01
  3.534777E+00 2.229E-01
  3.534935E+00 2.693E-01
  3.535092E+00 3.268E-01
  3.535248E+00 3.988E-01
  3.535404E+00 4.901E-01
  3.535559E+00 6.074E-01
  3.535714E+00 7.607E-01
  3.535868E+00 9.643E-01
  3.536021E+00 1.240E+00
  3.536174E+00 1.619E+00
  3.536326E+00 2.150E+00
  3.536478E+00 2.897E+00
  3.536629E+00 3.933E+00
  3.536780E+00 5.283E+00
  3.536930E+00 6.761E+00
  3.537079E+00 7.818E+00
  3.537228E+00 7.843E+00
  3.537377E+00 6.894E+00
  3.537672E+00 4.372E+00
  3.537819E+00 3.419E+00
  3.537965E+00 2.706E+00
  3.538111E+00 2.180E+00
  3.538256E+00 1.788E+00
  3.538401E+00 1.492E+00
  3.538545E+00 1.266E+00
  3.538688E+00 1.090E+00
  3.538831E+00 9.511E-01
  3.538974E+00 8.404E-01
  3.539116E+00 7.513E-01
  3.539399E+00 6.204E-01
  3.539679E+00 5.341E-01
  3.539958E+00 4.791E-01
  3.540234E+00 4.478E-01
  3.540509E+00 4.363E-01
  3.540781E+00 4.429E-01
  3.541052E+00 4.674E-01
  3.541321E+00 5.113E-01
  3.541587E+00 5.773E-01
  3.541852E+00 6.697E-01
  3.542115E+00 7.947E-01
  3.542376E+00 9.611E-01
  3.542636E+00 1.180E+00
  3.542893E+00 1.468E+00
  3.543149E+00 1.845E+00
  3.543403E+00 2.336E+00
  3.543655E+00 2.967E+00
  3.543905E+00 3.752E+00
  3.544278E+00 5.092E+00
  3.544401E+00 5.442E+00
  3.544524E+00 5.569E+00
  3.544646E+00 5.217E+00
  3.544768E+00 3.970E+00
  3.544890E+00 1.664E+00
  3.545011E+00 5.918E-01
  3.545132E+00 4.119E+00
  3.545252E+00 8.776E+00
  3.545372E+00 1.176E+01
  3.545491E+00 1.331E+01
  3.545610E+00 1.399E+01
  3.545729E+00 1.411E+01
  3.545965E+00 1.339E+01
  3.546894E+00 7.748E+00
  3.547349E+00 5.498E+00
  3.547798E+00 3.605E+00
  3.547909E+00 3.209E+00
  3.548020E+00 2.934E+00
  3.548130E+00 3.017E+00
  3.548241E+00 4.323E+00
  3.548350E+00 1.110E+01
  3.548460E+00 6.039E+01
  3.548569E+00 2.648E+02
  3.548678E+00 6.938E+01
  3.548786E+00 3.226E+01
  3.548894E+00 2.092E+01
  3.549002E+00 1.581E+01
  3.549109E+00 1.297E+01
  3.549216E+00 1.118E+01
  3.549322E+00 9.957E+00
  3.549429E+00 9.063E+00
  3.549640E+00 7.846E+00
  3.549955E+00 6.756E+00
  3.550369E+00 5.930E+00
  3.550880E+00 5.361E+00
  3.551581E+00 4.991E+00
  3.552460E+00 4.928E+00
  3.553313E+00 5.218E+00
  3.554052E+00 5.804E+00
  3.554683E+00 6.680E+00
  3.555214E+00 7.864E+00
  3.555648E+00 9.372E+00
  3.555991E+00 1.117E+01
  3.556245E+00 1.310E+01
  3.556497E+00 1.592E+01
  3.556664E+00 1.866E+01
  3.556747E+00 2.045E+01
  3.556830E+00 2.266E+01
  3.556912E+00 2.549E+01
  3.556995E+00 2.924E+01
  3.557077E+00 3.453E+01
  3.557158E+00 4.266E+01
  3.557240E+00 5.691E+01
  3.557321E+00 8.817E+01
  3.557402E+00 1.961E+02
  3.557483E+00 1.617E+03
  3.557563E+00 2.904E+02
  3.557644E+00 5.386E+01
  3.557724E+00 3.065E+01
  3.557804E+00 2.847E+01
  3.557883E+00 3.150E+01
  3.557962E+00 3.691E+01
  3.558042E+00 4.415E+01
  3.558120E+00 5.337E+01
  3.558199E+00 6.497E+01
  3.558277E+00 7.953E+01
  3.558356E+00 9.759E+01
  3.558434E+00 1.193E+02
  3.558589E+00 1.675E+02
  3.558666E+00 1.844E+02
  3.558743E+00 1.878E+02
  3.558820E+00 1.758E+02
  3.558896E+00 1.532E+02
  3.559049E+00 1.026E+02
  3.559125E+00 8.208E+01
  3.559200E+00 6.575E+01
  3.559276E+00 5.301E+01
  3.559351E+00 4.313E+01
  3.559426E+00 3.544E+01
  3.559501E+00 2.941E+01
  3.559575E+00 2.464E+01
  3.559649E+00 2.082E+01
  3.559724E+00 1.775E+01
  3.559797E+00 1.524E+01
  3.559871E+00 1.318E+01
  3.559945E+00 1.147E+01
  3.560018E+00 1.004E+01
  3.560091E+00 8.846E+00
  3.560236E+00 6.974E+00
  3.560381E+00 5.612E+00
  3.560525E+00 4.609E+00
  3.560668E+00 3.867E+00
  3.560810E+00 3.319E+00
  3.560951E+00 2.924E+00
  3.561091E+00 2.650E+00
  3.561301E+00 2.430E+00
  3.561508E+00 2.409E+00
  3.561714E+00 2.583E+00
  3.561918E+00 2.966E+00
  3.562120E+00 3.592E+00
  3.562320E+00 4.476E+00
  3.562585E+00 5.786E+00
  3.562651E+00 5.955E+00
  3.562716E+00 5.905E+00
  3.562782E+00 5.461E+00
  3.562847E+00 4.364E+00
  3.562912E+00 2.419E+00
  3.562977E+00 5.398E-01
  3.563041E+00 2.310E+00
  3.563106E+00 7.726E+00
  3.563170E+00 1.168E+01
  3.563234E+00 1.332E+01
  3.563298E+00 1.366E+01
  3.563362E+00 1.333E+01
  3.563488E+00 1.181E+01
  3.563740E+00 8.220E+00
  3.563927E+00 6.045E+00
  3.564051E+00 4.910E+00
  3.564174E+00 3.986E+00
  3.564296E+00 3.236E+00
  3.564418E+00 2.631E+00
  3.564539E+00 2.169E+00
  3.564600E+00 2.010E+00
  3.564660E+00 1.932E+00
  3.564720E+00 2.014E+00
  3.564779E+00 2.467E+00
  3.564839E+00 4.019E+00
  3.564899E+00 1.021E+01
  3.564958E+00 5.369E+01
  3.565017E+00 1.055E+02
  3.565076E+00 2.476E+01
  3.565135E+00 1.129E+01
  3.565194E+00 7.013E+00
  3.565252E+00 5.057E+00
  3.565311E+00 3.962E+00
  3.565369E+00 3.266E+00
  3.565427E+00 2.783E+00
  3.565485E+00 2.428E+00
  3.565542E+00 2.153E+00
  3.565657E+00 1.751E+00
  3.565772E+00 1.468E+00
  3.565942E+00 1.167E+00
  3.566111E+00 9.504E-01
  3.566279E+00 7.861E-01
  3.566501E+00 6.188E-01
  3.566720E+00 4.910E-01
  3.566991E+00 3.682E-01
  3.567258E+00 2.738E-01
  3.567522E+00 1.996E-01
  3.567782E+00 1.405E-01
  3.567988E+00 1.020E-01
  3.568192E+00 7.050E-02
  3.568344E+00 5.120E-02
  3.568444E+00 4.046E-02
  3.568544E+00 3.155E-02
  3.568593E+00 2.784E-02
  3.568643E+00 2.467E-02
  3.568692E+00 2.207E-02
  3.568742E+00 2.009E-02
  3.568791E+00 1.880E-02
  3.568840E+00 1.825E-02
  3.568889E+00 1.853E-02
  3.568938E+00 1.975E-02
  3.568987E+00 2.201E-02
  3.569035E+00 2.546E-02
  3.569084E+00 3.028E-02
  3.569132E+00 3.667E-02
  3.569180E+00 4.490E-02
  3.569228E+00 5.528E-02
  3.569276E+00 6.820E-02
  3.569324E+00 8.415E-02
  3.569372E+00 1.037E-01
  3.569420E+00 1.278E-01
  3.569467E+00 1.572E-01
  3.569514E+00 1.934E-01
  3.569562E+00 2.379E-01
  3.569609E+00 2.932E-01
  3.569656E+00 3.624E-01
  3.569703E+00 4.498E-01
  3.569750E+00 5.618E-01
  3.569796E+00 7.081E-01
  3.569843E+00 9.041E-01
  3.569889E+00 1.176E+00
  3.569935E+00 1.577E+00
  3.569982E+00 2.230E+00
  3.570028E+00 3.521E+00
  3.570074E+00 7.595E+00
  3.570120E+00 5.653E+01
  3.570165E+00 7.017E+00
  3.570211E+00 3.518E+00
  3.570257E+00 3.970E+00
  3.570302E+00 4.827E+00
  3.570347E+00 5.582E+00
  3.570392E+00 5.973E+00
  3.570437E+00 5.906E+00
  3.570482E+00 5.477E+00
  3.570617E+00 3.618E+00
  3.570661E+00 3.099E+00
  3.570706E+00 2.664E+00
  3.570750E+00 2.304E+00
  3.570794E+00 2.007E+00
  3.570838E+00 1.760E+00
  3.570882E+00 1.555E+00
  3.570970E+00 1.239E+00
  3.571057E+00 1.009E+00
  3.571144E+00 8.386E-01
  3.571230E+00 7.084E-01
  3.571359E+00 5.644E-01
  3.571486E+00 4.619E-01
  3.571613E+00 3.872E-01
  3.571739E+00 3.327E-01
  3.571906E+00 2.838E-01
  3.572030E+00 2.623E-01
  3.572153E+00 2.534E-01
  3.572275E+00 2.582E-01
  3.572396E+00 2.792E-01
  3.572516E+00 3.197E-01
  3.572636E+00 3.817E-01
  3.572754E+00 4.529E-01
  3.572793E+00 4.681E-01
  3.572833E+00 4.672E-01
  3.572872E+00 4.324E-01
  3.572911E+00 3.312E-01
  3.572950E+00 1.562E-01
  3.572989E+00 4.049E-01
  3.573028E+00 1.326E+00
  3.573066E+00 1.639E+00
  3.573105E+00 1.695E+00
  3.573182E+00 1.685E+00
  3.573297E+00 1.548E+00
  3.573599E+00 8.877E-01
  3.573711E+00 6.910E-01
  3.573822E+00 5.386E-01
  3.573895E+00 4.593E-01
  3.573969E+00 3.995E-01
  3.574005E+00 3.797E-01
  3.574042E+00 3.707E-01
  3.574078E+00 3.797E-01
  3.574114E+00 4.223E-01
  3.574150E+00 5.367E-01
  3.574186E+00 8.313E-01
  3.574222E+00 1.696E+00
  3.574258E+00 5.210E+00
  3.574294E+00 2.527E+01
  3.574330E+00 1.452E+01
  3.574366E+00 4.887E+00
  3.574401E+00 2.540E+00
  3.574437E+00 1.652E+00
  3.574472E+00 1.214E+00
  3.574508E+00 9.607E-01
  3.574543E+00 7.970E-01
  3.574578E+00 6.832E-01
  3.574613E+00 5.994E-01
  3.574648E+00 5.350E-01
  3.574718E+00 4.420E-01
  3.574788E+00 3.773E-01
  3.574891E+00 3.090E-01
  3.575028E+00 2.469E-01
  3.575198E+00 1.935E-01
  3.575399E+00 1.481E-01
  3.575598E+00 1.142E-01
  3.575826E+00 8.335E-02
  3.576051E+00 5.875E-02
  3.576241E+00 4.148E-02
  3.576397E+00 2.975E-02
  3.576490E+00 2.413E-02
  3.576582E+00 1.997E-02
  3.576643E+00 1.830E-02
  3.576704E+00 1.782E-02
  3.576735E+00 1.815E-02
  3.576765E+00 1.896E-02
  3.576795E+00 2.032E-02
  3.576826E+00 2.235E-02
  3.576856E+00 2.517E-02
  3.576886E+00 2.895E-02
  3.576916E+00 3.389E-02
  3.576946E+00 4.026E-02
  3.576976E+00 4.837E-02
  3.577005E+00 5.867E-02
  3.577035E+00 7.169E-02
  3.577065E+00 8.815E-02
  3.577094E+00 1.090E-01
  3.577124E+00 1.355E-01
  3.577153E+00 1.693E-01
  3.577183E+00 2.127E-01
  3.577212E+00 2.688E-01
  3.577241E+00 3.417E-01
  3.577271E+00 4.373E-01
  3.577300E+00 5.630E-01
  3.577329E+00 7.285E-01
  3.577358E+00 9.452E-01
  3.577387E+00 1.225E+00
  3.577416E+00 1.576E+00
  3.577445E+00 2.021E+00
  3.577474E+00 2.735E+00
  3.577502E+00 6.498E+00
  3.577531E+00 1.635E+01
  3.577560E+00 3.763E+00
  3.577588E+00 2.579E+00
  3.577617E+00 2.067E+00
  3.577645E+00 1.720E+00
  3.577673E+00 1.452E+00
  3.577702E+00 1.241E+00
  3.577730E+00 1.071E+00
  3.577758E+00 9.329E-01
  3.577786E+00 8.205E-01
  3.577814E+00 7.278E-01
  3.577870E+00 5.859E-01
  3.577926E+00 4.840E-01
  3.577982E+00 4.084E-01
  3.578037E+00 3.507E-01
  3.578119E+00 2.865E-01
  3.578201E+00 2.400E-01
  3.578310E+00 1.957E-01
  3.578417E+00 1.646E-01
  3.578550E+00 1.386E-01
  3.578682E+00 1.240E-01
  3.578787E+00 1.205E-01
  3.578890E+00 1.254E-01
  3.579069E+00 1.476E-01
  3.579095E+00 1.457E-01
  3.579120E+00 1.369E-01
  3.579146E+00 1.164E-01
  3.579171E+00 9.394E-02
  3.579196E+00 3.450E-01
  3.579221E+00 9.930E-01
  3.579246E+00 8.474E-01
  3.579271E+00 7.474E-01
  3.579296E+00 7.070E-01
  3.579420E+00 6.588E-01
  3.579494E+00 5.893E-01
  3.579665E+00 3.721E-01
  3.579738E+00 2.989E-01
  3.579810E+00 2.425E-01
  3.579857E+00 2.145E-01
  3.579905E+00 1.964E-01
  3.579929E+00 1.932E-01
  3.579952E+00 1.966E-01
  3.579976E+00 2.110E-01
  3.579999E+00 2.457E-01
  3.580023E+00 3.219E-01
  3.580046E+00 4.965E-01
  3.580070E+00 9.551E-01
  3.580093E+00 2.529E+00
  3.580117E+00 9.941E+00
  3.580140E+00 1.052E+01
  3.580163E+00 3.550E+00
  3.580186E+00 1.726E+00
  3.580209E+00 1.071E+00
  3.580233E+00 7.628E-01
  3.580256E+00 5.903E-01
  3.580279E+00 4.823E-01
  3.580302E+00 4.091E-01
  3.580325E+00 3.564E-01
  3.580347E+00 3.166E-01
  3.580370E+00 2.856E-01
  3.580416E+00 2.401E-01
  3.580461E+00 2.080E-01
  3.580529E+00 1.739E-01
  3.580618E+00 1.427E-01
  3.580730E+00 1.156E-01
  3.580861E+00 9.230E-02
  3.581013E+00 7.182E-02
  3.581206E+00 5.135E-02
  3.581395E+00 3.484E-02
  3.581539E+00 2.443E-02
  3.581621E+00 1.996E-02
  3.581682E+00 1.790E-02
  3.581723E+00 1.751E-02
  3.581743E+00 1.774E-02
  3.581763E+00 1.833E-02
  3.581783E+00 1.937E-02
  3.581803E+00 2.094E-02
  3.581823E+00 2.319E-02
  3.581843E+00 2.628E-02
  3.581863E+00 3.043E-02
  3.581883E+00 3.590E-02
  3.581903E+00 4.308E-02
  3.581923E+00 5.244E-02
  3.581943E+00 6.464E-02
  3.581962E+00 8.055E-02
  3.581982E+00 1.013E-01
  3.582002E+00 1.286E-01
  3.582021E+00 1.645E-01
  3.582041E+00 2.118E-01
  3.582061E+00 2.740E-01
  3.582080E+00 3.549E-01
  3.582100E+00 4.578E-01
  3.582119E+00 5.822E-01
  3.582138E+00 7.190E-01
  3.582158E+00 8.458E-01
  3.582177E+00 9.302E-01
  3.582197E+00 9.513E-01
  3.582216E+00 9.382E-01
  3.582235E+00 1.095E+00
  3.582254E+00 3.839E+00
  3.582273E+00 1.568E+01
  3.582293E+00 2.888E+00
  3.582312E+00 1.520E+00
  3.582331E+00 1.059E+00
  3.582350E+00 8.222E-01
  3.582369E+00 6.747E-01
  3.582388E+00 5.723E-01
  3.582407E+00 4.965E-01
  3.582426E+00 4.378E-01
  3.582444E+00 3.910E-01
  3.582482E+00 3.211E-01
  3.582520E+00 2.715E-01
  3.582557E+00 2.345E-01
  3.582613E+00 1.940E-01
  3.582686E+00 1.571E-01
  3.582760E+00 1.316E-01
  3.582833E+00 1.133E-01
  3.582923E+00 9.721E-02
  3.583012E+00 8.707E-02
  3.583101E+00 8.248E-02
  3.583241E+00 8.427E-02
  3.583276E+00 8.099E-02
  3.583310E+00 7.379E-02
  3.583327E+00 1.189E-01
  3.583345E+00 7.120E-01
  3.583362E+00 8.554E-01
  3.583379E+00 5.621E-01
  3.583396E+00 4.626E-01
  3.583413E+00 4.257E-01
  3.583430E+00 4.123E-01
  3.583515E+00 4.025E-01
  3.583566E+00 3.685E-01
  3.583699E+00 2.288E-01
  3.583749E+00 1.885E-01
  3.583798E+00 1.583E-01
  3.583831E+00 1.447E-01
  3.583863E+00 1.387E-01
  3.583880E+00 1.405E-01
  3.583896E+00 1.480E-01
  3.583912E+00 1.650E-01
  3.583928E+00 1.997E-01
  3.583944E+00 2.707E-01
  3.583960E+00 4.276E-01
  3.583977E+00 8.317E-01
  3.583993E+00 2.189E+00
  3.584009E+00 7.667E+00
  3.584025E+00 6.713E+00
  3.584041E+00 2.462E+00
  3.584057E+00 1.237E+00
  3.584072E+00 7.762E-01
  3.584088E+00 5.547E-01
  3.584104E+00 4.298E-01
  3.584120E+00 3.515E-01
  3.584136E+00 2.983E-01
  3.584152E+00 2.601E-01
  3.584167E+00 2.315E-01
  3.584183E+00 2.091E-01
  3.584214E+00 1.766E-01
  3.584261E+00 1.447E-01
  3.584308E+00 1.235E-01
  3.584370E+00 1.037E-01
  3.584446E+00 8.625E-02
  3.584553E+00 6.868E-02
  3.584687E+00 5.195E-02
  3.584849E+00 3.581E-02
  3.584979E+00 2.478E-02
  3.585050E+00 1.989E-02
  3.585093E+00 1.791E-02
  3.585121E+00 1.731E-02
  3.585149E+00 1.764E-02
  3.585163E+00 1.830E-02
  3.585177E+00 1.941E-02
  3.585191E+00 2.109E-02
  3.585205E+00 2.350E-02
  3.585219E+00 2.684E-02
  3.585233E+00 3.139E-02
  3.585247E+00 3.752E-02
  3.585261E+00 4.574E-02
  3.585275E+00 5.674E-02
  3.585289E+00 7.143E-02
  3.585303E+00 9.108E-02
  3.585316E+00 1.174E-01
  3.585330E+00 1.524E-01
  3.585344E+00 1.985E-01
  3.585358E+00 2.577E-01
  3.585399E+00 4.837E-01
  3.585412E+00 5.315E-01
  3.585426E+00 5.377E-01
  3.585440E+00 5.042E-01
  3.585453E+00 4.522E-01
  3.585467E+00 4.232E-01
  3.585480E+00 5.415E-01
  3.585494E+00 1.788E+00
  3.585507E+00 2.341E+01
  3.585521E+00 3.540E+00
  3.585534E+00 1.392E+00
  3.585547E+00 8.532E-01
  3.585561E+00 6.209E-01
  3.585574E+00 4.920E-01
  3.585587E+00 4.096E-01
  3.585601E+00 3.520E-01
  3.585614E+00 3.093E-01
  3.585627E+00 2.762E-01
  3.585654E+00 2.281E-01
  3.585680E+00 1.947E-01
  3.585707E+00 1.701E-01
  3.585746E+00 1.432E-01
  3.585798E+00 1.185E-01
  3.585863E+00 9.784E-02
  3.585927E+00 8.375E-02
  3.586003E+00 7.258E-02
  3.586079E+00 6.645E-02
  3.586178E+00 6.274E-02
  3.586203E+00 6.081E-02
  3.586215E+00 6.538E-02
  3.586227E+00 1.133E-01
  3.586240E+00 5.886E-01
  3.586252E+00 9.125E-01
  3.586264E+00 4.912E-01
  3.586276E+00 3.644E-01
  3.586289E+00 3.187E-01
  3.586301E+00 3.010E-01
  3.586325E+00 2.946E-01
  3.586373E+00 2.962E-01
  3.586410E+00 2.757E-01
  3.586505E+00 1.783E-01
  3.586552E+00 1.414E-01
  3.586587E+00 1.226E-01
  3.586611E+00 1.154E-01
  3.586622E+00 1.142E-01
  3.586634E+00 1.154E-01
  3.586646E+00 1.202E-01
  3.586657E+00 1.310E-01
  3.586669E+00 1.519E-01
  3.586680E+00 1.923E-01
  3.586692E+00 2.739E-01
  3.586704E+00 4.570E-01
  3.586715E+00 9.516E-01
  3.586727E+00 2.714E+00
  3.586738E+00 7.427E+00
  3.586750E+00 3.858E+00
  3.586761E+00 1.588E+00
  3.586772E+00 8.699E-01
  3.586784E+00 5.720E-01
  3.586795E+00 4.201E-01
  3.586807E+00 3.314E-01
  3.586818E+00 2.743E-01
  3.586829E+00 2.349E-01
  3.586841E+00 2.063E-01
  3.586852E+00 1.847E-01
  3.586863E+00 1.677E-01
  3.586886E+00 1.428E-01
  3.586919E+00 1.184E-01
  3.586964E+00 9.774E-02
  3.587019E+00 8.088E-02
  3.587085E+00 6.692E-02
  3.587183E+00 5.194E-02
  3.587311E+00 3.679E-02
  3.587437E+00 2.409E-02
  3.587499E+00 1.902E-02
  3.587530E+00 1.744E-02
  3.587551E+00 1.712E-02
  3.587571E+00 1.784E-02
  3.587581E+00 1.878E-02
  3.587591E+00 2.025E-02
  3.587602E+00 2.242E-02
  3.587612E+00 2.552E-02
  3.587622E+00 2.983E-02
  3.587632E+00 3.578E-02
  3.587642E+00 4.393E-02
  3.587652E+00 5.503E-02
  3.587662E+00 7.014E-02
  3.587672E+00 9.060E-02
  3.587682E+00 1.181E-01
  3.587700E+00 1.866E-01
  3.597690E+00 1.092E-01
  3.597700E+00 2.022E-01
  3.622643E+00 1.263E-01
  3.647586E+00 1.076E-01
  3.722416E+00 7.476E-02
  3.747359E+00 6.717E-02
  3.772303E+00 6.206E-02
  3.822189E+00 5.537E-02
  3.872076E+00 5.093E-02
  3.921963E+00 4.885E-02
  4.296112E+00 4.613E-02
  4.794978E+00 3.773E-02
  5.792711E+00 2.389E-02
  6.042144E+00 2.170E-02
  6.164205E+00 2.044E-02
  6.288727E+00 1.925E-02
  6.415767E+00 1.813E-02
  6.545377E+00 1.707E-02
  6.677603E+00 1.608E-02
  6.812497E+00 1.514E-02
  6.950116E+00 1.426E-02
  7.090519E+00 1.343E-02
  7.233757E+00 1.265E-02
  7.379893E+00 1.191E-02
  7.528974E+00 1.122E-02
  7.681067E+00 1.056E-02
  7.836239E+00 9.947E-03
  7.994539E+00 9.368E-03
  8.156037E+00 8.823E-03
  8.320803E+00 8.309E-03
  8.488894E+00 7.825E-03
  8.660383E+00 7.369E-03
  8.835330E+00 6.940E-03
  9.013822E+00 6.536E-03
  9.195908E+00 6.155E-03
  9.381677E+00 5.797E-03
  9.571202E+00 5.459E-03
  9.764554E+00 5.141E-03
  9.961807E+00 4.842E-03
  1.016305E+01 4.560E-03
  1.036836E+01 4.294E-03
  1.057781E+01 4.044E-03
  1.079150E+01 3.809E-03
  1.100950E+01 3.587E-03
  1.123191E+01 3.378E-03
  1.145881E+01 3.181E-03
  1.169029E+01 2.996E-03
  1.192645E+01 2.822E-03
  1.216738E+01 2.657E-03
  1.241318E+01 2.503E-03
  1.266395E+01 2.357E-03
  1.291977E+01 2.220E-03
  1.318077E+01 2.090E-03
  1.344704E+01 1.969E-03
  1.371868E+01 1.854E-03
  1.399582E+01 1.746E-03
  1.427855E+01 1.644E-03
  1.456700E+01 1.549E-03
  1.486128E+01 1.458E-03
  1.516150E+01 1.373E-03
  1.546778E+01 1.293E-03
  1.578024E+01 1.218E-03
  1.609901E+01 1.147E-03
  1.642424E+01 1.080E-03
  1.675603E+01 1.017E-03
  1.709453E+01 9.582E-04
  1.743985E+01 9.024E-04
  1.779218E+01 8.499E-04
  1.815158E+01 8.004E-04
  1.851828E+01 7.538E-04
  1.889236E+01 7.099E-04
  1.927403E+01 6.685E-04
  1.966338E+01 6.296E-04
  2.006061E+01 5.929E-04
  2.046585E+01 5.584E-04
  2.087930E+01 5.259E-04
  2.130109E+01 4.953E-04
  2.173140E+01 4.664E-04
  2.217039E+01 4.393E-04
  2.261827E+01 4.137E-04
  2.307518E+01 3.896E-04
  2.354134E+01 3.669E-04
      25   2   2   100    6  -2.90552E-02    1605
  2.900254E-02 3.554E+01
  8.028722E-02 5.267E+00
  1.302680E-01 2.045E+00
  1.789887E-01 1.093E+00
  2.264914E-01 6.887E-01
  2.728162E-01 4.781E-01
  3.180019E-01 3.521E-01
  3.620854E-01 2.693E-01
  4.051023E-01 2.119E-01
  4.470868E-01 1.711E-01
  4.880716E-01 1.414E-01
  5.280882E-01 1.197E-01
  5.671669E-01 1.033E-01
  6.053368E-01 9.073E-02
  6.790607E-01 7.239E-02
  7.494713E-01 5.910E-02
  8.492985E-01 4.434E-02
  9.122506E-01 3.710E-02
  1.001686E+00 2.945E-02
  1.085570E+00 2.462E-02
  1.189553E+00 2.059E-02
  1.475479E+00 1.233E-02
  1.585432E+00 9.802E-03
  1.684113E+00 8.184E-03
  1.786966E+00 7.087E-03
  2.081382E+00 4.929E-03
  2.359588E+00 2.404E-03
  2.497917E+00 1.264E-03
  2.534596E+00 9.007E-04
  2.558057E+00 6.200E-04
  2.576862E+00 3.560E-04
  2.591686E+00 1.347E-04
  2.594563E+00 9.522E-05
  2.597412E+00 5.971E-05
  2.600232E+00 3.007E-05
  2.603026E+00 8.922E-06
  2.605792E+00 3.592E-08
  2.608531E+00 8.826E-06
  2.611244E+00 4.322E-05
  2.613931E+00 1.151E-04
  2.616591E+00 2.424E-04
  2.619227E+00 4.536E-04
  2.621837E+00 7.946E-04
  2.624422E+00 1.343E-03
  2.626983E+00 2.235E-03
  2.629519E+00 3.730E-03
  2.632032E+00 6.351E-03
  2.634521E+00 1.128E-02
  2.636986E+00 2.162E-02
  2.639429E+00 4.731E-02
  2.641849E+00 1.332E-01
  2.644246E+00 6.031E-01
  2.646621E+00 8.678E-01
  2.648974E+00 2.304E-01
  2.651306E+00 9.911E-02
  2.653616E+00 5.678E-02
  2.655905E+00 3.795E-02
  2.658173E+00 2.785E-02
  2.660420E+00 2.174E-02
  2.662647E+00 1.773E-02
  2.664854E+00 1.492E-02
  2.667042E+00 1.288E-02
  2.669209E+00 1.132E-02
  2.671357E+00 1.011E-02
  2.675596E+00 8.350E-03
  2.679760E+00 7.141E-03
  2.685869E+00 5.911E-03
  2.691819E+00 5.080E-03
  2.699515E+00 4.317E-03
  2.710575E+00 3.568E-03
  2.724475E+00 2.938E-03
  2.742148E+00 2.386E-03
  2.765232E+00 1.871E-03
  2.791529E+00 1.428E-03
  2.807978E+00 1.227E-03
  2.816060E+00 1.187E-03
  2.820889E+00 1.222E-03
  2.823708E+00 1.297E-03
  2.825555E+00 1.392E-03
  2.827378E+00 1.560E-03
  2.828280E+00 1.693E-03
  2.829176E+00 1.882E-03
  2.830066E+00 2.166E-03
  2.830950E+00 2.624E-03
  2.831828E+00 3.449E-03
  2.832701E+00 5.243E-03
  2.833568E+00 1.089E-02
  2.834429E+00 6.634E-02
  2.835284E+00 6.005E-02
  2.836134E+00 4.024E-03
  2.836978E+00 8.551E-04
  2.837816E+00 2.235E-04
  2.838649E+00 5.188E-05
  2.839477E+00 5.804E-06
  2.840299E+00 6.390E-07
  2.841116E+00 9.354E-06
  2.842734E+00 3.514E-05
  2.843535E+00 4.695E-05
  2.844331E+00 5.705E-05
  2.845122E+00 6.536E-05
  2.845908E+00 7.195E-05
  2.847465E+00 8.065E-05
  2.849001E+00 8.446E-05
  2.851270E+00 8.351E-05
  2.853497E+00 7.714E-05
  2.856401E+00 6.370E-05
  2.863353E+00 2.366E-05
  2.864693E+00 1.669E-05
  2.866016E+00 1.061E-05
  2.866672E+00 7.983E-06
  2.867324E+00 5.666E-06
  2.867972E+00 3.695E-06
  2.868616E+00 2.106E-06
  2.869257E+00 9.341E-07
  2.869893E+00 2.191E-07
  2.870526E+00 1.971E-09
  2.871155E+00 3.267E-07
  2.871780E+00 1.241E-06
  2.872401E+00 2.795E-06
  2.873019E+00 5.046E-06
  2.873633E+00 8.053E-06
  2.874244E+00 1.188E-05
  2.874851E+00 1.660E-05
  2.875454E+00 2.230E-05
  2.876054E+00 2.905E-05
  2.876650E+00 3.696E-05
  2.877243E+00 4.613E-05
  2.877832E+00 5.667E-05
  2.878418E+00 6.872E-05
  2.879001E+00 8.243E-05
  2.879580E+00 9.795E-05
  2.880728E+00 1.352E-04
  2.881863E+00 1.822E-04
  2.882985E+00 2.411E-04
  2.884095E+00 3.150E-04
  2.885192E+00 4.075E-04
  2.886276E+00 5.239E-04
  2.887348E+00 6.709E-04
  2.888408E+00 8.583E-04
  2.889456E+00 1.100E-03
  2.890493E+00 1.414E-03
  2.891007E+00 1.608E-03
  2.891518E+00 1.833E-03
  2.892026E+00 2.094E-03
  2.892532E+00 2.400E-03
  2.893034E+00 2.761E-03
  2.893534E+00 3.190E-03
  2.894031E+00 3.705E-03
  2.894526E+00 4.329E-03
  2.895018E+00 5.094E-03
  2.895507E+00 6.043E-03
  2.895993E+00 7.239E-03
  2.896477E+00 8.773E-03
  2.896958E+00 1.078E-02
  2.897436E+00 1.348E-02
  2.897912E+00 1.721E-02
  2.898385E+00 2.255E-02
  2.898856E+00 3.059E-02
  2.899324E+00 4.343E-02
  2.899790E+00 6.572E-02
  2.900253E+00 1.092E-01
  2.900713E+00 2.108E-01
  2.901172E+00 5.286E-01
  2.901627E+00 1.896E+00
  2.902081E+00 1.710E+00
  2.902531E+00 4.978E-01
  2.902980E+00 2.104E-01
  2.903426E+00 1.140E-01
  2.903870E+00 7.119E-02
  2.904311E+00 4.868E-02
  2.904750E+00 3.540E-02
  2.905187E+00 2.692E-02
  2.905621E+00 2.118E-02
  2.906054E+00 1.709E-02
  2.906484E+00 1.409E-02
  2.906911E+00 1.182E-02
  2.907337E+00 1.005E-02
  2.907760E+00 8.645E-03
  2.908181E+00 7.514E-03
  2.908600E+00 6.588E-03
  2.909016E+00 5.819E-03
  2.909843E+00 4.625E-03
  2.910661E+00 3.751E-03
  2.911471E+00 3.091E-03
  2.912273E+00 2.580E-03
  2.913460E+00 2.003E-03
  2.914629E+00 1.582E-03
  2.915780E+00 1.265E-03
  2.916914E+00 1.020E-03
  2.918400E+00 7.736E-04
  2.919857E+00 5.911E-04
  2.921285E+00 4.541E-04
  2.922685E+00 3.509E-04
  2.924058E+00 2.738E-04
  2.925404E+00 2.175E-04
  2.926397E+00 1.870E-04
  2.927376E+00 1.659E-04
  2.928341E+00 1.543E-04
  2.929292E+00 1.537E-04
  2.929919E+00 1.613E-04
  2.930539E+00 1.779E-04
  2.930847E+00 1.910E-04
  2.931154E+00 2.081E-04
  2.931459E+00 2.306E-04
  2.931763E+00 2.601E-04
  2.932066E+00 2.988E-04
  2.932367E+00 3.500E-04
  2.932666E+00 4.186E-04
  2.932965E+00 5.120E-04
  2.933262E+00 6.416E-04
  2.933557E+00 8.261E-04
  2.933851E+00 1.098E-03
  2.934144E+00 1.516E-03
  2.934435E+00 2.204E-03
  2.934726E+00 3.471E-03
  2.935014E+00 6.597E-03
  2.935302E+00 2.188E+01
  2.935588E+00 8.122E-03
  2.935873E+00 2.605E-02
  2.936156E+00 1.148E-01
  2.936438E+00 1.821E+01
  2.936719E+00 2.167E-01
  2.936999E+00 5.510E-02
  2.937277E+00 2.653E-02
  2.937554E+00 1.638E-02
  2.937830E+00 1.156E-02
  2.938105E+00 8.872E-03
  2.938378E+00 7.204E-03
  2.938650E+00 6.096E-03
  2.938921E+00 5.321E-03
  2.939191E+00 4.758E-03
  2.939460E+00 4.337E-03
  2.939993E+00 3.768E-03
  2.940522E+00 3.420E-03
  2.941306E+00 3.130E-03
  2.942335E+00 2.982E-03
  2.943597E+00 3.006E-03
  2.945317E+00 3.269E-03
  2.947220E+00 3.816E-03
  2.949059E+00 4.624E-03
  2.950618E+00 5.606E-03
  2.952132E+00 6.958E-03
  2.953395E+00 8.580E-03
  2.954423E+00 1.046E-02
  2.955231E+00 1.254E-02
  2.955829E+00 1.462E-02
  2.956419E+00 1.740E-02
  2.957002E+00 2.130E-02
  2.957386E+00 2.489E-02
  2.957768E+00 2.978E-02
  2.957958E+00 3.292E-02
  2.958147E+00 3.673E-02
  2.958335E+00 4.141E-02
  2.958522E+00 4.728E-02
  2.958709E+00 5.482E-02
  2.958895E+00 6.478E-02
  2.959080E+00 7.840E-02
  2.959265E+00 9.786E-02
  2.959449E+00 1.273E-01
  2.959632E+00 1.753E-01
  2.959814E+00 2.626E-01
  2.959996E+00 4.484E-01
  2.960176E+00 9.564E-01
  2.960357E+00 2.823E+00
  2.960536E+00 3.503E+00
  2.960715E+00 9.897E-01
  2.960893E+00 3.628E-01
  2.961070E+00 1.715E-01
  2.961247E+00 9.390E-02
  2.961423E+00 5.620E-02
  2.961598E+00 3.561E-02
  2.961773E+00 2.342E-02
  2.961947E+00 1.578E-02
  2.962120E+00 1.079E-02
  2.962293E+00 7.417E-03
  2.962465E+00 5.092E-03
  2.962636E+00 3.464E-03
  2.962807E+00 2.314E-03
  2.962976E+00 1.501E-03
  2.963146E+00 9.300E-04
  2.963314E+00 5.367E-04
  2.963482E+00 2.753E-04
  2.963650E+00 1.134E-04
  2.963816E+00 2.747E-05
  2.963983E+00 8.199E-08
  2.964148E+00 1.830E-05
  2.964313E+00 7.234E-05
  2.964477E+00 1.547E-04
  2.964641E+00 2.598E-04
  2.964804E+00 3.830E-04
  2.964966E+00 5.209E-04
  2.965289E+00 8.304E-04
  2.965768E+00 1.353E-03
  2.966712E+00 2.515E-03
  2.968237E+00 4.635E-03
  2.969995E+00 7.432E-03
  2.971952E+00 1.090E-02
  2.972088E+00 1.101E-02
  2.972223E+00 1.086E-02
  2.972358E+00 8.709E-03
  2.972493E+00 1.557E-02
  2.972627E+00 1.399E-02
  2.972894E+00 1.406E-02
  2.973812E+00 1.628E-02
  2.974961E+00 2.015E-02
  2.975583E+00 2.313E-02
  2.975952E+00 2.608E-02
  2.976074E+00 2.784E-02
  2.976195E+00 3.102E-02
  2.976316E+00 4.080E-02
  2.976437E+00 1.924E-01
  2.976557E+00 1.393E-02
  2.976677E+00 1.937E-02
  2.976797E+00 2.180E-02
  2.977034E+00 2.451E-02
  2.978084E+00 3.167E-02
  2.979435E+00 4.135E-02
  2.980627E+00 5.280E-02
  2.981570E+00 6.528E-02
  2.982386E+00 8.032E-02
  2.983082E+00 9.878E-02
  2.983570E+00 1.173E-01
  2.983955E+00 1.377E-01
  2.984335E+00 1.667E-01
  2.984617E+00 1.987E-01
  2.984803E+00 2.285E-01
  2.984989E+00 2.696E-01
  2.985081E+00 2.966E-01
  2.985173E+00 3.300E-01
  2.985264E+00 3.722E-01
  2.985356E+00 4.271E-01
  2.985447E+00 5.010E-01
  2.985537E+00 6.052E-01
  2.985628E+00 7.607E-01
  2.985718E+00 1.012E+00
  2.985808E+00 1.466E+00
  2.985898E+00 2.434E+00
  2.985987E+00 5.108E+00
  2.986076E+00 1.369E+01
  2.986165E+00 9.858E+00
  2.986253E+00 2.623E+00
  2.986341E+00 9.173E-01
  2.986429E+00 3.907E-01
  2.986517E+00 1.834E-01
  2.986605E+00 8.924E-02
  2.986692E+00 4.277E-02
  2.986779E+00 1.905E-02
  2.986865E+00 7.133E-03
  2.986952E+00 1.712E-03
  2.987038E+00 3.405E-05
  2.987123E+00 5.810E-04
  2.987209E+00 2.478E-03
  2.987294E+00 5.202E-03
  2.987379E+00 8.435E-03
  2.987549E+00 1.570E-02
  2.989502E+00 1.066E-01
  2.990351E+00 1.527E-01
  2.991174E+00 2.082E-01
  2.991755E+00 2.519E-01
  2.991827E+00 2.490E-01
  2.991899E+00 3.923E-01
  2.991970E+00 2.969E-01
  2.992112E+00 3.034E-01
  2.992603E+00 3.627E-01
  2.993152E+00 4.551E-01
  2.993556E+00 5.509E-01
  2.993822E+00 6.434E-01
  2.993953E+00 7.123E-01
  2.994019E+00 7.603E-01
  2.994084E+00 8.274E-01
  2.994149E+00 9.363E-01
  2.994214E+00 1.174E+00
  2.994279E+00 2.344E+00
  2.994343E+00 1.345E-01
  2.994408E+00 2.709E-01
  2.994472E+00 4.490E-01
  2.994536E+00 5.456E-01
  2.994600E+00 6.116E-01
  2.994791E+00 7.476E-01
  2.995415E+00 1.124E+00
  2.995841E+00 1.458E+00
  2.996201E+00 1.841E+00
  2.996496E+00 2.261E+00
  2.996787E+00 2.815E+00
  2.997074E+00 3.568E+00
  2.997301E+00 4.382E+00
  2.997525E+00 5.476E+00
  2.997692E+00 6.560E+00
  2.997858E+00 7.972E+00
  2.998022E+00 9.853E+00
  2.998185E+00 1.243E+01
  2.998293E+00 1.472E+01
  2.998400E+00 1.766E+01
  2.998507E+00 2.153E+01
  2.998613E+00 2.676E+01
  2.998666E+00 3.009E+01
  2.998719E+00 3.405E+01
  2.998771E+00 3.881E+01
  2.998824E+00 4.462E+01
  2.998876E+00 5.179E+01
  2.998928E+00 6.077E+01
  2.998980E+00 7.224E+01
  2.999032E+00 8.718E+01
  2.999084E+00 1.071E+02
  2.999136E+00 1.346E+02
  2.999187E+00 1.739E+02
  2.999239E+00 2.327E+02
  2.999290E+00 3.263E+02
  2.999341E+00 4.881E+02
  2.999392E+00 8.022E+02
  2.999443E+00 1.527E+03
  2.999494E+00 3.705E+03
  2.999544E+00 1.130E+04
  2.999595E+00 9.314E+03
  2.999645E+00 3.094E+03
  2.999695E+00 1.364E+03
  2.999746E+00 7.500E+02
  2.999796E+00 4.714E+02
  2.999845E+00 3.232E+02
  2.999895E+00 2.354E+02
  2.999945E+00 1.792E+02
  2.999994E+00 1.411E+02
  3.000043E+00 1.140E+02
  3.000093E+00 9.414E+01
  3.000142E+00 7.911E+01
  3.000191E+00 6.746E+01
  3.000240E+00 5.825E+01
  3.000288E+00 5.084E+01
  3.000337E+00 4.478E+01
  3.000385E+00 3.977E+01
  3.000482E+00 3.203E+01
  3.000578E+00 2.640E+01
  3.000674E+00 2.217E+01
  3.000816E+00 1.756E+01
  3.000957E+00 1.430E+01
  3.001098E+00 1.190E+01
  3.001283E+00 9.573E+00
  3.001467E+00 7.901E+00
  3.001694E+00 6.393E+00
  3.001963E+00 5.122E+00
  3.002271E+00 4.091E+00
  3.002703E+00 2.990E+00
  3.002745E+00 2.797E+00
  3.002788E+00 2.179E+00
  3.002830E+00 4.022E+00
  3.002873E+00 3.229E+00
  3.002915E+00 3.034E+00
  3.003041E+00 2.756E+00
  3.003331E+00 2.384E+00
  3.003697E+00 2.081E+00
  3.003977E+00 1.965E+00
  3.004134E+00 2.003E+00
  3.004212E+00 2.117E+00
  3.004251E+00 2.243E+00
  3.004290E+00 2.486E+00
  3.004329E+00 3.067E+00
  3.004368E+00 5.593E+00
  3.004406E+00 1.986E+01
  3.004445E+00 1.583E-01
  3.004483E+00 5.860E-01
  3.004522E+00 8.036E-01
  3.004560E+00 9.240E-01
  3.004598E+00 9.968E-01
  3.004674E+00 1.074E+00
  3.004825E+00 1.121E+00
  3.005233E+00 1.089E+00
  3.006019E+00 9.944E-01
  3.006466E+00 1.002E+00
  3.006734E+00 1.064E+00
  3.006899E+00 1.153E+00
  3.007030E+00 1.283E+00
  3.007127E+00 1.451E+00
  3.007192E+00 1.629E+00
  3.007256E+00 1.906E+00
  3.007288E+00 2.108E+00
  3.007320E+00 2.382E+00
  3.007352E+00 2.768E+00
  3.007384E+00 3.345E+00
  3.007415E+00 4.275E+00
  3.007447E+00 5.954E+00
  3.007479E+00 9.543E+00
  3.007510E+00 1.936E+01
  3.007542E+00 4.444E+01
  3.007573E+00 2.204E+01
  3.007604E+00 5.588E+00
  3.007636E+00 1.799E+00
  3.007667E+00 6.624E-01
  3.007698E+00 2.486E-01
  3.007729E+00 8.433E-02
  3.007760E+00 2.055E-02
  3.007791E+00 1.178E-03
  3.007822E+00 2.456E-03
  3.007853E+00 1.344E-02
  3.007883E+00 2.879E-02
  3.007975E+00 7.976E-02
  3.008066E+00 1.245E-01
  3.008157E+00 1.603E-01
  3.008277E+00 1.963E-01
  3.008455E+00 2.328E-01
  3.008717E+00 2.642E-01
  3.009087E+00 2.841E-01
  3.009393E+00 2.846E-01
  3.009475E+00 2.743E-01
  3.009502E+00 2.635E-01
  3.009530E+00 2.341E-01
  3.009557E+00 4.003E-04
  3.009584E+00 3.977E-01
  3.009611E+00 3.448E-01
  3.009638E+00 3.298E-01
  3.009718E+00 3.167E-01
  3.010036E+00 3.151E-01
  3.010294E+00 3.302E-01
  3.010421E+00 3.542E-01
  3.010472E+00 3.749E-01
  3.010522E+00 4.150E-01
  3.010547E+00 4.532E-01
  3.010572E+00 5.234E-01
  3.010597E+00 6.929E-01
  3.010622E+00 1.546E+00
  3.010647E+00 1.686E+00
  3.010672E+00 1.849E-02
  3.010697E+00 9.688E-02
  3.010722E+00 1.441E-01
  3.010746E+00 1.730E-01
  3.010771E+00 1.923E-01
  3.010820E+00 2.164E-01
  3.010893E+00 2.359E-01
  3.011063E+00 2.567E-01
  3.011785E+00 2.998E-01
  3.012031E+00 3.315E-01
  3.012184E+00 3.707E-01
  3.012293E+00 4.209E-01
  3.012358E+00 4.703E-01
  3.012422E+00 5.493E-01
  3.012464E+00 6.339E-01
  3.012486E+00 6.933E-01
  3.012507E+00 7.706E-01
  3.012528E+00 8.750E-01
  3.012549E+00 1.022E+00
  3.012570E+00 1.242E+00
  3.012591E+00 1.598E+00
  3.012612E+00 2.246E+00
  3.012633E+00 3.647E+00
  3.012654E+00 7.535E+00
  3.012675E+00 1.651E+01
  3.012696E+00 7.213E+00
  3.012717E+00 1.849E+00
  3.012737E+00 5.980E-01
  3.012758E+00 2.174E-01
  3.012779E+00 7.875E-02
  3.012799E+00 2.465E-02
  3.012820E+00 4.769E-03
  3.012841E+00 1.147E-05
  3.012861E+00 2.253E-03
  3.012882E+00 7.739E-03
  3.012902E+00 1.463E-02
  3.012963E+00 3.655E-02
  3.013004E+00 4.975E-02
  3.013064E+00 6.655E-02
  3.013144E+00 8.407E-02
  3.013263E+00 1.029E-01
  3.013440E+00 1.211E-01
  3.013689E+00 1.360E-01
  3.013877E+00 1.403E-01
  3.013932E+00 1.376E-01
  3.013951E+00 1.347E-01
  3.013969E+00 1.289E-01
  3.013988E+00 1.140E-01
  3.014006E+00 3.012E-02
  3.014024E+00 2.398E-01
  3.014043E+00 1.867E-01
  3.014061E+00 1.747E-01
  3.014097E+00 1.672E-01
  3.014206E+00 1.647E-01
  3.014455E+00 1.750E-01
  3.014577E+00 1.891E-01
  3.014646E+00 2.085E-01
  3.014680E+00 2.294E-01
  3.014697E+00 2.476E-01
  3.014714E+00 2.778E-01
  3.014731E+00 3.377E-01
  3.014748E+00 5.095E-01
  3.014765E+00 2.448E+00
  3.014782E+00 7.692E-02
  3.014799E+00 1.930E-02
  3.014816E+00 5.718E-02
  3.014833E+00 8.086E-02
  3.014850E+00 9.625E-02
  3.014867E+00 1.070E-01
  3.014900E+00 1.210E-01
  3.014967E+00 1.361E-01
  3.015099E+00 1.506E-01
  3.015547E+00 1.827E-01
  3.015717E+00 2.056E-01
  3.015824E+00 2.322E-01
  3.015899E+00 2.654E-01
  3.015944E+00 2.976E-01
  3.015974E+00 3.287E-01
  3.016003E+00 3.731E-01
  3.016018E+00 4.033E-01
  3.016033E+00 4.416E-01
  3.016048E+00 4.913E-01
  3.016062E+00 5.584E-01
  3.016077E+00 6.531E-01
  3.016092E+00 7.946E-01
  3.016106E+00 1.024E+00
  3.016121E+00 1.443E+00
  3.016136E+00 2.353E+00
  3.016150E+00 4.889E+00
  3.016165E+00 1.045E+01
  3.016179E+00 4.349E+00
  3.016194E+00 1.119E+00
  3.016208E+00 3.614E-01
  3.016223E+00 1.302E-01
  3.016237E+00 4.613E-02
  3.016252E+00 1.376E-02
  3.016266E+00 2.278E-03
  3.016280E+00 1.880E-05
  3.016295E+00 2.001E-03
  3.016309E+00 5.927E-03
  3.016323E+00 1.068E-02
  3.016337E+00 1.568E-02
  3.016380E+00 3.003E-02
  3.016408E+00 3.836E-02
  3.016465E+00 5.199E-02
  3.016535E+00 6.465E-02
  3.016631E+00 7.709E-02
  3.016781E+00 8.958E-02
  3.016955E+00 9.759E-02
  3.017021E+00 9.733E-02
  3.017047E+00 9.469E-02
  3.017060E+00 9.138E-02
  3.017073E+00 8.403E-02
  3.017086E+00 5.993E-02
  3.017099E+00 4.856E-01
  3.017112E+00 1.502E-01
  3.017125E+00 1.311E-01
  3.017138E+00 1.247E-01
  3.017177E+00 1.193E-01
  3.017292E+00 1.205E-01
  3.017442E+00 1.302E-01
  3.017516E+00 1.415E-01
  3.017553E+00 1.532E-01
  3.017578E+00 1.676E-01
  3.017590E+00 1.796E-01
  3.017602E+00 1.984E-01
  3.017614E+00 2.323E-01
  3.017626E+00 3.108E-01
  3.017639E+00 6.567E-01
  3.017651E+00 5.032E+00
  3.017663E+00 4.640E-06
  3.017675E+00 2.619E-02
  3.017687E+00 4.863E-02
  3.017699E+00 6.309E-02
  3.017711E+00 7.297E-02
  3.017723E+00 8.013E-02
  3.017747E+00 8.989E-02
  3.017794E+00 1.010E-01
  3.017900E+00 1.135E-01
  3.018198E+00 1.388E-01
  3.018321E+00 1.573E-01
  3.018398E+00 1.783E-01
  3.018452E+00 2.043E-01
  3.018484E+00 2.294E-01
  3.018517E+00 2.691E-01
  3.018538E+00 3.113E-01
  3.018549E+00 3.409E-01
  3.018560E+00 3.794E-01
  3.018570E+00 4.313E-01
  3.018581E+00 5.043E-01
  3.018592E+00 6.136E-01
  3.018602E+00 7.909E-01
  3.018613E+00 1.114E+00
  3.018623E+00 1.816E+00
  3.018634E+00 3.770E+00
  3.018644E+00 8.007E+00
  3.018655E+00 3.311E+00
  3.018665E+00 8.511E-01
  3.018676E+00 2.740E-01
  3.018686E+00 9.798E-02
  3.018697E+00 3.429E-02
  3.018707E+00 9.947E-03
  3.018718E+00 1.501E-03
  3.018728E+00 4.826E-05
  3.018739E+00 1.800E-03
  3.018749E+00 5.008E-03
  3.018759E+00 8.823E-03
  3.018770E+00 1.282E-02
  3.018790E+00 2.059E-02
  3.018821E+00 3.082E-02
  3.018821E+00 0.000E+00
  3.022362E+00 0.000E+00
  3.022362E+00 5.301E+00
  3.025692E+00 3.704E+00
  3.028993E+00 3.045E+00
  3.029003E+00 1.681E+00
  3.033120E+00 1.284E+00
  3.037192E+00 1.016E+00
  3.041219E+00 8.267E-01
  3.045202E+00 6.884E-01
  3.049142E+00 5.842E-01
  3.053038E+00 5.038E-01
  3.056892E+00 4.403E-01
  3.060704E+00 3.894E-01
  3.068205E+00 3.134E-01
  3.075546E+00 2.603E-01
  3.082732E+00 2.215E-01
  3.093229E+00 1.801E-01
  3.103400E+00 1.511E-01
  3.116477E+00 1.240E-01
  3.132087E+00 1.009E-01
  3.149810E+00 8.223E-02
  3.169201E+00 6.770E-02
  3.192283E+00 5.553E-02
  3.220183E+00 4.542E-02
  3.252979E+00 3.732E-02
  3.284848E+00 3.205E-02
  3.306562E+00 3.037E-02
  3.319298E+00 3.126E-02
  3.327309E+00 3.378E-02
  3.332449E+00 3.724E-02
  3.336204E+00 4.153E-02
  3.339876E+00 4.830E-02
  3.342279E+00 5.501E-02
  3.344646E+00 6.442E-02
  3.346979E+00 7.777E-02
  3.349278E+00 9.675E-02
  3.351544E+00 1.231E-01
  3.355979E+00 1.915E-01
  3.357068E+00 2.043E-01
  3.358149E+00 2.113E-01
  3.359222E+00 2.109E-01
  3.360288E+00 2.037E-01
  3.362397E+00 1.756E-01
  3.365506E+00 1.283E-01
  3.367542E+00 1.038E-01
  3.369550E+00 8.554E-02
  3.371530E+00 7.209E-02
  3.374449E+00 5.811E-02
  3.377309E+00 4.884E-02
  3.381032E+00 4.071E-02
  3.385546E+00 3.434E-02
  3.390767E+00 2.957E-02
  3.398223E+00 2.526E-02
  3.408255E+00 2.172E-02
  3.422829E+00 1.859E-02
  3.437940E+00 1.671E-02
  3.446526E+00 1.656E-02
  3.450539E+00 1.733E-02
  3.452480E+00 1.838E-02
  3.453908E+00 2.002E-02
  3.454847E+00 2.215E-02
  3.455313E+00 2.394E-02
  3.455777E+00 2.676E-02
  3.456237E+00 3.178E-02
  3.456696E+00 4.300E-02
  3.457152E+00 8.473E-02
  3.457605E+00 3.487E+00
  3.458057E+00 1.440E-02
  3.458505E+00 3.112E-03
  3.458952E+00 4.695E-03
  3.459396E+00 6.386E-03
  3.459837E+00 7.691E-03
  3.460276E+00 8.692E-03
  3.461148E+00 1.013E-02
  3.462864E+00 1.192E-02
  3.468596E+00 1.638E-02
  3.471692E+00 2.000E-02
  3.474300E+00 2.416E-02
  3.475390E+00 2.697E-02
  3.476464E+00 3.125E-02
  3.477523E+00 3.697E-02
  3.478565E+00 4.433E-02
  3.479593E+00 5.392E-02
  3.480606E+00 6.672E-02
  3.481604E+00 8.420E-02
  3.482262E+00 9.955E-02
  3.482913E+00 1.189E-01
  3.483558E+00 1.437E-01
  3.484197E+00 1.756E-01
  3.484830E+00 2.168E-01
  3.485456E+00 2.702E-01
  3.486077E+00 3.385E-01
  3.486693E+00 4.230E-01
  3.488206E+00 6.601E-01
  3.488801E+00 7.131E-01
  3.489097E+00 7.193E-01
  3.489684E+00 6.899E-01
  3.490554E+00 5.772E-01
  3.491697E+00 4.102E-01
  3.492540E+00 3.130E-01
  3.493371E+00 2.406E-01
  3.494463E+00 1.678E-01
  3.495001E+00 1.356E-01
  3.495269E+00 6.388E-01
  3.495535E+00 3.119E-01
  3.495800E+00 1.924E-01
  3.496064E+00 1.611E-01
  3.496326E+00 1.443E-01
  3.496848E+00 1.235E-01
  3.497622E+00 1.034E-01
  3.498639E+00 8.511E-02
  3.499884E+00 6.921E-02
  3.501343E+00 5.586E-02
  3.502998E+00 4.486E-02
  3.505055E+00 3.493E-02
  3.507250E+00 2.712E-02
  3.509561E+00 2.085E-02
  3.511770E+00 1.623E-02
  3.513506E+00 1.356E-02
  3.514813E+00 1.239E-02
  3.515725E+00 1.232E-02
  3.516442E+00 1.305E-02
  3.516972E+00 1.443E-02
  3.517322E+00 1.603E-02
  3.517670E+00 1.858E-02
  3.517842E+00 2.045E-02
  3.518014E+00 2.296E-02
  3.518186E+00 2.647E-02
  3.518356E+00 3.166E-02
  3.518526E+00 4.007E-02
  3.518696E+00 5.577E-02
  3.518864E+00 9.344E-02
  3.519032E+00 2.526E-01
  3.519200E+00 5.888E+00
  3.519366E+00 1.218E-01
  3.519533E+00 1.817E-02
  3.519698E+00 6.627E-03
  3.519863E+00 5.648E-03
  3.520027E+00 7.046E-03
  3.520191E+00 9.223E-03
  3.520354E+00 1.179E-02
  3.520516E+00 1.466E-02
  3.520678E+00 1.786E-02
  3.520839E+00 2.144E-02
  3.521000E+00 2.552E-02
  3.521159E+00 3.020E-02
  3.521319E+00 3.564E-02
  3.521478E+00 4.204E-02
  3.521636E+00 4.964E-02
  3.521793E+00 5.879E-02
  3.521950E+00 6.992E-02
  3.522107E+00 8.364E-02
  3.522262E+00 1.008E-01
  3.522417E+00 1.226E-01
  3.522572E+00 1.506E-01
  3.522726E+00 1.874E-01
  3.522880E+00 2.366E-01
  3.523032E+00 3.036E-01
  3.523185E+00 3.962E-01
  3.523337E+00 5.250E-01
  3.523488E+00 7.013E-01
  3.523788E+00 1.168E+00
  3.523938E+00 1.331E+00
  3.524087E+00 1.317E+00
  3.524235E+00 1.142E+00
  3.524383E+00 9.129E-01
  3.524531E+00 7.070E-01
  3.524677E+00 5.471E-01
  3.524824E+00 4.290E-01
  3.524969E+00 3.429E-01
  3.525115E+00 2.795E-01
  3.525259E+00 2.323E-01
  3.525403E+00 1.966E-01
  3.525547E+00 1.692E-01
  3.525690E+00 1.480E-01
  3.525833E+00 1.315E-01
  3.525975E+00 1.184E-01
  3.526116E+00 1.082E-01
  3.526398E+00 9.400E-02
  3.526677E+00 8.595E-02
  3.526955E+00 8.245E-02
  3.527230E+00 8.267E-02
  3.527640E+00 8.917E-02
  3.528045E+00 1.031E-01
  3.528446E+00 1.257E-01
  3.528711E+00 1.467E-01
  3.528974E+00 1.735E-01
  3.529235E+00 2.078E-01
  3.529494E+00 2.514E-01
  3.529752E+00 3.068E-01
  3.530007E+00 3.773E-01
  3.530261E+00 4.668E-01
  3.530514E+00 5.791E-01
  3.530888E+00 7.930E-01
  3.531136E+00 9.480E-01
  3.531260E+00 1.010E+00
  3.531382E+00 1.037E+00
  3.531505E+00 9.878E-01
  3.531627E+00 7.893E-01
  3.531748E+00 3.883E-01
  3.531869E+00 9.722E-02
  3.531990E+00 5.018E-01
  3.532111E+00 1.157E+00
  3.532230E+00 1.595E+00
  3.532350E+00 1.821E+00
  3.532469E+00 1.912E+00
  3.532588E+00 1.917E+00
  3.532824E+00 1.783E+00
  3.533523E+00 1.108E+00
  3.533867E+00 8.304E-01
  3.534207E+00 6.066E-01
  3.534545E+00 4.195E-01
  3.534768E+00 3.100E-01
  3.534878E+00 2.649E-01
  3.534989E+00 2.420E-01
  3.535099E+00 2.971E-01
  3.535209E+00 7.132E-01
  3.535318E+00 4.021E+00
  3.535428E+00 1.847E+01
  3.535536E+00 4.973E+00
  3.535645E+00 2.338E+00
  3.535753E+00 1.516E+00
  3.535860E+00 1.137E+00
  3.535968E+00 9.220E-01
  3.536074E+00 7.829E-01
  3.536181E+00 6.847E-01
  3.536287E+00 6.111E-01
  3.536499E+00 5.066E-01
  3.536709E+00 4.342E-01
  3.537021E+00 3.574E-01
  3.537433E+00 2.865E-01
  3.537940E+00 2.243E-01
  3.538538E+00 1.703E-01
  3.539222E+00 1.229E-01
  3.539890E+00 8.571E-02
  3.540451E+00 5.933E-02
  3.540911E+00 4.075E-02
  3.541273E+00 2.828E-02
  3.541542E+00 2.064E-02
  3.541720E+00 1.658E-02
  3.541897E+00 1.352E-02
  3.541985E+00 1.244E-02
  3.542072E+00 1.171E-02
  3.542160E+00 1.137E-02
  3.542247E+00 1.147E-02
  3.542334E+00 1.206E-02
  3.542420E+00 1.321E-02
  3.542507E+00 1.501E-02
  3.542593E+00 1.755E-02
  3.542679E+00 2.094E-02
  3.542764E+00 2.532E-02
  3.542850E+00 3.085E-02
  3.542935E+00 3.775E-02
  3.543019E+00 4.625E-02
  3.543104E+00 5.668E-02
  3.543188E+00 6.942E-02
  3.543272E+00 8.499E-02
  3.543356E+00 1.041E-01
  3.543439E+00 1.276E-01
  3.543523E+00 1.567E-01
  3.543606E+00 1.933E-01
  3.543688E+00 2.401E-01
  3.543771E+00 3.014E-01
  3.543853E+00 3.845E-01
  3.543935E+00 5.030E-01
  3.544017E+00 6.858E-01
  3.544098E+00 1.005E+00
  3.544180E+00 1.700E+00
  3.544261E+00 4.082E+00
  3.544341E+00 3.542E+01
  3.544422E+00 6.355E+00
  3.544502E+00 1.131E+00
  3.544582E+00 6.645E-01
  3.544662E+00 6.890E-01
  3.544742E+00 8.579E-01
  3.544821E+00 1.116E+00
  3.544900E+00 1.466E+00
  3.544979E+00 1.927E+00
  3.545058E+00 2.536E+00
  3.545136E+00 3.338E+00
  3.545214E+00 4.390E+00
  3.545292E+00 5.735E+00
  3.545370E+00 7.362E+00
  3.545447E+00 9.121E+00
  3.545524E+00 1.066E+01
  3.545601E+00 1.150E+01
  3.545678E+00 1.139E+01
  3.545755E+00 1.048E+01
  3.545983E+00 6.568E+00
  3.546059E+00 5.530E+00
  3.546134E+00 4.683E+00
  3.546209E+00 3.997E+00
  3.546284E+00 3.443E+00
  3.546359E+00 2.994E+00
  3.546434E+00 2.626E+00
  3.546508E+00 2.322E+00
  3.546656E+00 1.858E+00
  3.546803E+00 1.528E+00
  3.546949E+00 1.289E+00
  3.547095E+00 1.113E+00
  3.547311E+00 9.369E-01
  3.547526E+00 8.400E-01
  3.547739E+00 8.118E-01
  3.547880E+00 8.315E-01
  3.548020E+00 8.856E-01
  3.548159E+00 9.799E-01
  3.548298E+00 1.124E+00
  3.548435E+00 1.329E+00
  3.548572E+00 1.615E+00
  3.548709E+00 2.004E+00
  3.548844E+00 2.529E+00
  3.548978E+00 3.232E+00
  3.549112E+00 4.158E+00
  3.549245E+00 5.346E+00
  3.549509E+00 8.227E+00
  3.549575E+00 8.728E+00
  3.549640E+00 8.773E+00
  3.549705E+00 7.891E+00
  3.549770E+00 5.421E+00
  3.549835E+00 1.730E+00
  3.549900E+00 1.687E+00
  3.550028E+00 1.476E+01
  3.550092E+00 1.868E+01
  3.550156E+00 2.065E+01
  3.550220E+00 2.142E+01
  3.550284E+00 2.146E+01
  3.550410E+00 2.029E+01
  3.550909E+00 1.251E+01
  3.551216E+00 8.775E+00
  3.551398E+00 6.950E+00
  3.551458E+00 6.454E+00
  3.551518E+00 6.114E+00
  3.551578E+00 6.149E+00
  3.551638E+00 7.212E+00
  3.551698E+00 1.168E+01
  3.551757E+00 3.171E+01
  3.551817E+00 1.865E+02
  3.551876E+00 4.094E+02
  3.551935E+00 1.055E+02
  3.551994E+00 5.208E+01
  3.552052E+00 3.461E+01
  3.552111E+00 2.650E+01
  3.552169E+00 2.194E+01
  3.552227E+00 1.905E+01
  3.552285E+00 1.706E+01
  3.552343E+00 1.562E+01
  3.552459E+00 1.367E+01
  3.552630E+00 1.195E+01
  3.552857E+00 1.068E+01
  3.553193E+00 9.767E+00
  3.553633E+00 9.428E+00
  3.554117E+00 9.797E+00
  3.554537E+00 1.075E+01
  3.554898E+00 1.220E+01
  3.555202E+00 1.413E+01
  3.555452E+00 1.651E+01
  3.555699E+00 2.001E+01
  3.555894E+00 2.415E+01
  3.556039E+00 2.851E+01
  3.556183E+00 3.460E+01
  3.556326E+00 4.350E+01
  3.556420E+00 5.198E+01
  3.556514E+00 6.379E+01
  3.556561E+00 7.157E+01
  3.556608E+00 8.113E+01
  3.556655E+00 9.315E+01
  3.556701E+00 1.087E+02
  3.556748E+00 1.296E+02
  3.556794E+00 1.595E+02
  3.556840E+00 2.070E+02
  3.556886E+00 2.990E+02
  3.556932E+00 5.820E+02
  3.556978E+00 3.759E+03
  3.557024E+00 4.120E+02
  3.557070E+00 2.138E+02
  3.557115E+00 2.393E+02
  3.557160E+00 2.790E+02
  3.557206E+00 3.062E+02
  3.557251E+00 3.100E+02
  3.557296E+00 2.901E+02
  3.557386E+00 2.144E+02
  3.557431E+00 1.762E+02
  3.557475E+00 1.436E+02
  3.557520E+00 1.169E+02
  3.557564E+00 9.565E+01
  3.557608E+00 7.878E+01
  3.557653E+00 6.541E+01
  3.557697E+00 5.476E+01
  3.557741E+00 4.621E+01
  3.557784E+00 3.929E+01
  3.557828E+00 3.364E+01
  3.557872E+00 2.900E+01
  3.557915E+00 2.515E+01
  3.558002E+00 1.923E+01
  3.558045E+00 1.695E+01
  3.558132E+00 1.334E+01
  3.558217E+00 1.068E+01
  3.558303E+00 8.687E+00
  3.558387E+00 7.182E+00
  3.558472E+00 6.041E+00
  3.558556E+00 5.177E+00
  3.558681E+00 4.280E+00
  3.558806E+00 3.755E+00
  3.558929E+00 3.534E+00
  3.559052E+00 3.592E+00
  3.559174E+00 3.937E+00
  3.559295E+00 4.609E+00
  3.559415E+00 5.672E+00
  3.559534E+00 7.170E+00
  3.559652E+00 8.889E+00
  3.559691E+00 9.291E+00
  3.559730E+00 9.305E+00
  3.559770E+00 8.345E+00
  3.559809E+00 5.150E+00
  3.559847E+00 2.205E+00
  3.559886E+00 1.006E+01
  3.559925E+00 1.589E+01
  3.559964E+00 1.819E+01
  3.560002E+00 1.916E+01
  3.560040E+00 1.947E+01
  3.560117E+00 1.885E+01
  3.560231E+00 1.603E+01
  3.560420E+00 1.033E+01
  3.560532E+00 7.610E+00
  3.560606E+00 6.159E+00
  3.560680E+00 4.956E+00
  3.560754E+00 3.964E+00
  3.560827E+00 3.163E+00
  3.560864E+00 2.841E+00
  3.560900E+00 2.592E+00
  3.560936E+00 2.453E+00
  3.560973E+00 2.514E+00
  3.561009E+00 3.005E+00
  3.561045E+00 4.588E+00
  3.561081E+00 9.713E+00
  3.561117E+00 3.172E+01
  3.561153E+00 1.631E+02
  3.561224E+00 3.388E+01
  3.561260E+00 1.790E+01
  3.561295E+00 1.173E+01
  3.561331E+00 8.628E+00
  3.561366E+00 6.803E+00
  3.561401E+00 5.608E+00
  3.561437E+00 4.766E+00
  3.561472E+00 4.138E+00
  3.561507E+00 3.652E+00
  3.561542E+00 3.261E+00
  3.561611E+00 2.671E+00
  3.561681E+00 2.241E+00
  3.561784E+00 1.773E+00
  3.561887E+00 1.434E+00
  3.561989E+00 1.175E+00
  3.562124E+00 9.099E-01
  3.562258E+00 7.075E-01
  3.562390E+00 5.480E-01
  3.562522E+00 4.197E-01
  3.562652E+00 3.150E-01
  3.562781E+00 2.289E-01
  3.562909E+00 1.582E-01
  3.563004E+00 1.141E-01
  3.563099E+00 7.719E-02
  3.563162E+00 5.658E-02
  3.563224E+00 3.932E-02
  3.563255E+00 3.201E-02
  3.563286E+00 2.565E-02
  3.563317E+00 2.030E-02
  3.563348E+00 1.601E-02
  3.563379E+00 1.288E-02
  3.563410E+00 1.101E-02
  3.563441E+00 1.052E-02
  3.563471E+00 1.155E-02
  3.563502E+00 1.430E-02
  3.563533E+00 1.897E-02
  3.563563E+00 2.582E-02
  3.563593E+00 3.516E-02
  3.563624E+00 4.737E-02
  3.563654E+00 6.291E-02
  3.563684E+00 8.234E-02
  3.563714E+00 1.064E-01
  3.563744E+00 1.358E-01
  3.563774E+00 1.718E-01
  3.563804E+00 2.156E-01
  3.563834E+00 2.689E-01
  3.563864E+00 3.339E-01
  3.563894E+00 4.133E-01
  3.563923E+00 5.107E-01
  3.563953E+00 6.307E-01
  3.563982E+00 7.795E-01
  3.564012E+00 9.652E-01
  3.564041E+00 1.199E+00
  3.564071E+00 1.495E+00
  3.564100E+00 1.873E+00
  3.564129E+00 2.359E+00
  3.564158E+00 2.987E+00
  3.564188E+00 3.800E+00
  3.564217E+00 4.845E+00
  3.564246E+00 6.162E+00
  3.564274E+00 7.775E+00
  3.564303E+00 9.717E+00
  3.564332E+00 1.256E+01
  3.564361E+00 2.609E+01
  3.564389E+00 5.821E+01
  3.564418E+00 1.498E+01
  3.564447E+00 1.068E+01
  3.564475E+00 8.616E+00
  3.564504E+00 7.125E+00
  3.564532E+00 5.954E+00
  3.564560E+00 5.020E+00
  3.564589E+00 4.271E+00
  3.564617E+00 3.666E+00
  3.564645E+00 3.175E+00
  3.564673E+00 2.772E+00
  3.564701E+00 2.439E+00
  3.564729E+00 2.161E+00
  3.564785E+00 1.728E+00
  3.564840E+00 1.412E+00
  3.564895E+00 1.174E+00
  3.564950E+00 9.905E-01
  3.565032E+00 7.861E-01
  3.565114E+00 6.396E-01
  3.565195E+00 5.328E-01
  3.565276E+00 4.555E-01
  3.565356E+00 4.014E-01
  3.565435E+00 3.676E-01
  3.565514E+00 3.535E-01
  3.565593E+00 3.604E-01
  3.565671E+00 3.918E-01
  3.565749E+00 4.537E-01
  3.565800E+00 5.155E-01
  3.565877E+00 6.417E-01
  3.565953E+00 7.823E-01
  3.565979E+00 8.052E-01
  3.566004E+00 7.757E-01
  3.566029E+00 6.170E-01
  3.566055E+00 4.918E-01
  3.566080E+00 1.961E+00
  3.566105E+00 2.338E+00
  3.566229E+00 2.625E+00
  3.566279E+00 2.598E+00
  3.566328E+00 2.443E+00
  3.566426E+00 1.914E+00
  3.566524E+00 1.375E+00
  3.566596E+00 1.048E+00
  3.566668E+00 7.901E-01
  3.566716E+00 6.525E-01
  3.566763E+00 5.443E-01
  3.566787E+00 5.052E-01
  3.566811E+00 4.820E-01
  3.566834E+00 4.850E-01
  3.566858E+00 5.367E-01
  3.566882E+00 6.906E-01
  3.566905E+00 1.092E+00
  3.566928E+00 2.227E+00
  3.566952E+00 6.324E+00
  3.566975E+00 2.648E+01
  3.566998E+00 2.942E+01
  3.567022E+00 1.027E+01
  3.567045E+00 5.107E+00
  3.567068E+00 3.212E+00
  3.567091E+00 2.302E+00
  3.567114E+00 1.785E+00
  3.567137E+00 1.456E+00
  3.567160E+00 1.230E+00
  3.567183E+00 1.065E+00
  3.567206E+00 9.392E-01
  3.567229E+00 8.400E-01
  3.567274E+00 6.925E-01
  3.567320E+00 5.872E-01
  3.567387E+00 4.739E-01
  3.567455E+00 3.923E-01
  3.567522E+00 3.296E-01
  3.567610E+00 2.648E-01
  3.567720E+00 2.030E-01
  3.567829E+00 1.548E-01
  3.567936E+00 1.160E-01
  3.568043E+00 8.391E-02
  3.568128E+00 6.220E-02
  3.568211E+00 4.366E-02
  3.568274E+00 3.188E-02
  3.568315E+00 2.512E-02
  3.568357E+00 1.938E-02
  3.568377E+00 1.694E-02
  3.568418E+00 1.306E-02
  3.568439E+00 1.169E-02
  3.568459E+00 1.077E-02
  3.568480E+00 1.036E-02
  3.568500E+00 1.052E-02
  3.568521E+00 1.136E-02
  3.568541E+00 1.296E-02
  3.568561E+00 1.546E-02
  3.568581E+00 1.901E-02
  3.568601E+00 2.381E-02
  3.568622E+00 3.011E-02
  3.568642E+00 3.819E-02
  3.568662E+00 4.843E-02
  3.568682E+00 6.129E-02
  3.568702E+00 7.739E-02
  3.568722E+00 9.747E-02
  3.568742E+00 1.225E-01
  3.568761E+00 1.539E-01
  3.568781E+00 1.932E-01
  3.568801E+00 2.427E-01
  3.568821E+00 3.053E-01
  3.568841E+00 3.851E-01
  3.568860E+00 4.874E-01
  3.568880E+00 6.192E-01
  3.568900E+00 7.896E-01
  3.568919E+00 1.010E+00
  3.568939E+00 1.292E+00
  3.568958E+00 1.644E+00
  3.568978E+00 2.062E+00
  3.569016E+00 2.918E+00
  3.569036E+00 3.167E+00
  3.569055E+00 3.188E+00
  3.569074E+00 3.045E+00
  3.569094E+00 3.193E+00
  3.569113E+00 8.718E+00
  3.569132E+00 3.397E+01
  3.569151E+00 6.732E+00
  3.569170E+00 3.699E+00
  3.569189E+00 2.624E+00
  3.569208E+00 2.048E+00
  3.569227E+00 1.677E+00
  3.569246E+00 1.413E+00
  3.569265E+00 1.215E+00
  3.569284E+00 1.060E+00
  3.569303E+00 9.353E-01
  3.569322E+00 8.334E-01
  3.569359E+00 6.768E-01
  3.569397E+00 5.628E-01
  3.569434E+00 4.768E-01
  3.569471E+00 4.099E-01
  3.569527E+00 3.343E-01
  3.569582E+00 2.790E-01
  3.569637E+00 2.377E-01
  3.569709E+00 1.985E-01
  3.569781E+00 1.736E-01
  3.569853E+00 1.614E-01
  3.569906E+00 1.612E-01
  3.569959E+00 1.698E-01
  3.570012E+00 1.891E-01
  3.570065E+00 2.205E-01
  3.570134E+00 2.685E-01
  3.570151E+00 2.703E-01
  3.570169E+00 2.554E-01
  3.570186E+00 2.280E-01
  3.570203E+00 6.779E-01
  3.570220E+00 1.275E+00
  3.570238E+00 1.094E+00
  3.570255E+00 1.037E+00
  3.570272E+00 1.038E+00
  3.570340E+00 1.146E+00
  3.570374E+00 1.151E+00
  3.570407E+00 1.099E+00
  3.570458E+00 9.463E-01
  3.570541E+00 6.511E-01
  3.570591E+00 5.049E-01
  3.570640E+00 3.886E-01
  3.570689E+00 3.004E-01
  3.570722E+00 2.602E-01
  3.570738E+00 2.489E-01
  3.570754E+00 2.477E-01
  3.570771E+00 2.637E-01
  3.570787E+00 3.118E-01
  3.570803E+00 4.276E-01
  3.570819E+00 7.072E-01
  3.570835E+00 1.471E+00
  3.570851E+00 4.149E+00
  3.570867E+00 1.543E+01
  3.570883E+00 1.415E+01
  3.570899E+00 5.358E+00
  3.570915E+00 2.749E+00
  3.570931E+00 1.746E+00
  3.570947E+00 1.255E+00
  3.570963E+00 9.739E-01
  3.570979E+00 7.945E-01
  3.570994E+00 6.711E-01
  3.571010E+00 5.813E-01
  3.571026E+00 5.131E-01
  3.571057E+00 4.159E-01
  3.571089E+00 3.496E-01
  3.571120E+00 3.010E-01
  3.571151E+00 2.634E-01
  3.571197E+00 2.201E-01
  3.571259E+00 1.776E-01
  3.571335E+00 1.385E-01
  3.571426E+00 1.035E-01
  3.571516E+00 7.640E-02
  3.571605E+00 5.442E-02
  3.571678E+00 3.907E-02
  3.571751E+00 2.619E-02
  3.571794E+00 1.978E-02
  3.571823E+00 1.619E-02
  3.571852E+00 1.328E-02
  3.571866E+00 1.212E-02
  3.571880E+00 1.121E-02
  3.571895E+00 1.058E-02
  3.571909E+00 1.027E-02
  3.571923E+00 1.033E-02
  3.571937E+00 1.082E-02
  3.571952E+00 1.184E-02
  3.571966E+00 1.346E-02
  3.571980E+00 1.582E-02
  3.571994E+00 1.907E-02
  3.572008E+00 2.340E-02
  3.572022E+00 2.904E-02
  3.572036E+00 3.631E-02
  3.572050E+00 4.561E-02
  3.572064E+00 5.744E-02
  3.572078E+00 7.248E-02
  3.572092E+00 9.161E-02
  3.572106E+00 1.160E-01
  3.572120E+00 1.472E-01
  3.572134E+00 1.874E-01
  3.572147E+00 2.394E-01
  3.572161E+00 3.070E-01
  3.572175E+00 3.951E-01
  3.572189E+00 5.099E-01
  3.572203E+00 6.579E-01
  3.572216E+00 8.443E-01
  3.572257E+00 1.523E+00
  3.572271E+00 1.653E+00
  3.572284E+00 1.652E+00
  3.572298E+00 1.528E+00
  3.572325E+00 1.178E+00
  3.572339E+00 1.263E+00
  3.572352E+00 3.243E+00
  3.572366E+00 4.015E+01
  3.572379E+00 6.387E+00
  3.572393E+00 2.626E+00
  3.572406E+00 1.651E+00
  3.572419E+00 1.216E+00
  3.572433E+00 9.667E-01
  3.572446E+00 8.031E-01
  3.572459E+00 6.863E-01
  3.572473E+00 5.982E-01
  3.572486E+00 5.291E-01
  3.572499E+00 4.732E-01
  3.572512E+00 4.272E-01
  3.572539E+00 3.556E-01
  3.572565E+00 3.026E-01
  3.572604E+00 2.448E-01
  3.572644E+00 2.036E-01
  3.572695E+00 1.646E-01
  3.572747E+00 1.378E-01
  3.572798E+00 1.197E-01
  3.572849E+00 1.090E-01
  3.572899E+00 1.057E-01
  3.572937E+00 1.088E-01
  3.572975E+00 1.175E-01
  3.573049E+00 1.468E-01
  3.573061E+00 1.484E-01
  3.573074E+00 1.464E-01
  3.573086E+00 1.570E-01
  3.573098E+00 4.965E-01
  3.573111E+00 1.053E+00
  3.573123E+00 7.455E-01
  3.573135E+00 6.487E-01
  3.573147E+00 6.270E-01
  3.573172E+00 6.516E-01
  3.573208E+00 7.121E-01
  3.573232E+00 7.233E-01
  3.573256E+00 6.989E-01
  3.573292E+00 6.108E-01
  3.573363E+00 3.957E-01
  3.573399E+00 3.096E-01
  3.573434E+00 2.419E-01
  3.573469E+00 1.926E-01
  3.573481E+00 1.813E-01
  3.573493E+00 1.739E-01
  3.573504E+00 1.721E-01
  3.573516E+00 1.795E-01
  3.573527E+00 2.029E-01
  3.573539E+00 2.574E-01
  3.573551E+00 3.794E-01
  3.573562E+00 6.718E-01
  3.573574E+00 1.500E+00
  3.573585E+00 4.570E+00
  3.573597E+00 1.320E+01
  3.573608E+00 7.140E+00
  3.573620E+00 3.021E+00
  3.573631E+00 1.684E+00
  3.573642E+00 1.118E+00
  3.573654E+00 8.238E-01
  3.573665E+00 6.491E-01
  3.573677E+00 5.352E-01
  3.573688E+00 4.555E-01
  3.573699E+00 3.969E-01
  3.573722E+00 3.164E-01
  3.573744E+00 2.635E-01
  3.573778E+00 2.105E-01
  3.573811E+00 1.746E-01
  3.573856E+00 1.406E-01
  3.573911E+00 1.105E-01
  3.573966E+00 8.798E-02
  3.574020E+00 7.010E-02
  3.574085E+00 5.253E-02
  3.574149E+00 3.792E-02
  3.574191E+00 2.949E-02
  3.574244E+00 2.042E-02
  3.574285E+00 1.463E-02
  3.574306E+00 1.243E-02
  3.574327E+00 1.087E-02
  3.574337E+00 1.040E-02
  3.574348E+00 1.018E-02
  3.574358E+00 1.026E-02
  3.574368E+00 1.070E-02
  3.574378E+00 1.156E-02
  3.574389E+00 1.294E-02
  3.574399E+00 1.495E-02
  3.574409E+00 1.773E-02
  3.574419E+00 2.146E-02
  3.574430E+00 2.638E-02
  3.574440E+00 3.279E-02
  3.574450E+00 4.108E-02
  3.574460E+00 5.178E-02
  3.574470E+00 6.558E-02
  3.574480E+00 8.342E-02
  3.574490E+00 1.066E-01
  3.574501E+00 1.367E-01
  3.574511E+00 1.761E-01
  3.574521E+00 2.279E-01
  3.574531E+00 2.959E-01
  3.574541E+00 3.846E-01
  3.574558E+00 5.984E-01
  3.584548E+00 8.735E-02
  3.584558E+00 2.336E-01
  3.609501E+00 9.069E-02
  3.634445E+00 6.535E-02
  3.659388E+00 5.539E-02
  3.684331E+00 4.846E-02
  3.709275E+00 4.272E-02
  3.734218E+00 3.849E-02
  3.759161E+00 3.556E-02
  3.833991E+00 2.989E-02
  3.883878E+00 2.768E-02
  3.958708E+00 2.663E-02
  4.307914E+00 2.470E-02
  4.307914E+00 0.000E+00
  4.781837E+00 0.000E+00
  4.307914E+00 0.000E+00
  4.781837E+00 0.000E+00
  4.781837E+00 2.039E-02
  4.781837E+00 2.039E-02
  5.804513E+00 1.274E-02
  6.029003E+00 1.172E-02
  6.150799E+00 1.104E-02
  6.275050E+00 1.039E-02
  6.401814E+00 9.789E-03
  6.531141E+00 9.219E-03
  6.663080E+00 8.682E-03
  6.797681E+00 8.177E-03
  6.935001E+00 7.701E-03
  7.075098E+00 7.252E-03
  7.218024E+00 6.830E-03
  7.363843E+00 6.432E-03
  7.512599E+00 6.058E-03
  7.664363E+00 5.705E-03
  7.819197E+00 5.373E-03
  7.977153E+00 5.060E-03
  8.138299E+00 4.765E-03
  8.302707E+00 4.488E-03
  8.470431E+00 4.226E-03
  8.641548E+00 3.980E-03
  8.816114E+00 3.748E-03
  8.994218E+00 3.530E-03
  9.175908E+00 3.324E-03
  9.361273E+00 3.131E-03
  9.550386E+00 2.949E-03
  9.743319E+00 2.777E-03
  9.940142E+00 2.615E-03
  1.014095E+01 2.463E-03
  1.034581E+01 2.319E-03
  1.055481E+01 2.184E-03
  1.076803E+01 2.057E-03
  1.098556E+01 1.937E-03
  1.120748E+01 1.824E-03
  1.143389E+01 1.718E-03
  1.166487E+01 1.618E-03
  1.190052E+01 1.524E-03
  1.214092E+01 1.435E-03
  1.238618E+01 1.352E-03
  1.263640E+01 1.273E-03
  1.289167E+01 1.199E-03
  1.315210E+01 1.129E-03
  1.341779E+01 1.063E-03
  1.368885E+01 1.001E-03
  1.396538E+01 9.430E-04
  1.424750E+01 8.881E-04
  1.453532E+01 8.364E-04
  1.482896E+01 7.876E-04
  1.512852E+01 7.418E-04
  1.543414E+01 6.986E-04
  1.574592E+01 6.579E-04
  1.606401E+01 6.196E-04
  1.638852E+01 5.835E-04
  1.671959E+01 5.495E-04
  1.705736E+01 5.175E-04
  1.740193E+01 4.874E-04
  1.775348E+01 4.590E-04
  1.811211E+01 4.323E-04
  1.847801E+01 4.071E-04
  1.885127E+01 3.834E-04
  1.923210E+01 3.611E-04
  1.962061E+01 3.400E-04
  2.001698E+01 3.202E-04
  2.042134E+01 3.016E-04
  2.083389E+01 2.840E-04
  2.125476E+01 2.675E-04
  2.168414E+01 2.519E-04
  2.212218E+01 2.372E-04
  2.256909E+01 2.234E-04
  2.302499E+01 2.104E-04
  2.349014E+01 1.982E-04
      26   2   2   100    7  -2.12076E-02    1634
  2.117349E-02 4.354E+01
  7.245821E-02 4.148E+00
  1.224390E-01 1.471E+00
  1.711597E-01 7.558E-01
  2.186623E-01 4.659E-01
  2.649872E-01 3.189E-01
  3.101728E-01 2.325E-01
  3.542564E-01 1.766E-01
  3.972733E-01 1.382E-01
  4.392578E-01 1.111E-01
  4.802426E-01 9.158E-02
  5.202592E-01 7.726E-02
  5.593379E-01 6.655E-02
  5.975077E-01 5.831E-02
  6.712317E-01 4.635E-02
  7.416422E-01 3.774E-02
  8.414694E-01 2.824E-02
  9.044216E-01 2.360E-02
  9.646854E-01 2.010E-02
  1.050368E+00 1.650E-02
  1.130805E+00 1.418E-02
  1.300373E+00 1.076E-02
  1.505657E+00 7.186E-03
  1.611670E+00 5.792E-03
  1.706937E+00 4.927E-03
  1.832698E+00 4.209E-03
  2.064262E+00 3.159E-03
  2.357202E+00 1.496E-03
  2.493936E+00 7.899E-04
  2.530225E+00 5.610E-04
  2.553442E+00 3.820E-04
  2.572057E+00 2.125E-04
  2.583856E+00 9.830E-05
  2.586734E+00 7.195E-05
  2.589583E+00 4.774E-05
  2.592403E+00 2.674E-05
  2.595197E+00 1.048E-05
  2.597963E+00 1.145E-06
  2.600702E+00 1.899E-06
  2.603415E+00 1.738E-05
  2.606102E+00 5.455E-05
  2.608762E+00 1.240E-04
  2.611398E+00 2.425E-04
  2.614008E+00 4.372E-04
  2.616593E+00 7.540E-04
  2.619154E+00 1.274E-03
  2.621690E+00 2.151E-03
  2.624203E+00 3.697E-03
  2.626692E+00 6.618E-03
  2.629157E+00 1.276E-02
  2.631600E+00 2.807E-02
  2.634019E+00 7.942E-02
  2.636417E+00 3.610E-01
  2.638792E+00 5.212E-01
  2.641145E+00 1.388E-01
  2.643477E+00 5.987E-02
  2.645787E+00 3.439E-02
  2.648076E+00 2.304E-02
  2.650344E+00 1.694E-02
  2.652591E+00 1.325E-02
  2.654818E+00 1.082E-02
  2.657025E+00 9.126E-03
  2.659213E+00 7.884E-03
  2.661380E+00 6.943E-03
  2.663528E+00 6.207E-03
  2.667767E+00 5.139E-03
  2.671931E+00 4.405E-03
  2.678040E+00 3.656E-03
  2.683990E+00 3.150E-03
  2.691686E+00 2.684E-03
  2.702746E+00 2.228E-03
  2.716646E+00 1.842E-03
  2.734319E+00 1.505E-03
  2.757403E+00 1.189E-03
  2.784853E+00 9.080E-04
  2.801184E+00 7.893E-04
  2.809210E+00 7.703E-04
  2.814006E+00 8.011E-04
  2.816805E+00 8.590E-04
  2.818640E+00 9.338E-04
  2.819549E+00 9.910E-04
  2.820451E+00 1.070E-03
  2.821347E+00 1.182E-03
  2.822237E+00 1.349E-03
  2.823121E+00 1.618E-03
  2.823999E+00 2.099E-03
  2.824872E+00 3.138E-03
  2.825739E+00 6.375E-03
  2.826600E+00 3.769E-02
  2.827455E+00 3.268E-02
  2.828304E+00 2.053E-03
  2.829149E+00 3.922E-04
  2.829987E+00 8.364E-05
  2.830820E+00 1.134E-05
  2.831648E+00 4.339E-08
  2.832470E+00 6.765E-06
  2.833287E+00 1.837E-05
  2.834099E+00 3.038E-05
  2.834905E+00 4.129E-05
  2.835706E+00 5.061E-05
  2.836502E+00 5.832E-05
  2.837293E+00 6.453E-05
  2.838860E+00 7.306E-05
  2.840406E+00 7.747E-05
  2.842690E+00 7.853E-05
  2.845668E+00 7.320E-05
  2.849286E+00 6.048E-05
  2.858187E+00 1.983E-05
  2.860143E+00 1.198E-05
  2.861428E+00 7.573E-06
  2.862064E+00 5.674E-06
  2.862697E+00 4.006E-06
  2.863326E+00 2.592E-06
  2.863951E+00 1.458E-06
  2.864572E+00 6.289E-07
  2.865190E+00 1.343E-07
  2.865804E+00 5.278E-09
  2.866415E+00 2.757E-07
  2.867021E+00 9.829E-07
  2.867625E+00 2.168E-06
  2.868225E+00 3.875E-06
  2.868821E+00 6.154E-06
  2.869414E+00 9.060E-06
  2.870003E+00 1.265E-05
  2.870589E+00 1.700E-05
  2.871172E+00 2.218E-05
  2.871751E+00 2.828E-05
  2.872327E+00 3.539E-05
  2.872899E+00 4.362E-05
  2.873468E+00 5.309E-05
  2.874034E+00 6.393E-05
  2.874597E+00 7.631E-05
  2.875156E+00 9.040E-05
  2.875713E+00 1.064E-04
  2.876816E+00 1.451E-04
  2.877906E+00 1.948E-04
  2.878984E+00 2.587E-04
  2.880051E+00 3.410E-04
  2.881105E+00 4.480E-04
  2.882147E+00 5.884E-04
  2.882664E+00 6.750E-04
  2.883178E+00 7.754E-04
  2.883689E+00 8.921E-04
  2.884197E+00 1.029E-03
  2.884703E+00 1.190E-03
  2.885205E+00 1.380E-03
  2.885705E+00 1.608E-03
  2.886202E+00 1.882E-03
  2.886697E+00 2.216E-03
  2.887188E+00 2.626E-03
  2.887677E+00 3.138E-03
  2.888164E+00 3.785E-03
  2.888647E+00 4.618E-03
  2.889129E+00 5.713E-03
  2.889607E+00 7.187E-03
  2.890083E+00 9.232E-03
  2.890556E+00 1.218E-02
  2.891027E+00 1.662E-02
  2.891495E+00 2.373E-02
  2.891961E+00 3.612E-02
  2.892424E+00 6.037E-02
  2.892884E+00 1.172E-01
  2.893343E+00 2.955E-01
  2.893798E+00 1.066E+00
  2.894252E+00 9.663E-01
  2.894702E+00 2.829E-01
  2.895151E+00 1.203E-01
  2.895597E+00 6.548E-02
  2.896041E+00 4.112E-02
  2.896482E+00 2.827E-02
  2.896921E+00 2.068E-02
  2.897358E+00 1.581E-02
  2.897792E+00 1.250E-02
  2.898225E+00 1.015E-02
  2.898654E+00 8.411E-03
  2.899082E+00 7.092E-03
  2.899508E+00 6.064E-03
  2.899931E+00 5.248E-03
  2.900352E+00 4.587E-03
  2.900770E+00 4.045E-03
  2.901602E+00 3.213E-03
  2.902424E+00 2.613E-03
  2.903238E+00 2.164E-03
  2.904044E+00 1.818E-03
  2.905237E+00 1.431E-03
  2.906412E+00 1.149E-03
  2.907569E+00 9.369E-04
  2.909085E+00 7.263E-04
  2.910571E+00 5.718E-04
  2.912028E+00 4.556E-04
  2.913808E+00 3.480E-04
  2.915545E+00 2.705E-04
  2.917241E+00 2.156E-04
  2.918568E+00 1.853E-04
  2.919870E+00 1.662E-04
  2.920830E+00 1.600E-04
  2.921777E+00 1.624E-04
  2.922401E+00 1.706E-04
  2.923018E+00 1.862E-04
  2.923630E+00 2.131E-04
  2.923934E+00 2.327E-04
  2.924237E+00 2.580E-04
  2.924538E+00 2.908E-04
  2.924837E+00 3.340E-04
  2.925136E+00 3.915E-04
  2.925433E+00 4.696E-04
  2.925728E+00 5.784E-04
  2.926022E+00 7.351E-04
  2.926315E+00 9.710E-04
  2.926606E+00 1.350E-03
  2.926897E+00 2.035E-03
  2.927185E+00 3.689E-03
  2.927473E+00 1.094E+01
  2.927759E+00 4.418E-03
  2.928044E+00 1.349E-02
  2.928327E+00 5.736E-02
  2.928609E+00 8.818E+00
  2.928890E+00 1.021E-01
  2.929170E+00 2.530E-02
  2.929448E+00 1.190E-02
  2.929725E+00 7.199E-03
  2.930001E+00 4.987E-03
  2.930276E+00 3.762E-03
  2.930549E+00 3.008E-03
  2.930821E+00 2.511E-03
  2.931092E+00 2.165E-03
  2.931362E+00 1.915E-03
  2.931631E+00 1.729E-03
  2.932164E+00 1.478E-03
  2.932693E+00 1.325E-03
  2.933477E+00 1.197E-03
  2.934506E+00 1.129E-03
  2.935768E+00 1.134E-03
  2.937246E+00 1.217E-03
  2.938922E+00 1.393E-03
  2.940548E+00 1.651E-03
  2.942127E+00 2.008E-03
  2.943660E+00 2.502E-03
  2.944938E+00 3.089E-03
  2.945980E+00 3.762E-03
  2.946797E+00 4.488E-03
  2.947602E+00 5.480E-03
  2.948197E+00 6.498E-03
  2.948785E+00 7.894E-03
  2.949173E+00 9.149E-03
  2.949557E+00 1.080E-02
  2.949939E+00 1.306E-02
  2.950129E+00 1.453E-02
  2.950318E+00 1.631E-02
  2.950506E+00 1.851E-02
  2.950693E+00 2.128E-02
  2.950880E+00 2.486E-02
  2.951066E+00 2.961E-02
  2.951251E+00 3.613E-02
  2.951436E+00 4.552E-02
  2.951620E+00 5.978E-02
  2.951803E+00 8.321E-02
  2.951985E+00 1.260E-01
  2.952166E+00 2.178E-01
  2.952347E+00 4.707E-01
  2.952528E+00 1.410E+00
  2.952707E+00 1.777E+00
  2.952886E+00 5.107E-01
  2.953064E+00 1.908E-01
  2.953241E+00 9.212E-02
  2.953418E+00 5.163E-02
  2.953594E+00 3.172E-02
  2.953769E+00 2.070E-02
  2.953944E+00 1.408E-02
  2.954118E+00 9.864E-03
  2.954291E+00 7.050E-03
  2.954464E+00 5.108E-03
  2.954636E+00 3.732E-03
  2.954807E+00 2.736E-03
  2.954977E+00 2.005E-03
  2.955147E+00 1.462E-03
  2.955317E+00 1.055E-03
  2.955485E+00 7.502E-04
  2.955653E+00 5.211E-04
  2.955821E+00 3.503E-04
  2.955987E+00 2.246E-04
  2.956154E+00 1.340E-04
  2.956319E+00 7.137E-05
  2.956484E+00 3.090E-05
  2.956648E+00 8.292E-06
  2.956812E+00 1.473E-07
  2.956974E+00 3.804E-06
  2.957137E+00 1.715E-05
  2.957299E+00 3.851E-05
  2.957460E+00 6.653E-05
  2.957620E+00 1.001E-04
  2.957780E+00 1.384E-04
  2.958098E+00 2.262E-04
  2.958570E+00 3.786E-04
  2.959346E+00 6.679E-04
  2.960558E+00 1.183E-03
  2.962452E+00 2.097E-03
  2.963712E+00 2.715E-03
  2.964123E+00 2.801E-03
  2.964259E+00 2.737E-03
  2.964394E+00 2.473E-03
  2.964529E+00 9.604E-04
  2.964664E+00 6.306E-03
  2.964798E+00 4.572E-03
  2.964931E+00 4.300E-03
  2.965197E+00 4.253E-03
  2.965853E+00 4.616E-03
  2.967006E+00 5.646E-03
  2.967754E+00 6.637E-03
  2.968000E+00 7.151E-03
  2.968123E+00 7.517E-03
  2.968245E+00 8.056E-03
  2.968366E+00 9.056E-03
  2.968487E+00 1.221E-02
  2.968608E+00 7.463E-02
  2.968728E+00 3.593E-03
  2.968848E+00 5.248E-03
  2.968968E+00 5.984E-03
  2.969205E+00 6.785E-03
  2.969909E+00 8.166E-03
  2.971606E+00 1.128E-02
  2.972798E+00 1.417E-02
  2.973844E+00 1.768E-02
  2.974657E+00 2.157E-02
  2.975352E+00 2.641E-02
  2.975838E+00 3.139E-02
  2.976222E+00 3.703E-02
  2.976506E+00 4.291E-02
  2.976788E+00 5.125E-02
  2.976974E+00 5.910E-02
  2.977160E+00 7.004E-02
  2.977252E+00 7.729E-02
  2.977344E+00 8.629E-02
  2.977435E+00 9.774E-02
  2.977527E+00 1.127E-01
  2.977618E+00 1.330E-01
  2.977708E+00 1.617E-01
  2.977799E+00 2.049E-01
  2.977889E+00 2.752E-01
  2.977979E+00 4.031E-01
  2.978069E+00 6.787E-01
  2.978158E+00 1.447E+00
  2.978247E+00 3.954E+00
  2.978336E+00 2.915E+00
  2.978424E+00 7.984E-01
  2.978512E+00 2.895E-01
  2.978600E+00 1.292E-01
  2.978688E+00 6.446E-02
  2.978775E+00 3.405E-02
  2.978863E+00 1.836E-02
  2.978950E+00 9.786E-03
  2.979036E+00 4.978E-03
  2.979122E+00 2.290E-03
  2.979209E+00 8.549E-04
  2.979294E+00 1.863E-04
  2.979380E+00 1.385E-07
  2.979465E+00 1.233E-04
  2.979550E+00 4.471E-04
  2.979635E+00 9.017E-04
  2.979720E+00 1.441E-03
  2.979888E+00 2.664E-03
  2.980957E+00 1.100E-02
  2.983710E+00 3.109E-02
  2.983854E+00 3.135E-02
  2.983926E+00 3.063E-02
  2.983998E+00 2.683E-02
  2.984070E+00 1.057E-01
  2.984141E+00 4.390E-02
  2.984212E+00 4.127E-02
  2.984354E+00 4.095E-02
  2.984843E+00 4.541E-02
  2.985459E+00 5.401E-02
  2.985860E+00 6.236E-02
  2.986058E+00 6.899E-02
  2.986190E+00 7.642E-02
  2.986255E+00 8.260E-02
  2.986320E+00 9.314E-02
  2.986385E+00 1.172E-01
  2.986450E+00 2.411E-01
  2.986514E+00 2.232E-02
  2.986579E+00 2.163E-02
  2.986643E+00 3.816E-02
  2.986707E+00 4.678E-02
  2.986771E+00 5.228E-02
  2.986898E+00 5.946E-02
  2.987213E+00 7.060E-02
  2.988312E+00 1.034E-01
  2.988958E+00 1.293E-01
  2.989472E+00 1.579E-01
  2.989918E+00 1.934E-01
  2.990247E+00 2.314E-01
  2.990517E+00 2.772E-01
  2.990731E+00 3.309E-01
  2.990890E+00 3.896E-01
  2.990995E+00 4.440E-01
  2.991099E+00 5.188E-01
  2.991151E+00 5.678E-01
  2.991203E+00 6.283E-01
  2.991255E+00 7.045E-01
  2.991307E+00 8.033E-01
  2.991358E+00 9.361E-01
  2.991410E+00 1.123E+00
  2.991461E+00 1.400E+00
  2.991512E+00 1.847E+00
  2.991563E+00 2.650E+00
  2.991614E+00 4.355E+00
  2.991665E+00 9.002E+00
  2.991715E+00 2.302E+01
  2.991766E+00 1.561E+01
  2.991816E+00 4.169E+00
  2.991866E+00 1.435E+00
  2.991917E+00 5.925E-01
  2.991966E+00 2.657E-01
  2.992016E+00 1.208E-01
  2.992066E+00 5.208E-02
  2.992116E+00 1.928E-02
  2.992165E+00 4.785E-03
  2.992214E+00 1.722E-04
  2.992264E+00 1.098E-03
  2.992313E+00 5.199E-03
  2.992362E+00 1.114E-02
  2.992411E+00 1.812E-02
  2.992605E+00 4.956E-02
  2.992987E+00 1.105E-01
  2.993910E+00 2.527E-01
  2.994573E+00 3.753E-01
  2.994788E+00 4.129E-01
  2.994874E+00 4.127E-01
  2.994916E+00 3.909E-01
  2.994959E+00 2.571E-01
  2.995001E+00 8.308E-01
  2.995044E+00 6.146E-01
  2.995086E+00 5.876E-01
  2.995170E+00 5.895E-01
  2.995419E+00 6.659E-01
  2.995747E+00 8.208E-01
  2.995988E+00 9.831E-01
  2.996147E+00 1.133E+00
  2.996266E+00 1.295E+00
  2.996344E+00 1.460E+00
  2.996383E+00 1.580E+00
  2.996422E+00 1.753E+00
  2.996461E+00 2.041E+00
  2.996500E+00 2.661E+00
  2.996539E+00 5.222E+00
  2.996577E+00 2.209E+01
  2.996616E+00 9.705E-02
  2.996654E+00 5.087E-01
  2.996693E+00 7.604E-01
  2.996731E+00 9.273E-01
  2.996769E+00 1.052E+00
  2.996845E+00 1.243E+00
  2.997294E+00 2.131E+00
  2.997514E+00 2.681E+00
  2.997731E+00 3.398E+00
  2.997909E+00 4.189E+00
  2.998085E+00 5.240E+00
  2.998260E+00 6.681E+00
  2.998398E+00 8.256E+00
  2.998535E+00 1.040E+01
  2.998637E+00 1.256E+01
  2.998738E+00 1.541E+01
  2.998838E+00 1.927E+01
  2.998905E+00 2.267E+01
  2.998971E+00 2.700E+01
  2.999037E+00 3.263E+01
  2.999103E+00 4.014E+01
  2.999136E+00 4.486E+01
  2.999201E+00 5.709E+01
  2.999233E+00 6.511E+01
  2.999266E+00 7.488E+01
  2.999298E+00 8.696E+01
  2.999330E+00 1.021E+02
  2.999363E+00 1.215E+02
  2.999395E+00 1.469E+02
  2.999427E+00 1.808E+02
  2.999459E+00 2.278E+02
  2.999491E+00 2.952E+02
  2.999523E+00 3.969E+02
  2.999555E+00 5.600E+02
  2.999586E+00 8.453E+02
  2.999618E+00 1.409E+03
  2.999650E+00 2.744E+03
  2.999681E+00 6.892E+03
  2.999713E+00 2.003E+04
  2.999744E+00 1.295E+04
  2.999775E+00 4.439E+03
  2.999807E+00 2.031E+03
  2.999838E+00 1.140E+03
  2.999869E+00 7.262E+02
  2.999900E+00 5.022E+02
  2.999931E+00 3.679E+02
  2.999962E+00 2.812E+02
  2.999993E+00 2.221E+02
  3.000024E+00 1.799E+02
  3.000054E+00 1.488E+02
  3.000085E+00 1.253E+02
  3.000116E+00 1.069E+02
  3.000146E+00 9.239E+01
  3.000177E+00 8.068E+01
  3.000207E+00 7.111E+01
  3.000237E+00 6.317E+01
  3.000298E+00 5.089E+01
  3.000358E+00 4.194E+01
  3.000418E+00 3.521E+01
  3.000477E+00 3.003E+01
  3.000566E+00 2.422E+01
  3.000655E+00 1.999E+01
  3.000772E+00 1.594E+01
  3.000888E+00 1.305E+01
  3.001032E+00 1.046E+01
  3.001174E+00 8.606E+00
  3.001342E+00 6.979E+00
  3.001619E+00 4.936E+00
  3.001646E+00 4.674E+00
  3.001673E+00 4.301E+00
  3.001700E+00 3.535E+00
  3.001728E+00 8.905E-01
  3.001755E+00 6.965E+00
  3.001782E+00 5.622E+00
  3.001809E+00 5.167E+00
  3.001862E+00 4.713E+00
  3.001996E+00 4.114E+00
  3.002207E+00 3.538E+00
  3.002439E+00 3.170E+00
  3.002567E+00 3.132E+00
  3.002643E+00 3.259E+00
  3.002693E+00 3.537E+00
  3.002718E+00 3.834E+00
  3.002743E+00 4.412E+00
  3.002768E+00 5.859E+00
  3.002793E+00 1.337E+01
  3.002818E+00 1.647E+01
  3.002843E+00 7.879E-02
  3.002868E+00 6.446E-01
  3.002893E+00 1.002E+00
  3.002917E+00 1.215E+00
  3.002942E+00 1.351E+00
  3.002966E+00 1.441E+00
  3.003015E+00 1.546E+00
  3.003113E+00 1.622E+00
  3.003329E+00 1.607E+00
  3.003865E+00 1.480E+00
  3.004135E+00 1.498E+00
  3.004312E+00 1.596E+00
  3.004421E+00 1.735E+00
  3.004507E+00 1.940E+00
  3.004571E+00 2.206E+00
  3.004614E+00 2.488E+00
  3.004657E+00 2.929E+00
  3.004678E+00 3.254E+00
  3.004699E+00 3.695E+00
  3.004720E+00 4.320E+00
  3.004741E+00 5.259E+00
  3.004762E+00 6.788E+00
  3.004783E+00 9.583E+00
  3.004804E+00 1.566E+01
  3.004825E+00 3.266E+01
  3.004846E+00 7.247E+01
  3.004867E+00 3.221E+01
  3.004888E+00 8.463E+00
  3.004908E+00 2.835E+00
  3.004929E+00 1.088E+00
  3.004950E+00 4.307E-01
  3.004970E+00 1.595E-01
  3.004991E+00 4.715E-02
  3.005012E+00 6.654E-03
  3.005032E+00 5.270E-04
  3.005053E+00 1.120E-02
  3.005073E+00 2.993E-02
  3.005154E+00 1.211E-01
  3.005215E+00 1.807E-01
  3.005275E+00 2.285E-01
  3.005355E+00 2.770E-01
  3.005474E+00 3.266E-01
  3.005630E+00 3.657E-01
  3.005860E+00 3.924E-01
  3.006048E+00 3.912E-01
  3.006103E+00 3.774E-01
  3.006122E+00 3.663E-01
  3.006140E+00 3.454E-01
  3.006159E+00 2.943E-01
  3.006177E+00 4.209E-02
  3.006195E+00 7.256E-01
  3.006214E+00 5.365E-01
  3.006232E+00 4.933E-01
  3.006268E+00 4.642E-01
  3.006377E+00 4.464E-01
  3.006608E+00 4.552E-01
  3.006730E+00 4.811E-01
  3.006800E+00 5.194E-01
  3.006834E+00 5.590E-01
  3.006851E+00 5.911E-01
  3.006868E+00 6.396E-01
  3.006885E+00 7.211E-01
  3.006902E+00 8.847E-01
  3.006919E+00 1.359E+00
  3.006936E+00 6.838E+00
  3.006953E+00 2.752E-01
  3.006970E+00 3.383E-02
  3.006987E+00 1.253E-01
  3.007004E+00 1.851E-01
  3.007021E+00 2.243E-01
  3.007038E+00 2.515E-01
  3.007071E+00 2.867E-01
  3.007121E+00 3.163E-01
  3.007221E+00 3.455E-01
  3.007734E+00 4.151E-01
  3.007888E+00 4.579E-01
  3.007995E+00 5.146E-01
  3.008070E+00 5.876E-01
  3.008115E+00 6.596E-01
  3.008144E+00 7.297E-01
  3.008174E+00 8.307E-01
  3.008189E+00 8.996E-01
  3.008204E+00 9.871E-01
  3.008219E+00 1.101E+00
  3.008233E+00 1.256E+00
  3.008248E+00 1.475E+00
  3.008263E+00 1.803E+00
  3.008277E+00 2.338E+00
  3.008292E+00 3.319E+00
  3.008307E+00 5.461E+00
  3.008321E+00 1.148E+01
  3.008336E+00 2.489E+01
  3.008350E+00 1.056E+01
  3.008365E+00 2.787E+00
  3.008379E+00 9.334E-01
  3.008394E+00 3.548E-01
  3.008408E+00 1.375E-01
  3.008422E+00 4.871E-02
  3.008437E+00 1.293E-02
  3.008451E+00 1.136E-03
  3.008466E+00 8.000E-04
  3.008480E+00 6.037E-03
  3.008494E+00 1.392E-02
  3.008565E+00 5.888E-02
  3.008593E+00 7.438E-02
  3.008650E+00 9.986E-02
  3.008719E+00 1.235E-01
  3.008816E+00 1.464E-01
  3.008952E+00 1.670E-01
  3.009113E+00 1.798E-01
  3.009192E+00 1.781E-01
  3.009218E+00 1.719E-01
  3.009231E+00 1.645E-01
  3.009244E+00 1.488E-01
  3.009257E+00 9.870E-02
  3.009270E+00 1.056E+00
  3.009283E+00 2.902E-01
  3.009296E+00 2.483E-01
  3.009309E+00 2.341E-01
  3.009335E+00 2.236E-01
  3.009412E+00 2.191E-01
  3.009576E+00 2.311E-01
  3.009663E+00 2.485E-01
  3.009712E+00 2.702E-01
  3.009736E+00 2.909E-01
  3.009749E+00 3.068E-01
  3.009761E+00 3.299E-01
  3.009773E+00 3.663E-01
  3.009785E+00 4.323E-01
  3.009797E+00 5.868E-01
  3.009810E+00 1.276E+00
  3.009822E+00 1.066E+01
  3.009834E+00 1.151E-03
  3.009846E+00 3.829E-02
  3.009858E+00 7.834E-02
  3.009870E+00 1.048E-01
  3.009882E+00 1.231E-01
  3.009894E+00 1.363E-01
  3.009918E+00 1.543E-01
  3.009965E+00 1.746E-01
  3.010071E+00 1.964E-01
  3.010369E+00 2.379E-01
  3.010492E+00 2.693E-01
  3.010569E+00 3.057E-01
  3.010623E+00 3.514E-01
  3.010655E+00 3.959E-01
  3.010688E+00 4.667E-01
  3.010709E+00 5.426E-01
  3.010720E+00 5.958E-01
  3.010731E+00 6.652E-01
  3.010741E+00 7.591E-01
  3.010752E+00 8.917E-01
  3.010762E+00 1.091E+00
  3.010773E+00 1.414E+00
  3.010784E+00 2.007E+00
  3.010794E+00 3.302E+00
  3.010805E+00 6.933E+00
  3.010815E+00 1.494E+01
  3.010826E+00 6.291E+00
  3.010836E+00 1.657E+00
  3.010847E+00 5.523E-01
  3.010857E+00 2.081E-01
  3.010868E+00 7.937E-02
  3.010878E+00 2.728E-02
  3.010889E+00 6.718E-03
  3.010899E+00 3.877E-04
  3.010910E+00 8.205E-04
  3.010920E+00 4.520E-03
  3.010941E+00 1.561E-02
  3.010961E+00 2.757E-02
  3.010992E+00 4.386E-02
  3.010992E+00 0.000E+00
  3.017863E+00 0.000E+00
  3.017863E+00 4.901E+00
  3.021164E+00 3.647E+00
  3.021173E+00 2.008E+00
  3.025291E+00 1.399E+00
  3.029363E+00 1.033E+00
  3.033390E+00 7.972E-01
  3.037373E+00 6.359E-01
  3.041312E+00 5.209E-01
  3.045209E+00 4.359E-01
  3.049063E+00 3.714E-01
  3.052875E+00 3.212E-01
  3.056646E+00 2.814E-01
  3.060376E+00 2.492E-01
  3.067717E+00 2.010E-01
  3.074903E+00 1.670E-01
  3.081938E+00 1.420E-01
  3.092216E+00 1.152E-01
  3.102177E+00 9.638E-02
  3.114987E+00 7.878E-02
  3.130284E+00 6.387E-02
  3.147657E+00 5.197E-02
  3.166674E+00 4.279E-02
  3.189322E+00 3.516E-02
  3.216713E+00 2.884E-02
  3.248936E+00 2.377E-02
  3.280273E+00 2.052E-02
  3.300193E+00 1.962E-02
  3.311469E+00 2.012E-02
  3.319480E+00 2.162E-02
  3.324620E+00 2.370E-02
  3.328375E+00 2.627E-02
  3.332047E+00 3.034E-02
  3.334450E+00 3.436E-02
  3.336817E+00 3.999E-02
  3.339150E+00 4.796E-02
  3.341449E+00 5.927E-02
  3.343715E+00 7.494E-02
  3.348150E+00 1.152E-01
  3.349239E+00 1.227E-01
  3.350320E+00 1.266E-01
  3.351393E+00 1.262E-01
  3.352459E+00 1.217E-01
  3.354568E+00 1.047E-01
  3.357677E+00 7.646E-02
  3.359713E+00 6.189E-02
  3.361721E+00 5.105E-02
  3.363701E+00 4.310E-02
  3.365653E+00 3.721E-02
  3.368533E+00 3.098E-02
  3.371354E+00 2.673E-02
  3.375026E+00 2.290E-02
  3.379480E+00 1.978E-02
  3.385472E+00 1.707E-02
  3.394351E+00 1.460E-02
  3.406202E+00 1.262E-02
  3.422531E+00 1.098E-02
  3.434501E+00 1.041E-02
  3.440725E+00 1.063E-02
  3.443685E+00 1.121E-02
  3.445605E+00 1.215E-02
  3.446550E+00 1.308E-02
  3.447018E+00 1.381E-02
  3.447484E+00 1.486E-02
  3.447948E+00 1.652E-02
  3.448408E+00 1.945E-02
  3.448867E+00 2.596E-02
  3.449323E+00 4.993E-02
  3.449776E+00 1.953E+00
  3.450227E+00 7.360E-03
  3.450676E+00 2.060E-03
  3.451123E+00 3.251E-03
  3.451566E+00 4.346E-03
  3.452008E+00 5.164E-03
  3.452447E+00 5.783E-03
  3.453319E+00 6.661E-03
  3.455035E+00 7.746E-03
  3.461161E+00 1.057E-02
  3.464617E+00 1.300E-02
  3.466836E+00 1.518E-02
  3.467921E+00 1.707E-02
  3.469343E+00 2.083E-02
  3.470736E+00 2.606E-02
  3.471764E+00 3.133E-02
  3.472777E+00 3.833E-02
  3.473775E+00 4.785E-02
  3.474432E+00 5.618E-02
  3.475084E+00 6.668E-02
  3.475729E+00 8.005E-02
  3.476368E+00 9.720E-02
  3.477000E+00 1.194E-01
  3.477627E+00 1.479E-01
  3.478248E+00 1.844E-01
  3.478864E+00 2.293E-01
  3.480377E+00 3.540E-01
  3.480972E+00 3.810E-01
  3.481562E+00 3.786E-01
  3.482146E+00 3.495E-01
  3.483868E+00 2.161E-01
  3.484711E+00 1.644E-01
  3.485542E+00 1.262E-01
  3.486634E+00 8.796E-02
  3.487172E+00 7.035E-02
  3.487440E+00 2.923E-01
  3.487706E+00 1.545E-01
  3.487971E+00 9.784E-02
  3.488235E+00 8.259E-02
  3.488497E+00 7.423E-02
  3.489019E+00 6.368E-02
  3.489793E+00 5.340E-02
  3.490810E+00 4.401E-02
  3.492055E+00 3.584E-02
  3.493514E+00 2.899E-02
  3.495169E+00 2.340E-02
  3.497001E+00 1.887E-02
  3.499206E+00 1.486E-02
  3.501526E+00 1.176E-02
  3.503745E+00 9.584E-03
  3.505677E+00 8.330E-03
  3.506984E+00 7.978E-03
  3.507896E+00 8.155E-03
  3.508613E+00 8.745E-03
  3.509143E+00 9.656E-03
  3.509493E+00 1.066E-02
  3.509841E+00 1.223E-02
  3.510013E+00 1.336E-02
  3.510185E+00 1.488E-02
  3.510356E+00 1.700E-02
  3.510527E+00 2.015E-02
  3.510697E+00 2.525E-02
  3.510866E+00 3.479E-02
  3.511035E+00 5.768E-02
  3.511203E+00 1.543E-01
  3.511371E+00 3.548E+00
  3.511537E+00 7.153E-02
  3.511704E+00 9.919E-03
  3.511869E+00 3.085E-03
  3.512034E+00 2.412E-03
  3.512198E+00 3.062E-03
  3.512362E+00 4.097E-03
  3.512525E+00 5.288E-03
  3.512849E+00 7.975E-03
  3.513171E+00 1.118E-02
  3.513490E+00 1.525E-02
  3.513648E+00 1.775E-02
  3.513807E+00 2.068E-02
  3.513964E+00 2.417E-02
  3.514121E+00 2.837E-02
  3.514277E+00 3.349E-02
  3.514433E+00 3.984E-02
  3.514588E+00 4.784E-02
  3.514743E+00 5.806E-02
  3.514897E+00 7.139E-02
  3.515051E+00 8.909E-02
  3.515203E+00 1.130E-01
  3.515356E+00 1.459E-01
  3.515507E+00 1.914E-01
  3.515659E+00 2.532E-01
  3.515959E+00 4.145E-01
  3.516109E+00 4.687E-01
  3.516258E+00 4.606E-01
  3.516406E+00 3.972E-01
  3.516554E+00 3.161E-01
  3.516702E+00 2.440E-01
  3.516848E+00 1.885E-01
  3.516995E+00 1.479E-01
  3.517140E+00 1.184E-01
  3.517286E+00 9.686E-02
  3.517430E+00 8.097E-02
  3.517574E+00 6.909E-02
  3.517718E+00 6.009E-02
  3.517861E+00 5.322E-02
  3.518004E+00 4.796E-02
  3.518146E+00 4.393E-02
  3.518428E+00 3.860E-02
  3.518709E+00 3.587E-02
  3.518987E+00 3.502E-02
  3.519401E+00 3.653E-02
  3.519811E+00 4.099E-02
  3.520216E+00 4.850E-02
  3.520617E+00 5.965E-02
  3.521013E+00 7.551E-02
  3.521276E+00 8.952E-02
  3.521536E+00 1.071E-01
  3.521794E+00 1.292E-01
  3.522051E+00 1.570E-01
  3.522306E+00 1.921E-01
  3.522559E+00 2.362E-01
  3.522935E+00 3.218E-01
  3.523307E+00 4.228E-01
  3.523430E+00 4.504E-01
  3.523553E+00 4.634E-01
  3.523676E+00 4.444E-01
  3.523798E+00 3.616E-01
  3.523919E+00 1.880E-01
  3.524040E+00 4.719E-02
  3.524161E+00 1.945E-01
  3.524281E+00 4.593E-01
  3.524401E+00 6.405E-01
  3.524521E+00 7.349E-01
  3.524640E+00 7.727E-01
  3.524759E+00 7.747E-01
  3.524995E+00 7.182E-01
  3.525694E+00 4.395E-01
  3.526038E+00 3.265E-01
  3.526378E+00 2.367E-01
  3.526716E+00 1.624E-01
  3.526939E+00 1.185E-01
  3.527049E+00 9.926E-02
  3.527160E+00 8.644E-02
  3.527270E+00 9.693E-02
  3.527380E+00 2.192E-01
  3.527489E+00 1.262E+00
  3.527598E+00 6.004E+00
  3.527707E+00 1.658E+00
  3.527816E+00 7.918E-01
  3.527924E+00 5.183E-01
  3.528031E+00 3.911E-01
  3.528138E+00 3.181E-01
  3.528245E+00 2.706E-01
  3.528352E+00 2.368E-01
  3.528458E+00 2.112E-01
  3.528670E+00 1.747E-01
  3.528880E+00 1.492E-01
  3.529192E+00 1.220E-01
  3.529501E+00 1.023E-01
  3.529909E+00 8.266E-02
  3.530412E+00 6.455E-02
  3.531004E+00 4.840E-02
  3.531585E+00 3.605E-02
  3.532155E+00 2.627E-02
  3.532714E+00 1.848E-02
  3.533173E+00 1.336E-02
  3.533534E+00 1.021E-02
  3.533802E+00 8.501E-03
  3.533979E+00 7.729E-03
  3.534156E+00 7.312E-03
  3.534331E+00 7.318E-03
  3.534505E+00 7.841E-03
  3.534591E+00 8.334E-03
  3.534678E+00 9.009E-03
  3.534764E+00 9.888E-03
  3.534850E+00 1.100E-02
  3.534935E+00 1.238E-02
  3.535021E+00 1.407E-02
  3.535106E+00 1.613E-02
  3.535190E+00 1.860E-02
  3.535275E+00 2.158E-02
  3.535359E+00 2.516E-02
  3.535443E+00 2.948E-02
  3.535527E+00 3.470E-02
  3.535610E+00 4.107E-02
  3.535694E+00 4.889E-02
  3.535777E+00 5.864E-02
  3.535859E+00 7.103E-02
  3.535942E+00 8.717E-02
  3.536024E+00 1.090E-01
  3.536106E+00 1.401E-01
  3.536188E+00 1.881E-01
  3.536269E+00 2.720E-01
  3.536351E+00 4.548E-01
  3.536432E+00 1.079E+00
  3.536512E+00 9.200E+00
  3.536593E+00 1.580E+00
  3.536673E+00 2.550E-01
  3.536753E+00 1.367E-01
  3.536833E+00 1.388E-01
  3.536913E+00 1.739E-01
  3.536992E+00 2.277E-01
  3.537071E+00 2.995E-01
  3.537150E+00 3.932E-01
  3.537229E+00 5.152E-01
  3.537307E+00 6.742E-01
  3.537385E+00 8.803E-01
  3.537463E+00 1.141E+00
  3.537618E+00 1.781E+00
  3.537695E+00 2.061E+00
  3.537772E+00 2.202E+00
  3.537849E+00 2.159E+00
  3.537926E+00 1.965E+00
  3.538078E+00 1.431E+00
  3.538154E+00 1.192E+00
  3.538230E+00 9.931E-01
  3.538305E+00 8.317E-01
  3.538380E+00 7.022E-01
  3.538455E+00 5.984E-01
  3.538530E+00 5.146E-01
  3.538605E+00 4.466E-01
  3.538679E+00 3.909E-01
  3.538753E+00 3.450E-01
  3.538827E+00 3.068E-01
  3.538974E+00 2.480E-01
  3.539120E+00 2.062E-01
  3.539266E+00 1.764E-01
  3.539410E+00 1.556E-01
  3.539554E+00 1.420E-01
  3.539697E+00 1.344E-01
  3.539839E+00 1.323E-01
  3.539981E+00 1.357E-01
  3.540121E+00 1.448E-01
  3.540261E+00 1.603E-01
  3.540400E+00 1.834E-01
  3.540538E+00 2.154E-01
  3.540675E+00 2.587E-01
  3.540811E+00 3.163E-01
  3.540947E+00 3.919E-01
  3.541082E+00 4.907E-01
  3.541216E+00 6.185E-01
  3.541350E+00 7.809E-01
  3.541549E+00 1.089E+00
  3.541680E+00 1.300E+00
  3.541746E+00 1.373E+00
  3.541811E+00 1.381E+00
  3.541876E+00 1.256E+00
  3.541941E+00 8.992E-01
  3.542006E+00 3.314E-01
  3.542071E+00 1.952E-01
  3.542135E+00 9.611E-01
  3.542199E+00 1.796E+00
  3.542263E+00 2.295E+00
  3.542327E+00 2.533E+00
  3.542391E+00 2.609E+00
  3.542455E+00 2.588E+00
  3.542581E+00 2.386E+00
  3.542957E+00 1.530E+00
  3.543142E+00 1.183E+00
  3.543326E+00 9.018E-01
  3.543508E+00 6.691E-01
  3.543629E+00 5.384E-01
  3.543689E+00 4.868E-01
  3.543749E+00 4.590E-01
  3.543809E+00 4.952E-01
  3.543869E+00 7.435E-01
  3.543928E+00 1.973E+00
  3.543987E+00 1.179E+01
  3.544047E+00 2.639E+01
  3.544106E+00 6.859E+00
  3.544164E+00 3.379E+00
  3.544223E+00 2.225E+00
  3.544282E+00 1.680E+00
  3.544340E+00 1.367E+00
  3.544398E+00 1.164E+00
  3.544456E+00 1.021E+00
  3.544514E+00 9.130E-01
  3.544630E+00 7.601E-01
  3.544744E+00 6.542E-01
  3.544915E+00 5.416E-01
  3.545141E+00 4.367E-01
  3.545420E+00 3.431E-01
  3.545750E+00 2.597E-01
  3.546074E+00 1.941E-01
  3.546446E+00 1.312E-01
  3.546760E+00 8.559E-02
  3.547018E+00 5.309E-02
  3.547171E+00 3.641E-02
  3.547272E+00 2.677E-02
  3.547373E+00 1.859E-02
  3.547423E+00 1.515E-02
  3.547473E+00 1.222E-02
  3.547523E+00 9.842E-03
  3.547573E+00 8.102E-03
  3.547623E+00 7.081E-03
  3.547673E+00 6.875E-03
  3.547722E+00 7.600E-03
  3.547771E+00 9.389E-03
  3.547821E+00 1.240E-02
  3.547870E+00 1.682E-02
  3.547919E+00 2.287E-02
  3.547967E+00 3.080E-02
  3.548016E+00 4.094E-02
  3.548065E+00 5.365E-02
  3.548113E+00 6.939E-02
  3.548162E+00 8.869E-02
  3.548210E+00 1.122E-01
  3.548258E+00 1.408E-01
  3.548306E+00 1.755E-01
  3.548354E+00 2.174E-01
  3.548401E+00 2.682E-01
  3.548449E+00 3.299E-01
  3.548497E+00 4.051E-01
  3.548544E+00 4.970E-01
  3.548591E+00 6.101E-01
  3.548638E+00 7.502E-01
  3.548685E+00 9.254E-01
  3.548732E+00 1.147E+00
  3.548779E+00 1.431E+00
  3.548826E+00 1.803E+00
  3.548872E+00 2.300E+00
  3.548919E+00 2.991E+00
  3.548965E+00 4.005E+00
  3.549011E+00 5.642E+00
  3.549057E+00 8.831E+00
  3.549103E+00 1.857E+01
  3.549149E+00 1.281E+02
  3.549195E+00 1.445E+01
  3.549241E+00 7.982E+00
  3.549286E+00 9.690E+00
  3.549331E+00 1.217E+01
  3.549377E+00 1.431E+01
  3.549422E+00 1.549E+01
  3.549467E+00 1.544E+01
  3.549512E+00 1.442E+01
  3.549646E+00 9.697E+00
  3.549691E+00 8.352E+00
  3.549735E+00 7.217E+00
  3.549779E+00 6.273E+00
  3.549824E+00 5.491E+00
  3.549868E+00 4.842E+00
  3.549955E+00 3.843E+00
  3.550043E+00 3.129E+00
  3.550130E+00 2.604E+00
  3.550216E+00 2.209E+00
  3.550345E+00 1.782E+00
  3.550473E+00 1.492E+00
  3.550601E+00 1.300E+00
  3.550727E+00 1.190E+00
  3.550852E+00 1.157E+00
  3.550977E+00 1.211E+00
  3.551059E+00 1.306E+00
  3.551141E+00 1.459E+00
  3.551223E+00 1.685E+00
  3.551304E+00 2.008E+00
  3.551385E+00 2.455E+00
  3.551465E+00 3.066E+00
  3.551506E+00 3.449E+00
  3.551546E+00 3.893E+00
  3.551625E+00 5.003E+00
  3.551705E+00 6.463E+00
  3.551823E+00 9.337E+00
  3.551862E+00 1.034E+01
  3.551901E+00 1.109E+01
  3.551940E+00 1.093E+01
  3.551979E+00 7.986E+00
  3.552018E+00 2.732E+00
  3.552057E+00 9.540E+00
  3.552096E+00 1.745E+01
  3.552134E+00 2.180E+01
  3.552173E+00 2.448E+01
  3.552211E+00 2.625E+01
  3.552288E+00 2.791E+01
  3.552364E+00 2.761E+01
  3.552478E+00 2.487E+01
  3.552777E+00 1.521E+01
  3.552962E+00 1.038E+01
  3.553035E+00 8.747E+00
  3.553071E+00 8.079E+00
  3.553107E+00 7.650E+00
  3.553144E+00 7.753E+00
  3.553180E+00 9.163E+00
  3.553216E+00 1.425E+01
  3.553252E+00 3.208E+01
  3.553288E+00 1.141E+02
  3.553324E+00 6.392E+02
  3.553360E+00 4.143E+02
  3.553395E+00 1.535E+02
  3.553431E+00 8.624E+01
  3.553466E+00 5.981E+01
  3.553502E+00 4.644E+01
  3.553537E+00 3.856E+01
  3.553572E+00 3.343E+01
  3.553608E+00 2.986E+01
  3.553643E+00 2.723E+01
  3.553713E+00 2.367E+01
  3.553817E+00 2.053E+01
  3.553955E+00 1.825E+01
  3.554126E+00 1.682E+01
  3.554362E+00 1.616E+01
  3.554627E+00 1.656E+01
  3.554888E+00 1.805E+01
  3.555112E+00 2.044E+01
  3.555301E+00 2.368E+01
  3.555457E+00 2.768E+01
  3.555612E+00 3.360E+01
  3.555734E+00 4.062E+01
  3.555825E+00 4.802E+01
  3.555915E+00 5.831E+01
  3.555975E+00 6.760E+01
  3.556035E+00 7.974E+01
  3.556094E+00 9.603E+01
  3.556124E+00 1.063E+02
  3.556183E+00 1.331E+02
  3.556212E+00 1.506E+02
  3.556242E+00 1.719E+02
  3.556271E+00 1.979E+02
  3.556300E+00 2.300E+02
  3.556329E+00 2.696E+02
  3.556358E+00 3.186E+02
  3.556387E+00 3.783E+02
  3.556416E+00 4.495E+02
  3.556474E+00 6.229E+02
  3.556503E+00 7.557E+02
  3.556532E+00 1.449E+03
  3.556560E+00 2.933E+03
  3.556589E+00 7.313E+02
  3.556618E+00 5.004E+02
  3.556646E+00 3.850E+02
  3.556675E+00 3.033E+02
  3.556703E+00 2.416E+02
  3.556731E+00 1.942E+02
  3.556759E+00 1.577E+02
  3.556788E+00 1.293E+02
  3.556816E+00 1.071E+02
  3.556844E+00 8.949E+01
  3.556872E+00 7.543E+01
  3.556900E+00 6.408E+01
  3.556928E+00 5.484E+01
  3.556956E+00 4.724E+01
  3.556983E+00 4.095E+01
  3.557011E+00 3.569E+01
  3.557066E+00 2.753E+01
  3.557121E+00 2.162E+01
  3.557176E+00 1.725E+01
  3.557231E+00 1.397E+01
  3.557285E+00 1.148E+01
  3.557339E+00 9.574E+00
  3.557393E+00 8.114E+00
  3.557473E+00 6.555E+00
  3.557553E+00 5.571E+00
  3.557633E+00 5.039E+00
  3.557712E+00 4.898E+00
  3.557790E+00 5.133E+00
  3.557868E+00 5.774E+00
  3.557946E+00 6.883E+00
  3.558022E+00 8.544E+00
  3.558124E+00 1.145E+01
  3.558150E+00 1.202E+01
  3.558175E+00 1.208E+01
  3.558200E+00 1.056E+01
  3.558226E+00 6.119E+00
  3.558251E+00 1.666E+01
  3.558276E+00 2.319E+01
  3.558301E+00 2.520E+01
  3.558351E+00 2.742E+01
  3.558400E+00 2.828E+01
  3.558450E+00 2.753E+01
  3.558499E+00 2.531E+01
  3.558670E+00 1.411E+01
  3.558743E+00 1.031E+01
  3.558791E+00 8.280E+00
  3.558839E+00 6.591E+00
  3.558887E+00 5.194E+00
  3.558934E+00 4.069E+00
  3.558958E+00 3.623E+00
  3.558982E+00 3.286E+00
  3.559005E+00 3.117E+00
  3.559029E+00 3.250E+00
  3.559052E+00 4.012E+00
  3.559076E+00 6.300E+00
  3.559099E+00 1.316E+01
  3.559123E+00 3.868E+01
  3.559146E+00 1.670E+02
  3.559169E+00 1.897E+02
  3.559193E+00 6.711E+01
  3.559216E+00 3.359E+01
  3.559239E+00 2.117E+01
  3.559262E+00 1.515E+01
  3.559285E+00 1.170E+01
  3.559308E+00 9.485E+00
  3.559331E+00 7.955E+00
  3.559354E+00 6.833E+00
  3.559377E+00 5.974E+00
  3.559400E+00 5.293E+00
  3.559445E+00 4.278E+00
  3.559491E+00 3.552E+00
  3.559536E+00 3.003E+00
  3.559603E+00 2.386E+00
  3.559670E+00 1.928E+00
  3.559759E+00 1.471E+00
  3.559847E+00 1.130E+00
  3.559935E+00 8.644E-01
  3.560021E+00 6.536E-01
  3.560107E+00 4.834E-01
  3.560193E+00 3.447E-01
  3.560256E+00 2.580E-01
  3.560320E+00 1.841E-01
  3.560382E+00 1.224E-01
  3.560424E+00 8.779E-02
  3.560466E+00 5.864E-02
  3.560486E+00 4.620E-02
  3.560507E+00 3.526E-02
  3.560528E+00 2.590E-02
  3.560548E+00 1.823E-02
  3.560569E+00 1.235E-02
  3.560589E+00 8.433E-03
  3.560610E+00 6.652E-03
  3.560630E+00 7.227E-03
  3.560651E+00 1.043E-02
  3.560671E+00 1.657E-02
  3.560691E+00 2.604E-02
  3.560712E+00 3.931E-02
  3.560732E+00 5.696E-02
  3.560752E+00 7.967E-02
  3.560772E+00 1.083E-01
  3.560793E+00 1.439E-01
  3.560813E+00 1.878E-01
  3.560833E+00 2.416E-01
  3.560853E+00 3.073E-01
  3.560873E+00 3.876E-01
  3.560893E+00 4.857E-01
  3.560913E+00 6.058E-01
  3.560932E+00 7.535E-01
  3.560952E+00 9.358E-01
  3.560972E+00 1.162E+00
  3.560992E+00 1.445E+00
  3.561012E+00 1.802E+00
  3.561031E+00 2.253E+00
  3.561051E+00 2.828E+00
  3.561070E+00 3.564E+00
  3.561090E+00 4.506E+00
  3.561110E+00 5.699E+00
  3.561129E+00 7.173E+00
  3.561149E+00 8.904E+00
  3.561168E+00 1.074E+01
  3.561187E+00 1.235E+01
  3.561207E+00 1.329E+01
  3.561226E+00 1.326E+01
  3.561245E+00 1.254E+01
  3.561265E+00 1.283E+01
  3.561284E+00 3.238E+01
  3.561303E+00 1.213E+02
  3.561322E+00 2.435E+01
  3.561341E+00 1.346E+01
  3.561360E+00 9.544E+00
  3.561379E+00 7.416E+00
  3.561398E+00 6.032E+00
  3.561417E+00 5.044E+00
  3.561436E+00 4.299E+00
  3.561455E+00 3.716E+00
  3.561474E+00 3.249E+00
  3.561493E+00 2.867E+00
  3.561530E+00 2.283E+00
  3.561568E+00 1.861E+00
  3.561605E+00 1.544E+00
  3.561642E+00 1.301E+00
  3.561679E+00 1.111E+00
  3.561734E+00 8.947E-01
  3.561789E+00 7.386E-01
  3.561844E+00 6.262E-01
  3.561898E+00 5.482E-01
  3.561952E+00 4.999E-01
  3.562006E+00 4.799E-01
  3.562059E+00 4.900E-01
  3.562113E+00 5.348E-01
  3.562166E+00 6.223E-01
  3.562201E+00 7.096E-01
  3.562253E+00 8.897E-01
  3.562305E+00 1.105E+00
  3.562322E+00 1.155E+00
  3.562340E+00 1.148E+00
  3.562357E+00 1.006E+00
  3.562374E+00 1.454E+00
  3.562391E+00 3.296E+00
  3.562426E+00 3.339E+00
  3.562494E+00 3.908E+00
  3.562528E+00 4.041E+00
  3.562561E+00 3.953E+00
  3.562595E+00 3.666E+00
  3.562712E+00 2.168E+00
  3.562762E+00 1.635E+00
  3.562811E+00 1.212E+00
  3.562844E+00 9.833E-01
  3.562877E+00 7.957E-01
  3.562893E+00 7.200E-01
  3.562909E+00 6.612E-01
  3.562925E+00 6.275E-01
  3.562941E+00 6.362E-01
  3.562958E+00 7.250E-01
  3.562974E+00 9.837E-01
  3.562990E+00 1.660E+00
  3.563006E+00 3.588E+00
  3.563022E+00 1.055E+01
  3.563038E+00 4.062E+01
  3.563054E+00 3.821E+01
  3.563070E+00 1.473E+01
  3.563086E+00 7.649E+00
  3.563102E+00 4.894E+00
  3.563118E+00 3.531E+00
  3.563134E+00 2.743E+00
  3.563150E+00 2.237E+00
  3.563165E+00 1.886E+00
  3.563181E+00 1.629E+00
  3.563197E+00 1.433E+00
  3.563228E+00 1.151E+00
  3.563260E+00 9.571E-01
  3.563291E+00 8.141E-01
  3.563337E+00 6.564E-01
  3.563384E+00 5.403E-01
  3.563445E+00 4.243E-01
  3.563506E+00 3.362E-01
  3.563582E+00 2.509E-01
  3.563657E+00 1.840E-01
  3.563731E+00 1.301E-01
  3.563805E+00 8.611E-02
  3.563864E+00 5.710E-02
  3.563907E+00 3.889E-02
  3.563936E+00 2.855E-02
  3.563965E+00 1.984E-02
  3.563994E+00 1.300E-02
  3.564009E+00 1.038E-02
  3.564023E+00 8.378E-03
  3.564037E+00 7.061E-03
  3.564051E+00 6.514E-03
  3.564066E+00 6.843E-03
  3.564080E+00 8.173E-03
  3.564094E+00 1.066E-02
  3.564108E+00 1.448E-02
  3.564123E+00 1.987E-02
  3.564137E+00 2.711E-02
  3.564151E+00 3.654E-02
  3.564165E+00 4.859E-02
  3.564179E+00 6.380E-02
  3.564193E+00 8.285E-02
  3.564207E+00 1.066E-01
  3.564221E+00 1.361E-01
  3.564235E+00 1.729E-01
  3.564249E+00 2.187E-01
  3.564263E+00 2.761E-01
  3.564277E+00 3.481E-01
  3.564291E+00 4.391E-01
  3.564305E+00 5.548E-01
  3.564318E+00 7.029E-01
  3.564332E+00 8.934E-01
  3.564346E+00 1.139E+00
  3.564360E+00 1.457E+00
  3.564373E+00 1.863E+00
  3.564387E+00 2.370E+00
  3.564428E+00 4.173E+00
  3.564442E+00 4.497E+00
  3.564455E+00 4.467E+00
  3.564469E+00 4.109E+00
  3.564496E+00 3.108E+00
  3.564510E+00 3.196E+00
  3.564523E+00 7.482E+00
  3.564537E+00 8.866E+01
  3.564550E+00 1.423E+01
  3.564564E+00 5.914E+00
  3.564577E+00 3.737E+00
  3.564590E+00 2.754E+00
  3.564604E+00 2.185E+00
  3.564617E+00 1.808E+00
  3.564630E+00 1.537E+00
  3.564644E+00 1.331E+00
  3.564657E+00 1.169E+00
  3.564670E+00 1.039E+00
  3.564683E+00 9.306E-01
  3.564710E+00 7.627E-01
  3.564736E+00 6.386E-01
  3.564775E+00 5.042E-01
  3.564801E+00 4.376E-01
  3.564840E+00 3.611E-01
  3.564879E+00 3.050E-01
  3.564918E+00 2.642E-01
  3.564956E+00 2.357E-01
  3.565007E+00 2.149E-01
  3.565045E+00 2.125E-01
  3.565083E+00 2.229E-01
  3.565121E+00 2.488E-01
  3.565158E+00 2.935E-01
  3.565195E+00 3.585E-01
  3.565232E+00 4.244E-01
  3.565245E+00 4.290E-01
  3.565257E+00 4.175E-01
  3.565269E+00 7.413E-01
  3.565281E+00 1.778E+00
  3.565294E+00 1.511E+00
  3.565306E+00 1.436E+00
  3.565318E+00 1.456E+00
  3.565379E+00 1.784E+00
  3.565403E+00 1.821E+00
  3.565427E+00 1.758E+00
  3.565463E+00 1.522E+00
  3.565534E+00 9.493E-01
  3.565570E+00 7.210E-01
  3.565593E+00 5.954E-01
  3.565629E+00 4.429E-01
  3.565640E+00 4.017E-01
  3.565652E+00 3.662E-01
  3.565664E+00 3.381E-01
  3.565675E+00 3.206E-01
  3.565687E+00 3.198E-01
  3.565698E+00 3.486E-01
  3.565710E+00 4.354E-01
  3.565722E+00 6.496E-01
  3.565733E+00 1.191E+00
  3.565745E+00 2.774E+00
  3.565756E+00 8.795E+00
  3.565768E+00 2.623E+01
  3.565779E+00 1.452E+01
  3.565791E+00 6.244E+00
  3.565802E+00 3.518E+00
  3.565813E+00 2.351E+00
  3.565825E+00 1.739E+00
  3.565836E+00 1.372E+00
  3.565847E+00 1.131E+00
  3.565859E+00 9.608E-01
  3.565870E+00 8.350E-01
  3.565881E+00 7.380E-01
  3.565904E+00 5.977E-01
  3.565915E+00 5.452E-01
  3.565949E+00 4.285E-01
  3.565982E+00 3.487E-01
  3.566027E+00 2.732E-01
  3.566071E+00 2.180E-01
  3.566126E+00 1.657E-01
  3.566180E+00 1.252E-01
  3.566234E+00 9.252E-02
  3.566277E+00 7.049E-02
  3.566320E+00 5.145E-02
  3.566351E+00 3.898E-02
  3.566383E+00 2.806E-02
  3.566404E+00 2.172E-02
  3.566435E+00 1.384E-02
  3.566456E+00 9.910E-03
  3.566467E+00 8.431E-03
  3.566477E+00 7.328E-03
  3.566487E+00 6.654E-03
  3.566498E+00 6.471E-03
  3.566508E+00 6.855E-03
  3.566519E+00 7.898E-03
  3.566529E+00 9.713E-03
  3.566539E+00 1.244E-02
  3.566549E+00 1.625E-02
  3.566560E+00 2.136E-02
  3.566570E+00 2.803E-02
  3.566580E+00 3.661E-02
  3.566590E+00 4.753E-02
  3.566601E+00 6.132E-02
  3.566611E+00 7.872E-02
  3.566621E+00 1.006E-01
  3.566631E+00 1.283E-01
  3.566641E+00 1.633E-01
  3.566651E+00 2.077E-01
  3.566661E+00 2.646E-01
  3.566672E+00 3.377E-01
  3.566682E+00 4.322E-01
  3.566692E+00 5.549E-01
  3.566702E+00 7.146E-01
  3.566712E+00 9.212E-01
  3.566729E+00 1.412E+00
  3.576719E+00 8.805E-02
  3.576729E+00 2.783E-01
  3.601672E+00 7.058E-02
  3.626616E+00 4.370E-02
  3.651559E+00 3.512E-02
  3.676502E+00 3.030E-02
  3.701446E+00 2.670E-02
  3.726389E+00 2.409E-02
  3.776276E+00 2.087E-02
  3.851106E+00 1.770E-02
  3.900992E+00 1.665E-02
  4.175369E+00 1.541E-02
  4.175369E+00 0.000E+00
  4.349972E+00 0.000E+00
  4.349972E+00 1.460E-02
  4.349972E+00 0.000E+00
  4.774008E+00 0.000E+00
  4.774008E+00 1.232E-02
  4.774008E+00 1.232E-02
  5.372647E+00 9.580E-03
  5.821627E+00 7.609E-03
  6.021173E+00 7.084E-03
  6.142810E+00 6.671E-03
  6.266900E+00 6.283E-03
  6.393498E+00 5.917E-03
  6.522659E+00 5.572E-03
  6.654426E+00 5.248E-03
  6.788852E+00 4.942E-03
  6.925994E+00 4.655E-03
  7.065909E+00 4.383E-03
  7.208650E+00 4.128E-03
  7.354279E+00 3.888E-03
  7.502842E+00 3.661E-03
  7.654408E+00 3.448E-03
  7.809041E+00 3.247E-03
  7.966791E+00 3.058E-03
  8.127729E+00 2.880E-03
  8.291923E+00 2.712E-03
  8.459430E+00 2.554E-03
  8.630324E+00 2.406E-03
  8.804665E+00 2.266E-03
  8.982536E+00 2.134E-03
  9.163991E+00 2.009E-03
  9.349114E+00 1.892E-03
  9.537983E+00 1.782E-03
  9.730663E+00 1.678E-03
  9.927232E+00 1.581E-03
  1.012778E+01 1.489E-03
  1.033238E+01 1.402E-03
  1.054110E+01 1.320E-03
  1.075404E+01 1.243E-03
  1.097129E+01 1.171E-03
  1.119292E+01 1.103E-03
  1.141904E+01 1.039E-03
  1.164972E+01 9.781E-04
  1.188506E+01 9.211E-04
  1.212515E+01 8.675E-04
  1.237009E+01 8.170E-04
  1.261999E+01 7.694E-04
  1.287493E+01 7.246E-04
  1.313502E+01 6.824E-04
  1.340037E+01 6.426E-04
  1.367107E+01 6.052E-04
  1.394725E+01 5.700E-04
  1.422899E+01 5.368E-04
  1.451644E+01 5.055E-04
  1.480970E+01 4.761E-04
  1.510887E+01 4.484E-04
  1.541409E+01 4.222E-04
  1.572547E+01 3.977E-04
  1.604314E+01 3.745E-04
  1.636723E+01 3.527E-04
  1.669786E+01 3.322E-04
  1.703520E+01 3.128E-04
  1.737932E+01 2.946E-04
  1.773041E+01 2.774E-04
  1.808859E+01 2.613E-04
  1.845401E+01 2.461E-04
  1.882680E+01 2.317E-04
  1.920712E+01 2.182E-04
  1.959512E+01 2.055E-04
  1.999098E+01 1.936E-04
  2.039482E+01 1.823E-04
  2.080684E+01 1.717E-04
  2.122714E+01 1.617E-04
  2.165598E+01 1.523E-04
  2.209344E+01 1.434E-04
  2.253978E+01 1.350E-04
  2.299509E+01 1.272E-04
  2.345964E+01 1.198E-04
      27   2   2   100    8  -1.61581E-02    1655
  1.612509E-02 5.081E+01
  1.613506E-02 5.209E+01
  6.741977E-02 3.254E+00
  1.174006E-01 1.079E+00
  1.661213E-01 5.390E-01
  2.136239E-01 3.271E-01
  2.599488E-01 2.217E-01
  3.051344E-01 1.606E-01
  3.492179E-01 1.214E-01
  3.922349E-01 9.473E-02
  4.342193E-01 7.594E-02
  4.752041E-01 6.245E-02
  5.152208E-01 5.258E-02
  5.542994E-01 4.522E-02
  5.924693E-01 3.956E-02
  6.661932E-01 3.137E-02
  7.366038E-01 2.550E-02
  8.364310E-01 1.905E-02
  8.993831E-01 1.591E-02
  9.596470E-01 1.354E-02
  1.045329E+00 1.110E-02
  1.125766E+00 9.536E-03
  1.295334E+00 7.220E-03
  1.500619E+00 4.821E-03
  1.606632E+00 3.886E-03
  1.701899E+00 3.305E-03
  1.827660E+00 2.822E-03
  2.059224E+00 2.117E-03
  2.352163E+00 1.007E-03
  2.488898E+00 5.365E-04
  2.525186E+00 3.838E-04
  2.548404E+00 2.640E-04
  2.563994E+00 1.695E-04
  2.581695E+00 5.372E-05
  2.584544E+00 3.675E-05
  2.587365E+00 2.172E-05
  2.590158E+00 9.624E-06
  2.592925E+00 1.839E-06
  2.595664E+00 3.803E-07
  2.598377E+00 8.213E-06
  2.601063E+00 2.978E-05
  2.603724E+00 7.191E-05
  2.606359E+00 1.453E-04
  2.608969E+00 2.675E-04
  2.611555E+00 4.679E-04
  2.614115E+00 7.990E-04
  2.616652E+00 1.360E-03
  2.619164E+00 2.352E-03
  2.621653E+00 4.232E-03
  2.624119E+00 8.193E-03
  2.626561E+00 1.809E-02
  2.628981E+00 5.134E-02
  2.631378E+00 2.339E-01
  2.633753E+00 3.386E-01
  2.636107E+00 9.036E-02
  2.638438E+00 3.905E-02
  2.640748E+00 2.246E-02
  2.643037E+00 1.507E-02
  2.645305E+00 1.110E-02
  2.647553E+00 8.690E-03
  2.649780E+00 7.106E-03
  2.651987E+00 5.998E-03
  2.654174E+00 5.187E-03
  2.656342E+00 4.572E-03
  2.658490E+00 4.091E-03
  2.662729E+00 3.392E-03
  2.666892E+00 2.911E-03
  2.673002E+00 2.421E-03
  2.678952E+00 2.089E-03
  2.686648E+00 1.783E-03
  2.697707E+00 1.483E-03
  2.711607E+00 1.230E-03
  2.729281E+00 1.008E-03
  2.753713E+00 7.904E-04
  2.780959E+00 6.091E-04
  2.797173E+00 5.341E-04
  2.805144E+00 5.259E-04
  2.809907E+00 5.535E-04
  2.812688E+00 6.024E-04
  2.814510E+00 6.668E-04
  2.815412E+00 7.175E-04
  2.816308E+00 7.896E-04
  2.817199E+00 8.971E-04
  2.818083E+00 1.069E-03
  2.818961E+00 1.377E-03
  2.819833E+00 2.037E-03
  2.820700E+00 4.081E-03
  2.821561E+00 2.367E-02
  2.822416E+00 1.996E-02
  2.823266E+00 1.199E-03
  2.824110E+00 2.118E-04
  2.824949E+00 3.800E-05
  2.825782E+00 2.613E-06
  2.826609E+00 1.433E-06
  2.827432E+00 9.486E-06
  2.828249E+00 1.941E-05
  2.829060E+00 2.884E-05
  2.829867E+00 3.708E-05
  2.830668E+00 4.397E-05
  2.831464E+00 4.959E-05
  2.833040E+00 5.756E-05
  2.834597E+00 6.207E-05
  2.836895E+00 6.425E-05
  2.839892E+00 6.160E-05
  2.843533E+00 5.321E-05
  2.848444E+00 3.725E-05
  2.854457E+00 1.621E-05
  2.856389E+00 1.025E-05
  2.857658E+00 6.818E-06
  2.858287E+00 5.307E-06
  2.858912E+00 3.949E-06
  2.859534E+00 2.761E-06
  2.860152E+00 1.759E-06
  2.860766E+00 9.625E-07
  2.861376E+00 3.912E-07
  2.861983E+00 6.702E-08
  2.862586E+00 1.420E-08
  2.863186E+00 2.593E-07
  2.863783E+00 8.317E-07
  2.864375E+00 1.764E-06
  2.864965E+00 3.092E-06
  2.865551E+00 4.857E-06
  2.866133E+00 7.103E-06
  2.866712E+00 9.881E-06
  2.867288E+00 1.325E-05
  2.867861E+00 1.727E-05
  2.868430E+00 2.201E-05
  2.868996E+00 2.757E-05
  2.869558E+00 3.402E-05
  2.870118E+00 4.148E-05
  2.870674E+00 5.007E-05
  2.871227E+00 5.993E-05
  2.871777E+00 7.123E-05
  2.872324E+00 8.414E-05
  2.872868E+00 9.890E-05
  2.873408E+00 1.158E-04
  2.873946E+00 1.350E-04
  2.874481E+00 1.570E-04
  2.875012E+00 1.822E-04
  2.875541E+00 2.110E-04
  2.876066E+00 2.441E-04
  2.876589E+00 2.823E-04
  2.877109E+00 3.263E-04
  2.877625E+00 3.773E-04
  2.878139E+00 4.366E-04
  2.878651E+00 5.058E-04
  2.879159E+00 5.872E-04
  2.879664E+00 6.832E-04
  2.880167E+00 7.974E-04
  2.880667E+00 9.343E-04
  2.881164E+00 1.100E-03
  2.881658E+00 1.301E-03
  2.882150E+00 1.550E-03
  2.882639E+00 1.861E-03
  2.883125E+00 2.255E-03
  2.883609E+00 2.764E-03
  2.884090E+00 3.435E-03
  2.884569E+00 4.339E-03
  2.885044E+00 5.597E-03
  2.885518E+00 7.411E-03
  2.885988E+00 1.015E-02
  2.886456E+00 1.456E-02
  2.886922E+00 2.224E-02
  2.887385E+00 3.731E-02
  2.887846E+00 7.269E-02
  2.888304E+00 1.839E-01
  2.888760E+00 6.656E-01
  2.889213E+00 6.056E-01
  2.889664E+00 1.779E-01
  2.890112E+00 7.588E-02
  2.890559E+00 4.145E-02
  2.891002E+00 2.612E-02
  2.891444E+00 1.802E-02
  2.891883E+00 1.322E-02
  2.892320E+00 1.014E-02
  2.892754E+00 8.045E-03
  2.893186E+00 6.552E-03
  2.893616E+00 5.448E-03
  2.894044E+00 4.608E-03
  2.894469E+00 3.954E-03
  2.894892E+00 3.432E-03
  2.895313E+00 3.010E-03
  2.895732E+00 2.663E-03
  2.896563E+00 2.130E-03
  2.897386E+00 1.744E-03
  2.898200E+00 1.454E-03
  2.899405E+00 1.137E-03
  2.900592E+00 9.118E-04
  2.901761E+00 7.447E-04
  2.903293E+00 5.813E-04
  2.904794E+00 4.626E-04
  2.906265E+00 3.735E-04
  2.908063E+00 2.910E-04
  2.909817E+00 2.309E-04
  2.911529E+00 1.873E-04
  2.913200E+00 1.570E-04
  2.914832E+00 1.388E-04
  2.916109E+00 1.340E-04
  2.917051E+00 1.380E-04
  2.917672E+00 1.458E-04
  2.918287E+00 1.599E-04
  2.918896E+00 1.833E-04
  2.919198E+00 2.002E-04
  2.919499E+00 2.219E-04
  2.919799E+00 2.503E-04
  2.920097E+00 2.878E-04
  2.920394E+00 3.382E-04
  2.920690E+00 4.077E-04
  2.920984E+00 5.066E-04
  2.921277E+00 6.540E-04
  2.921568E+00 8.883E-04
  2.921858E+00 1.306E-03
  2.922147E+00 2.304E-03
  2.922434E+00 6.375E+00
  2.922720E+00 2.718E-03
  2.923005E+00 8.049E-03
  2.923289E+00 3.348E-02
  2.923571E+00 5.045E+00
  2.923852E+00 5.733E-02
  2.924131E+00 1.397E-02
  2.924410E+00 6.473E-03
  2.924687E+00 3.860E-03
  2.924963E+00 2.639E-03
  2.925237E+00 1.967E-03
  2.925511E+00 1.556E-03
  2.925783E+00 1.286E-03
  2.926054E+00 1.099E-03
  2.926324E+00 9.642E-04
  2.926592E+00 8.644E-04
  2.926859E+00 7.887E-04
  2.927390E+00 6.847E-04
  2.927917E+00 6.206E-04
  2.928697E+00 5.671E-04
  2.929722E+00 5.411E-04
  2.930978E+00 5.497E-04
  2.932450E+00 5.978E-04
  2.934119E+00 6.946E-04
  2.935738E+00 8.357E-04
  2.937310E+00 1.032E-03
  2.938621E+00 1.261E-03
  2.939689E+00 1.516E-03
  2.940735E+00 1.856E-03
  2.941556E+00 2.224E-03
  2.942364E+00 2.725E-03
  2.942961E+00 3.235E-03
  2.943551E+00 3.930E-03
  2.943941E+00 4.548E-03
  2.944327E+00 5.353E-03
  2.944710E+00 6.438E-03
  2.944901E+00 7.132E-03
  2.945090E+00 7.965E-03
  2.945279E+00 8.980E-03
  2.945468E+00 1.024E-02
  2.945655E+00 1.183E-02
  2.945842E+00 1.388E-02
  2.946028E+00 1.662E-02
  2.946213E+00 2.040E-02
  2.946397E+00 2.584E-02
  2.946581E+00 3.415E-02
  2.946764E+00 4.785E-02
  2.946946E+00 7.297E-02
  2.947128E+00 1.271E-01
  2.947309E+00 2.768E-01
  2.947489E+00 8.362E-01
  2.947669E+00 1.064E+00
  2.947847E+00 3.088E-01
  2.948025E+00 1.166E-01
  2.948203E+00 5.697E-02
  2.948379E+00 3.234E-02
  2.948555E+00 2.015E-02
  2.948731E+00 1.335E-02
  2.948905E+00 9.242E-03
  2.949079E+00 6.597E-03
  2.949253E+00 4.817E-03
  2.949425E+00 3.575E-03
  2.949597E+00 2.684E-03
  2.949768E+00 2.031E-03
  2.949939E+00 1.544E-03
  2.950109E+00 1.175E-03
  2.950278E+00 8.922E-04
  2.950447E+00 6.744E-04
  2.950615E+00 5.056E-04
  2.950782E+00 3.743E-04
  2.950949E+00 2.724E-04
  2.951115E+00 1.935E-04
  2.951281E+00 1.330E-04
  2.951445E+00 8.729E-05
  2.951610E+00 5.350E-05
  2.951773E+00 2.946E-05
  2.951936E+00 1.344E-05
  2.952098E+00 4.060E-06
  2.952260E+00 2.140E-07
  2.952421E+00 1.003E-06
  2.952582E+00 5.696E-06
  2.952742E+00 1.370E-05
  2.952901E+00 2.451E-05
  2.953060E+00 3.774E-05
  2.953218E+00 5.303E-05
  2.953375E+00 7.011E-05
  2.953688E+00 1.087E-04
  2.954154E+00 1.753E-04
  2.954918E+00 3.018E-04
  2.956112E+00 5.287E-04
  2.958535E+00 1.031E-03
  2.958948E+00 1.071E-03
  2.959084E+00 1.057E-03
  2.959220E+00 1.002E-03
  2.959356E+00 8.311E-04
  2.959491E+00 9.732E-05
  2.959625E+00 3.360E-03
  2.959759E+00 2.111E-03
  2.959893E+00 1.906E-03
  2.960026E+00 1.845E-03
  2.960291E+00 1.839E-03
  2.961074E+00 2.038E-03
  2.962093E+00 2.453E-03
  2.962716E+00 2.826E-03
  2.962962E+00 3.054E-03
  2.963084E+00 3.219E-03
  2.963206E+00 3.464E-03
  2.963328E+00 3.923E-03
  2.963449E+00 5.393E-03
  2.963570E+00 3.913E-02
  2.963690E+00 1.415E-03
  2.963810E+00 2.154E-03
  2.963929E+00 2.484E-03
  2.964167E+00 2.841E-03
  2.964754E+00 3.356E-03
  2.966568E+00 4.768E-03
  2.967760E+00 5.992E-03
  2.968806E+00 7.483E-03
  2.969619E+00 9.141E-03
  2.970215E+00 1.088E-02
  2.970703E+00 1.289E-02
  2.971088E+00 1.516E-02
  2.971373E+00 1.750E-02
  2.971656E+00 2.078E-02
  2.971843E+00 2.381E-02
  2.972029E+00 2.795E-02
  2.972213E+00 3.394E-02
  2.972305E+00 3.804E-02
  2.972397E+00 4.326E-02
  2.972488E+00 5.013E-02
  2.972579E+00 5.946E-02
  2.972670E+00 7.274E-02
  2.972760E+00 9.279E-02
  2.972851E+00 1.256E-01
  2.972940E+00 1.855E-01
  2.973030E+00 3.153E-01
  2.973119E+00 6.798E-01
  2.973208E+00 1.882E+00
  2.973297E+00 1.409E+00
  2.973386E+00 3.929E-01
  2.973474E+00 1.456E-01
  2.973562E+00 6.670E-02
  2.973650E+00 3.439E-02
  2.973737E+00 1.894E-02
  2.973824E+00 1.078E-02
  2.973911E+00 6.186E-03
  2.973998E+00 3.499E-03
  2.974084E+00 1.899E-03
  2.974170E+00 9.498E-04
  2.974256E+00 4.065E-04
  2.974342E+00 1.233E-04
  2.974427E+00 1.085E-05
  2.974512E+00 1.240E-05
  2.974597E+00 9.094E-05
  2.974681E+00 2.218E-04
  2.974765E+00 3.883E-04
  2.974849E+00 5.790E-04
  2.975017E+00 1.003E-03
  2.976159E+00 4.112E-03
  2.978380E+00 9.589E-03
  2.978671E+00 1.006E-02
  2.978816E+00 9.921E-03
  2.978888E+00 9.421E-03
  2.978960E+00 7.416E-03
  2.979031E+00 5.432E-02
  2.979103E+00 1.602E-02
  2.979174E+00 1.441E-02
  2.979245E+00 1.400E-02
  2.979456E+00 1.405E-02
  2.980012E+00 1.576E-02
  2.980555E+00 1.828E-02
  2.980888E+00 2.068E-02
  2.981086E+00 2.320E-02
  2.981151E+00 2.457E-02
  2.981216E+00 2.660E-02
  2.981282E+00 3.012E-02
  2.981347E+00 3.824E-02
  2.981411E+00 8.087E-02
  2.981476E+00 9.868E-03
  2.981540E+00 6.080E-03
  2.981605E+00 1.137E-02
  2.981669E+00 1.415E-02
  2.981733E+00 1.590E-02
  2.981860E+00 1.815E-02
  2.982112E+00 2.090E-02
  2.983452E+00 3.194E-02
  2.984149E+00 3.980E-02
  2.984658E+00 4.805E-02
  2.985045E+00 5.718E-02
  2.985317E+00 6.642E-02
  2.985533E+00 7.677E-02
  2.985746E+00 9.188E-02
  2.985904E+00 1.090E-01
  2.986009E+00 1.254E-01
  2.986113E+00 1.488E-01
  2.986165E+00 1.646E-01
  2.986217E+00 1.846E-01
  2.986268E+00 2.107E-01
  2.986320E+00 2.458E-01
  2.986371E+00 2.953E-01
  2.986423E+00 3.693E-01
  2.986474E+00 4.888E-01
  2.986525E+00 7.046E-01
  2.986576E+00 1.165E+00
  2.986626E+00 2.426E+00
  2.986677E+00 6.267E+00
  2.986727E+00 4.306E+00
  2.986778E+00 1.169E+00
  2.986828E+00 4.114E-01
  2.986878E+00 1.751E-01
  2.986928E+00 8.192E-02
  2.986978E+00 3.964E-02
  2.987028E+00 1.887E-02
  2.987077E+00 8.337E-03
  2.987127E+00 3.085E-03
  2.987176E+00 7.245E-04
  2.987225E+00 1.169E-05
  2.987274E+00 2.644E-04
  2.987323E+00 1.091E-03
  2.987372E+00 2.258E-03
  2.987421E+00 3.625E-03
  2.987663E+00 1.128E-02
  2.987949E+00 1.992E-02
  2.988462E+00 3.337E-02
  2.989578E+00 5.909E-02
  2.989750E+00 6.112E-02
  2.989793E+00 6.069E-02
  2.989835E+00 5.901E-02
  2.989878E+00 5.373E-02
  2.989920E+00 2.824E-02
  2.989963E+00 1.416E-01
  2.990005E+00 9.463E-02
  2.990047E+00 8.769E-02
  2.990131E+00 8.516E-02
  2.990340E+00 8.908E-02
  2.990749E+00 1.050E-01
  2.991030E+00 1.217E-01
  2.991188E+00 1.369E-01
  2.991267E+00 1.487E-01
  2.991345E+00 1.684E-01
  2.991384E+00 1.853E-01
  2.991423E+00 2.143E-01
  2.991462E+00 2.789E-01
  2.991500E+00 5.527E-01
  2.991539E+00 2.516E+00
  2.991577E+00 6.508E-03
  2.991616E+00 4.484E-02
  2.991654E+00 6.853E-02
  2.991692E+00 8.360E-02
  2.991731E+00 9.426E-02
  2.991807E+00 1.090E-01
  2.991958E+00 1.283E-01
  2.992728E+00 2.024E-01
  2.993117E+00 2.525E-01
  2.993428E+00 3.091E-01
  2.993666E+00 3.716E-01
  2.993866E+00 4.499E-01
  2.993999E+00 5.259E-01
  2.994097E+00 6.055E-01
  2.994195E+00 7.193E-01
  2.994260E+00 8.277E-01
  2.994324E+00 9.815E-01
  2.994356E+00 1.085E+00
  2.994389E+00 1.217E+00
  2.994421E+00 1.388E+00
  2.994453E+00 1.619E+00
  2.994484E+00 1.944E+00
  2.994516E+00 2.432E+00
  2.994548E+00 3.226E+00
  2.994580E+00 4.676E+00
  2.994611E+00 7.824E+00
  2.994643E+00 1.665E+01
  2.994674E+00 4.031E+01
  2.994706E+00 2.127E+01
  2.994737E+00 5.802E+00
  2.994768E+00 2.046E+00
  2.994799E+00 8.483E-01
  2.994831E+00 3.764E-01
  2.994862E+00 1.666E-01
  2.994893E+00 6.819E-02
  2.994924E+00 2.263E-02
  2.994954E+00 4.063E-03
  2.994985E+00 3.864E-05
  2.995016E+00 4.107E-03
  2.995047E+00 1.275E-02
  2.995077E+00 2.399E-02
  2.995108E+00 3.666E-02
  2.995349E+00 1.444E-01
  2.995763E+00 3.104E-01
  2.996248E+00 5.141E-01
  2.996525E+00 6.348E-01
  2.996580E+00 6.432E-01
  2.996608E+00 6.357E-01
  2.996635E+00 6.057E-01
  2.996662E+00 4.989E-01
  2.996689E+00 4.550E-01
  2.996716E+00 1.281E+00
  2.996743E+00 1.045E+00
  2.996770E+00 9.937E-01
  2.996824E+00 9.843E-01
  2.996958E+00 1.069E+00
  2.997168E+00 1.299E+00
  2.997350E+00 1.589E+00
  2.997478E+00 1.893E+00
  2.997554E+00 2.164E+00
  2.997604E+00 2.433E+00
  2.997630E+00 2.621E+00
  2.997655E+00 2.877E+00
  2.997680E+00 3.261E+00
  2.997705E+00 3.933E+00
  2.997730E+00 5.501E+00
  2.997755E+00 1.339E+01
  2.997780E+00 1.870E+01
  2.997805E+00 4.530E-02
  2.997829E+00 6.171E-01
  2.997854E+00 1.044E+00
  2.997879E+00 1.341E+00
  2.997903E+00 1.566E+00
  2.997953E+00 1.907E+00
  2.998123E+00 2.785E+00
  2.998315E+00 3.840E+00
  2.998457E+00 4.862E+00
  2.998597E+00 6.226E+00
  2.998712E+00 7.759E+00
  2.998827E+00 9.842E+00
  2.998917E+00 1.210E+01
  2.998985E+00 1.429E+01
  2.999052E+00 1.709E+01
  2.999119E+00 2.072E+01
  2.999185E+00 2.556E+01
  2.999251E+00 3.219E+01
  2.999295E+00 3.808E+01
  2.999339E+00 4.566E+01
  2.999382E+00 5.564E+01
  2.999404E+00 6.185E+01
  2.999447E+00 7.773E+01
  2.999469E+00 8.799E+01
  2.999490E+00 1.004E+02
  2.999511E+00 1.154E+02
  2.999533E+00 1.341E+02
  2.999554E+00 1.576E+02
  2.999576E+00 1.876E+02
  2.999597E+00 2.269E+02
  2.999618E+00 2.797E+02
  2.999639E+00 3.528E+02
  2.999660E+00 4.581E+02
  2.999682E+00 6.174E+02
  2.999703E+00 8.743E+02
  2.999724E+00 1.327E+03
  2.999745E+00 2.229E+03
  2.999766E+00 4.400E+03
  2.999787E+00 1.127E+04
  2.999807E+00 3.138E+04
  2.999828E+00 1.796E+04
  2.999849E+00 6.286E+03
  2.999870E+00 2.932E+03
  2.999891E+00 1.665E+03
  2.999911E+00 1.067E+03
  2.999932E+00 7.414E+02
  2.999953E+00 5.449E+02
  2.999973E+00 4.175E+02
  2.999994E+00 3.302E+02
  3.000014E+00 2.679E+02
  3.000035E+00 2.218E+02
  3.000055E+00 1.867E+02
  3.000075E+00 1.595E+02
  3.000096E+00 1.379E+02
  3.000116E+00 1.204E+02
  3.000136E+00 1.062E+02
  3.000156E+00 9.432E+01
  3.000197E+00 7.599E+01
  3.000237E+00 6.262E+01
  3.000277E+00 5.256E+01
  3.000337E+00 4.157E+01
  3.000396E+00 3.378E+01
  3.000455E+00 2.805E+01
  3.000533E+00 2.249E+01
  3.000611E+00 1.849E+01
  3.000707E+00 1.487E+01
  3.000821E+00 1.181E+01
  3.000953E+00 9.249E+00
  3.001065E+00 7.295E+00
  3.001083E+00 6.847E+00
  3.001102E+00 6.214E+00
  3.001120E+00 4.996E+00
  3.001139E+00 3.067E-01
  3.001157E+00 1.349E+01
  3.001175E+00 9.346E+00
  3.001194E+00 8.280E+00
  3.001212E+00 7.728E+00
  3.001248E+00 7.074E+00
  3.001321E+00 6.300E+00
  3.001446E+00 5.453E+00
  3.001605E+00 4.806E+00
  3.001709E+00 4.657E+00
  3.001761E+00 4.761E+00
  3.001796E+00 4.999E+00
  3.001813E+00 5.227E+00
  3.001830E+00 5.599E+00
  3.001847E+00 6.261E+00
  3.001864E+00 7.640E+00
  3.001881E+00 1.175E+01
  3.001898E+00 6.027E+01
  3.001915E+00 2.777E+00
  3.001932E+00 2.005E-01
  3.001949E+00 8.962E-01
  3.001966E+00 1.357E+00
  3.001983E+00 1.649E+00
  3.001999E+00 1.843E+00
  3.002033E+00 2.071E+00
  3.002083E+00 2.223E+00
  3.002182E+00 2.290E+00
  3.002648E+00 2.106E+00
  3.002819E+00 2.149E+00
  3.002941E+00 2.313E+00
  3.003016E+00 2.546E+00
  3.003076E+00 2.896E+00
  3.003121E+00 3.365E+00
  3.003151E+00 3.879E+00
  3.003165E+00 4.245E+00
  3.003180E+00 4.726E+00
  3.003195E+00 5.379E+00
  3.003210E+00 6.307E+00
  3.003224E+00 7.707E+00
  3.003239E+00 9.995E+00
  3.003253E+00 1.420E+01
  3.003268E+00 2.342E+01
  3.003283E+00 4.941E+01
  3.003297E+00 1.078E+02
  3.003312E+00 4.616E+01
  3.003326E+00 1.235E+01
  3.003341E+00 4.218E+00
  3.003355E+00 1.653E+00
  3.003370E+00 6.728E-01
  3.003384E+00 2.606E-01
  3.003398E+00 8.427E-02
  3.003413E+00 1.596E-02
  3.003427E+00 5.630E-08
  3.003441E+00 1.013E-02
  3.003456E+00 3.314E-02
  3.003470E+00 6.213E-02
  3.003498E+00 1.249E-01
  3.003541E+00 2.122E-01
  3.003583E+00 2.842E-01
  3.003639E+00 3.579E-01
  3.003709E+00 4.230E-01
  3.003805E+00 4.808E-01
  3.003941E+00 5.237E-01
  3.004088E+00 5.354E-01
  3.004154E+00 5.187E-01
  3.004180E+00 4.945E-01
  3.004193E+00 4.689E-01
  3.004206E+00 4.163E-01
  3.004219E+00 2.567E-01
  3.004232E+00 3.513E+00
  3.004245E+00 8.739E-01
  3.004258E+00 7.325E-01
  3.004271E+00 6.838E-01
  3.004296E+00 6.452E-01
  3.004361E+00 6.197E-01
  3.004512E+00 6.239E-01
  3.004612E+00 6.578E-01
  3.004661E+00 7.016E-01
  3.004686E+00 7.426E-01
  3.004710E+00 8.153E-01
  3.004722E+00 8.771E-01
  3.004735E+00 9.757E-01
  3.004747E+00 1.156E+00
  3.004759E+00 1.582E+00
  3.004771E+00 3.502E+00
  3.004783E+00 3.087E+01
  3.004795E+00 9.376E-03
  3.004807E+00 8.423E-02
  3.004819E+00 1.863E-01
  3.004831E+00 2.549E-01
  3.004843E+00 3.021E-01
  3.004855E+00 3.362E-01
  3.004879E+00 3.819E-01
  3.004915E+00 4.220E-01
  3.004986E+00 4.628E-01
  3.005353E+00 5.634E-01
  3.005464E+00 6.269E-01
  3.005530E+00 6.968E-01
  3.005585E+00 7.982E-01
  3.005617E+00 8.982E-01
  3.005639E+00 9.959E-01
  3.005660E+00 1.137E+00
  3.005671E+00 1.233E+00
  3.005692E+00 1.515E+00
  3.005703E+00 1.732E+00
  3.005713E+00 2.039E+00
  3.005724E+00 2.501E+00
  3.005735E+00 3.255E+00
  3.005745E+00 4.640E+00
  3.005756E+00 7.675E+00
  3.005766E+00 1.623E+01
  3.005777E+00 3.528E+01
  3.005787E+00 1.504E+01
  3.005798E+00 4.025E+00
  3.005808E+00 1.372E+00
  3.005819E+00 5.338E-01
  3.005829E+00 2.144E-01
  3.005840E+00 8.086E-02
  3.005850E+00 2.463E-02
  3.005861E+00 3.804E-03
  3.005871E+00 1.480E-04
  3.005882E+00 5.045E-03
  3.005892E+00 1.416E-02
  3.005913E+00 3.703E-02
  3.005933E+00 6.047E-02
  3.005933E+00 0.000E+00
  3.012825E+00 0.000E+00
  3.012825E+00 6.430E+00
  3.016125E+00 4.244E+00
  3.016135E+00 2.331E+00
  3.020253E+00 1.469E+00
  3.024325E+00 1.013E+00
  3.028352E+00 7.432E-01
  3.032335E+00 5.703E-01
  3.036274E+00 4.530E-01
  3.040170E+00 3.697E-01
  3.044024E+00 3.084E-01
  3.047836E+00 2.620E-01
  3.051607E+00 2.261E-01
  3.055338E+00 1.976E-01
  3.059028E+00 1.746E-01
  3.066291E+00 1.402E-01
  3.073401E+00 1.160E-01
  3.080361E+00 9.832E-02
  3.090532E+00 7.936E-02
  3.100391E+00 6.613E-02
  3.113071E+00 5.380E-02
  3.128214E+00 4.344E-02
  3.145416E+00 3.524E-02
  3.164249E+00 2.896E-02
  3.186684E+00 2.378E-02
  3.213825E+00 1.951E-02
  3.245766E+00 1.610E-02
  3.276843E+00 1.392E-02
  3.296603E+00 1.336E-02
  3.307792E+00 1.377E-02
  3.315741E+00 1.491E-02
  3.320843E+00 1.646E-02
  3.324570E+00 1.841E-02
  3.328214E+00 2.151E-02
  3.330599E+00 2.459E-02
  3.332950E+00 2.893E-02
  3.335266E+00 3.509E-02
  3.337548E+00 4.374E-02
  3.339798E+00 5.534E-02
  3.343112E+00 7.505E-02
  3.344200E+00 7.980E-02
  3.345282E+00 8.224E-02
  3.346355E+00 8.189E-02
  3.347421E+00 7.890E-02
  3.349530E+00 6.782E-02
  3.352638E+00 4.950E-02
  3.354674E+00 4.008E-02
  3.356682E+00 3.309E-02
  3.358662E+00 2.797E-02
  3.361581E+00 2.266E-02
  3.364441E+00 1.915E-02
  3.368164E+00 1.609E-02
  3.372678E+00 1.369E-02
  3.377900E+00 1.190E-02
  3.385355E+00 1.028E-02
  3.396125E+00 8.866E-03
  3.411255E+00 7.684E-03
  3.426189E+00 7.040E-03
  3.434170E+00 7.058E-03
  3.438160E+00 7.425E-03
  3.440091E+00 7.920E-03
  3.441511E+00 8.724E-03
  3.441980E+00 9.190E-03
  3.442446E+00 9.864E-03
  3.442909E+00 1.092E-02
  3.443370E+00 1.279E-02
  3.443828E+00 1.691E-02
  3.444284E+00 3.201E-02
  3.444738E+00 1.209E+00
  3.445189E+00 4.295E-03
  3.445638E+00 1.447E-03
  3.446084E+00 2.315E-03
  3.446528E+00 3.056E-03
  3.446970E+00 3.600E-03
  3.447409E+00 4.008E-03
  3.448281E+00 4.584E-03
  3.449997E+00 5.290E-03
  3.456123E+00 7.098E-03
  3.459579E+00 8.613E-03
  3.461798E+00 9.981E-03
  3.462883E+00 1.117E-02
  3.464304E+00 1.352E-02
  3.465698E+00 1.676E-02
  3.466726E+00 2.001E-02
  3.467738E+00 2.432E-02
  3.468737E+00 3.017E-02
  3.469720E+00 3.829E-02
  3.470369E+00 4.552E-02
  3.471011E+00 5.476E-02
  3.471646E+00 6.663E-02
  3.472276E+00 8.194E-02
  3.472900E+00 1.016E-01
  3.473518E+00 1.262E-01
  3.475338E+00 2.155E-01
  3.475933E+00 2.314E-01
  3.476229E+00 2.328E-01
  3.476816E+00 2.221E-01
  3.477687E+00 1.846E-01
  3.478829E+00 1.302E-01
  3.479672E+00 9.896E-02
  3.480504E+00 7.588E-02
  3.481595E+00 5.291E-02
  3.482134E+00 4.210E-02
  3.482401E+00 1.626E-01
  3.482667E+00 9.013E-02
  3.482933E+00 5.794E-02
  3.483196E+00 4.912E-02
  3.483459E+00 4.424E-02
  3.483981E+00 3.803E-02
  3.484755E+00 3.193E-02
  3.485771E+00 2.636E-02
  3.487017E+00 2.150E-02
  3.488476E+00 1.745E-02
  3.490131E+00 1.415E-02
  3.491963E+00 1.149E-02
  3.494167E+00 9.172E-03
  3.496488E+00 7.404E-03
  3.498706E+00 6.203E-03
  3.500639E+00 5.561E-03
  3.501946E+00 5.440E-03
  3.502858E+00 5.624E-03
  3.503575E+00 6.054E-03
  3.504105E+00 6.677E-03
  3.504455E+00 7.348E-03
  3.504802E+00 8.387E-03
  3.504975E+00 9.138E-03
  3.505147E+00 1.014E-02
  3.505318E+00 1.154E-02
  3.505489E+00 1.362E-02
  3.505659E+00 1.699E-02
  3.505828E+00 2.329E-02
  3.505997E+00 3.844E-02
  3.506165E+00 1.023E-01
  3.506332E+00 2.340E+00
  3.506499E+00 4.674E-02
  3.506665E+00 6.303E-03
  3.506831E+00 1.818E-03
  3.506995E+00 1.344E-03
  3.507160E+00 1.713E-03
  3.507323E+00 2.315E-03
  3.507649E+00 3.724E-03
  3.507972E+00 5.317E-03
  3.508292E+00 7.207E-03
  3.508610E+00 9.602E-03
  3.508768E+00 1.108E-02
  3.508926E+00 1.283E-02
  3.509083E+00 1.491E-02
  3.509239E+00 1.744E-02
  3.509395E+00 2.055E-02
  3.509550E+00 2.443E-02
  3.509705E+00 2.939E-02
  3.509859E+00 3.580E-02
  3.510012E+00 4.429E-02
  3.510165E+00 5.572E-02
  3.510317E+00 7.134E-02
  3.510469E+00 9.285E-02
  3.510620E+00 1.220E-01
  3.510921E+00 1.972E-01
  3.511071E+00 2.219E-01
  3.511219E+00 2.171E-01
  3.511368E+00 1.867E-01
  3.511516E+00 1.483E-01
  3.511663E+00 1.144E-01
  3.511810E+00 8.846E-02
  3.511956E+00 6.955E-02
  3.512102E+00 5.592E-02
  3.512247E+00 4.603E-02
  3.512392E+00 3.879E-02
  3.512536E+00 3.341E-02
  3.512679E+00 2.939E-02
  3.512823E+00 2.636E-02
  3.512965E+00 2.408E-02
  3.513107E+00 2.239E-02
  3.513390E+00 2.028E-02
  3.513670E+00 1.942E-02
  3.513949E+00 1.947E-02
  3.514363E+00 2.095E-02
  3.514772E+00 2.395E-02
  3.515178E+00 2.859E-02
  3.515578E+00 3.522E-02
  3.515975E+00 4.446E-02
  3.516367E+00 5.727E-02
  3.516627E+00 6.850E-02
  3.516884E+00 8.256E-02
  3.517140E+00 1.002E-01
  3.517394E+00 1.223E-01
  3.517646E+00 1.499E-01
  3.518021E+00 2.020E-01
  3.518392E+00 2.554E-01
  3.518515E+00 2.630E-01
  3.518637E+00 2.530E-01
  3.518759E+00 2.076E-01
  3.518881E+00 1.109E-01
  3.519002E+00 2.845E-02
  3.519123E+00 1.033E-01
  3.519243E+00 2.461E-01
  3.519363E+00 3.450E-01
  3.519482E+00 3.967E-01
  3.519602E+00 4.174E-01
  3.519720E+00 4.184E-01
  3.519956E+00 3.874E-01
  3.520655E+00 2.354E-01
  3.520999E+00 1.744E-01
  3.521340E+00 1.261E-01
  3.521677E+00 8.642E-02
  3.521900E+00 6.282E-02
  3.522011E+00 5.223E-02
  3.522122E+00 4.443E-02
  3.522232E+00 4.717E-02
  3.522342E+00 1.017E-01
  3.522451E+00 5.908E-01
  3.522560E+00 2.877E+00
  3.522669E+00 8.079E-01
  3.522777E+00 3.899E-01
  3.522885E+00 2.569E-01
  3.522993E+00 1.947E-01
  3.523100E+00 1.589E-01
  3.523207E+00 1.354E-01
  3.523314E+00 1.186E-01
  3.523420E+00 1.059E-01
  3.523631E+00 8.762E-02
  3.523841E+00 7.481E-02
  3.524154E+00 6.110E-02
  3.524463E+00 5.115E-02
  3.524871E+00 4.127E-02
  3.525373E+00 3.218E-02
  3.525868E+00 2.533E-02
  3.526451E+00 1.900E-02
  3.527023E+00 1.409E-02
  3.527584E+00 1.027E-02
  3.528043E+00 7.810E-03
  3.528406E+00 6.318E-03
  3.528674E+00 5.511E-03
  3.528941E+00 5.021E-03
  3.529205E+00 4.919E-03
  3.529379E+00 5.123E-03
  3.529553E+00 5.599E-03
  3.529725E+00 6.416E-03
  3.529897E+00 7.671E-03
  3.530067E+00 9.504E-03
  3.530152E+00 1.070E-02
  3.530236E+00 1.213E-02
  3.530321E+00 1.383E-02
  3.530405E+00 1.588E-02
  3.530488E+00 1.834E-02
  3.530572E+00 2.132E-02
  3.530655E+00 2.498E-02
  3.530738E+00 2.953E-02
  3.530821E+00 3.531E-02
  3.530903E+00 4.283E-02
  3.530986E+00 5.301E-02
  3.531068E+00 6.754E-02
  3.531149E+00 9.000E-02
  3.531231E+00 1.294E-01
  3.531312E+00 2.154E-01
  3.531393E+00 5.095E-01
  3.531474E+00 4.318E+00
  3.531555E+00 7.268E-01
  3.531635E+00 1.106E-01
  3.531715E+00 5.511E-02
  3.531795E+00 5.471E-02
  3.531874E+00 6.881E-02
  3.531954E+00 9.071E-02
  3.532033E+00 1.198E-01
  3.532112E+00 1.576E-01
  3.532190E+00 2.065E-01
  3.532269E+00 2.699E-01
  3.532347E+00 3.516E-01
  3.532425E+00 4.544E-01
  3.532580E+00 7.050E-01
  3.532657E+00 8.126E-01
  3.532734E+00 8.648E-01
  3.532811E+00 8.444E-01
  3.532887E+00 7.656E-01
  3.533040E+00 5.531E-01
  3.533116E+00 4.588E-01
  3.533191E+00 3.806E-01
  3.533267E+00 3.175E-01
  3.533342E+00 2.670E-01
  3.533417E+00 2.267E-01
  3.533492E+00 1.943E-01
  3.533566E+00 1.681E-01
  3.533641E+00 1.467E-01
  3.533715E+00 1.292E-01
  3.533789E+00 1.146E-01
  3.533862E+00 1.026E-01
  3.534009E+00 8.408E-02
  3.534155E+00 7.116E-02
  3.534300E+00 6.229E-02
  3.534444E+00 5.656E-02
  3.534587E+00 5.344E-02
  3.534730E+00 5.264E-02
  3.534872E+00 5.406E-02
  3.535012E+00 5.777E-02
  3.535153E+00 6.399E-02
  3.535292E+00 7.307E-02
  3.535430E+00 8.556E-02
  3.535568E+00 1.022E-01
  3.535705E+00 1.242E-01
  3.535841E+00 1.528E-01
  3.535976E+00 1.898E-01
  3.536111E+00 2.375E-01
  3.536245E+00 2.984E-01
  3.536378E+00 3.741E-01
  3.536642E+00 5.514E-01
  3.536707E+00 5.825E-01
  3.536773E+00 5.874E-01
  3.536838E+00 5.386E-01
  3.536903E+00 3.940E-01
  3.536968E+00 1.556E-01
  3.537032E+00 7.652E-02
  3.537097E+00 3.628E-01
  3.537161E+00 6.904E-01
  3.537225E+00 8.891E-01
  3.537289E+00 9.838E-01
  3.537353E+00 1.014E+00
  3.537416E+00 1.005E+00
  3.537543E+00 9.229E-01
  3.537918E+00 5.812E-01
  3.538104E+00 4.447E-01
  3.538288E+00 3.351E-01
  3.538470E+00 2.450E-01
  3.538591E+00 1.937E-01
  3.538651E+00 1.723E-01
  3.538711E+00 1.580E-01
  3.538771E+00 1.631E-01
  3.538830E+00 2.335E-01
  3.538890E+00 6.119E-01
  3.538949E+00 3.729E+00
  3.539008E+00 8.538E+00
  3.539067E+00 2.256E+00
  3.539126E+00 1.123E+00
  3.539185E+00 7.438E-01
  3.539243E+00 5.634E-01
  3.539302E+00 4.590E-01
  3.539360E+00 3.908E-01
  3.539418E+00 3.423E-01
  3.539476E+00 3.057E-01
  3.539591E+00 2.534E-01
  3.539706E+00 2.169E-01
  3.539877E+00 1.779E-01
  3.540102E+00 1.414E-01
  3.540381E+00 1.091E-01
  3.540656E+00 8.491E-02
  3.540982E+00 6.230E-02
  3.541302E+00 4.428E-02
  3.541618E+00 2.957E-02
  3.541825E+00 2.136E-02
  3.542031E+00 1.445E-02
  3.542132E+00 1.153E-02
  3.542234E+00 9.031E-03
  3.542335E+00 7.000E-03
  3.542385E+00 6.187E-03
  3.542435E+00 5.525E-03
  3.542485E+00 5.029E-03
  3.542535E+00 4.717E-03
  3.542585E+00 4.609E-03
  3.542634E+00 4.728E-03
  3.542684E+00 5.101E-03
  3.542733E+00 5.760E-03
  3.542782E+00 6.743E-03
  3.542831E+00 8.092E-03
  3.542880E+00 9.860E-03
  3.542929E+00 1.211E-02
  3.542978E+00 1.490E-02
  3.543026E+00 1.834E-02
  3.543075E+00 2.252E-02
  3.543123E+00 2.756E-02
  3.543171E+00 3.362E-02
  3.543219E+00 4.088E-02
  3.543267E+00 4.956E-02
  3.543315E+00 5.996E-02
  3.543363E+00 7.242E-02
  3.543411E+00 8.739E-02
  3.543458E+00 1.054E-01
  3.543506E+00 1.273E-01
  3.543553E+00 1.540E-01
  3.543600E+00 1.868E-01
  3.543647E+00 2.274E-01
  3.543694E+00 2.784E-01
  3.543741E+00 3.434E-01
  3.543787E+00 4.278E-01
  3.543834E+00 5.402E-01
  3.543880E+00 6.956E-01
  3.543927E+00 9.230E-01
  3.543973E+00 1.290E+00
  3.544019E+00 2.006E+00
  3.544065E+00 4.199E+00
  3.544111E+00 2.879E+01
  3.544156E+00 3.123E+00
  3.544202E+00 1.665E+00
  3.544248E+00 2.008E+00
  3.544293E+00 2.508E+00
  3.544338E+00 2.931E+00
  3.544383E+00 3.147E+00
  3.544429E+00 3.112E+00
  3.544473E+00 2.881E+00
  3.544608E+00 1.883E+00
  3.544652E+00 1.606E+00
  3.544697E+00 1.374E+00
  3.544741E+00 1.183E+00
  3.544785E+00 1.025E+00
  3.544829E+00 8.946E-01
  3.544873E+00 7.864E-01
  3.544917E+00 6.959E-01
  3.545004E+00 5.551E-01
  3.545091E+00 4.526E-01
  3.545178E+00 3.763E-01
  3.545264E+00 3.186E-01
  3.545392E+00 2.566E-01
  3.545520E+00 2.160E-01
  3.545646E+00 1.918E-01
  3.545772E+00 1.820E-01
  3.545897E+00 1.867E-01
  3.545979E+00 1.989E-01
  3.546062E+00 2.195E-01
  3.546144E+00 2.505E-01
  3.546225E+00 2.941E-01
  3.546306E+00 3.536E-01
  3.546387E+00 4.336E-01
  3.546467E+00 5.400E-01
  3.546547E+00 6.800E-01
  3.546627E+00 8.623E-01
  3.546706E+00 1.094E+00
  3.546824E+00 1.510E+00
  3.546863E+00 1.619E+00
  3.546902E+00 1.612E+00
  3.546941E+00 1.231E+00
  3.546980E+00 4.156E-01
  3.547019E+00 1.104E+00
  3.547057E+00 2.087E+00
  3.547096E+00 2.629E+00
  3.547135E+00 2.945E+00
  3.547173E+00 3.135E+00
  3.547211E+00 3.234E+00
  3.547288E+00 3.224E+00
  3.547364E+00 3.016E+00
  3.547665E+00 1.712E+00
  3.547776E+00 1.315E+00
  3.547886E+00 9.825E-01
  3.547996E+00 7.052E-01
  3.548033E+00 6.290E-01
  3.548069E+00 5.700E-01
  3.548105E+00 5.464E-01
  3.548141E+00 6.065E-01
  3.548178E+00 8.983E-01
  3.548214E+00 1.991E+00
  3.548249E+00 7.107E+00
  3.548285E+00 3.999E+01
  3.548321E+00 2.586E+01
  3.548357E+00 9.505E+00
  3.548392E+00 5.270E+00
  3.548428E+00 3.595E+00
  3.548463E+00 2.738E+00
  3.548499E+00 2.226E+00
  3.548534E+00 1.886E+00
  3.548569E+00 1.645E+00
  3.548604E+00 1.463E+00
  3.548674E+00 1.205E+00
  3.548744E+00 1.029E+00
  3.548848E+00 8.434E-01
  3.548985E+00 6.739E-01
  3.549155E+00 5.252E-01
  3.549357E+00 3.940E-01
  3.549589E+00 2.757E-01
  3.549817E+00 1.791E-01
  3.550010E+00 1.089E-01
  3.550137E+00 6.854E-02
  3.550200E+00 5.081E-02
  3.550263E+00 3.509E-02
  3.550294E+00 2.813E-02
  3.550326E+00 2.186E-02
  3.550357E+00 1.638E-02
  3.550388E+00 1.177E-02
  3.550419E+00 8.163E-03
  3.550450E+00 5.700E-03
  3.550481E+00 4.544E-03
  3.550512E+00 4.891E-03
  3.550543E+00 6.970E-03
  3.550573E+00 1.105E-02
  3.550604E+00 1.747E-02
  3.550635E+00 2.659E-02
  3.550665E+00 3.889E-02
  3.550695E+00 5.492E-02
  3.550726E+00 7.535E-02
  3.550756E+00 1.010E-01
  3.550786E+00 1.328E-01
  3.550817E+00 1.720E-01
  3.550847E+00 2.202E-01
  3.550877E+00 2.790E-01
  3.550907E+00 3.509E-01
  3.550937E+00 4.388E-01
  3.550967E+00 5.463E-01
  3.550996E+00 6.781E-01
  3.551026E+00 8.404E-01
  3.551056E+00 1.041E+00
  3.551085E+00 1.290E+00
  3.551115E+00 1.602E+00
  3.551144E+00 1.995E+00
  3.551174E+00 2.493E+00
  3.551203E+00 3.131E+00
  3.551233E+00 3.953E+00
  3.551262E+00 5.021E+00
  3.551291E+00 6.415E+00
  3.551320E+00 8.238E+00
  3.551349E+00 1.061E+01
  3.551378E+00 1.364E+01
  3.551407E+00 1.740E+01
  3.551436E+00 2.200E+01
  3.551465E+00 2.875E+01
  3.551493E+00 5.919E+01
  3.551522E+00 1.260E+02
  3.551551E+00 3.352E+01
  3.551579E+00 2.455E+01
  3.551608E+00 2.016E+01
  3.551636E+00 1.693E+01
  3.551664E+00 1.434E+01
  3.551693E+00 1.224E+01
  3.551721E+00 1.054E+01
  3.551749E+00 9.161E+00
  3.551777E+00 8.027E+00
  3.551805E+00 7.091E+00
  3.551861E+00 5.658E+00
  3.551917E+00 4.631E+00
  3.551973E+00 3.873E+00
  3.552028E+00 3.297E+00
  3.552110E+00 2.666E+00
  3.552192E+00 2.224E+00
  3.552274E+00 1.915E+00
  3.552355E+00 1.711E+00
  3.552435E+00 1.599E+00
  3.552515E+00 1.585E+00
  3.552594E+00 1.685E+00
  3.552647E+00 1.831E+00
  3.552699E+00 2.060E+00
  3.552752E+00 2.392E+00
  3.552804E+00 2.860E+00
  3.552855E+00 3.504E+00
  3.552907E+00 4.380E+00
  3.552933E+00 4.925E+00
  3.552984E+00 6.282E+00
  3.553010E+00 7.112E+00
  3.553061E+00 9.099E+00
  3.553111E+00 1.135E+01
  3.553137E+00 1.218E+01
  3.553162E+00 1.168E+01
  3.553187E+00 7.088E+00
  3.553212E+00 1.439E+01
  3.553237E+00 2.258E+01
  3.553262E+00 2.645E+01
  3.553312E+00 3.203E+01
  3.553362E+00 3.613E+01
  3.553412E+00 3.825E+01
  3.553461E+00 3.814E+01
  3.553534E+00 3.481E+01
  3.553729E+00 2.145E+01
  3.553848E+00 1.451E+01
  3.553920E+00 1.107E+01
  3.553943E+00 1.024E+01
  3.553967E+00 9.812E+00
  3.553991E+00 1.028E+01
  3.554014E+00 1.285E+01
  3.554038E+00 2.094E+01
  3.554061E+00 4.658E+01
  3.554084E+00 1.472E+02
  3.554108E+00 6.822E+02
  3.554131E+00 8.268E+02
  3.554154E+00 3.106E+02
  3.554177E+00 1.644E+02
  3.554201E+00 1.093E+02
  3.554224E+00 8.236E+01
  3.554247E+00 6.690E+01
  3.554270E+00 5.704E+01
  3.554293E+00 5.027E+01
  3.554316E+00 4.537E+01
  3.554361E+00 3.882E+01
  3.554407E+00 3.468E+01
  3.554475E+00 3.081E+01
  3.554565E+00 2.790E+01
  3.554699E+00 2.591E+01
  3.554853E+00 2.554E+01
  3.555026E+00 2.690E+01
  3.555176E+00 2.965E+01
  3.555323E+00 3.438E+01
  3.555427E+00 3.959E+01
  3.555510E+00 4.544E+01
  3.555592E+00 5.362E+01
  3.555653E+00 6.199E+01
  3.555714E+00 7.333E+01
  3.555774E+00 8.916E+01
  3.555814E+00 1.035E+02
  3.555854E+00 1.222E+02
  3.555894E+00 1.475E+02
  3.555934E+00 1.825E+02
  3.555973E+00 2.324E+02
  3.555993E+00 2.655E+02
  3.556012E+00 3.058E+02
  3.556032E+00 3.551E+02
  3.556052E+00 4.151E+02
  3.556091E+00 5.709E+02
  3.556130E+00 7.476E+02
  3.556149E+00 8.074E+02
  3.556168E+00 8.180E+02
  3.556188E+00 7.708E+02
  3.556207E+00 6.898E+02
  3.556226E+00 6.671E+02
  3.556245E+00 1.563E+03
  3.556265E+00 5.455E+03
  3.556284E+00 1.045E+03
  3.556303E+00 5.531E+02
  3.556322E+00 3.750E+02
  3.556341E+00 2.788E+02
  3.556360E+00 2.171E+02
  3.556379E+00 1.739E+02
  3.556398E+00 1.421E+02
  3.556417E+00 1.178E+02
  3.556436E+00 9.894E+01
  3.556454E+00 8.391E+01
  3.556473E+00 7.179E+01
  3.556492E+00 6.188E+01
  3.556529E+00 4.686E+01
  3.556548E+00 4.111E+01
  3.556585E+00 3.211E+01
  3.556622E+00 2.550E+01
  3.556659E+00 2.056E+01
  3.556696E+00 1.681E+01
  3.556733E+00 1.395E+01
  3.556769E+00 1.175E+01
  3.556806E+00 1.007E+01
  3.556860E+00 8.290E+00
  3.556914E+00 7.211E+00
  3.556968E+00 6.702E+00
  3.557021E+00 6.704E+00
  3.557074E+00 7.219E+00
  3.557127E+00 8.296E+00
  3.557180E+00 1.002E+01
  3.557232E+00 1.244E+01
  3.557284E+00 1.494E+01
  3.557301E+00 1.507E+01
  3.557318E+00 1.352E+01
  3.557336E+00 1.369E+01
  3.557353E+00 3.090E+01
  3.557370E+00 3.314E+01
  3.557455E+00 3.975E+01
  3.557489E+00 4.025E+01
  3.557523E+00 3.845E+01
  3.557557E+00 3.478E+01
  3.557657E+00 2.078E+01
  3.557690E+00 1.687E+01
  3.557723E+00 1.356E+01
  3.557756E+00 1.081E+01
  3.557805E+00 7.532E+00
  3.557838E+00 5.838E+00
  3.557854E+00 5.141E+00
  3.557871E+00 4.567E+00
  3.557887E+00 4.166E+00
  3.557903E+00 4.038E+00
  3.557919E+00 4.414E+00
  3.557935E+00 5.848E+00
  3.557952E+00 9.875E+00
  3.557968E+00 2.170E+01
  3.557984E+00 6.505E+01
  3.558000E+00 2.542E+02
  3.558016E+00 2.413E+02
  3.558032E+00 9.344E+01
  3.558048E+00 4.853E+01
  3.558064E+00 3.098E+01
  3.558079E+00 2.226E+01
  3.558095E+00 1.720E+01
  3.558111E+00 1.393E+01
  3.558127E+00 1.166E+01
  3.558143E+00 9.998E+00
  3.558158E+00 8.720E+00
  3.558174E+00 7.709E+00
  3.558190E+00 6.886E+00
  3.558221E+00 5.624E+00
  3.558252E+00 4.696E+00
  3.558299E+00 3.681E+00
  3.558345E+00 2.944E+00
  3.558392E+00 2.382E+00
  3.558437E+00 1.939E+00
  3.558498E+00 1.476E+00
  3.558559E+00 1.115E+00
  3.558619E+00 8.289E-01
  3.558663E+00 6.513E-01
  3.558723E+00 4.541E-01
  3.558752E+00 3.702E-01
  3.558796E+00 2.607E-01
  3.558825E+00 1.979E-01
  3.558869E+00 1.189E-01
  3.558898E+00 7.648E-02
  3.558912E+00 5.851E-02
  3.558927E+00 4.283E-02
  3.558941E+00 2.957E-02
  3.558956E+00 1.887E-02
  3.558970E+00 1.094E-02
  3.558984E+00 6.013E-03
  3.558999E+00 4.377E-03
  3.559013E+00 6.384E-03
  3.559027E+00 1.246E-02
  3.559042E+00 2.312E-02
  3.559056E+00 3.898E-02
  3.559070E+00 6.082E-02
  3.559084E+00 8.955E-02
  3.559098E+00 1.263E-01
  3.559112E+00 1.726E-01
  3.559126E+00 2.300E-01
  3.559140E+00 3.008E-01
  3.559155E+00 3.877E-01
  3.559169E+00 4.942E-01
  3.559183E+00 6.247E-01
  3.559197E+00 7.850E-01
  3.559211E+00 9.823E-01
  3.559224E+00 1.226E+00
  3.559238E+00 1.530E+00
  3.559252E+00 1.910E+00
  3.559266E+00 2.388E+00
  3.559280E+00 2.995E+00
  3.559294E+00 3.769E+00
  3.559308E+00 4.762E+00
  3.559321E+00 6.033E+00
  3.559335E+00 7.645E+00
  3.559349E+00 9.639E+00
  3.559376E+00 1.444E+01
  3.559390E+00 1.657E+01
  3.559403E+00 1.773E+01
  3.559417E+00 1.749E+01
  3.559431E+00 1.599E+01
  3.559444E+00 1.385E+01
  3.559458E+00 1.195E+01
  3.559471E+00 1.209E+01
  3.559485E+00 2.719E+01
  3.559498E+00 3.126E+02
  3.559512E+00 4.991E+01
  3.559525E+00 2.072E+01
  3.559538E+00 1.305E+01
  3.559552E+00 9.579E+00
  3.559565E+00 7.559E+00
  3.559579E+00 6.217E+00
  3.559592E+00 5.250E+00
  3.559605E+00 4.517E+00
  3.559618E+00 3.940E+00
  3.559645E+00 3.090E+00
  3.559671E+00 2.495E+00
  3.559698E+00 2.058E+00
  3.559724E+00 1.726E+00
  3.559763E+00 1.360E+00
  3.559802E+00 1.100E+00
  3.559841E+00 9.134E-01
  3.559879E+00 7.818E-01
  3.559918E+00 6.949E-01
  3.559956E+00 6.481E-01
  3.559994E+00 6.413E-01
  3.560032E+00 6.785E-01
  3.560057E+00 7.315E-01
  3.560082E+00 8.113E-01
  3.560107E+00 9.220E-01
  3.560132E+00 1.068E+00
  3.560194E+00 1.538E+00
  3.560206E+00 1.584E+00
  3.560219E+00 1.536E+00
  3.560231E+00 1.981E+00
  3.560243E+00 4.693E+00
  3.560255E+00 4.449E+00
  3.560268E+00 4.429E+00
  3.560292E+00 4.841E+00
  3.560328E+00 5.602E+00
  3.560352E+00 5.865E+00
  3.560377E+00 5.798E+00
  3.560401E+00 5.417E+00
  3.560437E+00 4.504E+00
  3.560484E+00 3.213E+00
  3.560531E+00 2.180E+00
  3.560567E+00 1.592E+00
  3.560590E+00 1.274E+00
  3.560614E+00 1.017E+00
  3.560625E+00 9.156E-01
  3.560637E+00 8.418E-01
  3.560648E+00 8.107E-01
  3.560660E+00 8.543E-01
  3.560672E+00 1.044E+00
  3.560683E+00 1.559E+00
  3.560695E+00 2.914E+00
  3.560706E+00 6.970E+00
  3.560718E+00 2.264E+01
  3.560729E+00 6.880E+01
  3.560741E+00 3.860E+01
  3.560752E+00 1.675E+01
  3.560764E+00 9.488E+00
  3.560775E+00 6.359E+00
  3.560786E+00 4.710E+00
  3.560798E+00 3.716E+00
  3.560809E+00 3.060E+00
  3.560820E+00 2.596E+00
  3.560832E+00 2.251E+00
  3.560843E+00 1.984E+00
  3.560854E+00 1.771E+00
  3.560877E+00 1.451E+00
  3.560899E+00 1.220E+00
  3.560933E+00 9.706E-01
  3.560966E+00 7.905E-01
  3.560999E+00 6.525E-01
  3.561044E+00 5.105E-01
  3.561087E+00 4.000E-01
  3.561142E+00 2.915E-01
  3.561185E+00 2.215E-01
  3.561217E+00 1.764E-01
  3.561260E+00 1.247E-01
  3.561292E+00 9.146E-02
  3.561313E+00 7.185E-02
  3.561334E+00 5.430E-02
  3.561355E+00 3.890E-02
  3.561376E+00 2.584E-02
  3.561397E+00 1.542E-02
  3.561407E+00 1.133E-02
  3.561418E+00 8.094E-03
  3.561428E+00 5.794E-03
  3.561439E+00 4.542E-03
  3.561449E+00 4.473E-03
  3.561459E+00 5.748E-03
  3.561470E+00 8.562E-03
  3.561480E+00 1.315E-02
  3.561490E+00 1.981E-02
  3.561501E+00 2.890E-02
  3.561511E+00 4.085E-02
  3.561521E+00 5.622E-02
  3.561531E+00 7.568E-02
  3.561542E+00 1.001E-01
  3.561552E+00 1.305E-01
  3.561562E+00 1.684E-01
  3.561572E+00 2.155E-01
  3.561582E+00 2.741E-01
  3.561593E+00 3.473E-01
  3.561603E+00 4.390E-01
  3.561613E+00 5.547E-01
  3.561623E+00 7.014E-01
  3.561633E+00 8.887E-01
  3.561643E+00 1.129E+00
  3.561653E+00 1.440E+00
  3.561663E+00 1.842E+00
  3.561673E+00 2.358E+00
  3.561691E+00 3.575E+00
  3.571681E+00 9.641E-02
  3.571691E+00 3.270E-01
  3.596634E+00 5.660E-02
  3.621577E+00 3.096E-02
  3.646521E+00 2.377E-02
  3.671464E+00 2.025E-02
  3.696407E+00 1.781E-02
  3.721351E+00 1.607E-02
  3.771237E+00 1.392E-02
  3.846067E+00 1.173E-02
  3.895954E+00 1.098E-02
  4.095500E+00 1.019E-02
  4.095500E+00 0.000E+00
  4.768970E+00 0.000E+00
  4.319990E+00 0.000E+00
  4.768970E+00 0.000E+00
  4.768970E+00 8.032E-03
  4.768970E+00 8.032E-03
  5.342666E+00 6.332E-03
  5.816589E+00 4.961E-03
  6.016135E+00 4.620E-03
  6.137671E+00 4.351E-03
  6.261657E+00 4.098E-03
  6.388150E+00 3.859E-03
  6.517202E+00 3.634E-03
  6.648859E+00 3.423E-03
  6.783173E+00 3.223E-03
  6.920199E+00 3.036E-03
  7.059998E+00 2.859E-03
  7.202619E+00 2.692E-03
  7.348125E+00 2.536E-03
  7.496565E+00 2.388E-03
  7.648005E+00 2.249E-03
  7.802507E+00 2.118E-03
  7.960127E+00 1.995E-03
  8.120930E+00 1.878E-03
  8.284986E+00 1.769E-03
  8.452353E+00 1.666E-03
  8.623104E+00 1.569E-03
  8.797298E+00 1.478E-03
  8.975021E+00 1.392E-03
  9.156324E+00 1.310E-03
  9.341293E+00 1.234E-03
  9.530003E+00 1.162E-03
  9.722523E+00 1.095E-03
  9.918926E+00 1.031E-03
  1.011931E+01 9.708E-04
  1.032373E+01 9.143E-04
  1.053228E+01 8.610E-04
  1.074505E+01 8.109E-04
  1.096211E+01 7.637E-04
  1.118356E+01 7.192E-04
  1.140948E+01 6.773E-04
  1.163997E+01 6.379E-04
  1.187512E+01 6.007E-04
  1.211501E+01 5.657E-04
  1.235975E+01 5.328E-04
  1.260943E+01 5.018E-04
  1.286416E+01 4.726E-04
  1.312403E+01 4.450E-04
  1.338916E+01 4.191E-04
  1.365963E+01 3.947E-04
  1.393558E+01 3.717E-04
  1.421709E+01 3.501E-04
  1.450430E+01 3.297E-04
  1.479731E+01 3.105E-04
  1.509623E+01 2.924E-04
  1.540119E+01 2.754E-04
  1.571232E+01 2.593E-04
  1.602972E+01 2.442E-04
  1.635355E+01 2.300E-04
  1.668390E+01 2.166E-04
  1.702095E+01 2.040E-04
  1.736478E+01 1.921E-04
  1.771558E+01 1.809E-04
  1.807346E+01 1.704E-04
  1.843857E+01 1.605E-04
  1.881104E+01 1.511E-04
  1.919106E+01 1.423E-04
  1.957874E+01 1.340E-04
  1.997426E+01 1.262E-04
  2.037776E+01 1.189E-04
  2.078943E+01 1.120E-04
  2.120940E+01 1.054E-04
  2.163786E+01 9.930E-05
  2.207495E+01 9.352E-05
  2.252092E+01 8.807E-05
  2.297586E+01 8.294E-05
  2.344000E+01 7.811E-05
      28   2   2   100    9  -1.27188E-02    1651
  1.269261E-02 6.768E+01
  1.270258E-02 6.117E+01
  6.398726E-02 2.563E+00
  1.139681E-01 8.074E-01
  1.626888E-01 3.953E-01
  2.101914E-01 2.373E-01
  2.565163E-01 1.598E-01
  3.017019E-01 1.152E-01
  3.457854E-01 8.678E-02
  3.888024E-01 6.754E-02
  4.307869E-01 5.404E-02
  4.717717E-01 4.437E-02
  5.117883E-01 3.731E-02
  5.508670E-01 3.205E-02
  5.890368E-01 2.801E-02
  6.263258E-01 2.481E-02
  6.983676E-01 1.995E-02
  7.671958E-01 1.629E-02
  8.329985E-01 1.343E-02
  8.959507E-01 1.121E-02
  9.562145E-01 9.541E-03
  1.041897E+00 7.819E-03
  1.122334E+00 6.711E-03
  1.291902E+00 5.075E-03
  1.497186E+00 3.387E-03
  1.603200E+00 2.731E-03
  1.698466E+00 2.322E-03
  1.824227E+00 1.982E-03
  2.065082E+00 1.463E-03
  2.343288E+00 7.227E-04
  2.485465E+00 3.802E-04
  2.521754E+00 2.734E-04
  2.544972E+00 1.893E-04
  2.560562E+00 1.228E-04
  2.578263E+00 4.047E-05
  2.581112E+00 2.820E-05
  2.583933E+00 1.721E-05
  2.586726E+00 8.159E-06
  2.589492E+00 1.984E-06
  2.592231E+00 5.152E-08
  2.594944E+00 4.375E-06
  2.597631E+00 1.798E-05
  2.600291E+00 4.551E-05
  2.602927E+00 9.428E-05
  2.605537E+00 1.762E-04
  2.608122E+00 3.115E-04
  2.610683E+00 5.359E-04
  2.613219E+00 9.171E-04
  2.615732E+00 1.593E-03
  2.618221E+00 2.877E-03
  2.620686E+00 5.588E-03
  2.623129E+00 1.237E-02
  2.625549E+00 3.518E-02
  2.627946E+00 1.606E-01
  2.630321E+00 2.328E-01
  2.632674E+00 6.221E-02
  2.635006E+00 2.692E-02
  2.637316E+00 1.550E-02
  2.639605E+00 1.041E-02
  2.641873E+00 7.674E-03
  2.644120E+00 6.014E-03
  2.646348E+00 4.921E-03
  2.648555E+00 4.157E-03
  2.650742E+00 3.598E-03
  2.652909E+00 3.173E-03
  2.655057E+00 2.841E-03
  2.659296E+00 2.358E-03
  2.663460E+00 2.025E-03
  2.669569E+00 1.686E-03
  2.675519E+00 1.456E-03
  2.685098E+00 1.203E-03
  2.696064E+00 1.011E-03
  2.709848E+00 8.446E-04
  2.728896E+00 6.860E-04
  2.754267E+00 5.360E-04
  2.780910E+00 4.180E-04
  2.795775E+00 3.750E-04
  2.802677E+00 3.745E-04
  2.806474E+00 3.917E-04
  2.809255E+00 4.252E-04
  2.811078E+00 4.693E-04
  2.811980E+00 5.040E-04
  2.812876E+00 5.532E-04
  2.813766E+00 6.266E-04
  2.814650E+00 7.439E-04
  2.815529E+00 9.529E-04
  2.816401E+00 1.400E-03
  2.817268E+00 2.780E-03
  2.818129E+00 1.591E-02
  2.818984E+00 1.316E-02
  2.819834E+00 7.663E-04
  2.820678E+00 1.276E-04
  2.821516E+00 1.980E-05
  2.822349E+00 5.450E-07
  2.823177E+00 2.427E-06
  2.823999E+00 9.575E-06
  2.824816E+00 1.744E-05
  2.825628E+00 2.464E-05
  2.826434E+00 3.080E-05
  2.827235E+00 3.590E-05
  2.828031E+00 4.003E-05
  2.829608E+00 4.585E-05
  2.831165E+00 4.912E-05
  2.833463E+00 5.070E-05
  2.836459E+00 4.877E-05
  2.840101E+00 4.265E-05
  2.845012E+00 3.089E-05
  2.851672E+00 1.329E-05
  2.853593E+00 8.723E-06
  2.854855E+00 6.045E-06
  2.856101E+00 3.743E-06
  2.856719E+00 2.760E-06
  2.857333E+00 1.903E-06
  2.857944E+00 1.187E-06
  2.858551E+00 6.247E-07
  2.859154E+00 2.323E-07
  2.859754E+00 2.678E-08
  2.860350E+00 2.723E-08
  2.860943E+00 2.547E-07
  2.861532E+00 7.325E-07
  2.862118E+00 1.487E-06
  2.862701E+00 2.547E-06
  2.863280E+00 3.945E-06
  2.863856E+00 5.719E-06
  2.864428E+00 7.910E-06
  2.864997E+00 1.056E-05
  2.865563E+00 1.374E-05
  2.866126E+00 1.749E-05
  2.866685E+00 2.189E-05
  2.867242E+00 2.701E-05
  2.867795E+00 3.296E-05
  2.868345E+00 3.983E-05
  2.868892E+00 4.775E-05
  2.869435E+00 5.686E-05
  2.869976E+00 6.734E-05
  2.870514E+00 7.937E-05
  2.871048E+00 9.319E-05
  2.871580E+00 1.091E-04
  2.872108E+00 1.274E-04
  2.872634E+00 1.484E-04
  2.873156E+00 1.728E-04
  2.873676E+00 2.010E-04
  2.874193E+00 2.337E-04
  2.874707E+00 2.720E-04
  2.875218E+00 3.167E-04
  2.875726E+00 3.695E-04
  2.876232E+00 4.319E-04
  2.876734E+00 5.063E-04
  2.877234E+00 5.956E-04
  2.877731E+00 7.037E-04
  2.878226E+00 8.359E-04
  2.878718E+00 9.992E-04
  2.879207E+00 1.204E-03
  2.879693E+00 1.464E-03
  2.880177E+00 1.800E-03
  2.880658E+00 2.243E-03
  2.881136E+00 2.842E-03
  2.881612E+00 3.676E-03
  2.882085E+00 4.881E-03
  2.882556E+00 6.704E-03
  2.883024E+00 9.637E-03
  2.883490E+00 1.476E-02
  2.883953E+00 2.482E-02
  2.884413E+00 4.848E-02
  2.884872E+00 1.230E-01
  2.885327E+00 4.461E-01
  2.885781E+00 4.068E-01
  2.886232E+00 1.198E-01
  2.886680E+00 5.120E-02
  2.887126E+00 2.803E-02
  2.887570E+00 1.770E-02
  2.888011E+00 1.224E-02
  2.888450E+00 8.998E-03
  2.888887E+00 6.917E-03
  2.889321E+00 5.499E-03
  2.889754E+00 4.488E-03
  2.890184E+00 3.740E-03
  2.890611E+00 3.170E-03
  2.891037E+00 2.725E-03
  2.891460E+00 2.371E-03
  2.891881E+00 2.084E-03
  2.892300E+00 1.847E-03
  2.893131E+00 1.484E-03
  2.893953E+00 1.220E-03
  2.894767E+00 1.022E-03
  2.895973E+00 8.043E-04
  2.897160E+00 6.492E-04
  2.898329E+00 5.340E-04
  2.899860E+00 4.209E-04
  2.901361E+00 3.384E-04
  2.903195E+00 2.632E-04
  2.904985E+00 2.089E-04
  2.906731E+00 1.690E-04
  2.908434E+00 1.400E-04
  2.910097E+00 1.200E-04
  2.911721E+00 1.086E-04
  2.912992E+00 1.069E-04
  2.913930E+00 1.116E-04
  2.914854E+00 1.246E-04
  2.915463E+00 1.410E-04
  2.915766E+00 1.527E-04
  2.916067E+00 1.678E-04
  2.916367E+00 1.873E-04
  2.916665E+00 2.130E-04
  2.916962E+00 2.474E-04
  2.917257E+00 2.946E-04
  2.917551E+00 3.613E-04
  2.917844E+00 4.600E-04
  2.918136E+00 6.159E-04
  2.918426E+00 8.920E-04
  2.918714E+00 1.546E-03
  2.919002E+00 4.083E+00
  2.919288E+00 1.807E-03
  2.919573E+00 5.246E-03
  2.919856E+00 2.149E-02
  2.920138E+00 3.196E+00
  2.920419E+00 3.586E-02
  2.920699E+00 8.637E-03
  2.920977E+00 3.957E-03
  2.921254E+00 2.335E-03
  2.921530E+00 1.581E-03
  2.921805E+00 1.168E-03
  2.922078E+00 9.167E-04
  2.922351E+00 7.521E-04
  2.922621E+00 6.385E-04
  2.922891E+00 5.570E-04
  2.923160E+00 4.967E-04
  2.923427E+00 4.510E-04
  2.923958E+00 3.885E-04
  2.924484E+00 3.500E-04
  2.925265E+00 3.180E-04
  2.926290E+00 3.023E-04
  2.927546E+00 3.071E-04
  2.929017E+00 3.354E-04
  2.930686E+00 3.927E-04
  2.932306E+00 4.768E-04
  2.933878E+00 5.945E-04
  2.935189E+00 7.330E-04
  2.936256E+00 8.875E-04
  2.937302E+00 1.096E-03
  2.938123E+00 1.322E-03
  2.938931E+00 1.632E-03
  2.939529E+00 1.949E-03
  2.940119E+00 2.383E-03
  2.940508E+00 2.770E-03
  2.940894E+00 3.277E-03
  2.941278E+00 3.961E-03
  2.941658E+00 4.929E-03
  2.941847E+00 5.573E-03
  2.942035E+00 6.373E-03
  2.942222E+00 7.386E-03
  2.942409E+00 8.700E-03
  2.942595E+00 1.045E-02
  2.942780E+00 1.288E-02
  2.942965E+00 1.638E-02
  2.943149E+00 2.174E-02
  2.943332E+00 3.058E-02
  2.943514E+00 4.686E-02
  2.943696E+00 8.200E-02
  2.943876E+00 1.796E-01
  2.944057E+00 5.454E-01
  2.944236E+00 6.978E-01
  2.944415E+00 2.039E-01
  2.944593E+00 7.751E-02
  2.944770E+00 3.814E-02
  2.944947E+00 2.182E-02
  2.945123E+00 1.371E-02
  2.945298E+00 9.173E-03
  2.945473E+00 6.412E-03
  2.945647E+00 4.628E-03
  2.945820E+00 3.420E-03
  2.945993E+00 2.573E-03
  2.946165E+00 1.961E-03
  2.946336E+00 1.509E-03
  2.946507E+00 1.169E-03
  2.946677E+00 9.088E-04
  2.946846E+00 7.076E-04
  2.947014E+00 5.505E-04
  2.947182E+00 4.269E-04
  2.947350E+00 3.291E-04
  2.947517E+00 2.515E-04
  2.947683E+00 1.898E-04
  2.947848E+00 1.409E-04
  2.948013E+00 1.024E-04
  2.948177E+00 7.215E-05
  2.948341E+00 4.880E-05
  2.948504E+00 3.112E-05
  2.948666E+00 1.816E-05
  2.948828E+00 9.150E-06
  2.948989E+00 3.457E-06
  2.949149E+00 5.744E-07
  2.949309E+00 8.178E-08
  2.949468E+00 1.633E-06
  2.949627E+00 4.939E-06
  2.949785E+00 9.760E-06
  2.949943E+00 1.589E-05
  2.950100E+00 2.317E-05
  2.950256E+00 3.145E-05
  2.950412E+00 4.060E-05
  2.950721E+00 6.115E-05
  2.951182E+00 9.640E-05
  2.951937E+00 1.635E-04
  2.953118E+00 2.841E-04
  2.954964E+00 4.837E-04
  2.955378E+00 5.092E-04
  2.955515E+00 5.081E-04
  2.955652E+00 4.953E-04
  2.955788E+00 4.573E-04
  2.955923E+00 3.495E-04
  2.956058E+00 1.363E-06
  2.956193E+00 2.054E-03
  2.956327E+00 1.167E-03
  2.956460E+00 1.022E-03
  2.956594E+00 9.756E-04
  2.956858E+00 9.607E-04
  2.957512E+00 1.035E-03
  2.958535E+00 1.244E-03
  2.959160E+00 1.429E-03
  2.959529E+00 1.601E-03
  2.959652E+00 1.691E-03
  2.959774E+00 1.827E-03
  2.959895E+00 2.081E-03
  2.960016E+00 2.903E-03
  2.960137E+00 2.373E-02
  2.960257E+00 6.968E-04
  2.960377E+00 1.097E-03
  2.960497E+00 1.277E-03
  2.960734E+00 1.471E-03
  2.961322E+00 1.748E-03
  2.963135E+00 2.502E-03
  2.964327E+00 3.155E-03
  2.965270E+00 3.860E-03
  2.966086E+00 4.716E-03
  2.966684E+00 5.607E-03
  2.967174E+00 6.635E-03
  2.967560E+00 7.779E-03
  2.967941E+00 9.425E-03
  2.968223E+00 1.124E-02
  2.968410E+00 1.293E-02
  2.968596E+00 1.525E-02
  2.968689E+00 1.676E-02
  2.968781E+00 1.861E-02
  2.968873E+00 2.092E-02
  2.968964E+00 2.388E-02
  2.969056E+00 2.776E-02
  2.969147E+00 3.306E-02
  2.969237E+00 4.062E-02
  2.969328E+00 5.207E-02
  2.969418E+00 7.083E-02
  2.969508E+00 1.053E-01
  2.969598E+00 1.802E-01
  2.969687E+00 3.915E-01
  2.969776E+00 1.093E+00
  2.969865E+00 8.267E-01
  2.969953E+00 2.333E-01
  2.970042E+00 8.764E-02
  2.970129E+00 4.080E-02
  2.970217E+00 2.145E-02
  2.970305E+00 1.210E-02
  2.970392E+00 7.100E-03
  2.970479E+00 4.237E-03
  2.970565E+00 2.525E-03
  2.970652E+00 1.475E-03
  2.970738E+00 8.244E-04
  2.970823E+00 4.253E-04
  2.970909E+00 1.892E-04
  2.970994E+00 6.145E-05
  2.971079E+00 7.197E-06
  2.971164E+00 3.464E-06
  2.971249E+00 3.484E-05
  2.971333E+00 9.079E-05
  2.971417E+00 1.640E-04
  2.971501E+00 2.492E-04
  2.971667E+00 4.420E-04
  2.972324E+00 1.292E-03
  2.973592E+00 2.862E-03
  2.974947E+00 4.381E-03
  2.975239E+00 4.551E-03
  2.975384E+00 4.418E-03
  2.975456E+00 4.099E-03
  2.975527E+00 2.936E-03
  2.975599E+00 3.362E-02
  2.975670E+00 7.992E-03
  2.975741E+00 6.960E-03
  2.975812E+00 6.673E-03
  2.975954E+00 6.570E-03
  2.976373E+00 6.997E-03
  2.976988E+00 8.135E-03
  2.977389E+00 9.296E-03
  2.977587E+00 1.026E-02
  2.977719E+00 1.139E-02
  2.977784E+00 1.236E-02
  2.977849E+00 1.405E-02
  2.977914E+00 1.797E-02
  2.977979E+00 3.880E-02
  2.978043E+00 5.643E-03
  2.978108E+00 2.552E-03
  2.978172E+00 5.009E-03
  2.978236E+00 6.308E-03
  2.978300E+00 7.128E-03
  2.978427E+00 8.171E-03
  2.978680E+00 9.428E-03
  2.980078E+00 1.449E-02
  2.980774E+00 1.795E-02
  2.981281E+00 2.163E-02
  2.981667E+00 2.578E-02
  2.981939E+00 3.008E-02
  2.982153E+00 3.501E-02
  2.982313E+00 4.024E-02
  2.982471E+00 4.782E-02
  2.982576E+00 5.510E-02
  2.982680E+00 6.552E-02
  2.982732E+00 7.260E-02
  2.982784E+00 8.158E-02
  2.982836E+00 9.330E-02
  2.982887E+00 1.091E-01
  2.982939E+00 1.315E-01
  2.982990E+00 1.650E-01
  2.983041E+00 2.193E-01
  2.983092E+00 3.176E-01
  2.983143E+00 5.282E-01
  2.983194E+00 1.108E+00
  2.983244E+00 2.884E+00
  2.983295E+00 2.002E+00
  2.983345E+00 5.503E-01
  2.983396E+00 1.967E-01
  2.983446E+00 8.545E-02
  2.983496E+00 4.107E-02
  2.983545E+00 2.063E-02
  2.983595E+00 1.037E-02
  2.983645E+00 4.998E-03
  2.983694E+00 2.167E-03
  2.983744E+00 7.423E-04
  2.983793E+00 1.307E-04
  2.983842E+00 3.197E-06
  2.983891E+00 1.697E-04
  2.983940E+00 5.160E-04
  2.983988E+00 9.720E-04
  2.984037E+00 1.493E-03
  2.984469E+00 6.582E-03
  2.984844E+00 1.046E-02
  2.985574E+00 1.682E-02
  2.986145E+00 2.104E-02
  2.986317E+00 2.145E-02
  2.986360E+00 2.114E-02
  2.986403E+00 2.031E-02
  2.986445E+00 1.798E-02
  2.986488E+00 7.695E-03
  2.986530E+00 5.639E-02
  2.986573E+00 3.515E-02
  2.986615E+00 3.195E-02
  2.986657E+00 3.091E-02
  2.986782E+00 3.059E-02
  2.987113E+00 3.350E-02
  2.987477E+00 3.889E-02
  2.987677E+00 4.354E-02
  2.987795E+00 4.802E-02
  2.987873E+00 5.293E-02
  2.987912E+00 5.674E-02
  2.987951E+00 6.246E-02
  2.987990E+00 7.239E-02
  2.988029E+00 9.469E-02
  2.988068E+00 1.903E-01
  2.988106E+00 9.166E-01
  2.988145E+00 1.540E-03
  2.988183E+00 1.376E-02
  2.988222E+00 2.159E-02
  2.988260E+00 2.656E-02
  2.988298E+00 3.004E-02
  2.988374E+00 3.479E-02
  2.988525E+00 4.072E-02
  2.989438E+00 6.537E-02
  2.989824E+00 7.965E-02
  2.990132E+00 9.637E-02
  2.990334E+00 1.126E-01
  2.990500E+00 1.322E-01
  2.990632E+00 1.554E-01
  2.990730E+00 1.810E-01
  2.990795E+00 2.049E-01
  2.990860E+00 2.379E-01
  2.990924E+00 2.868E-01
  2.990956E+00 3.210E-01
  2.990988E+00 3.657E-01
  2.991020E+00 4.261E-01
  2.991052E+00 5.115E-01
  2.991084E+00 6.399E-01
  2.991116E+00 8.492E-01
  2.991147E+00 1.232E+00
  2.991179E+00 2.066E+00
  2.991210E+00 4.411E+00
  2.991242E+00 1.073E+01
  2.991273E+00 5.699E+00
  2.991305E+00 1.569E+00
  2.991336E+00 5.605E-01
  2.991367E+00 2.369E-01
  2.991398E+00 1.081E-01
  2.991429E+00 4.998E-02
  2.991460E+00 2.205E-02
  2.991491E+00 8.488E-03
  2.991522E+00 2.323E-03
  2.991553E+00 1.667E-04
  2.991583E+00 2.598E-04
  2.991614E+00 1.639E-03
  2.991645E+00 3.754E-03
  2.991675E+00 6.283E-03
  2.991706E+00 9.031E-03
  2.991887E+00 2.590E-02
  2.992066E+00 4.066E-02
  2.992359E+00 6.124E-02
  2.992955E+00 9.691E-02
  2.993093E+00 1.021E-01
  2.993148E+00 1.014E-01
  2.993175E+00 9.883E-02
  2.993202E+00 9.230E-02
  2.993230E+00 7.248E-02
  2.993257E+00 1.288E-01
  2.993284E+00 2.099E-01
  2.993311E+00 1.650E-01
  2.993338E+00 1.541E-01
  2.993392E+00 1.489E-01
  2.993525E+00 1.540E-01
  2.993762E+00 1.761E-01
  2.993969E+00 2.062E-01
  2.994096E+00 2.373E-01
  2.994172E+00 2.710E-01
  2.994197E+00 2.889E-01
  2.994222E+00 3.139E-01
  2.994247E+00 3.525E-01
  2.994272E+00 4.217E-01
  2.994297E+00 5.869E-01
  2.994322E+00 1.434E+00
  2.994347E+00 2.093E+00
  2.994372E+00 2.581E-03
  2.994397E+00 5.605E-02
  2.994422E+00 9.692E-02
  2.994446E+00 1.244E-01
  2.994471E+00 1.441E-01
  2.994520E+00 1.716E-01
  2.994593E+00 1.993E-01
  2.994811E+00 2.554E-01
  2.995164E+00 3.443E-01
  2.995417E+00 4.303E-01
  2.995597E+00 5.171E-01
  2.995753E+00 6.256E-01
  2.995863E+00 7.382E-01
  2.995950E+00 8.680E-01
  2.996015E+00 1.007E+00
  2.996079E+00 1.211E+00
  2.996122E+00 1.412E+00
  2.996143E+00 1.544E+00
  2.996164E+00 1.708E+00
  2.996186E+00 1.915E+00
  2.996207E+00 2.185E+00
  2.996228E+00 2.550E+00
  2.996249E+00 3.066E+00
  2.996270E+00 3.845E+00
  2.996291E+00 5.118E+00
  2.996312E+00 7.464E+00
  2.996333E+00 1.263E+01
  2.996354E+00 2.734E+01
  2.996375E+00 6.321E+01
  2.996396E+00 2.942E+01
  2.996417E+00 8.154E+00
  2.996437E+00 2.912E+00
  2.996458E+00 1.211E+00
  2.996479E+00 5.350E-01
  2.996499E+00 2.337E-01
  2.996520E+00 9.315E-02
  2.996541E+00 2.909E-02
  2.996561E+00 4.217E-03
  2.996582E+00 4.180E-04
  2.996602E+00 8.310E-03
  2.996622E+00 2.278E-02
  2.996643E+00 4.092E-02
  2.996704E+00 1.037E-01
  2.996824E+00 2.286E-01
  2.997081E+00 4.648E-01
  2.997446E+00 8.050E-01
  2.997595E+00 9.360E-01
  2.997632E+00 9.418E-01
  2.997651E+00 9.255E-01
  2.997669E+00 8.748E-01
  2.997688E+00 7.195E-01
  2.997706E+00 1.473E-02
  2.997724E+00 2.404E+00
  2.997743E+00 1.693E+00
  2.997761E+00 1.557E+00
  2.997779E+00 1.516E+00
  2.997834E+00 1.532E+00
  2.997942E+00 1.719E+00
  2.998067E+00 2.045E+00
  2.998172E+00 2.433E+00
  2.998242E+00 2.788E+00
  2.998294E+00 3.154E+00
  2.998329E+00 3.492E+00
  2.998363E+00 3.985E+00
  2.998380E+00 4.345E+00
  2.998397E+00 4.859E+00
  2.998414E+00 5.676E+00
  2.998431E+00 7.252E+00
  2.998449E+00 1.173E+01
  2.998466E+00 6.404E+01
  2.998482E+00 3.380E+00
  2.998499E+00 1.707E-01
  2.998516E+00 9.467E-01
  2.998533E+00 1.535E+00
  2.998550E+00 1.966E+00
  2.998567E+00 2.302E+00
  2.998600E+00 2.824E+00
  2.998816E+00 5.364E+00
  2.998913E+00 6.808E+00
  2.998994E+00 8.347E+00
  2.999074E+00 1.034E+01
  2.999153E+00 1.302E+01
  2.999216E+00 1.587E+01
  2.999278E+00 1.967E+01
  2.999340E+00 2.487E+01
  2.999386E+00 3.014E+01
  2.999417E+00 3.458E+01
  2.999463E+00 4.320E+01
  2.999508E+00 5.531E+01
  2.999539E+00 6.629E+01
  2.999569E+00 8.076E+01
  2.999599E+00 1.003E+02
  2.999614E+00 1.128E+02
  2.999629E+00 1.277E+02
  2.999644E+00 1.456E+02
  2.999659E+00 1.675E+02
  2.999674E+00 1.946E+02
  2.999688E+00 2.286E+02
  2.999703E+00 2.723E+02
  2.999718E+00 3.294E+02
  2.999733E+00 4.061E+02
  2.999748E+00 5.125E+02
  2.999762E+00 6.658E+02
  2.999777E+00 8.981E+02
  2.999792E+00 1.274E+03
  2.999806E+00 1.937E+03
  2.999821E+00 3.264E+03
  2.999836E+00 6.477E+03
  2.999850E+00 1.671E+04
  2.999865E+00 4.551E+04
  2.999879E+00 2.492E+04
  2.999894E+00 8.799E+03
  2.999908E+00 4.135E+03
  2.999923E+00 2.358E+03
  2.999937E+00 1.516E+03
  2.999952E+00 1.055E+03
  2.999966E+00 7.759E+02
  2.999980E+00 5.954E+02
  2.999995E+00 4.709E+02
  3.000009E+00 3.822E+02
  3.000023E+00 3.168E+02
  3.000037E+00 2.665E+02
  3.000052E+00 2.276E+02
  3.000066E+00 1.968E+02
  3.000080E+00 1.719E+02
  3.000094E+00 1.515E+02
  3.000108E+00 1.346E+02
  3.000137E+00 1.084E+02
  3.000165E+00 8.931E+01
  3.000193E+00 7.494E+01
  3.000235E+00 5.923E+01
  3.000276E+00 4.809E+01
  3.000318E+00 3.991E+01
  3.000359E+00 3.370E+01
  3.000414E+00 2.751E+01
  3.000468E+00 2.293E+01
  3.000535E+00 1.868E+01
  3.000615E+00 1.495E+01
  3.000734E+00 1.054E+01
  3.000760E+00 9.088E+00
  3.000773E+00 7.747E+00
  3.000786E+00 4.370E+00
  3.000799E+00 7.139E+01
  3.000812E+00 1.608E+01
  3.000825E+00 1.296E+01
  3.000838E+00 1.173E+01
  3.000864E+00 1.050E+01
  3.000915E+00 9.210E+00
  3.001004E+00 7.893E+00
  3.001105E+00 6.976E+00
  3.001192E+00 6.614E+00
  3.001241E+00 6.754E+00
  3.001266E+00 7.071E+00
  3.001278E+00 7.367E+00
  3.001290E+00 7.835E+00
  3.001302E+00 8.625E+00
  3.001314E+00 1.013E+01
  3.001326E+00 1.378E+01
  3.001339E+00 3.055E+01
  3.001351E+00 2.762E+02
  3.001363E+00 1.334E-01
  3.001375E+00 6.006E-01
  3.001387E+00 1.401E+00
  3.001399E+00 1.930E+00
  3.001411E+00 2.280E+00
  3.001423E+00 2.521E+00
  3.001447E+00 2.815E+00
  3.001483E+00 3.021E+00
  3.001554E+00 3.120E+00
  3.001898E+00 2.896E+00
  3.002021E+00 2.996E+00
  3.002098E+00 3.237E+00
  3.002152E+00 3.609E+00
  3.002185E+00 4.001E+00
  3.002217E+00 4.655E+00
  3.002228E+00 4.975E+00
  3.002249E+00 5.886E+00
  3.002260E+00 6.559E+00
  3.002270E+00 7.474E+00
  3.002281E+00 8.776E+00
  3.002292E+00 1.074E+01
  3.002302E+00 1.395E+01
  3.002313E+00 1.987E+01
  3.002323E+00 3.286E+01
  3.002334E+00 6.954E+01
  3.002344E+00 1.515E+02
  3.002355E+00 6.487E+01
  3.002366E+00 1.749E+01
  3.002376E+00 6.027E+00
  3.002386E+00 2.388E+00
  3.002397E+00 9.878E-01
  3.002407E+00 3.926E-01
  3.002418E+00 1.336E-01
  3.002428E+00 2.928E-02
  3.002439E+00 4.426E-04
  3.002449E+00 9.611E-03
  3.002459E+00 3.787E-02
  3.002470E+00 7.525E-02
  3.002490E+00 1.582E-01
  3.002490E+00 0.000E+00
  3.012693E+00 0.000E+00
  3.012693E+00 4.836E+00
  3.012703E+00 2.652E+00
  3.016820E+00 1.501E+00
  3.020892E+00 9.672E-01
  3.024919E+00 6.770E-01
  3.028902E+00 5.019E-01
  3.032842E+00 3.882E-01
  3.036738E+00 3.103E-01
  3.040592E+00 2.545E-01
  3.044404E+00 2.131E-01
  3.048175E+00 1.816E-01
  3.051905E+00 1.571E-01
  3.055595E+00 1.376E-01
  3.059246E+00 1.218E-01
  3.066432E+00 9.803E-02
  3.073467E+00 8.124E-02
  3.080355E+00 6.889E-02
  3.090420E+00 5.563E-02
  3.100177E+00 4.636E-02
  3.112728E+00 3.771E-02
  3.127720E+00 3.045E-02
  3.144753E+00 2.471E-02
  3.163405E+00 2.033E-02
  3.185629E+00 1.672E-02
  3.212524E+00 1.373E-02
  3.244186E+00 1.135E-02
  3.273410E+00 9.900E-03
  3.293170E+00 9.487E-03
  3.304359E+00 9.760E-03
  3.312309E+00 1.054E-02
  3.317411E+00 1.161E-02
  3.321137E+00 1.295E-02
  3.324782E+00 1.508E-02
  3.327167E+00 1.720E-02
  3.329517E+00 2.018E-02
  3.331833E+00 2.441E-02
  3.334116E+00 3.035E-02
  3.336365E+00 3.828E-02
  3.339679E+00 5.173E-02
  3.340768E+00 5.495E-02
  3.341849E+00 5.658E-02
  3.342923E+00 5.630E-02
  3.343988E+00 5.421E-02
  3.346097E+00 4.656E-02
  3.349206E+00 3.397E-02
  3.351242E+00 2.752E-02
  3.353250E+00 2.273E-02
  3.355230E+00 1.923E-02
  3.358149E+00 1.560E-02
  3.361009E+00 1.321E-02
  3.364732E+00 1.112E-02
  3.369246E+00 9.483E-03
  3.375318E+00 8.105E-03
  3.383521E+00 6.980E-03
  3.394879E+00 6.049E-03
  3.410988E+00 5.266E-03
  3.424951E+00 4.925E-03
  3.432254E+00 5.025E-03
  3.435698E+00 5.356E-03
  3.437135E+00 5.696E-03
  3.438079E+00 6.105E-03
  3.438547E+00 6.423E-03
  3.439013E+00 6.881E-03
  3.439477E+00 7.597E-03
  3.439938E+00 8.863E-03
  3.440396E+00 1.165E-02
  3.440852E+00 2.181E-02
  3.441305E+00 8.041E-01
  3.441757E+00 2.743E-03
  3.442205E+00 1.055E-03
  3.442652E+00 1.693E-03
  3.443096E+00 2.215E-03
  3.443537E+00 2.595E-03
  3.443976E+00 2.878E-03
  3.444848E+00 3.276E-03
  3.446564E+00 3.762E-03
  3.453082E+00 5.089E-03
  3.456894E+00 6.276E-03
  3.458365E+00 6.928E-03
  3.459450E+00 7.731E-03
  3.460872E+00 9.305E-03
  3.462265E+00 1.146E-02
  3.463293E+00 1.363E-02
  3.464306E+00 1.649E-02
  3.465304E+00 2.037E-02
  3.466288E+00 2.575E-02
  3.466936E+00 3.053E-02
  3.467578E+00 3.663E-02
  3.468214E+00 4.446E-02
  3.468844E+00 5.455E-02
  3.469468E+00 6.749E-02
  3.470086E+00 8.371E-02
  3.471906E+00 1.421E-01
  3.472501E+00 1.524E-01
  3.473091E+00 1.510E-01
  3.473675E+00 1.390E-01
  3.475397E+00 8.538E-02
  3.476240E+00 6.483E-02
  3.477071E+00 4.969E-02
  3.478163E+00 3.465E-02
  3.478701E+00 2.750E-02
  3.478969E+00 1.013E-01
  3.479235E+00 5.796E-02
  3.479500E+00 3.761E-02
  3.479764E+00 3.197E-02
  3.480027E+00 2.883E-02
  3.480548E+00 2.482E-02
  3.481322E+00 2.086E-02
  3.482339E+00 1.724E-02
  3.483584E+00 1.409E-02
  3.485043E+00 1.146E-02
  3.486699E+00 9.331E-03
  3.488755E+00 7.447E-03
  3.490950E+00 6.019E-03
  3.493261E+00 4.941E-03
  3.495666E+00 4.183E-03
  3.497583E+00 3.874E-03
  3.498880E+00 3.905E-03
  3.499785E+00 4.150E-03
  3.500496E+00 4.603E-03
  3.501022E+00 5.249E-03
  3.501370E+00 5.974E-03
  3.501542E+00 6.497E-03
  3.501714E+00 7.196E-03
  3.501886E+00 8.171E-03
  3.502056E+00 9.617E-03
  3.502226E+00 1.197E-02
  3.502396E+00 1.636E-02
  3.502564E+00 2.693E-02
  3.502732E+00 7.148E-02
  3.502900E+00 1.630E+00
  3.503066E+00 3.240E-02
  3.503233E+00 4.314E-03
  3.503398E+00 1.198E-03
  3.503563E+00 8.563E-04
  3.503727E+00 1.092E-03
  3.503891E+00 1.481E-03
  3.504216E+00 2.379E-03
  3.504539E+00 3.367E-03
  3.504860E+00 4.512E-03
  3.505178E+00 5.933E-03
  3.505336E+00 6.801E-03
  3.505493E+00 7.816E-03
  3.505650E+00 9.021E-03
  3.505807E+00 1.047E-02
  3.505962E+00 1.225E-02
  3.506118E+00 1.447E-02
  3.506272E+00 1.728E-02
  3.506426E+00 2.091E-02
  3.506580E+00 2.569E-02
  3.506733E+00 3.210E-02
  3.506885E+00 4.085E-02
  3.507037E+00 5.285E-02
  3.507188E+00 6.903E-02
  3.507488E+00 1.106E-01
  3.507638E+00 1.239E-01
  3.507787E+00 1.210E-01
  3.507935E+00 1.038E-01
  3.508083E+00 8.239E-02
  3.508231E+00 6.360E-02
  3.508377E+00 4.926E-02
  3.508524E+00 3.886E-02
  3.508669E+00 3.138E-02
  3.508815E+00 2.599E-02
  3.508959E+00 2.206E-02
  3.509103E+00 1.917E-02
  3.509247E+00 1.703E-02
  3.509390E+00 1.544E-02
  3.509533E+00 1.426E-02
  3.509816E+00 1.281E-02
  3.510098E+00 1.221E-02
  3.510377E+00 1.220E-02
  3.510793E+00 1.305E-02
  3.511204E+00 1.484E-02
  3.511610E+00 1.758E-02
  3.512013E+00 2.147E-02
  3.512411E+00 2.685E-02
  3.512805E+00 3.423E-02
  3.513065E+00 4.066E-02
  3.513323E+00 4.867E-02
  3.513580E+00 5.869E-02
  3.513835E+00 7.123E-02
  3.514088E+00 8.689E-02
  3.514339E+00 1.062E-01
  3.514960E+00 1.628E-01
  3.515082E+00 1.677E-01
  3.515205E+00 1.616E-01
  3.515327E+00 1.333E-01
  3.515448E+00 7.222E-02
  3.515570E+00 1.888E-02
  3.515690E+00 6.352E-02
  3.515811E+00 1.518E-01
  3.515930E+00 2.134E-01
  3.516050E+00 2.457E-01
  3.516169E+00 2.586E-01
  3.516288E+00 2.592E-01
  3.516524E+00 2.397E-01
  3.517223E+00 1.451E-01
  3.517567E+00 1.073E-01
  3.517907E+00 7.758E-02
  3.518245E+00 5.316E-02
  3.518468E+00 3.861E-02
  3.518579E+00 3.199E-02
  3.518689E+00 2.687E-02
  3.518799E+00 2.756E-02
  3.518909E+00 5.732E-02
  3.519019E+00 3.342E-01
  3.519128E+00 1.653E+00
  3.519236E+00 4.693E-01
  3.519345E+00 2.281E-01
  3.519453E+00 1.511E-01
  3.519560E+00 1.148E-01
  3.519668E+00 9.389E-02
  3.519774E+00 8.012E-02
  3.519881E+00 7.027E-02
  3.519987E+00 6.279E-02
  3.520199E+00 5.200E-02
  3.520409E+00 4.442E-02
  3.520721E+00 3.628E-02
  3.521031E+00 3.037E-02
  3.521438E+00 2.451E-02
  3.521941E+00 1.913E-02
  3.522435E+00 1.509E-02
  3.523018E+00 1.139E-02
  3.523590E+00 8.550E-03
  3.524151E+00 6.368E-03
  3.524611E+00 4.986E-03
  3.524973E+00 4.168E-03
  3.525331E+00 3.638E-03
  3.525597E+00 3.467E-03
  3.525860E+00 3.543E-03
  3.526034E+00 3.766E-03
  3.526207E+00 4.164E-03
  3.526379E+00 4.783E-03
  3.526550E+00 5.689E-03
  3.526719E+00 6.979E-03
  3.526804E+00 7.812E-03
  3.526888E+00 8.804E-03
  3.526972E+00 9.988E-03
  3.527056E+00 1.141E-02
  3.527140E+00 1.314E-02
  3.527223E+00 1.525E-02
  3.527306E+00 1.787E-02
  3.527389E+00 2.120E-02
  3.527471E+00 2.553E-02
  3.527553E+00 3.140E-02
  3.527635E+00 3.980E-02
  3.527717E+00 5.280E-02
  3.527799E+00 7.566E-02
  3.527880E+00 1.257E-01
  3.527961E+00 2.967E-01
  3.528042E+00 2.509E+00
  3.528122E+00 4.177E-01
  3.528202E+00 6.118E-02
  3.528282E+00 2.885E-02
  3.528362E+00 2.807E-02
  3.528442E+00 3.539E-02
  3.528521E+00 4.690E-02
  3.528600E+00 6.219E-02
  3.528679E+00 8.195E-02
  3.528758E+00 1.074E-01
  3.528836E+00 1.404E-01
  3.528914E+00 1.827E-01
  3.528992E+00 2.358E-01
  3.529147E+00 3.645E-01
  3.529225E+00 4.193E-01
  3.529302E+00 4.453E-01
  3.529378E+00 4.338E-01
  3.529455E+00 3.924E-01
  3.529607E+00 2.822E-01
  3.529683E+00 2.336E-01
  3.529759E+00 1.933E-01
  3.529834E+00 1.609E-01
  3.529909E+00 1.351E-01
  3.529984E+00 1.145E-01
  3.530059E+00 9.798E-02
  3.530134E+00 8.466E-02
  3.530208E+00 7.383E-02
  3.530282E+00 6.497E-02
  3.530356E+00 5.766E-02
  3.530503E+00 4.661E-02
  3.530649E+00 3.898E-02
  3.530795E+00 3.379E-02
  3.530940E+00 3.044E-02
  3.531083E+00 2.857E-02
  3.531226E+00 2.799E-02
  3.531368E+00 2.862E-02
  3.531510E+00 3.044E-02
  3.531650E+00 3.356E-02
  3.531790E+00 3.813E-02
  3.531929E+00 4.441E-02
  3.532067E+00 5.277E-02
  3.532204E+00 6.369E-02
  3.532341E+00 7.786E-02
  3.532476E+00 9.614E-02
  3.532611E+00 1.197E-01
  3.532746E+00 1.497E-01
  3.532879E+00 1.875E-01
  3.533078E+00 2.585E-01
  3.533209E+00 3.076E-01
  3.533275E+00 3.250E-01
  3.533340E+00 3.283E-01
  3.533405E+00 3.025E-01
  3.533470E+00 2.240E-01
  3.533535E+00 9.187E-02
  3.533600E+00 4.170E-02
  3.533664E+00 1.902E-01
  3.533728E+00 3.653E-01
  3.533793E+00 4.724E-01
  3.533856E+00 5.237E-01
  3.533920E+00 5.401E-01
  3.533984E+00 5.350E-01
  3.534110E+00 4.906E-01
  3.534486E+00 3.066E-01
  3.534671E+00 2.335E-01
  3.534855E+00 1.751E-01
  3.535037E+00 1.273E-01
  3.535158E+00 9.977E-02
  3.535218E+00 8.799E-02
  3.535278E+00 7.942E-02
  3.535338E+00 7.970E-02
  3.535398E+00 1.103E-01
  3.535457E+00 2.856E-01
  3.535517E+00 1.764E+00
  3.535576E+00 4.104E+00
  3.535635E+00 1.098E+00
  3.535694E+00 5.505E-01
  3.535752E+00 3.665E-01
  3.535811E+00 2.785E-01
  3.535869E+00 2.273E-01
  3.535927E+00 1.937E-01
  3.535985E+00 1.697E-01
  3.536043E+00 1.516E-01
  3.536159E+00 1.256E-01
  3.536273E+00 1.073E-01
  3.536444E+00 8.777E-02
  3.536614E+00 7.349E-02
  3.536838E+00 5.914E-02
  3.537114E+00 4.570E-02
  3.537442E+00 3.352E-02
  3.537764E+00 2.408E-02
  3.538081E+00 1.655E-02
  3.538341E+00 1.146E-02
  3.538547E+00 8.137E-03
  3.538700E+00 6.111E-03
  3.538801E+00 5.012E-03
  3.538902E+00 4.144E-03
  3.539002E+00 3.544E-03
  3.539052E+00 3.359E-03
  3.539102E+00 3.261E-03
  3.539152E+00 3.258E-03
  3.539202E+00 3.361E-03
  3.539251E+00 3.581E-03
  3.539300E+00 3.932E-03
  3.539350E+00 4.431E-03
  3.539399E+00 5.097E-03
  3.539448E+00 5.951E-03
  3.539497E+00 7.021E-03
  3.539545E+00 8.338E-03
  3.539594E+00 9.939E-03
  3.539642E+00 1.187E-02
  3.539691E+00 1.418E-02
  3.539739E+00 1.694E-02
  3.539787E+00 2.023E-02
  3.539835E+00 2.414E-02
  3.539883E+00 2.880E-02
  3.539931E+00 3.436E-02
  3.539978E+00 4.101E-02
  3.540026E+00 4.899E-02
  3.540073E+00 5.863E-02
  3.540120E+00 7.034E-02
  3.540167E+00 8.468E-02
  3.540214E+00 1.024E-01
  3.540261E+00 1.246E-01
  3.540308E+00 1.528E-01
  3.540355E+00 1.894E-01
  3.540401E+00 2.380E-01
  3.540448E+00 3.052E-01
  3.540494E+00 4.035E-01
  3.540540E+00 5.623E-01
  3.540586E+00 8.734E-01
  3.540632E+00 1.830E+00
  3.540678E+00 1.257E+01
  3.540724E+00 1.331E+00
  3.540770E+00 6.884E-01
  3.540815E+00 8.271E-01
  3.540861E+00 1.032E+00
  3.540906E+00 1.204E+00
  3.540951E+00 1.290E+00
  3.540996E+00 1.272E+00
  3.541041E+00 1.174E+00
  3.541175E+00 7.591E-01
  3.541220E+00 6.451E-01
  3.541264E+00 5.500E-01
  3.541308E+00 4.715E-01
  3.541353E+00 4.071E-01
  3.541397E+00 3.540E-01
  3.541441E+00 3.100E-01
  3.541528E+00 2.425E-01
  3.541615E+00 1.942E-01
  3.541702E+00 1.589E-01
  3.541789E+00 1.326E-01
  3.541874E+00 1.127E-01
  3.541960E+00 9.774E-02
  3.542087E+00 8.226E-02
  3.542214E+00 7.352E-02
  3.542340E+00 7.069E-02
  3.542464E+00 7.382E-02
  3.542547E+00 7.961E-02
  3.542629E+00 8.889E-02
  3.542711E+00 1.023E-01
  3.542793E+00 1.209E-01
  3.542874E+00 1.460E-01
  3.542954E+00 1.792E-01
  3.543035E+00 2.230E-01
  3.543115E+00 2.803E-01
  3.543194E+00 3.545E-01
  3.543273E+00 4.486E-01
  3.543391E+00 6.193E-01
  3.543431E+00 6.664E-01
  3.543470E+00 6.697E-01
  3.543509E+00 5.255E-01
  3.543547E+00 1.816E-01
  3.543586E+00 4.076E-01
  3.543625E+00 7.857E-01
  3.543664E+00 9.990E-01
  3.543702E+00 1.123E+00
  3.543741E+00 1.196E+00
  3.543779E+00 1.233E+00
  3.543855E+00 1.225E+00
  3.543931E+00 1.140E+00
  3.544195E+00 6.878E-01
  3.544306E+00 5.259E-01
  3.544417E+00 3.924E-01
  3.544527E+00 2.810E-01
  3.544600E+00 2.190E-01
  3.544637E+00 1.951E-01
  3.544673E+00 1.822E-01
  3.544709E+00 1.955E-01
  3.544745E+00 2.819E-01
  3.544781E+00 6.228E-01
  3.544817E+00 2.253E+00
  3.544853E+00 1.287E+01
  3.544889E+00 8.411E+00
  3.544924E+00 3.112E+00
  3.544960E+00 1.732E+00
  3.544995E+00 1.183E+00
  3.545031E+00 9.015E-01
  3.545066E+00 7.323E-01
  3.545102E+00 6.198E-01
  3.545137E+00 5.393E-01
  3.545172E+00 4.785E-01
  3.545207E+00 4.308E-01
  3.545277E+00 3.599E-01
  3.545346E+00 3.089E-01
  3.545450E+00 2.533E-01
  3.545587E+00 2.008E-01
  3.545723E+00 1.622E-01
  3.545891E+00 1.250E-01
  3.546057E+00 9.558E-02
  3.546255E+00 6.689E-02
  3.546417E+00 4.700E-02
  3.546577E+00 3.020E-02
  3.546673E+00 2.160E-02
  3.546736E+00 1.655E-02
  3.546799E+00 1.212E-02
  3.546862E+00 8.407E-03
  3.546893E+00 6.859E-03
  3.546924E+00 5.544E-03
  3.546955E+00 4.486E-03
  3.546987E+00 3.713E-03
  3.547018E+00 3.261E-03
  3.547048E+00 3.166E-03
  3.547079E+00 3.477E-03
  3.547110E+00 4.247E-03
  3.547141E+00 5.539E-03
  3.547171E+00 7.430E-03
  3.547202E+00 1.001E-02
  3.547233E+00 1.338E-02
  3.547263E+00 1.768E-02
  3.547293E+00 2.305E-02
  3.547324E+00 2.967E-02
  3.547354E+00 3.779E-02
  3.547384E+00 4.765E-02
  3.547414E+00 5.961E-02
  3.547444E+00 7.407E-02
  3.547474E+00 9.155E-02
  3.547504E+00 1.127E-01
  3.547534E+00 1.383E-01
  3.547564E+00 1.694E-01
  3.547594E+00 2.074E-01
  3.547623E+00 2.539E-01
  3.547653E+00 3.113E-01
  3.547682E+00 3.825E-01
  3.547712E+00 4.714E-01
  3.547741E+00 5.833E-01
  3.547771E+00 7.254E-01
  3.547800E+00 9.073E-01
  3.547829E+00 1.142E+00
  3.547858E+00 1.446E+00
  3.547888E+00 1.840E+00
  3.547917E+00 2.349E+00
  3.547946E+00 2.994E+00
  3.547974E+00 3.789E+00
  3.548003E+00 4.756E+00
  3.548032E+00 6.178E+00
  3.548061E+00 1.268E+01
  3.548090E+00 2.650E+01
  3.548118E+00 6.931E+00
  3.548147E+00 5.030E+00
  3.548175E+00 4.097E+00
  3.548204E+00 3.409E+00
  3.548232E+00 2.863E+00
  3.548260E+00 2.423E+00
  3.548289E+00 2.068E+00
  3.548317E+00 1.780E+00
  3.548345E+00 1.546E+00
  3.548373E+00 1.353E+00
  3.548401E+00 1.193E+00
  3.548429E+00 1.059E+00
  3.548485E+00 8.506E-01
  3.548540E+00 6.977E-01
  3.548595E+00 5.826E-01
  3.548650E+00 4.943E-01
  3.548705E+00 4.254E-01
  3.548787E+00 3.489E-01
  3.548868E+00 2.965E-01
  3.548949E+00 2.632E-01
  3.549029E+00 2.470E-01
  3.549109E+00 2.483E-01
  3.549188E+00 2.697E-01
  3.549241E+00 2.976E-01
  3.549293E+00 3.390E-01
  3.549345E+00 3.973E-01
  3.549397E+00 4.770E-01
  3.549449E+00 5.839E-01
  3.549500E+00 7.255E-01
  3.549552E+00 9.108E-01
  3.549603E+00 1.148E+00
  3.549679E+00 1.589E+00
  3.549704E+00 1.707E+00
  3.549729E+00 1.665E+00
  3.549755E+00 1.032E+00
  3.549780E+00 1.672E+00
  3.549805E+00 2.696E+00
  3.549830E+00 3.179E+00
  3.549880E+00 3.804E+00
  3.549930E+00 4.198E+00
  3.549979E+00 4.327E+00
  3.550028E+00 4.193E+00
  3.550102E+00 3.655E+00
  3.550248E+00 2.338E+00
  3.550320E+00 1.793E+00
  3.550392E+00 1.336E+00
  3.550463E+00 9.551E-01
  3.550511E+00 7.572E-01
  3.550534E+00 6.965E-01
  3.550558E+00 6.954E-01
  3.550582E+00 8.291E-01
  3.550605E+00 1.311E+00
  3.550628E+00 2.884E+00
  3.550652E+00 9.085E+00
  3.550675E+00 4.188E+01
  3.550698E+00 5.028E+01
  3.550722E+00 1.863E+01
  3.550745E+00 9.695E+00
  3.550768E+00 6.321E+00
  3.550791E+00 4.663E+00
  3.550814E+00 3.702E+00
  3.550837E+00 3.082E+00
  3.550860E+00 2.649E+00
  3.550883E+00 2.329E+00
  3.550906E+00 2.083E+00
  3.550952E+00 1.725E+00
  3.550997E+00 1.475E+00
  3.551065E+00 1.209E+00
  3.551132E+00 1.017E+00
  3.551222E+00 8.256E-01
  3.551332E+00 6.452E-01
  3.551464E+00 4.770E-01
  3.551593E+00 3.397E-01
  3.551743E+00 2.045E-01
  3.551828E+00 1.377E-01
  3.551891E+00 9.309E-02
  3.551932E+00 6.663E-02
  3.551974E+00 4.343E-02
  3.551995E+00 3.331E-02
  3.552016E+00 2.433E-02
  3.552036E+00 1.666E-02
  3.552057E+00 1.049E-02
  3.552077E+00 6.025E-03
  3.552098E+00 3.531E-03
  3.552119E+00 3.316E-03
  3.552139E+00 5.744E-03
  3.552159E+00 1.125E-02
  3.552180E+00 2.036E-02
  3.552200E+00 3.369E-02
  3.552221E+00 5.201E-02
  3.552241E+00 7.621E-02
  3.552261E+00 1.074E-01
  3.552281E+00 1.470E-01
  3.552301E+00 1.966E-01
  3.552322E+00 2.583E-01
  3.552342E+00 3.346E-01
  3.552362E+00 4.289E-01
  3.552382E+00 5.451E-01
  3.552402E+00 6.884E-01
  3.552422E+00 8.656E-01
  3.552442E+00 1.085E+00
  3.552462E+00 1.358E+00
  3.552481E+00 1.700E+00
  3.552501E+00 2.129E+00
  3.552521E+00 2.672E+00
  3.552541E+00 3.365E+00
  3.552560E+00 4.253E+00
  3.552580E+00 5.400E+00
  3.552600E+00 6.887E+00
  3.552619E+00 8.815E+00
  3.552639E+00 1.129E+01
  3.552658E+00 1.441E+01
  3.552678E+00 1.813E+01
  3.552716E+00 2.591E+01
  3.552736E+00 2.832E+01
  3.552755E+00 2.876E+01
  3.552774E+00 2.770E+01
  3.552794E+00 2.879E+01
  3.552813E+00 7.182E+01
  3.552832E+00 2.643E+02
  3.552851E+00 5.397E+01
  3.552870E+00 3.047E+01
  3.552889E+00 2.201E+01
  3.552908E+00 1.740E+01
  3.552927E+00 1.439E+01
  3.552946E+00 1.223E+01
  3.552965E+00 1.058E+01
  3.552984E+00 9.293E+00
  3.553003E+00 8.250E+00
  3.553041E+00 6.673E+00
  3.553078E+00 5.544E+00
  3.553115E+00 4.703E+00
  3.553171E+00 3.790E+00
  3.553227E+00 3.151E+00
  3.553282E+00 2.698E+00
  3.553337E+00 2.386E+00
  3.553391E+00 2.196E+00
  3.553445E+00 2.126E+00
  3.553499E+00 2.194E+00
  3.553553E+00 2.435E+00
  3.553589E+00 2.722E+00
  3.553624E+00 3.142E+00
  3.553659E+00 3.733E+00
  3.553695E+00 4.546E+00
  3.553730E+00 5.645E+00
  3.553765E+00 7.110E+00
  3.553799E+00 9.016E+00
  3.553851E+00 1.252E+01
  3.553869E+00 1.338E+01
  3.553886E+00 1.285E+01
  3.553903E+00 1.166E+01
  3.553920E+00 2.611E+01
  3.553938E+00 3.059E+01
  3.554023E+00 4.680E+01
  3.554057E+00 5.146E+01
  3.554091E+00 5.329E+01
  3.554124E+00 5.220E+01
  3.554174E+00 4.677E+01
  3.554307E+00 2.812E+01
  3.554389E+00 1.865E+01
  3.554438E+00 1.414E+01
  3.554454E+00 1.320E+01
  3.554471E+00 1.303E+01
  3.554487E+00 1.450E+01
  3.554503E+00 1.978E+01
  3.554519E+00 3.506E+01
  3.554535E+00 8.194E+01
  3.554551E+00 2.619E+02
  3.554567E+00 1.088E+03
  3.554583E+00 1.095E+03
  3.554599E+00 4.477E+02
  3.554615E+00 2.451E+02
  3.554631E+00 1.647E+02
  3.554647E+00 1.244E+02
  3.554663E+00 1.011E+02
  3.554679E+00 8.604E+01
  3.554694E+00 7.569E+01
  3.554710E+00 6.818E+01
  3.554726E+00 6.252E+01
  3.554757E+00 5.461E+01
  3.554804E+00 4.748E+01
  3.554867E+00 4.226E+01
  3.554944E+00 3.906E+01
  3.555051E+00 3.778E+01
  3.555171E+00 3.925E+01
  3.555275E+00 4.291E+01
  3.555364E+00 4.827E+01
  3.555451E+00 5.665E+01
  3.555523E+00 6.732E+01
  3.555581E+00 7.987E+01
  3.555623E+00 9.269E+01
  3.555666E+00 1.103E+02
  3.555708E+00 1.353E+02
  3.555736E+00 1.581E+02
  3.555764E+00 1.884E+02
  3.555792E+00 2.297E+02
  3.555820E+00 2.878E+02
  3.555834E+00 3.259E+02
  3.555861E+00 4.285E+02
  3.555875E+00 4.974E+02
  3.555889E+00 5.815E+02
  3.555903E+00 6.824E+02
  3.555944E+00 1.044E+03
  3.555957E+00 1.123E+03
  3.555971E+00 1.130E+03
  3.555985E+00 1.051E+03
  3.556012E+00 7.450E+02
  3.556025E+00 6.100E+02
  3.556039E+00 5.852E+02
  3.556052E+00 1.233E+03
  3.556066E+00 1.330E+04
  3.556079E+00 2.022E+03
  3.556093E+00 8.029E+02
  3.556106E+00 4.845E+02
  3.556119E+00 3.407E+02
  3.556133E+00 2.579E+02
  3.556146E+00 2.036E+02
  3.556159E+00 1.652E+02
  3.556173E+00 1.367E+02
  3.556186E+00 1.148E+02
  3.556199E+00 9.746E+01
  3.556212E+00 8.357E+01
  3.556239E+00 6.286E+01
  3.556252E+00 5.503E+01
  3.556265E+00 4.844E+01
  3.556291E+00 3.807E+01
  3.556304E+00 3.397E+01
  3.556331E+00 2.735E+01
  3.556357E+00 2.235E+01
  3.556395E+00 1.697E+01
  3.556421E+00 1.441E+01
  3.556447E+00 1.246E+01
  3.556485E+00 1.044E+01
  3.556524E+00 9.282E+00
  3.556562E+00 8.847E+00
  3.556599E+00 9.085E+00
  3.556637E+00 1.001E+01
  3.556675E+00 1.171E+01
  3.556712E+00 1.427E+01
  3.556761E+00 1.847E+01
  3.556774E+00 1.900E+01
  3.556786E+00 1.836E+01
  3.556798E+00 1.997E+01
  3.556811E+00 4.416E+01
  3.556835E+00 4.466E+01
  3.556896E+00 5.459E+01
  3.556920E+00 5.583E+01
  3.556944E+00 5.384E+01
  3.556980E+00 4.598E+01
  3.557040E+00 2.953E+01
  3.557075E+00 2.149E+01
  3.557099E+00 1.717E+01
  3.557122E+00 1.359E+01
  3.557146E+00 1.062E+01
  3.557169E+00 8.195E+00
  3.557181E+00 7.179E+00
  3.557204E+00 5.644E+00
  3.557216E+00 5.259E+00
  3.557228E+00 5.354E+00
  3.557239E+00 6.372E+00
  3.557251E+00 9.412E+00
  3.557262E+00 1.767E+01
  3.557274E+00 4.270E+01
  3.557285E+00 1.400E+02
  3.557297E+00 4.277E+02
  3.557308E+00 2.403E+02
  3.557320E+00 1.042E+02
  3.557331E+00 5.882E+01
  3.557342E+00 3.924E+01
  3.557354E+00 2.889E+01
  3.557365E+00 2.265E+01
  3.557377E+00 1.852E+01
  3.557388E+00 1.559E+01
  3.557399E+00 1.341E+01
  3.557422E+00 1.038E+01
  3.557444E+00 8.364E+00
  3.557467E+00 6.915E+00
  3.557489E+00 5.818E+00
  3.557512E+00 4.954E+00
  3.557545E+00 3.952E+00
  3.557578E+00 3.188E+00
  3.557611E+00 2.585E+00
  3.557655E+00 1.955E+00
  3.557698E+00 1.465E+00
  3.557752E+00 9.925E-01
  3.557795E+00 6.969E-01
  3.557827E+00 5.136E-01
  3.557859E+00 3.589E-01
  3.557891E+00 2.307E-01
  3.557912E+00 1.597E-01
  3.557933E+00 1.006E-01
  3.557954E+00 5.398E-02
  3.557965E+00 3.579E-02
  3.557975E+00 2.130E-02
  3.557985E+00 1.079E-02
  3.557996E+00 4.607E-03
  3.558006E+00 3.178E-03
  3.558017E+00 7.021E-03
  3.558027E+00 1.676E-02
  3.558037E+00 3.317E-02
  3.558048E+00 5.719E-02
  3.558058E+00 8.994E-02
  3.558068E+00 1.328E-01
  3.558078E+00 1.876E-01
  3.558089E+00 2.563E-01
  3.558099E+00 3.417E-01
  3.558109E+00 4.472E-01
  3.558119E+00 5.768E-01
  3.558130E+00 7.360E-01
  3.558140E+00 9.318E-01
  3.558150E+00 1.173E+00
  3.558160E+00 1.471E+00
  3.558170E+00 1.842E+00
  3.558180E+00 2.306E+00
  3.558191E+00 2.889E+00
  3.558201E+00 3.629E+00
  3.558211E+00 4.572E+00
  3.558221E+00 5.783E+00
  3.558231E+00 7.337E+00
  3.558241E+00 9.323E+00
  3.558258E+00 1.396E+01
  3.568248E+00 1.079E-01
  3.568258E+00 3.769E-01
  3.593201E+00 4.600E-02
  3.618145E+00 2.281E-02
  3.643088E+00 1.688E-02
  3.668031E+00 1.421E-02
  3.692975E+00 1.247E-02
  3.717918E+00 1.126E-02
  3.767805E+00 9.748E-03
  3.842635E+00 8.175E-03
  3.892521E+00 7.621E-03
  4.067124E+00 7.087E-03
  4.067124E+00 0.000E+00
  4.765537E+00 0.000E+00
  4.316557E+00 0.000E+00
  4.765537E+00 0.000E+00
  4.765537E+00 5.535E-03
  4.765537E+00 5.535E-03
  5.339233E+00 4.364E-03
  5.813156E+00 3.420E-03
  6.012703E+00 3.185E-03
  6.134170E+00 3.000E-03
  6.258084E+00 2.825E-03
  6.384505E+00 2.660E-03
  6.513484E+00 2.505E-03
  6.645065E+00 2.360E-03
  6.779303E+00 2.222E-03
  6.916251E+00 2.093E-03
  7.055970E+00 1.971E-03
  7.198509E+00 1.856E-03
  7.343934E+00 1.748E-03
  7.492288E+00 1.646E-03
  7.643641E+00 1.550E-03
  7.798057E+00 1.460E-03
  7.955585E+00 1.375E-03
  8.116297E+00 1.295E-03
  8.280259E+00 1.220E-03
  8.447530E+00 1.148E-03
  8.618184E+00 1.082E-03
  8.792279E+00 1.019E-03
  8.969901E+00 9.593E-04
  9.151100E+00 9.034E-04
  9.335964E+00 8.508E-04
  9.524566E+00 8.013E-04
  9.716976E+00 7.546E-04
  9.913267E+00 7.107E-04
  1.011353E+01 6.693E-04
  1.031784E+01 6.303E-04
  1.052627E+01 5.936E-04
  1.073892E+01 5.590E-04
  1.095586E+01 5.265E-04
  1.117718E+01 4.958E-04
  1.140297E+01 4.669E-04
  1.163333E+01 4.398E-04
  1.186834E+01 4.141E-04
  1.210810E+01 3.900E-04
  1.235269E+01 3.673E-04
  1.260224E+01 3.459E-04
  1.285682E+01 3.258E-04
  1.311654E+01 3.068E-04
  1.338152E+01 2.889E-04
  1.365184E+01 2.721E-04
  1.392763E+01 2.563E-04
  1.420898E+01 2.413E-04
  1.449602E+01 2.273E-04
  1.478886E+01 2.140E-04
  1.508762E+01 2.016E-04
  1.539241E+01 1.898E-04
  1.570335E+01 1.788E-04
  1.602058E+01 1.684E-04
  1.634421E+01 1.586E-04
  1.667438E+01 1.493E-04
  1.701123E+01 1.406E-04
  1.735487E+01 1.325E-04
  1.770547E+01 1.247E-04
  1.806314E+01 1.175E-04
  1.842804E+01 1.106E-04
  1.880031E+01 1.042E-04
  1.918011E+01 9.812E-05
  1.956757E+01 9.241E-05
  1.996286E+01 8.703E-05
  2.036613E+01 8.196E-05
  2.077757E+01 7.719E-05
  2.119730E+01 7.269E-05
  2.162552E+01 6.846E-05
  2.206236E+01 6.447E-05
  2.250807E+01 6.072E-05
  2.296275E+01 5.718E-05
  2.342664E+01 5.385E-05
      29   2   2   111    1  -2.47481E-01    1998
  2.368543E-01 1.515E+01
  2.468543E-01 1.332E+01
  2.981390E-01 7.366E+00
  3.481198E-01 4.483E+00
  3.968405E-01 2.909E+00
  4.443431E-01 1.983E+00
  4.906680E-01 1.409E+00
  5.358536E-01 1.039E+00
  5.799371E-01 7.916E-01
  6.229541E-01 6.182E-01
  6.649385E-01 4.921E-01
  7.059233E-01 3.973E-01
  7.459400E-01 3.244E-01
  7.850186E-01 2.675E-01
  8.231885E-01 2.227E-01
  8.604775E-01 1.872E-01
  8.969124E-01 1.591E-01
  9.325193E-01 1.366E-01
  9.673230E-01 1.184E-01
  1.001347E+00 1.037E-01
  1.067150E+00 8.126E-02
  1.130102E+00 6.511E-02
  1.190366E+00 5.287E-02
  1.276049E+00 3.935E-02
  1.356486E+00 2.989E-02
  1.432097E+00 2.331E-02
  1.503261E+00 1.874E-02
  1.570319E+00 1.552E-02
  1.653876E+00 1.258E-02
  1.749820E+00 1.019E-02
  1.837351E+00 8.683E-03
  1.932618E+00 7.660E-03
  2.018543E+00 7.290E-03
  2.096308E+00 7.425E-03
  2.178049E+00 8.096E-03
  2.251379E+00 9.286E-03
  2.308390E+00 1.077E-02
  2.360639E+00 1.278E-02
  2.408643E+00 1.550E-02
  2.445729E+00 1.849E-02
  2.480407E+00 2.241E-02
  2.512881E+00 2.764E-02
  2.537397E+00 3.321E-02
  2.560705E+00 4.063E-02
  2.577440E+00 4.801E-02
  2.593570E+00 5.780E-02
  2.609125E+00 7.142E-02
  2.619188E+00 8.392E-02
  2.629014E+00 1.009E-01
  2.633841E+00 1.119E-01
  2.638612E+00 1.252E-01
  2.643327E+00 1.417E-01
  2.647988E+00 1.626E-01
  2.652595E+00 1.898E-01
  2.657148E+00 2.265E-01
  2.661650E+00 2.778E-01
  2.666100E+00 3.535E-01
  2.670500E+00 4.723E-01
  2.674850E+00 6.754E-01
  2.679151E+00 1.064E+00
  2.683404E+00 1.924E+00
  2.687609E+00 4.043E+00
  2.691767E+00 6.766E+00
  2.695879E+00 4.176E+00
  2.699945E+00 1.899E+00
  2.703966E+00 1.008E+00
  2.707944E+00 6.257E-01
  2.711877E+00 4.377E-01
  2.715768E+00 3.350E-01
  2.719617E+00 2.750E-01
  2.723424E+00 2.387E-01
  2.727190E+00 2.165E-01
  2.730915E+00 2.035E-01
  2.734600E+00 1.968E-01
  2.741853E+00 1.960E-01
  2.748954E+00 2.072E-01
  2.755905E+00 2.278E-01
  2.762712E+00 2.576E-01
  2.769379E+00 2.978E-01
  2.775909E+00 3.509E-01
  2.782305E+00 4.210E-01
  2.788572E+00 5.147E-01
  2.794714E+00 6.426E-01
  2.797738E+00 7.245E-01
  2.800732E+00 8.223E-01
  2.803697E+00 9.403E-01
  2.806631E+00 1.084E+00
  2.809537E+00 1.262E+00
  2.812414E+00 1.486E+00
  2.815263E+00 1.772E+00
  2.818084E+00 2.144E+00
  2.820878E+00 2.642E+00
  2.823644E+00 3.327E+00
  2.826383E+00 4.305E+00
  2.829096E+00 5.767E+00
  2.831782E+00 8.083E+00
  2.834443E+00 1.205E+01
  2.837078E+00 1.965E+01
  2.839689E+00 3.662E+01
  2.842274E+00 8.365E+01
  2.844834E+00 2.157E+02
  2.847371E+00 1.946E+02
  2.849883E+00 7.540E+01
  2.852372E+00 3.471E+01
  2.854838E+00 1.938E+01
  2.857280E+00 1.228E+01
  2.859700E+00 8.464E+00
  2.862098E+00 6.189E+00
  2.864473E+00 4.727E+00
  2.866826E+00 3.733E+00
  2.869157E+00 3.026E+00
  2.871467E+00 2.506E+00
  2.873756E+00 2.111E+00
  2.876025E+00 1.805E+00
  2.878272E+00 1.563E+00
  2.880499E+00 1.367E+00
  2.882706E+00 1.207E+00
  2.887061E+00 9.638E-01
  2.891338E+00 7.894E-01
  2.895539E+00 6.600E-01
  2.901702E+00 5.205E-01
  2.907705E+00 4.227E-01
  2.913552E+00 3.515E-01
  2.921117E+00 2.830E-01
  2.930215E+00 2.240E-01
  2.938938E+00 1.832E-01
  2.948937E+00 1.489E-01
  2.960000E+00 1.219E-01
  2.970457E+00 1.042E-01
  2.980353E+00 9.417E-02
  2.987100E+00 9.292E-02
  2.991026E+00 9.611E-02
  2.994863E+00 1.047E-01
  2.997374E+00 1.158E-01
  2.998615E+00 1.239E-01
  2.999847E+00 1.346E-01
  3.001070E+00 1.487E-01
  3.002284E+00 1.677E-01
  3.003489E+00 1.937E-01
  3.004684E+00 2.303E-01
  3.005872E+00 2.835E-01
  3.007050E+00 3.645E-01
  3.008220E+00 4.952E-01
  3.009381E+00 7.239E-01
  3.010534E+00 1.175E+00
  3.011678E+00 2.250E+00
  3.012814E+00 5.907E+00
  3.013942E+00 3.754E+01
  3.015062E+00 9.390E+01
  3.016174E+00 9.072E+00
  3.017278E+00 3.218E+00
  3.018373E+00 1.679E+00
  3.019462E+00 1.055E+00
  3.020542E+00 7.396E-01
  3.021614E+00 5.578E-01
  3.022679E+00 4.431E-01
  3.023737E+00 3.658E-01
  3.024787E+00 3.111E-01
  3.025829E+00 2.709E-01
  3.026865E+00 2.404E-01
  3.027893E+00 2.168E-01
  3.029927E+00 1.830E-01
  3.031933E+00 1.606E-01
  3.034891E+00 1.392E-01
  3.037788E+00 1.265E-01
  3.041559E+00 1.180E-01
  3.045229E+00 1.163E-01
  3.048802E+00 1.215E-01
  3.051419E+00 1.313E-01
  3.053985E+00 1.490E-01
  3.055668E+00 1.680E-01
  3.057329E+00 1.966E-01
  3.058151E+00 2.165E-01
  3.058968E+00 2.419E-01
  3.059779E+00 2.747E-01
  3.060586E+00 3.183E-01
  3.061387E+00 3.777E-01
  3.062183E+00 4.612E-01
  3.062974E+00 5.834E-01
  3.063760E+00 7.710E-01
  3.064540E+00 1.075E+00
  3.065316E+00 1.593E+00
  3.066087E+00 2.482E+00
  3.066853E+00 3.719E+00
  3.067614E+00 4.204E+00
  3.068371E+00 3.128E+00
  3.069122E+00 1.917E+00
  3.069869E+00 1.180E+00
  3.070611E+00 7.708E-01
  3.071348E+00 5.355E-01
  3.072081E+00 3.922E-01
  3.072809E+00 3.000E-01
  3.073533E+00 2.378E-01
  3.074252E+00 1.943E-01
  3.074967E+00 1.628E-01
  3.075677E+00 1.394E-01
  3.076383E+00 1.216E-01
  3.077085E+00 1.078E-01
  3.077782E+00 9.694E-02
  3.079164E+00 8.123E-02
  3.080528E+00 7.077E-02
  3.082544E+00 6.083E-02
  3.084524E+00 5.498E-02
  3.087108E+00 5.083E-02
  3.090253E+00 4.925E-02
  3.093306E+00 5.064E-02
  3.096270E+00 5.515E-02
  3.098580E+00 6.205E-02
  3.100278E+00 7.047E-02
  3.101393E+00 7.865E-02
  3.102496E+00 9.016E-02
  3.103587E+00 1.071E-01
  3.104128E+00 1.189E-01
  3.104665E+00 1.339E-01
  3.105200E+00 1.537E-01
  3.105731E+00 1.806E-01
  3.106260E+00 2.187E-01
  3.106785E+00 2.756E-01
  3.107308E+00 3.669E-01
  3.107828E+00 5.278E-01
  3.108345E+00 8.503E-01
  3.108859E+00 1.599E+00
  3.109370E+00 3.115E+00
  3.109878E+00 2.689E+00
  3.110383E+00 1.071E+00
  3.110886E+00 4.484E-01
  3.111386E+00 2.179E-01
  3.111883E+00 1.177E-01
  3.112378E+00 6.811E-02
  3.112869E+00 4.120E-02
  3.113358E+00 2.563E-02
  3.113845E+00 1.622E-02
  3.114328E+00 1.037E-02
  3.114809E+00 6.686E-03
  3.115288E+00 4.364E-03
  3.115764E+00 2.932E-03
  3.116237E+00 2.097E-03
  3.116708E+00 1.670E-03
  3.117176E+00 1.529E-03
  3.117641E+00 1.591E-03
  3.118104E+00 1.800E-03
  3.118565E+00 2.119E-03
  3.119023E+00 2.521E-03
  3.119932E+00 3.507E-03
  3.120832E+00 4.676E-03
  3.122163E+00 6.720E-03
  3.123473E+00 9.156E-03
  3.124763E+00 1.216E-02
  3.125611E+00 1.463E-02
  3.126451E+00 1.767E-02
  3.127282E+00 2.153E-02
  3.128105E+00 2.666E-02
  3.128513E+00 2.991E-02
  3.128919E+00 3.379E-02
  3.129323E+00 3.851E-02
  3.129725E+00 4.433E-02
  3.130124E+00 5.167E-02
  3.130522E+00 6.114E-02
  3.130918E+00 7.372E-02
  3.131312E+00 9.100E-02
  3.131703E+00 1.158E-01
  3.132093E+00 1.533E-01
  3.132481E+00 2.146E-01
  3.132866E+00 3.256E-01
  3.133250E+00 5.614E-01
  3.133632E+00 1.224E+00
  3.134012E+00 4.739E+00
  3.134390E+00 1.470E+03
  3.134766E+00 4.387E+00
  3.135140E+00 1.064E+00
  3.135513E+00 4.565E-01
  3.135883E+00 2.476E-01
  3.136252E+00 1.527E-01
  3.136619E+00 1.021E-01
  3.136984E+00 7.214E-02
  3.137347E+00 5.310E-02
  3.137708E+00 4.032E-02
  3.138068E+00 3.136E-02
  3.138426E+00 2.489E-02
  3.138782E+00 2.007E-02
  3.139136E+00 1.641E-02
  3.139489E+00 1.357E-02
  3.139840E+00 1.134E-02
  3.140189E+00 9.562E-03
  3.140536E+00 8.127E-03
  3.140882E+00 6.957E-03
  3.141226E+00 5.994E-03
  3.141569E+00 5.197E-03
  3.141909E+00 4.531E-03
  3.142248E+00 3.972E-03
  3.142922E+00 3.100E-03
  3.143589E+00 2.469E-03
  3.144249E+00 2.005E-03
  3.144903E+00 1.662E-03
  3.145551E+00 1.408E-03
  3.146192E+00 1.221E-03
  3.147144E+00 1.036E-03
  3.148081E+00 9.421E-04
  3.148699E+00 9.276E-04
  3.149311E+00 9.596E-04
  3.149615E+00 9.988E-04
  3.149918E+00 1.060E-03
  3.150219E+00 1.150E-03
  3.150518E+00 1.283E-03
  3.150816E+00 1.483E-03
  3.151113E+00 1.791E-03
  3.151409E+00 2.292E-03
  3.151703E+00 3.175E-03
  3.151996E+00 4.934E-03
  3.152287E+00 9.200E-03
  3.152577E+00 2.412E-02
  3.152866E+00 1.509E-01
  3.153153E+00 1.934E-01
  3.153440E+00 3.100E-02
  3.153724E+00 1.283E-02
  3.154008E+00 7.726E-03
  3.154290E+00 5.723E-03
  3.154571E+00 4.870E-03
  3.154851E+00 4.596E-03
  3.155129E+00 4.709E-03
  3.155406E+00 5.171E-03
  3.155682E+00 6.036E-03
  3.155957E+00 7.454E-03
  3.156230E+00 9.731E-03
  3.156502E+00 1.345E-02
  3.156773E+00 1.977E-02
  3.157043E+00 3.095E-02
  3.157311E+00 5.086E-02
  3.157579E+00 8.083E-02
  3.157845E+00 1.007E-01
  3.158110E+00 8.542E-02
  3.158373E+00 5.867E-02
  3.158636E+00 3.951E-02
  3.158897E+00 2.784E-02
  3.159158E+00 2.067E-02
  3.159417E+00 1.607E-02
  3.159675E+00 1.297E-02
  3.159931E+00 1.079E-02
  3.160187E+00 9.197E-03
  3.160442E+00 7.998E-03
  3.160695E+00 7.071E-03
  3.160947E+00 6.338E-03
  3.161449E+00 5.264E-03
  3.161945E+00 4.523E-03
  3.162683E+00 3.772E-03
  3.163410E+00 3.271E-03
  3.164366E+00 2.822E-03
  3.165538E+00 2.459E-03
  3.166911E+00 2.199E-03
  3.168250E+00 2.095E-03
  3.169124E+00 2.145E-03
  3.169770E+00 2.292E-03
  3.170196E+00 2.476E-03
  3.170619E+00 2.770E-03
  3.171038E+00 3.233E-03
  3.171246E+00 3.557E-03
  3.171454E+00 3.968E-03
  3.171660E+00 4.492E-03
  3.171866E+00 5.167E-03
  3.172071E+00 6.044E-03
  3.172275E+00 7.201E-03
  3.172478E+00 8.753E-03
  3.172681E+00 1.087E-02
  3.172882E+00 1.385E-02
  3.173083E+00 1.813E-02
  3.173283E+00 2.455E-02
  3.173482E+00 3.460E-02
  3.173680E+00 5.133E-02
  3.173878E+00 8.138E-02
  3.174074E+00 1.412E-01
  3.174270E+00 2.754E-01
  3.174465E+00 5.912E-01
  3.174660E+00 9.636E-01
  3.174853E+00 6.861E-01
  3.175046E+00 3.626E-01
  3.175238E+00 2.098E-01
  3.175429E+00 1.364E-01
  3.175620E+00 9.687E-02
  3.175810E+00 7.340E-02
  3.175999E+00 5.835E-02
  3.176187E+00 4.812E-02
  3.176374E+00 4.084E-02
  3.176561E+00 3.547E-02
  3.176747E+00 3.139E-02
  3.176932E+00 2.823E-02
  3.177300E+00 2.371E-02
  3.177666E+00 2.074E-02
  3.178208E+00 1.797E-02
  3.178745E+00 1.643E-02
  3.179450E+00 1.564E-02
  3.179972E+00 1.584E-02
  3.180488E+00 1.680E-02
  3.180997E+00 1.887E-02
  3.181334E+00 2.126E-02
  3.181502E+00 2.293E-02
  3.181668E+00 2.508E-02
  3.181834E+00 2.786E-02
  3.182000E+00 3.157E-02
  3.182165E+00 3.665E-02
  3.182329E+00 4.389E-02
  3.182492E+00 5.477E-02
  3.182655E+00 7.234E-02
  3.182818E+00 1.038E-01
  3.182979E+00 1.701E-01
  3.183140E+00 3.565E-01
  3.183301E+00 1.385E+00
  3.183461E+00 2.351E+02
  3.183620E+00 9.081E-01
  3.183779E+00 2.205E-01
  3.183937E+00 9.186E-02
  3.184094E+00 4.816E-02
  3.184251E+00 2.878E-02
  3.184408E+00 1.876E-02
  3.184563E+00 1.303E-02
  3.184718E+00 9.529E-03
  3.184873E+00 7.274E-03
  3.185027E+00 5.767E-03
  3.185180E+00 4.730E-03
  3.185333E+00 4.003E-03
  3.185486E+00 3.484E-03
  3.185637E+00 3.111E-03
  3.185788E+00 2.843E-03
  3.185939E+00 2.650E-03
  3.186239E+00 2.422E-03
  3.186536E+00 2.333E-03
  3.186978E+00 2.379E-03
  3.187270E+00 2.542E-03
  3.187415E+00 2.713E-03
  3.187559E+00 3.065E-03
  3.187703E+00 4.159E-03
  3.187847E+00 1.446E-02
  3.187990E+00 3.611E-02
  3.188133E+00 5.824E-03
  3.188275E+00 4.210E-03
  3.188416E+00 3.933E-03
  3.188557E+00 3.978E-03
  3.188698E+00 4.176E-03
  3.188838E+00 4.495E-03
  3.188977E+00 4.948E-03
  3.189116E+00 5.583E-03
  3.189254E+00 6.492E-03
  3.189392E+00 7.862E-03
  3.189530E+00 1.009E-02
  3.189667E+00 1.420E-02
  3.189803E+00 2.345E-02
  3.189939E+00 5.449E-02
  3.190075E+00 3.719E-01
  3.190210E+00 1.693E-01
  3.190344E+00 2.014E-02
  3.190479E+00 5.462E-03
  3.190612E+00 1.885E-03
  3.190745E+00 6.854E-04
  3.190878E+00 2.290E-04
  3.191010E+00 5.693E-05
  3.191142E+00 6.873E-06
  3.191273E+00 1.255E-05
  3.191404E+00 4.414E-05
  3.191534E+00 8.727E-05
  3.191922E+00 2.296E-04
  3.192306E+00 3.550E-04
  3.192687E+00 4.555E-04
  3.193187E+00 5.546E-04
  3.193681E+00 6.192E-04
  3.194168E+00 6.495E-04
  3.194529E+00 6.428E-04
  3.194767E+00 6.163E-04
  3.195004E+00 5.600E-04
  3.195122E+00 5.141E-04
  3.195240E+00 4.504E-04
  3.195357E+00 3.623E-04
  3.195473E+00 2.431E-04
  3.195590E+00 9.869E-05
  3.195705E+00 4.937E-07
  3.195821E+00 1.796E-04
  3.195936E+00 7.304E-04
  3.196051E+00 1.194E-03
  3.196165E+00 1.386E-03
  3.196279E+00 1.436E-03
  3.197287E+00 1.352E-03
  3.198265E+00 1.392E-03
  3.199111E+00 1.520E-03
  3.199730E+00 1.710E-03
  3.200137E+00 1.922E-03
  3.200438E+00 2.160E-03
  3.200737E+00 2.511E-03
  3.200934E+00 2.842E-03
  3.201130E+00 3.291E-03
  3.201325E+00 3.920E-03
  3.201422E+00 4.330E-03
  3.201519E+00 4.828E-03
  3.201615E+00 5.438E-03
  3.201711E+00 6.196E-03
  3.201807E+00 7.149E-03
  3.201902E+00 8.369E-03
  3.201998E+00 9.960E-03
  3.202092E+00 1.208E-02
  3.202187E+00 1.497E-02
  3.202281E+00 1.906E-02
  3.202375E+00 2.504E-02
  3.202469E+00 3.424E-02
  3.202562E+00 4.928E-02
  3.202655E+00 7.588E-02
  3.202748E+00 1.281E-01
  3.202840E+00 2.439E-01
  3.202933E+00 5.102E-01
  3.203024E+00 7.876E-01
  3.203207E+00 2.698E-01
  3.203298E+00 1.527E-01
  3.203389E+00 9.728E-02
  3.203480E+00 6.779E-02
  3.203570E+00 5.045E-02
  3.203660E+00 3.945E-02
  3.203749E+00 3.204E-02
  3.203839E+00 2.683E-02
  3.203928E+00 2.303E-02
  3.204016E+00 2.019E-02
  3.204105E+00 1.801E-02
  3.204193E+00 1.632E-02
  3.204369E+00 1.394E-02
  3.204543E+00 1.248E-02
  3.204717E+00 1.167E-02
  3.204889E+00 1.141E-02
  3.205061E+00 1.177E-02
  3.205146E+00 1.227E-02
  3.205231E+00 1.308E-02
  3.205316E+00 1.437E-02
  3.205400E+00 1.645E-02
  3.205485E+00 2.001E-02
  3.205569E+00 2.676E-02
  3.205652E+00 4.231E-02
  3.205736E+00 9.585E-02
  3.205819E+00 7.965E-01
  3.205902E+00 4.117E-01
  3.205985E+00 4.288E-02
  3.206067E+00 1.368E-02
  3.206149E+00 6.572E-03
  3.206231E+00 4.071E-03
  3.206313E+00 3.020E-03
  3.206395E+00 2.536E-03
  3.206476E+00 2.306E-03
  3.206557E+00 2.199E-03
  3.206718E+00 2.149E-03
  3.207117E+00 2.279E-03
  3.207897E+00 2.702E-03
  3.208203E+00 2.955E-03
  3.208279E+00 3.050E-03
  3.208355E+00 3.213E-03
  3.208430E+00 3.820E-03
  3.208505E+00 4.425E-02
  3.208580E+00 6.789E-03
  3.208655E+00 4.578E-03
  3.208730E+00 4.333E-03
  3.208804E+00 4.377E-03
  3.208952E+00 4.765E-03
  3.209099E+00 5.468E-03
  3.209172E+00 5.980E-03
  3.209245E+00 6.653E-03
  3.209318E+00 7.565E-03
  3.209391E+00 8.854E-03
  3.209463E+00 1.078E-02
  3.209535E+00 1.392E-02
  3.209607E+00 1.969E-02
  3.209679E+00 3.269E-02
  3.209751E+00 7.608E-02
  3.209822E+00 4.981E-01
  3.209893E+00 2.419E-01
  3.209964E+00 2.966E-02
  3.210035E+00 8.219E-03
  3.210105E+00 2.926E-03
  3.210176E+00 1.119E-03
  3.210246E+00 4.130E-04
  3.210316E+00 1.331E-04
  3.210385E+00 3.948E-05
  3.210455E+00 3.320E-05
  3.210524E+00 6.943E-05
  3.210593E+00 1.263E-04
  3.210731E+00 2.629E-04
  3.211004E+00 5.378E-04
  3.211805E+00 1.258E-03
  3.212066E+00 1.550E-03
  3.212260E+00 1.849E-03
  3.212388E+00 2.126E-03
  3.212515E+00 2.522E-03
  3.212579E+00 2.794E-03
  3.212642E+00 3.145E-03
  3.212706E+00 3.610E-03
  3.212769E+00 4.236E-03
  3.212894E+00 5.990E-03
  3.212957E+00 6.322E-03
  3.213019E+00 4.853E-03
  3.213081E+00 2.458E-03
  3.213143E+00 9.484E-04
  3.213205E+00 3.277E-04
  3.213266E+00 1.349E-04
  3.213328E+00 1.164E-04
  3.213389E+00 1.660E-04
  3.213450E+00 2.405E-04
  3.213693E+00 5.595E-04
  3.213993E+00 8.937E-04
  3.214581E+00 1.514E-03
  3.214868E+00 1.901E-03
  3.215096E+00 2.304E-03
  3.215321E+00 2.850E-03
  3.215488E+00 3.410E-03
  3.215654E+00 4.177E-03
  3.215764E+00 4.862E-03
  3.215874E+00 5.751E-03
  3.215982E+00 6.936E-03
  3.216091E+00 8.567E-03
  3.216144E+00 9.623E-03
  3.216198E+00 1.090E-02
  3.216252E+00 1.246E-02
  3.216305E+00 1.439E-02
  3.216358E+00 1.684E-02
  3.216412E+00 1.997E-02
  3.216465E+00 2.408E-02
  3.216518E+00 2.962E-02
  3.216570E+00 3.731E-02
  3.216623E+00 4.841E-02
  3.216675E+00 6.518E-02
  3.216728E+00 9.209E-02
  3.216780E+00 1.387E-01
  3.216832E+00 2.279E-01
  3.216884E+00 4.188E-01
  3.216988E+00 1.257E+00
  3.217039E+00 8.614E-01
  3.217090E+00 4.417E-01
  3.217142E+00 2.457E-01
  3.217193E+00 1.529E-01
  3.217244E+00 1.038E-01
  3.217295E+00 7.520E-02
  3.217346E+00 5.722E-02
  3.217396E+00 4.522E-02
  3.217447E+00 3.684E-02
  3.217497E+00 3.077E-02
  3.217547E+00 2.625E-02
  3.217597E+00 2.280E-02
  3.217647E+00 2.012E-02
  3.217697E+00 1.802E-02
  3.217796E+00 1.502E-02
  3.217895E+00 1.318E-02
  3.217994E+00 1.224E-02
  3.218042E+00 1.212E-02
  3.218091E+00 1.231E-02
  3.218140E+00 1.297E-02
  3.218189E+00 1.450E-02
  3.218237E+00 1.805E-02
  3.218285E+00 2.868E-02
  3.218334E+00 1.058E-01
  3.218382E+00 1.781E-01
  3.218430E+00 7.179E-03
  3.218478E+00 2.441E-03
  3.218525E+00 2.017E-03
  3.218573E+00 2.101E-03
  3.218668E+00 2.366E-03
  3.218809E+00 2.585E-03
  3.219089E+00 2.721E-03
  3.219546E+00 2.899E-03
  3.219770E+00 3.150E-03
  3.219859E+00 3.397E-03
  3.219903E+00 3.662E-03
  3.219947E+00 4.266E-03
  3.219991E+00 6.347E-03
  3.220035E+00 2.488E-02
  3.220079E+00 1.843E-01
  3.220123E+00 1.517E-02
  3.220167E+00 8.678E-03
  3.220210E+00 7.168E-03
  3.220253E+00 6.737E-03
  3.220297E+00 6.731E-03
  3.220340E+00 6.977E-03
  3.220383E+00 7.435E-03
  3.220426E+00 8.129E-03
  3.220469E+00 9.132E-03
  3.220512E+00 1.060E-02
  3.220555E+00 1.284E-02
  3.220597E+00 1.651E-02
  3.220640E+00 2.328E-02
  3.220682E+00 3.845E-02
  3.220724E+00 8.810E-02
  3.220766E+00 5.300E-01
  3.220809E+00 3.337E-01
  3.220851E+00 3.992E-02
  3.220892E+00 1.122E-02
  3.220934E+00 4.154E-03
  3.220976E+00 1.704E-03
  3.221017E+00 7.149E-04
  3.221059E+00 2.952E-04
  3.221100E+00 1.281E-04
  3.221142E+00 8.261E-05
  3.221183E+00 9.845E-05
  3.221224E+00 1.460E-04
  3.221265E+00 2.100E-04
  3.221346E+00 3.577E-04
  3.221868E+00 1.340E-03
  3.222025E+00 1.705E-03
  3.222142E+00 2.060E-03
  3.222219E+00 2.369E-03
  3.222297E+00 2.778E-03
  3.222373E+00 3.356E-03
  3.222412E+00 3.749E-03
  3.222450E+00 4.250E-03
  3.222488E+00 4.908E-03
  3.222526E+00 5.801E-03
  3.222564E+00 7.056E-03
  3.222602E+00 8.860E-03
  3.222639E+00 1.140E-02
  3.222677E+00 1.429E-02
  3.222714E+00 1.505E-02
  3.222752E+00 1.110E-02
  3.222789E+00 6.017E-03
  3.222827E+00 2.908E-03
  3.222864E+00 1.401E-03
  3.222901E+00 7.105E-04
  3.222938E+00 4.076E-04
  3.222975E+00 2.918E-04
  3.223012E+00 2.696E-04
  3.223048E+00 2.960E-04
  3.223085E+00 3.479E-04
  3.223122E+00 4.136E-04
  3.223267E+00 7.220E-04
  3.223519E+00 1.300E-03
  3.223731E+00 1.875E-03
  3.223906E+00 2.492E-03
  3.224044E+00 3.150E-03
  3.224147E+00 3.799E-03
  3.224250E+00 4.651E-03
  3.224351E+00 5.816E-03
  3.224418E+00 6.853E-03
  3.224486E+00 8.198E-03
  3.224552E+00 9.989E-03
  3.224586E+00 1.112E-02
  3.224619E+00 1.245E-02
  3.224652E+00 1.405E-02
  3.224685E+00 1.598E-02
  3.224718E+00 1.834E-02
  3.224751E+00 2.127E-02
  3.224784E+00 2.498E-02
  3.224816E+00 2.975E-02
  3.224849E+00 3.603E-02
  3.224882E+00 4.454E-02
  3.224914E+00 5.643E-02
  3.224947E+00 7.374E-02
  3.224979E+00 1.002E-01
  3.225011E+00 1.434E-01
  3.225044E+00 2.199E-01
  3.225076E+00 3.697E-01
  3.225108E+00 6.943E-01
  3.225140E+00 1.330E+00
  3.225172E+00 1.577E+00
  3.225204E+00 9.262E-01
  3.225235E+00 4.810E-01
  3.225267E+00 2.762E-01
  3.225299E+00 1.758E-01
  3.225330E+00 1.210E-01
  3.225362E+00 8.823E-02
  3.225393E+00 6.727E-02
  3.225425E+00 5.310E-02
  3.225456E+00 4.309E-02
  3.225487E+00 3.579E-02
  3.225519E+00 3.030E-02
  3.225550E+00 2.608E-02
  3.225581E+00 2.278E-02
  3.225612E+00 2.016E-02
  3.225643E+00 1.806E-02
  3.225704E+00 1.501E-02
  3.225766E+00 1.309E-02
  3.225796E+00 1.250E-02
  3.225827E+00 1.218E-02
  3.225857E+00 1.226E-02
  3.225888E+00 1.304E-02
  3.225918E+00 1.570E-02
  3.225948E+00 2.880E-02
  3.225978E+00 5.734E-01
  3.226009E+00 2.152E-03
  3.226039E+00 2.422E-03
  3.226069E+00 2.984E-03
  3.226099E+00 3.290E-03
  3.226128E+00 3.443E-03
  3.226188E+00 3.530E-03
  3.226569E+00 3.154E-03
  3.226741E+00 3.163E-03
  3.226855E+00 3.307E-03
  3.226911E+00 3.485E-03
  3.226939E+00 3.653E-03
  3.226967E+00 3.961E-03
  3.226995E+00 4.657E-03
  3.227023E+00 6.872E-03
  3.227051E+00 2.131E-02
  3.227079E+00 7.114E+00
  3.227107E+00 2.806E-02
  3.227134E+00 1.253E-02
  3.227162E+00 9.414E-03
  3.227190E+00 8.466E-03
  3.227217E+00 8.284E-03
  3.227245E+00 8.522E-03
  3.227272E+00 9.099E-03
  3.227299E+00 1.005E-02
  3.227327E+00 1.150E-02
  3.227354E+00 1.375E-02
  3.227381E+00 1.743E-02
  3.227408E+00 2.411E-02
  3.227435E+00 3.855E-02
  3.227463E+00 8.210E-02
  3.227489E+00 3.811E-01
  3.227516E+00 6.393E-01
  3.227543E+00 5.913E-02
  3.227570E+00 1.566E-02
  3.227597E+00 5.776E-03
  3.227623E+00 2.440E-03
  3.227650E+00 1.090E-03
  3.227677E+00 4.984E-04
  3.227703E+00 2.417E-04
  3.227730E+00 1.462E-04
  3.227756E+00 1.331E-04
  3.227782E+00 1.638E-04
  3.227809E+00 2.181E-04
  3.227835E+00 2.850E-04
  3.227965E+00 6.705E-04
  3.228146E+00 1.227E-03
  3.228273E+00 1.691E-03
  3.228349E+00 2.047E-03
  3.228424E+00 2.521E-03
  3.228474E+00 2.951E-03
  3.228524E+00 3.543E-03
  3.228549E+00 3.933E-03
  3.228573E+00 4.418E-03
  3.228598E+00 5.035E-03
  3.228623E+00 5.846E-03
  3.228647E+00 6.945E-03
  3.228672E+00 8.494E-03
  3.228696E+00 1.075E-02
  3.228721E+00 1.408E-02
  3.228745E+00 1.858E-02
  3.228769E+00 2.231E-02
  3.228794E+00 2.001E-02
  3.228818E+00 1.258E-02
  3.228842E+00 6.626E-03
  3.228866E+00 3.406E-03
  3.228890E+00 1.814E-03
  3.228914E+00 1.030E-03
  3.228938E+00 6.459E-04
  3.228962E+00 4.686E-04
  3.228986E+00 4.024E-04
  3.229010E+00 3.984E-04
  3.229034E+00 4.307E-04
  3.229058E+00 4.844E-04
  3.229129E+00 7.078E-04
  3.229246E+00 1.158E-03
  3.229362E+00 1.673E-03
  3.229455E+00 2.163E-03
  3.229546E+00 2.766E-03
  3.229637E+00 3.549E-03
  3.229704E+00 4.319E-03
  3.229771E+00 5.326E-03
  3.229816E+00 6.188E-03
  3.229882E+00 7.907E-03
  3.229927E+00 9.470E-03
  3.229971E+00 1.154E-02
  3.230014E+00 1.436E-02
  3.230036E+00 1.618E-02
  3.230058E+00 1.836E-02
  3.230080E+00 2.102E-02
  3.230101E+00 2.430E-02
  3.230123E+00 2.842E-02
  3.230145E+00 3.368E-02
  3.230166E+00 4.054E-02
  3.230188E+00 4.972E-02
  3.230209E+00 6.239E-02
  3.230231E+00 8.054E-02
  3.230252E+00 1.077E-01
  3.230273E+00 1.510E-01
  3.230295E+00 2.249E-01
  3.230316E+00 3.641E-01
  3.230337E+00 6.551E-01
  3.230359E+00 1.273E+00
  3.230380E+00 1.915E+00
  3.230401E+00 1.362E+00
  3.230422E+00 7.053E-01
  3.230443E+00 3.894E-01
  3.230464E+00 2.393E-01
  3.230485E+00 1.602E-01
  3.230506E+00 1.143E-01
  3.230527E+00 8.557E-02
  3.230548E+00 6.649E-02
  3.230568E+00 5.321E-02
  3.230589E+00 4.362E-02
  3.230610E+00 3.647E-02
  3.230630E+00 3.102E-02
  3.230651E+00 2.677E-02
  3.230672E+00 2.341E-02
  3.230692E+00 2.070E-02
  3.230733E+00 1.672E-02
  3.230774E+00 1.408E-02
  3.230815E+00 1.246E-02
  3.230835E+00 1.209E-02
  3.230855E+00 1.221E-02
  3.230876E+00 1.363E-02
  3.230896E+00 2.378E-02
  3.230916E+00 5.743E-03
  3.230936E+00 3.213E-03
  3.230956E+00 4.199E-03
  3.230976E+00 4.525E-03
  3.230996E+00 4.605E-03
  3.231056E+00 4.413E-03
  3.231194E+00 3.758E-03
  3.231311E+00 3.443E-03
  3.231426E+00 3.364E-03
  3.231503E+00 3.476E-03
  3.231541E+00 3.646E-03
  3.231560E+00 3.812E-03
  3.231579E+00 4.120E-03
  3.231597E+00 4.819E-03
  3.231616E+00 6.990E-03
  3.231635E+00 1.994E-02
  3.231654E+00 1.580E+01
  3.231672E+00 3.670E-02
  3.231691E+00 1.482E-02
  3.231710E+00 1.078E-02
  3.231728E+00 9.576E-03
  3.231747E+00 9.341E-03
  3.231766E+00 9.636E-03
  3.231784E+00 1.037E-02
  3.231803E+00 1.160E-02
  3.231821E+00 1.354E-02
  3.231839E+00 1.668E-02
  3.231858E+00 2.214E-02
  3.231876E+00 3.304E-02
  3.231894E+00 6.102E-02
  3.231913E+00 1.845E-01
  3.231931E+00 1.826E+00
  3.231949E+00 1.350E-01
  3.231967E+00 2.749E-02
  3.231985E+00 9.323E-03
  3.232004E+00 3.855E-03
  3.232022E+00 1.745E-03
  3.232040E+00 8.265E-04
  3.232058E+00 4.110E-04
  3.232076E+00 2.317E-04
  3.232094E+00 1.719E-04
  3.232112E+00 1.755E-04
  3.232129E+00 2.137E-04
  3.232147E+00 2.711E-04
  3.232183E+00 4.129E-04
  3.232342E+00 1.130E-03
  3.232429E+00 1.584E-03
  3.232498E+00 2.046E-03
  3.232549E+00 2.512E-03
  3.232583E+00 2.926E-03
  3.232617E+00 3.477E-03
  3.232651E+00 4.259E-03
  3.232668E+00 4.790E-03
  3.232685E+00 5.465E-03
  3.232702E+00 6.347E-03
  3.232719E+00 7.538E-03
  3.232735E+00 9.209E-03
  3.232752E+00 1.164E-02
  3.232769E+00 1.528E-02
  3.232786E+00 2.055E-02
  3.232802E+00 2.636E-02
  3.232819E+00 2.700E-02
  3.232852E+00 1.067E-02
  3.232869E+00 5.630E-03
  3.232885E+00 3.050E-03
  3.232902E+00 1.743E-03
  3.232918E+00 1.072E-03
  3.232934E+00 7.284E-04
  3.232951E+00 5.629E-04
  3.232967E+00 4.977E-04
  3.232984E+00 4.915E-04
  3.233000E+00 5.214E-04
  3.233016E+00 5.739E-04
  3.233049E+00 7.182E-04
  3.233113E+00 1.083E-03
  3.233178E+00 1.507E-03
  3.233257E+00 2.137E-03
  3.233320E+00 2.766E-03
  3.233367E+00 3.349E-03
  3.233414E+00 4.073E-03
  3.233461E+00 4.998E-03
  3.233507E+00 6.222E-03
  3.233538E+00 7.277E-03
  3.233569E+00 8.605E-03
  3.233599E+00 1.031E-02
  3.233630E+00 1.256E-02
  3.233660E+00 1.563E-02
  3.233675E+00 1.759E-02
  3.233690E+00 1.994E-02
  3.233721E+00 2.631E-02
  3.233736E+00 3.070E-02
  3.233751E+00 3.627E-02
  3.233766E+00 4.351E-02
  3.233781E+00 5.314E-02
  3.233795E+00 6.632E-02
  3.233810E+00 8.501E-02
  3.233825E+00 1.127E-01
  3.233840E+00 1.561E-01
  3.233855E+00 2.289E-01
  3.233870E+00 3.627E-01
  3.233885E+00 6.356E-01
  3.233899E+00 1.224E+00
  3.233914E+00 2.048E+00
  3.233929E+00 1.707E+00
  3.233943E+00 9.021E-01
  3.233958E+00 4.869E-01
  3.233973E+00 2.926E-01
  3.233987E+00 1.924E-01
  3.234002E+00 1.354E-01
  3.234016E+00 1.002E-01
  3.234031E+00 7.713E-02
  3.234045E+00 6.121E-02
  3.234060E+00 4.980E-02
  3.234074E+00 4.135E-02
  3.234089E+00 3.494E-02
  3.234103E+00 2.995E-02
  3.234118E+00 2.601E-02
  3.234132E+00 2.285E-02
  3.234146E+00 2.028E-02
  3.234175E+00 1.644E-02
  3.234203E+00 1.383E-02
  3.234232E+00 1.223E-02
  3.234246E+00 1.193E-02
  3.234260E+00 1.249E-02
  3.234274E+00 1.898E-02
  3.234288E+00 2.191E-03
  3.234302E+00 5.006E-03
  3.234316E+00 5.561E-03
  3.234330E+00 5.618E-03
  3.234386E+00 5.029E-03
  3.234469E+00 4.185E-03
  3.234552E+00 3.705E-03
  3.234633E+00 3.519E-03
  3.234700E+00 3.602E-03
  3.234727E+00 3.762E-03
  3.234741E+00 3.922E-03
  3.234754E+00 4.222E-03
  3.234767E+00 4.901E-03
  3.234780E+00 6.996E-03
  3.234794E+00 1.904E-02
  3.234807E+00 3.323E+00
  3.234820E+00 4.194E-02
  3.234833E+00 1.616E-02
  3.234846E+00 1.163E-02
  3.234860E+00 1.031E-02
  3.234873E+00 1.007E-02
  3.234886E+00 1.045E-02
  3.234899E+00 1.133E-02
  3.234912E+00 1.283E-02
  3.234925E+00 1.524E-02
  3.234938E+00 1.926E-02
  3.234951E+00 2.663E-02
  3.234964E+00 4.269E-02
  3.234977E+00 9.144E-02
  3.234990E+00 4.289E-01
  3.235003E+00 6.917E-01
  3.235016E+00 6.639E-02
  3.235029E+00 1.799E-02
  3.235041E+00 6.822E-03
  3.235054E+00 2.996E-03
  3.235067E+00 1.416E-03
  3.235080E+00 7.023E-04
  3.235093E+00 3.747E-04
  3.235105E+00 2.357E-04
  3.235118E+00 1.949E-04
  3.235131E+00 2.073E-04
  3.235143E+00 2.494E-04
  3.235156E+00 3.083E-04
  3.235169E+00 3.766E-04
  3.235232E+00 7.633E-04
  3.235306E+00 1.260E-03
  3.235356E+00 1.643E-03
  3.235405E+00 2.126E-03
  3.235442E+00 2.617E-03
  3.235466E+00 3.052E-03
  3.235490E+00 3.631E-03
  3.235514E+00 4.452E-03
  3.235527E+00 5.007E-03
  3.235539E+00 5.710E-03
  3.235551E+00 6.625E-03
  3.235563E+00 7.855E-03
  3.235575E+00 9.572E-03
  3.235587E+00 1.206E-02
  3.235599E+00 1.580E-02
  3.235610E+00 2.136E-02
  3.235622E+00 2.838E-02
  3.235634E+00 3.179E-02
  3.235646E+00 2.498E-02
  3.235658E+00 1.466E-02
  3.235670E+00 7.860E-03
  3.235682E+00 4.284E-03
  3.235693E+00 2.453E-03
  3.235705E+00 1.497E-03
  3.235717E+00 9.920E-04
  3.235729E+00 7.301E-04
  3.235740E+00 6.055E-04
  3.235752E+00 5.619E-04
  3.235764E+00 5.678E-04
  3.235775E+00 6.051E-04
  3.235787E+00 6.630E-04
  3.235799E+00 7.348E-04
  3.235834E+00 1.001E-03
  3.235880E+00 1.426E-03
  3.235926E+00 1.925E-03
  3.235971E+00 2.524E-03
  3.236005E+00 3.070E-03
  3.236039E+00 3.736E-03
  3.236084E+00 4.896E-03
  3.236117E+00 6.077E-03
  3.236150E+00 7.673E-03
  3.236173E+00 9.079E-03
  3.236195E+00 1.088E-02
  3.236217E+00 1.326E-02
  3.236228E+00 1.474E-02
  3.236249E+00 1.854E-02
  3.236260E+00 2.100E-02
  3.236271E+00 2.399E-02
  3.236282E+00 2.765E-02
  3.236293E+00 3.221E-02
  3.236304E+00 3.799E-02
  3.236315E+00 4.547E-02
  3.236325E+00 5.537E-02
  3.236336E+00 6.885E-02
  3.236347E+00 8.785E-02
  3.236358E+00 1.158E-01
  3.236368E+00 1.591E-01
  3.236379E+00 2.309E-01
  3.236390E+00 3.607E-01
  3.236401E+00 6.207E-01
  3.236411E+00 1.182E+00
  3.236422E+00 2.089E+00
  3.236433E+00 1.970E+00
  3.236443E+00 1.072E+00
  3.236454E+00 5.707E-01
  3.236464E+00 3.373E-01
  3.236475E+00 2.189E-01
  3.236486E+00 1.525E-01
  3.236496E+00 1.120E-01
  3.236507E+00 8.563E-02
  3.236517E+00 6.757E-02
  3.236528E+00 5.470E-02
  3.236538E+00 4.522E-02
  3.236549E+00 3.804E-02
  3.236559E+00 3.248E-02
  3.236580E+00 2.457E-02
  3.236590E+00 2.171E-02
  3.236611E+00 1.742E-02
  3.236621E+00 1.580E-02
  3.236642E+00 1.335E-02
  3.236652E+00 1.248E-02
  3.236663E+00 1.191E-02
  3.236673E+00 1.192E-02
  3.236683E+00 1.570E-02
  3.236694E+00 4.026E-03
  3.236704E+00 6.318E-03
  3.236714E+00 6.513E-03
  3.236745E+00 5.928E-03
  3.236795E+00 4.887E-03
  3.236835E+00 4.318E-03
  3.236854E+00 4.119E-03
  3.240214E+00 1.491E+00
  3.243544E+00 1.411E+00
  3.246844E+00 1.408E+00
  3.246854E+00 1.665E+00
  3.282326E+00 1.465E+00
  3.321252E+00 1.363E+00
  3.392355E+00 1.321E+00
  3.440224E+00 1.371E+00
  3.474617E+00 1.487E+00
  3.497716E+00 1.651E+00
  3.512307E+00 1.848E+00
  3.521459E+00 2.072E+00
  3.527322E+00 2.324E+00
  3.530185E+00 2.524E+00
  3.533004E+00 2.840E+00
  3.534396E+00 3.084E+00
  3.535779E+00 3.431E+00
  3.537150E+00 3.923E+00
  3.538511E+00 4.509E+00
  3.539861E+00 4.813E+00
  3.541201E+00 4.510E+00
  3.542531E+00 4.046E+00
  3.543851E+00 3.781E+00
  3.545161E+00 3.715E+00
  3.546460E+00 3.781E+00
  3.549031E+00 4.172E+00
  3.551562E+00 4.851E+00
  3.554056E+00 5.837E+00
  3.557728E+00 7.647E+00
  3.558934E+00 7.998E+00
  3.560131E+00 7.932E+00
  3.561319E+00 7.342E+00
  3.562498E+00 6.323E+00
  3.564831E+00 4.023E+00
  3.565985E+00 3.111E+00
  3.567130E+00 2.420E+00
  3.568267E+00 1.917E+00
  3.569396E+00 1.559E+00
  3.570517E+00 1.307E+00
  3.571629E+00 1.130E+00
  3.572734E+00 1.008E+00
  3.573831E+00 9.241E-01
  3.574920E+00 8.679E-01
  3.577074E+00 8.100E-01
  3.580249E+00 8.000E-01
  3.584379E+00 8.516E-01
  3.590361E+00 9.894E-01
  3.596101E+00 1.185E+00
  3.600707E+00 1.420E+00
  3.604282E+00 1.698E+00
  3.606902E+00 1.992E+00
  3.609469E+00 2.391E+00
  3.611987E+00 2.917E+00
  3.614455E+00 3.598E+00
  3.617673E+00 4.776E+00
  3.618464E+00 5.002E+00
  3.619251E+00 5.097E+00
  3.620032E+00 5.018E+00
  3.620808E+00 4.772E+00
  3.623865E+00 3.213E+00
  3.625364E+00 2.613E+00
  3.626844E+00 2.193E+00
  3.628306E+00 1.903E+00
  3.630465E+00 1.625E+00
  3.632585E+00 1.457E+00
  3.636030E+00 1.307E+00
  3.640681E+00 1.221E+00
  3.648212E+00 1.200E+00
  3.658012E+00 1.275E+00
  3.664378E+00 1.396E+00
  3.667404E+00 1.514E+00
  3.669366E+00 1.658E+00
  3.670810E+00 1.855E+00
  3.671760E+00 2.085E+00
  3.672231E+00 2.256E+00
  3.672699E+00 2.487E+00
  3.673165E+00 2.802E+00
  3.673628E+00 3.225E+00
  3.674548E+00 4.271E+00
  3.675004E+00 4.499E+00
  3.675457E+00 4.220E+00
  3.676357E+00 3.019E+00
  3.676803E+00 2.567E+00
  3.677247E+00 2.259E+00
  3.677689E+00 2.055E+00
  3.678128E+00 1.921E+00
  3.679000E+00 1.776E+00
  3.680290E+00 1.708E+00
  3.681979E+00 1.740E+00
  3.683634E+00 1.858E+00
  3.684852E+00 2.024E+00
  3.686842E+00 2.461E+00
  3.688012E+00 2.546E+00
  3.688398E+00 2.633E+00
  3.688782E+00 2.886E+00
  3.689164E+00 3.734E+00
  3.689544E+00 1.371E+01
  3.689922E+00 2.488E+00
  3.690298E+00 1.573E+00
  3.691785E+00 1.990E+00
  3.694316E+00 2.629E+00
  3.696071E+00 3.135E+00
  3.696761E+00 3.230E+00
  3.697104E+00 3.210E+00
  3.697445E+00 3.122E+00
  3.697784E+00 2.950E+00
  3.698122E+00 2.649E+00
  3.698458E+00 4.163E+00
  3.698792E+00 2.525E+00
  3.699125E+00 2.104E+00
  3.699456E+00 1.777E+00
  3.699785E+00 1.500E+00
  3.700113E+00 1.269E+00
  3.700440E+00 1.082E+00
  3.700764E+00 9.354E-01
  3.701088E+00 8.225E-01
  3.701410E+00 7.378E-01
  3.701730E+00 6.757E-01
  3.702048E+00 6.314E-01
  3.702681E+00 5.817E-01
  3.703308E+00 5.659E-01
  3.704237E+00 5.767E-01
  3.706356E+00 6.604E-01
  3.714440E+00 1.057E+00
  3.716992E+00 1.235E+00
  3.718713E+00 1.427E+00
  3.719911E+00 1.639E+00
  3.721083E+00 1.960E+00
  3.722230E+00 2.430E+00
  3.723575E+00 3.126E+00
  3.724016E+00 3.171E+00
  3.724453E+00 2.961E+00
  3.725530E+00 2.058E+00
  3.725954E+00 1.804E+00
  3.726585E+00 1.556E+00
  3.727207E+00 1.413E+00
  3.728228E+00 1.295E+00
  3.729622E+00 1.208E+00
  3.729818E+00 1.131E+00
  3.730013E+00 1.446E+00
  3.730208E+00 1.307E+00
  3.730977E+00 1.274E+00
  3.733757E+00 1.343E+00
  3.736378E+00 1.493E+00
  3.737550E+00 1.635E+00
  3.738043E+00 1.770E+00
  3.738368E+00 1.960E+00
  3.738691E+00 2.261E+00
  3.738851E+00 2.247E+00
  3.739171E+00 1.910E+00
  3.739329E+00 1.828E+00
  3.739645E+00 1.791E+00
  3.740269E+00 1.877E+00
  3.741037E+00 2.104E+00
  3.742235E+00 2.626E+00
  3.742382E+00 2.729E+00
  3.742529E+00 2.909E+00
  3.742675E+00 3.274E+00
  3.742821E+00 4.249E+00
  3.742966E+00 9.705E+00
  3.743111E+00 1.485E+01
  3.743255E+00 8.882E+00
  3.743399E+00 1.630E+00
  3.743542E+00 1.689E+00
  3.744668E+00 2.391E+00
  3.745082E+00 2.749E+00
  3.745219E+00 2.818E+00
  3.745355E+00 2.308E+00
  3.745492E+00 6.670E-01
  3.745627E+00 9.061E-01
  3.745762E+00 1.458E+00
  3.745897E+00 1.788E+00
  3.746031E+00 1.986E+00
  3.746164E+00 2.101E+00
  3.746298E+00 2.153E+00
  3.746430E+00 2.139E+00
  3.746562E+00 2.045E+00
  3.746694E+00 1.846E+00
  3.746825E+00 1.516E+00
  3.746956E+00 1.069E+00
  3.747087E+00 7.513E-01
  3.747217E+00 1.476E+00
  3.747346E+00 3.849E+00
  3.747475E+00 5.711E+00
  3.747603E+00 6.062E+00
  3.747732E+00 5.677E+00
  3.748113E+00 3.763E+00
  3.748239E+00 3.187E+00
  3.748365E+00 2.685E+00
  3.748491E+00 2.258E+00
  3.748616E+00 1.905E+00
  3.748740E+00 1.617E+00
  3.748864E+00 1.386E+00
  3.748988E+00 1.202E+00
  3.749111E+00 1.057E+00
  3.749234E+00 9.447E-01
  3.749356E+00 8.577E-01
  3.749478E+00 7.914E-01
  3.749721E+00 7.052E-01
  3.749962E+00 6.620E-01
  3.750321E+00 6.461E-01
  3.750793E+00 6.744E-01
  3.751604E+00 7.832E-01
  3.752619E+00 9.795E-01
  3.753388E+00 1.186E+00
  3.755182E+00 1.855E+00
  3.755590E+00 2.059E+00
  3.755691E+00 1.988E+00
  3.755792E+00 2.468E+00
  3.755893E+00 2.342E+00
  3.756093E+00 2.240E+00
  3.756489E+00 1.813E+00
  3.756783E+00 1.520E+00
  3.757073E+00 1.331E+00
  3.757362E+00 1.221E+00
  3.757836E+00 1.137E+00
  3.758579E+00 1.115E+00
  3.759836E+00 1.185E+00
  3.761040E+00 1.320E+00
  3.761124E+00 1.339E+00
  3.761208E+00 1.531E+00
  3.761291E+00 1.639E+00
  3.761374E+00 1.451E+00
  3.761540E+00 1.463E+00
  3.761787E+00 1.574E+00
  3.761869E+00 1.644E+00
  3.761950E+00 1.753E+00
  3.762031E+00 1.940E+00
  3.762112E+00 2.379E+00
  3.762193E+00 4.592E+00
  3.762274E+00 3.418E+00
  3.762354E+00 1.691E+00
  3.762434E+00 1.510E+00
  3.762514E+00 1.486E+00
  3.762909E+00 1.590E+00
  3.763376E+00 1.816E+00
  3.763910E+00 2.179E+00
  3.764211E+00 2.331E+00
  3.764285E+00 2.423E+00
  3.764360E+00 2.574E+00
  3.764434E+00 2.848E+00
  3.764508E+00 3.459E+00
  3.764581E+00 5.766E+00
  3.764655E+00 4.812E+01
  3.764728E+00 2.290E+00
  3.764801E+00 1.713E+00
  3.764874E+00 1.795E+00
  3.765235E+00 2.329E+00
  3.765378E+00 2.454E+00
  3.765449E+00 2.414E+00
  3.765520E+00 2.193E+00
  3.765591E+00 1.674E+00
  3.765661E+00 9.475E-01
  3.765732E+00 4.916E-01
  3.765802E+00 5.334E-01
  3.765872E+00 8.356E-01
  3.765941E+00 1.186E+00
  3.766011E+00 1.510E+00
  3.766080E+00 1.793E+00
  3.766218E+00 2.244E+00
  3.766287E+00 2.409E+00
  3.766356E+00 2.521E+00
  3.766424E+00 2.569E+00
  3.766492E+00 2.539E+00
  3.766560E+00 2.426E+00
  3.766628E+00 2.234E+00
  3.766830E+00 1.446E+00
  3.766897E+00 1.210E+00
  3.766964E+00 1.016E+00
  3.767031E+00 8.690E-01
  3.767097E+00 7.647E-01
  3.767163E+00 6.978E-01
  3.767229E+00 6.620E-01
  3.767295E+00 6.519E-01
  3.767361E+00 6.634E-01
  3.767427E+00 6.940E-01
  3.767492E+00 7.428E-01
  3.767557E+00 8.112E-01
  3.767622E+00 9.027E-01
  3.767687E+00 1.025E+00
  3.767751E+00 1.193E+00
  3.767816E+00 1.434E+00
  3.767880E+00 1.804E+00
  3.767944E+00 2.424E+00
  3.768008E+00 3.578E+00
  3.768072E+00 5.852E+00
  3.768135E+00 8.784E+00
  3.768199E+00 6.937E+00
  3.768262E+00 3.476E+00
  3.768325E+00 1.888E+00
  3.768388E+00 1.239E+00
  3.768450E+00 9.526E-01
  3.768513E+00 8.184E-01
  3.768575E+00 7.556E-01
  3.768637E+00 7.293E-01
  3.768761E+00 7.288E-01
  3.769007E+00 8.035E-01
  3.769430E+00 1.003E+00
  3.770021E+00 1.327E+00
  3.770539E+00 1.472E+00
  3.770709E+00 1.607E+00
  3.770822E+00 1.729E+00
  3.770878E+00 1.747E+00
  3.770934E+00 2.527E+00
  3.770989E+00 2.084E+00
  3.771101E+00 2.071E+00
  3.771211E+00 1.969E+00
  3.771485E+00 1.513E+00
  3.771647E+00 1.319E+00
  3.771862E+00 1.178E+00
  3.772127E+00 1.109E+00
  3.772544E+00 1.104E+00
  3.773003E+00 1.175E+00
  3.773254E+00 1.264E+00
  3.773403E+00 1.376E+00
  3.773501E+00 1.532E+00
  3.773550E+00 1.676E+00
  3.773599E+00 1.921E+00
  3.773648E+00 2.377E+00
  3.773697E+00 3.176E+00
  3.773746E+00 3.633E+00
  3.773794E+00 2.676E+00
  3.773842E+00 1.902E+00
  3.773891E+00 1.680E+00
  3.773939E+00 1.934E+00
  3.773987E+00 1.861E+00
  3.774034E+00 1.580E+00
  3.774082E+00 1.464E+00
  3.774130E+00 1.420E+00
  3.774225E+00 1.417E+00
  3.774319E+00 1.488E+00
  3.774413E+00 1.662E+00
  3.774460E+00 1.717E+00
  3.774553E+00 1.502E+00
  3.774599E+00 1.436E+00
  3.774692E+00 1.407E+00
  3.774967E+00 1.492E+00
  3.775282E+00 1.681E+00
  3.775504E+00 1.914E+00
  3.775680E+00 2.113E+00
  3.775854E+00 2.238E+00
  3.775940E+00 2.404E+00
  3.775983E+00 2.561E+00
  3.776026E+00 2.834E+00
  3.776069E+00 3.419E+00
  3.776112E+00 5.489E+00
  3.776154E+00 4.296E+01
  3.776197E+00 2.482E+00
  3.776239E+00 1.803E+00
  3.776324E+00 2.026E+00
  3.776408E+00 2.255E+00
  3.776450E+00 2.333E+00
  3.776491E+00 2.351E+00
  3.776533E+00 2.253E+00
  3.776575E+00 1.957E+00
  3.776616E+00 1.435E+00
  3.776657E+00 8.534E-01
  3.776699E+00 4.969E-01
  3.776740E+00 4.485E-01
  3.776781E+00 5.956E-01
  3.776822E+00 8.224E-01
  3.776985E+00 1.773E+00
  3.777066E+00 2.176E+00
  3.777106E+00 2.333E+00
  3.777146E+00 2.433E+00
  3.777186E+00 2.450E+00
  3.777226E+00 2.361E+00
  3.777266E+00 2.162E+00
  3.777385E+00 1.283E+00
  3.777425E+00 1.047E+00
  3.777464E+00 8.730E-01
  3.777504E+00 7.577E-01
  3.777543E+00 6.906E-01
  3.777582E+00 6.609E-01
  3.777621E+00 6.594E-01
  3.777660E+00 6.796E-01
  3.777699E+00 7.170E-01
  3.777777E+00 8.350E-01
  3.777854E+00 1.014E+00
  3.777892E+00 1.134E+00
  3.777931E+00 1.285E+00
  3.777969E+00 1.483E+00
  3.778007E+00 1.753E+00
  3.778045E+00 2.144E+00
  3.778083E+00 2.749E+00
  3.778121E+00 3.760E+00
  3.778159E+00 5.508E+00
  3.778196E+00 7.945E+00
  3.778234E+00 8.154E+00
  3.778272E+00 5.029E+00
  3.778309E+00 2.725E+00
  3.778346E+00 1.658E+00
  3.778384E+00 1.177E+00
  3.778421E+00 9.504E-01
  3.778458E+00 8.423E-01
  3.778495E+00 7.936E-01
  3.778532E+00 7.770E-01
  3.778606E+00 7.913E-01
  3.778752E+00 8.925E-01
  3.779076E+00 1.182E+00
  3.779218E+00 1.242E+00
  3.779428E+00 1.259E+00
  3.779533E+00 1.349E+00
  3.779705E+00 1.653E+00
  3.779739E+00 1.556E+00
  3.779773E+00 2.024E+00
  3.779807E+00 1.969E+00
  3.779875E+00 1.930E+00
  3.779976E+00 1.719E+00
  3.780110E+00 1.404E+00
  3.780209E+00 1.254E+00
  3.780341E+00 1.151E+00
  3.780504E+00 1.109E+00
  3.780729E+00 1.135E+00
  3.780888E+00 1.207E+00
  3.780982E+00 1.292E+00
  3.781045E+00 1.392E+00
  3.781107E+00 1.571E+00
  3.781138E+00 1.722E+00
  3.781169E+00 1.948E+00
  3.781200E+00 2.286E+00
  3.781231E+00 2.718E+00
  3.781262E+00 2.983E+00
  3.781292E+00 2.694E+00
  3.781323E+00 2.135E+00
  3.781354E+00 1.719E+00
  3.781384E+00 1.483E+00
  3.781415E+00 1.362E+00
  3.781445E+00 1.310E+00
  3.781475E+00 1.321E+00
  3.781506E+00 1.430E+00
  3.781536E+00 1.642E+00
  3.781566E+00 1.643E+00
  3.781596E+00 1.503E+00
  3.781626E+00 1.417E+00
  3.781686E+00 1.360E+00
  3.781775E+00 1.391E+00
  3.781834E+00 1.482E+00
  3.781864E+00 1.574E+00
  3.781922E+00 1.838E+00
  3.781952E+00 1.710E+00
  3.781981E+00 1.511E+00
  3.782010E+00 1.413E+00
  3.782068E+00 1.370E+00
  3.782241E+00 1.446E+00
  3.782468E+00 1.642E+00
  3.782608E+00 1.857E+00
  3.782747E+00 2.103E+00
  3.782857E+00 2.240E+00
  3.782911E+00 2.425E+00
  3.782939E+00 2.598E+00
  3.782966E+00 2.895E+00
  3.782993E+00 3.542E+00
  3.783020E+00 5.990E+00
  3.783047E+00 4.258E+01
  3.783074E+00 2.363E+00
  3.783101E+00 1.863E+00
  3.783181E+00 2.211E+00
  3.783208E+00 2.282E+00
  3.783234E+00 2.273E+00
  3.783261E+00 2.115E+00
  3.783287E+00 1.739E+00
  3.783314E+00 1.188E+00
  3.783340E+00 6.889E-01
  3.783366E+00 4.459E-01
  3.783392E+00 4.496E-01
  3.783419E+00 5.910E-01
  3.783471E+00 9.980E-01
  3.783575E+00 1.817E+00
  3.783626E+00 2.171E+00
  3.783652E+00 2.296E+00
  3.783678E+00 2.350E+00
  3.783703E+00 2.299E+00
  3.783729E+00 2.126E+00
  3.783780E+00 1.527E+00
  3.783805E+00 1.225E+00
  3.783831E+00 9.854E-01
  3.783856E+00 8.196E-01
  3.783881E+00 7.201E-01
  3.783906E+00 6.727E-01
  3.783931E+00 6.636E-01
  3.783957E+00 6.824E-01
  3.783982E+00 7.218E-01
  3.784007E+00 7.773E-01
  3.784056E+00 9.300E-01
  3.784106E+00 1.145E+00
  3.784131E+00 1.286E+00
  3.784155E+00 1.462E+00
  3.784180E+00 1.688E+00
  3.784205E+00 1.992E+00
  3.784229E+00 2.422E+00
  3.784254E+00 3.067E+00
  3.784278E+00 4.083E+00
  3.784303E+00 5.692E+00
  3.784327E+00 7.707E+00
  3.784351E+00 8.040E+00
  3.784375E+00 5.548E+00
  3.784400E+00 3.211E+00
  3.784424E+00 1.963E+00
  3.784448E+00 1.359E+00
  3.784472E+00 1.061E+00
  3.784496E+00 9.125E-01
  3.784520E+00 8.405E-01
  3.784544E+00 8.104E-01
  3.784591E+00 8.128E-01
  3.784663E+00 8.818E-01
  3.784850E+00 1.128E+00
  3.784920E+00 1.168E+00
  3.785058E+00 1.152E+00
  3.785126E+00 1.205E+00
  3.785194E+00 1.347E+00
  3.785284E+00 1.606E+00
  3.785306E+00 1.474E+00
  3.785329E+00 1.960E+00
  3.785373E+00 1.891E+00
  3.785418E+00 1.801E+00
  3.785528E+00 1.425E+00
  3.785594E+00 1.269E+00
  3.785680E+00 1.160E+00
  3.785788E+00 1.119E+00
  3.785916E+00 1.148E+00
  3.786021E+00 1.240E+00
  3.786084E+00 1.360E+00
  3.786126E+00 1.508E+00
  3.786146E+00 1.624E+00
  3.786167E+00 1.785E+00
  3.786188E+00 2.011E+00
  3.786229E+00 2.621E+00
  3.786250E+00 2.734E+00
  3.786270E+00 2.483E+00
  3.786291E+00 2.063E+00
  3.786311E+00 1.718E+00
  3.786332E+00 1.496E+00
  3.786352E+00 1.366E+00
  3.786372E+00 1.294E+00
  3.786393E+00 1.264E+00
  3.786413E+00 1.274E+00
  3.786433E+00 1.347E+00
  3.786453E+00 1.516E+00
  3.786473E+00 1.633E+00
  3.786513E+00 1.436E+00
  3.786533E+00 1.376E+00
  3.786573E+00 1.335E+00
  3.786633E+00 1.363E+00
  3.786673E+00 1.436E+00
  3.786692E+00 1.507E+00
  3.786712E+00 1.627E+00
  3.786732E+00 1.802E+00
  3.786751E+00 1.850E+00
  3.786771E+00 1.619E+00
  3.786790E+00 1.442E+00
  3.786810E+00 1.372E+00
  3.786849E+00 1.348E+00
  3.787003E+00 1.466E+00
  3.787136E+00 1.647E+00
  3.787230E+00 1.867E+00
  3.787323E+00 2.105E+00
  3.787397E+00 2.258E+00
  3.787433E+00 2.468E+00
  3.787452E+00 2.663E+00
  3.787470E+00 3.010E+00
  3.787488E+00 3.816E+00
  3.787507E+00 7.528E+00
  3.787525E+00 2.042E+01
  3.787543E+00 2.139E+00
  3.787561E+00 1.913E+00
  3.787597E+00 2.152E+00
  3.787615E+00 2.236E+00
  3.787633E+00 2.239E+00
  3.787651E+00 2.091E+00
  3.787669E+00 1.723E+00
  3.787687E+00 1.177E+00
  3.787705E+00 6.825E-01
  3.787722E+00 4.391E-01
  3.787740E+00 4.346E-01
  3.787758E+00 5.625E-01
  3.787776E+00 7.433E-01
  3.787846E+00 1.517E+00
  3.787899E+00 2.049E+00
  3.787916E+00 2.185E+00
  3.787934E+00 2.263E+00
  3.787951E+00 2.248E+00
  3.787969E+00 2.109E+00
  3.787986E+00 1.854E+00
  3.788020E+00 1.222E+00
  3.788038E+00 9.734E-01
  3.788055E+00 8.050E-01
  3.788072E+00 7.095E-01
  3.788089E+00 6.703E-01
  3.788106E+00 6.716E-01
  3.788123E+00 7.014E-01
  3.788141E+00 7.519E-01
  3.788175E+00 8.987E-01
  3.788192E+00 9.929E-01
  3.788225E+00 1.232E+00
  3.788242E+00 1.387E+00
  3.788259E+00 1.577E+00
  3.788276E+00 1.821E+00
  3.788293E+00 2.145E+00
  3.788309E+00 2.595E+00
  3.788326E+00 3.253E+00
  3.788343E+00 4.250E+00
  3.788360E+00 5.740E+00
  3.788376E+00 7.499E+00
  3.788393E+00 7.903E+00
  3.788426E+00 3.577E+00
  3.788442E+00 2.216E+00
  3.788459E+00 1.515E+00
  3.788475E+00 1.158E+00
  3.788492E+00 9.730E-01
  3.788508E+00 8.794E-01
  3.788525E+00 8.359E-01
  3.788541E+00 8.217E-01
  3.788574E+00 8.398E-01
  3.788671E+00 1.013E+00
  3.788735E+00 1.111E+00
  3.788783E+00 1.125E+00
  3.788862E+00 1.096E+00
  3.788909E+00 1.143E+00
  3.788956E+00 1.277E+00
  3.789018E+00 1.547E+00
  3.789034E+00 1.571E+00
  3.789049E+00 2.829E+00
  3.789065E+00 1.885E+00
  3.789111E+00 1.794E+00
  3.789202E+00 1.378E+00
  3.789248E+00 1.242E+00
  3.789308E+00 1.151E+00
  3.789383E+00 1.125E+00
  3.789471E+00 1.177E+00
  3.789530E+00 1.277E+00
  3.789559E+00 1.368E+00
  3.789588E+00 1.521E+00
  3.789603E+00 1.637E+00
  3.789617E+00 1.794E+00
  3.789632E+00 2.007E+00
  3.789661E+00 2.531E+00
  3.789675E+00 2.620E+00
  3.789689E+00 2.418E+00
  3.789718E+00 1.741E+00
  3.789732E+00 1.520E+00
  3.789746E+00 1.382E+00
  3.789761E+00 1.300E+00
  3.789775E+00 1.257E+00
  3.789789E+00 1.248E+00
  3.789803E+00 1.280E+00
  3.789817E+00 1.383E+00
  3.789832E+00 1.561E+00
  3.789846E+00 1.612E+00
  3.789874E+00 1.411E+00
  3.789902E+00 1.332E+00
  3.789944E+00 1.331E+00
  3.789985E+00 1.411E+00
  3.789999E+00 1.473E+00
  3.790013E+00 1.576E+00
  3.790040E+00 1.872E+00
  3.790054E+00 1.696E+00
  3.790068E+00 1.471E+00
  3.790082E+00 1.373E+00
  3.790095E+00 1.340E+00
  3.790150E+00 1.360E+00
  3.790271E+00 1.527E+00
  3.790351E+00 1.715E+00
  3.790456E+00 2.098E+00
  3.790508E+00 2.251E+00
  3.790534E+00 2.451E+00
  3.790547E+00 2.634E+00
  3.790560E+00 2.946E+00
  3.790573E+00 3.620E+00
  3.790586E+00 6.159E+00
  3.790599E+00 4.057E+01
  3.790611E+00 2.467E+00
  3.790624E+00 1.931E+00
  3.790650E+00 2.149E+00
  3.790663E+00 2.221E+00
  3.790675E+00 2.191E+00
  3.790688E+00 1.981E+00
  3.790701E+00 1.539E+00
  3.790713E+00 9.776E-01
  3.790726E+00 5.577E-01
  3.790739E+00 4.079E-01
  3.790751E+00 4.595E-01
  3.790764E+00 6.078E-01
  3.790826E+00 1.529E+00
  3.790864E+00 2.030E+00
  3.790876E+00 2.152E+00
  3.790888E+00 2.211E+00
  3.790901E+00 2.170E+00
  3.790913E+00 2.004E+00
  3.790950E+00 1.109E+00
  3.790962E+00 8.879E-01
  3.790975E+00 7.509E-01
  3.790987E+00 6.842E-01
  3.790999E+00 6.694E-01
  3.791011E+00 6.907E-01
  3.791023E+00 7.373E-01
  3.791048E+00 8.819E-01
  3.791072E+00 1.083E+00
  3.791096E+00 1.355E+00
  3.791108E+00 1.532E+00
  3.791120E+00 1.752E+00
  3.791132E+00 2.035E+00
  3.791144E+00 2.415E+00
  3.791156E+00 2.945E+00
  3.791168E+00 3.716E+00
  3.791180E+00 4.855E+00
  3.791191E+00 6.410E+00
  3.791203E+00 7.771E+00
  3.791215E+00 7.285E+00
  3.791227E+00 5.085E+00
  3.791239E+00 3.161E+00
  3.791251E+00 2.039E+00
  3.791262E+00 1.446E+00
  3.791274E+00 1.134E+00
  3.791286E+00 9.687E-01
  3.791298E+00 8.840E-01
  3.791309E+00 8.449E-01
  3.791321E+00 8.329E-01
  3.791344E+00 8.531E-01
  3.791437E+00 1.070E+00
  3.791471E+00 1.099E+00
  3.791540E+00 1.059E+00
  3.791574E+00 1.103E+00
  3.791607E+00 1.231E+00
  3.791652E+00 1.501E+00
  3.791663E+00 1.548E+00
  3.791674E+00 1.389E+00
  3.791685E+00 1.897E+00
  3.791730E+00 1.733E+00
  3.791785E+00 1.388E+00
  3.791828E+00 1.217E+00
  3.791872E+00 1.144E+00
  3.791926E+00 1.133E+00
  3.791979E+00 1.188E+00
  3.792022E+00 1.301E+00
  3.792043E+00 1.407E+00
  3.792064E+00 1.585E+00
  3.792085E+00 1.900E+00
  3.792106E+00 2.380E+00
  3.792116E+00 2.548E+00
  3.792127E+00 2.490E+00
  3.792148E+00 1.885E+00
  3.792158E+00 1.625E+00
  3.792168E+00 1.450E+00
  3.792179E+00 1.340E+00
  3.792189E+00 1.276E+00
  3.792199E+00 1.244E+00
  3.792210E+00 1.245E+00
  3.792220E+00 1.290E+00
  3.792230E+00 1.412E+00
  3.792240E+00 1.585E+00
  3.792251E+00 1.599E+00
  3.792271E+00 1.398E+00
  3.792281E+00 1.349E+00
  3.792312E+00 1.314E+00
  3.792342E+00 1.361E+00
  3.792362E+00 1.453E+00
  3.792372E+00 1.546E+00
  3.792393E+00 1.857E+00
  3.792410E+00 1.545E+00
  3.802400E+00 2.457E+00
  3.802410E+00 1.747E+00
  3.877240E+00 1.698E+00
  3.977013E+00 1.595E+00
  4.176560E+00 1.401E+00
  4.425993E+00 1.188E+00
  4.675426E+00 1.013E+00
  5.049575E+00 8.210E-01
  5.423725E+00 6.762E-01
  5.922591E+00 5.318E-01
  6.246854E+00 4.599E-01
  6.373051E+00 4.331E-01
  6.501791E+00 4.079E-01
  6.633136E+00 3.841E-01
  6.767137E+00 3.618E-01
  6.903843E+00 3.407E-01
  7.043306E+00 3.209E-01
  7.185589E+00 3.022E-01
  7.330749E+00 2.846E-01
  7.478839E+00 2.680E-01
  7.629927E+00 2.524E-01
  7.784058E+00 2.377E-01
  7.941305E+00 2.239E-01
  8.101733E+00 2.108E-01
  8.265397E+00 1.985E-01
  8.432367E+00 1.870E-01
  8.602715E+00 1.761E-01
  8.776500E+00 1.658E-01
  8.953800E+00 1.562E-01
  9.134674E+00 1.471E-01
  9.319213E+00 1.385E-01
  9.507469E+00 1.305E-01
  9.699532E+00 1.229E-01
  9.895478E+00 1.157E-01
  1.009538E+01 1.090E-01
  1.029932E+01 1.026E-01
  1.050738E+01 9.664E-02
  1.071965E+01 9.101E-02
  1.093619E+01 8.571E-02
  1.115712E+01 8.072E-02
  1.138251E+01 7.602E-02
  1.161245E+01 7.159E-02
  1.184704E+01 6.742E-02
  1.208637E+01 6.350E-02
  1.233053E+01 5.980E-02
  1.257962E+01 5.632E-02
  1.283374E+01 5.304E-02
  1.309300E+01 4.995E-02
  1.335750E+01 4.704E-02
  1.362734E+01 4.430E-02
  1.390263E+01 4.172E-02
  1.418348E+01 3.929E-02
  1.447001E+01 3.700E-02
  1.476232E+01 3.485E-02
  1.506053E+01 3.282E-02
  1.536478E+01 3.091E-02
  1.567517E+01 2.911E-02
  1.599183E+01 2.741E-02
  1.631488E+01 2.582E-02
  1.664445E+01 2.431E-02
  1.698070E+01 2.290E-02
  1.732373E+01 2.156E-02
  1.767369E+01 2.031E-02
  1.803072E+01 1.913E-02
  1.839497E+01 1.801E-02
  1.876657E+01 1.696E-02
  1.914569E+01 1.597E-02
  1.953244E+01 1.504E-02
  1.992703E+01 1.417E-02
  2.032957E+01 1.334E-02
  2.074026E+01 1.257E-02
  2.115924E+01 1.183E-02
  2.158670E+01 1.115E-02
  2.202277E+01 1.050E-02
  2.246767E+01 9.885E-03
  2.292154E+01 9.309E-03
  2.338460E+01 8.767E-03
  2.385698E+01 8.257E-03
  2.433893E+01 7.776E-03
      30   2   2   111    2  -1.10225E-01    2313
  9.998041E-02 3.409E+01
  1.099804E-01 2.694E+01
  1.612651E-01 9.984E+00
  2.112459E-01 4.757E+00
  2.599666E-01 2.651E+00
  3.074693E-01 1.635E+00
  3.537941E-01 1.077E+00
  3.989798E-01 7.411E-01
  4.430633E-01 5.281E-01
  4.860802E-01 3.886E-01
  5.280647E-01 2.950E-01
  5.690495E-01 2.307E-01
  6.090661E-01 1.850E-01
  6.481448E-01 1.515E-01
  6.863146E-01 1.258E-01
  7.236036E-01 1.055E-01
  7.600386E-01 8.901E-02
  7.956454E-01 7.541E-02
  8.304491E-01 6.412E-02
  8.644736E-01 5.475E-02
  8.977419E-01 4.701E-02
  9.302764E-01 4.063E-02
  9.620983E-01 3.540E-02
  9.932285E-01 3.112E-02
  1.023687E+00 2.761E-02
  1.082664E+00 2.233E-02
  1.139175E+00 1.861E-02
  1.219612E+00 1.464E-02
  1.319421E+00 1.083E-02
  1.411529E+00 8.016E-03
  1.476024E+00 6.451E-03
  1.536915E+00 5.285E-03
  1.594464E+00 4.438E-03
  1.666410E+00 3.666E-03
  1.749360E+00 3.074E-03
  1.839795E+00 2.682E-03
  1.934354E+00 2.480E-03
  2.018733E+00 2.477E-03
  2.094344E+00 2.654E-03
  2.162360E+00 3.003E-03
  2.223765E+00 3.517E-03
  2.279390E+00 4.201E-03
  2.329937E+00 5.093E-03
  2.369679E+00 6.090E-03
  2.406460E+00 7.428E-03
  2.435056E+00 8.977E-03
  2.456697E+00 1.071E-02
  2.472251E+00 1.252E-02
  2.487256E+00 1.509E-02
  2.496967E+00 1.755E-02
  2.506453E+00 2.105E-02
  2.511114E+00 2.345E-02
  2.515721E+00 2.651E-02
  2.520275E+00 3.054E-02
  2.524776E+00 3.606E-02
  2.529227E+00 4.403E-02
  2.533626E+00 5.625E-02
  2.537976E+00 7.664E-02
  2.542277E+00 1.147E-01
  2.546530E+00 1.963E-01
  2.550735E+00 3.903E-01
  2.554893E+00 6.186E-01
  2.559005E+00 3.635E-01
  2.563071E+00 1.588E-01
  2.567093E+00 8.206E-02
  2.571070E+00 5.044E-02
  2.575004E+00 3.551E-02
  2.578894E+00 2.774E-02
  2.582743E+00 2.348E-02
  2.586550E+00 2.111E-02
  2.590316E+00 1.985E-02
  2.594041E+00 1.930E-02
  2.601372E+00 1.948E-02
  2.608549E+00 2.074E-02
  2.619032E+00 2.406E-02
  2.629189E+00 2.898E-02
  2.639035E+00 3.593E-02
  2.645431E+00 4.214E-02
  2.651699E+00 5.017E-02
  2.657840E+00 6.078E-02
  2.663858E+00 7.526E-02
  2.666823E+00 8.458E-02
  2.669758E+00 9.580E-02
  2.672663E+00 1.095E-01
  2.675541E+00 1.264E-01
  2.678389E+00 1.478E-01
  2.681210E+00 1.753E-01
  2.684004E+00 2.115E-01
  2.686770E+00 2.608E-01
  2.689509E+00 3.301E-01
  2.692222E+00 4.324E-01
  2.694909E+00 5.923E-01
  2.697569E+00 8.627E-01
  2.700205E+00 1.373E+00
  2.702815E+00 2.497E+00
  2.705400E+00 5.561E+00
  2.707961E+00 1.398E+01
  2.710497E+00 1.228E+01
  2.713010E+00 4.633E+00
  2.715499E+00 2.075E+00
  2.717964E+00 1.127E+00
  2.720407E+00 6.936E-01
  2.722826E+00 4.643E-01
  2.725224E+00 3.295E-01
  2.727599E+00 2.441E-01
  2.729952E+00 1.869E-01
  2.732283E+00 1.468E-01
  2.734594E+00 1.176E-01
  2.736883E+00 9.591E-02
  2.739151E+00 7.929E-02
  2.741398E+00 6.633E-02
  2.743625E+00 5.605E-02
  2.745832E+00 4.777E-02
  2.748019E+00 4.103E-02
  2.750187E+00 3.547E-02
  2.752335E+00 3.085E-02
  2.754464E+00 2.697E-02
  2.758665E+00 2.091E-02
  2.762792E+00 1.647E-02
  2.766847E+00 1.317E-02
  2.770831E+00 1.067E-02
  2.774746E+00 8.770E-03
  2.778594E+00 7.313E-03
  2.782376E+00 6.198E-03
  2.787929E+00 5.010E-03
  2.793341E+00 4.258E-03
  2.798619E+00 3.831E-03
  2.803765E+00 3.658E-03
  2.808785E+00 3.691E-03
  2.815289E+00 4.005E-03
  2.821584E+00 4.589E-03
  2.827679E+00 5.426E-03
  2.835031E+00 6.838E-03
  2.842099E+00 8.703E-03
  2.848898E+00 1.114E-02
  2.854152E+00 1.366E-02
  2.859250E+00 1.694E-02
  2.862973E+00 2.024E-02
  2.866615E+00 2.488E-02
  2.868998E+00 2.950E-02
  2.870176E+00 3.270E-02
  2.871346E+00 3.696E-02
  2.872507E+00 4.308E-02
  2.873660E+00 5.290E-02
  2.874804E+00 7.175E-02
  2.875941E+00 1.223E-01
  2.877069E+00 4.502E-01
  2.878188E+00 5.749E-01
  2.879300E+00 3.014E-02
  2.880404E+00 1.188E-02
  2.881500E+00 1.211E-02
  2.887913E+00 2.702E-02
  2.894060E+00 4.151E-02
  2.898017E+00 5.317E-02
  2.901867E+00 6.797E-02
  2.904685E+00 8.227E-02
  2.907447E+00 1.007E-01
  2.910154E+00 1.253E-01
  2.911928E+00 1.467E-01
  2.913679E+00 1.741E-01
  2.915406E+00 2.099E-01
  2.917111E+00 2.584E-01
  2.917955E+00 2.894E-01
  2.918794E+00 3.265E-01
  2.919627E+00 3.716E-01
  2.920455E+00 4.270E-01
  2.921277E+00 4.964E-01
  2.922094E+00 5.848E-01
  2.922906E+00 6.998E-01
  2.923712E+00 8.534E-01
  2.924513E+00 1.064E+00
  2.925309E+00 1.365E+00
  2.926100E+00 1.810E+00
  2.926886E+00 2.505E+00
  2.927667E+00 3.651E+00
  2.928442E+00 5.648E+00
  2.929213E+00 9.170E+00
  2.929979E+00 1.429E+01
  2.930740E+00 1.677E+01
  2.931497E+00 1.294E+01
  2.932248E+00 8.204E+00
  2.932995E+00 5.216E+00
  2.933737E+00 3.514E+00
  2.934475E+00 2.515E+00
  2.935207E+00 1.895E+00
  2.935936E+00 1.490E+00
  2.936659E+00 1.214E+00
  2.937378E+00 1.019E+00
  2.938093E+00 8.767E-01
  2.938803E+00 7.713E-01
  2.939509E+00 6.917E-01
  2.940211E+00 6.309E-01
  2.941601E+00 5.483E-01
  2.942974E+00 5.005E-01
  2.945003E+00 4.693E-01
  2.946994E+00 4.712E-01
  2.948950E+00 4.983E-01
  2.950871E+00 5.493E-01
  2.952758E+00 6.265E-01
  2.954611E+00 7.363E-01
  2.956432E+00 8.900E-01
  2.958221E+00 1.107E+00
  2.959396E+00 1.302E+00
  2.960558E+00 1.555E+00
  2.961706E+00 1.890E+00
  2.962841E+00 2.344E+00
  2.963404E+00 2.633E+00
  2.963963E+00 2.977E+00
  2.964520E+00 3.392E+00
  2.965073E+00 3.897E+00
  2.965623E+00 4.519E+00
  2.966169E+00 5.298E+00
  2.966713E+00 6.291E+00
  2.967254E+00 7.580E+00
  2.967791E+00 9.297E+00
  2.968326E+00 1.165E+01
  2.968857E+00 1.498E+01
  2.969386E+00 1.993E+01
  2.969912E+00 2.768E+01
  2.970434E+00 4.077E+01
  2.970954E+00 6.516E+01
  2.971471E+00 1.172E+02
  2.971985E+00 2.472E+02
  2.972496E+00 5.438E+02
  2.973004E+00 5.333E+02
  2.973510E+00 2.431E+02
  2.974012E+00 1.174E+02
  2.974512E+00 6.642E+01
  2.975009E+00 4.221E+01
  2.975504E+00 2.907E+01
  2.975995E+00 2.121E+01
  2.976484E+00 1.615E+01
  2.976971E+00 1.271E+01
  2.977454E+00 1.026E+01
  2.977935E+00 8.459E+00
  2.978414E+00 7.095E+00
  2.978890E+00 6.037E+00
  2.979363E+00 5.199E+00
  2.979834E+00 4.524E+00
  2.980302E+00 3.972E+00
  2.980767E+00 3.515E+00
  2.981691E+00 2.806E+00
  2.982605E+00 2.287E+00
  2.983509E+00 1.895E+00
  2.984848E+00 1.462E+00
  2.986165E+00 1.147E+00
  2.987461E+00 9.079E-01
  2.989159E+00 6.600E-01
  2.991231E+00 4.117E-01
  2.994044E+00 1.002E-01
  2.994438E+00 6.075E-02
  2.994829E+00 2.947E-02
  2.995219E+00 1.753E-02
  2.995607E+00 5.252E-02
  2.995992E+00 2.105E-01
  2.996376E+00 7.428E-01
  2.996758E+00 2.793E+00
  2.997138E+00 1.673E+01
  2.997516E+00 7.471E+03
  2.997892E+00 3.049E+01
  2.998267E+00 9.733E+00
  2.998639E+00 5.344E+00
  2.999009E+00 3.625E+00
  2.999378E+00 2.743E+00
  2.999745E+00 2.218E+00
  3.000110E+00 1.872E+00
  3.000473E+00 1.628E+00
  3.000835E+00 1.447E+00
  3.001194E+00 1.307E+00
  3.001908E+00 1.106E+00
  3.002615E+00 9.677E-01
  3.003663E+00 8.247E-01
  3.005036E+00 6.992E-01
  3.006715E+00 5.959E-01
  3.008999E+00 5.008E-01
  3.011207E+00 4.381E-01
  3.012132E+00 4.259E-01
  3.012741E+00 4.331E-01
  3.013044E+00 4.470E-01
  3.013345E+00 4.735E-01
  3.013644E+00 5.213E-01
  3.013943E+00 6.066E-01
  3.014240E+00 7.613E-01
  3.014535E+00 1.054E+00
  3.014829E+00 1.648E+00
  3.015122E+00 2.997E+00
  3.015413E+00 6.696E+00
  3.015703E+00 2.121E+01
  3.015992E+00 1.591E+02
  3.016280E+00 2.400E+02
  3.016566E+00 4.399E+01
  3.016851E+00 2.016E+01
  3.017134E+00 1.296E+01
  3.017416E+00 9.902E+00
  3.017697E+00 8.406E+00
  3.017977E+00 7.681E+00
  3.018255E+00 7.430E+00
  3.018532E+00 7.541E+00
  3.018808E+00 7.998E+00
  3.019083E+00 8.861E+00
  3.019356E+00 1.028E+01
  3.019628E+00 1.254E+01
  3.019899E+00 1.621E+01
  3.020169E+00 2.227E+01
  3.020437E+00 3.214E+01
  3.020705E+00 4.491E+01
  3.020971E+00 4.935E+01
  3.021236E+00 3.708E+01
  3.021499E+00 2.268E+01
  3.021762E+00 1.368E+01
  3.022023E+00 8.697E+00
  3.022284E+00 5.869E+00
  3.022543E+00 4.179E+00
  3.022801E+00 3.114E+00
  3.023057E+00 2.411E+00
  3.023313E+00 1.929E+00
  3.023568E+00 1.587E+00
  3.023821E+00 1.338E+00
  3.024073E+00 1.152E+00
  3.024325E+00 1.011E+00
  3.024575E+00 9.012E-01
  3.024824E+00 8.154E-01
  3.025318E+00 6.925E-01
  3.025809E+00 6.124E-01
  3.026537E+00 5.393E-01
  3.027492E+00 4.914E-01
  3.028664E+00 4.752E-01
  3.029811E+00 4.897E-01
  3.030934E+00 5.315E-01
  3.032033E+00 6.076E-01
  3.032896E+00 7.070E-01
  3.033534E+00 8.187E-01
  3.034164E+00 9.844E-01
  3.034580E+00 1.144E+00
  3.034992E+00 1.367E+00
  3.035197E+00 1.515E+00
  3.035401E+00 1.697E+00
  3.035604E+00 1.925E+00
  3.035807E+00 2.217E+00
  3.036008E+00 2.599E+00
  3.036209E+00 3.116E+00
  3.036409E+00 3.841E+00
  3.036608E+00 4.904E+00
  3.036806E+00 6.560E+00
  3.037004E+00 9.342E+00
  3.037201E+00 1.450E+01
  3.037397E+00 2.524E+01
  3.037592E+00 4.820E+01
  3.037786E+00 6.968E+01
  3.037980E+00 4.390E+01
  3.038172E+00 2.048E+01
  3.038364E+00 1.044E+01
  3.038556E+00 5.962E+00
  3.038746E+00 3.713E+00
  3.038936E+00 2.461E+00
  3.039125E+00 1.707E+00
  3.039313E+00 1.225E+00
  3.039500E+00 9.018E-01
  3.039687E+00 6.775E-01
  3.039873E+00 5.170E-01
  3.040058E+00 3.992E-01
  3.040243E+00 3.111E-01
  3.040426E+00 2.441E-01
  3.040609E+00 1.923E-01
  3.040792E+00 1.520E-01
  3.040973E+00 1.202E-01
  3.041154E+00 9.496E-02
  3.041334E+00 7.479E-02
  3.041514E+00 5.861E-02
  3.041693E+00 4.559E-02
  3.041871E+00 3.510E-02
  3.042048E+00 2.665E-02
  3.042225E+00 1.988E-02
  3.042401E+00 1.448E-02
  3.042576E+00 1.023E-02
  3.042751E+00 6.939E-03
  3.042925E+00 4.467E-03
  3.043098E+00 2.701E-03
  3.043271E+00 1.556E-03
  3.043442E+00 9.677E-04
  3.043614E+00 8.924E-04
  3.043784E+00 1.306E-03
  3.043954E+00 2.204E-03
  3.044124E+00 3.605E-03
  3.044292E+00 5.553E-03
  3.044460E+00 8.129E-03
  3.044628E+00 1.146E-02
  3.044794E+00 1.576E-02
  3.044960E+00 2.134E-02
  3.045126E+00 2.872E-02
  3.045291E+00 3.876E-02
  3.045455E+00 5.298E-02
  3.045618E+00 7.425E-02
  3.045781E+00 1.085E-01
  3.045944E+00 1.700E-01
  3.046105E+00 3.003E-01
  3.046267E+00 6.695E-01
  3.046427E+00 2.732E+00
  3.046587E+00 4.808E+02
  3.046746E+00 1.898E+00
  3.046905E+00 4.639E-01
  3.047063E+00 1.911E-01
  3.047220E+00 9.720E-02
  3.047377E+00 5.508E-02
  3.047534E+00 3.316E-02
  3.047689E+00 2.065E-02
  3.047845E+00 1.306E-02
  3.047999E+00 8.281E-03
  3.048153E+00 5.202E-03
  3.048307E+00 3.210E-03
  3.048459E+00 1.938E-03
  3.048612E+00 1.158E-03
  3.048763E+00 7.254E-04
  3.048915E+00 5.402E-04
  3.049065E+00 5.355E-04
  3.049215E+00 6.636E-04
  3.049365E+00 8.900E-04
  3.049514E+00 1.189E-03
  3.049662E+00 1.540E-03
  3.050250E+00 3.143E-03
  3.050396E+00 3.487E-03
  3.050541E+00 3.716E-03
  3.050686E+00 3.693E-03
  3.050830E+00 3.106E-03
  3.050973E+00 3.882E-03
  3.051116E+00 7.166E-02
  3.051259E+00 2.194E-02
  3.051401E+00 1.840E-02
  3.051542E+00 1.838E-02
  3.051683E+00 1.969E-02
  3.051824E+00 2.200E-02
  3.051964E+00 2.546E-02
  3.052103E+00 3.054E-02
  3.052242E+00 3.818E-02
  3.052381E+00 5.019E-02
  3.052519E+00 7.036E-02
  3.052656E+00 1.074E-01
  3.052793E+00 1.853E-01
  3.052930E+00 3.877E-01
  3.053066E+00 1.183E+00
  3.053201E+00 1.101E+01
  3.053336E+00 7.138E+00
  3.053471E+00 1.269E+00
  3.053605E+00 5.456E-01
  3.053738E+00 3.226E-01
  3.053871E+00 2.247E-01
  3.054004E+00 1.728E-01
  3.054136E+00 1.420E-01
  3.054268E+00 1.223E-01
  3.054399E+00 1.091E-01
  3.054530E+00 9.988E-02
  3.054660E+00 9.336E-02
  3.054920E+00 8.545E-02
  3.055305E+00 8.112E-02
  3.055686E+00 8.222E-02
  3.056064E+00 8.750E-02
  3.056438E+00 9.728E-02
  3.056807E+00 1.133E-01
  3.057052E+00 1.293E-01
  3.057294E+00 1.521E-01
  3.057415E+00 1.673E-01
  3.057535E+00 1.860E-01
  3.057655E+00 2.095E-01
  3.057775E+00 2.394E-01
  3.057894E+00 2.783E-01
  3.058012E+00 3.303E-01
  3.058130E+00 4.018E-01
  3.058248E+00 5.036E-01
  3.058366E+00 6.545E-01
  3.058483E+00 8.890E-01
  3.058599E+00 1.271E+00
  3.058716E+00 1.907E+00
  3.058947E+00 3.844E+00
  3.059062E+00 3.664E+00
  3.059177E+00 2.576E+00
  3.059291E+00 1.649E+00
  3.059405E+00 1.081E+00
  3.059518E+00 7.471E-01
  3.059632E+00 5.445E-01
  3.059744E+00 4.155E-01
  3.059857E+00 3.295E-01
  3.059969E+00 2.699E-01
  3.060080E+00 2.274E-01
  3.060192E+00 1.961E-01
  3.060303E+00 1.726E-01
  3.060413E+00 1.546E-01
  3.060523E+00 1.406E-01
  3.060742E+00 1.211E-01
  3.060960E+00 1.087E-01
  3.061284E+00 9.828E-02
  3.061711E+00 9.308E-02
  3.062237E+00 9.490E-02
  3.062754E+00 1.036E-01
  3.063263E+00 1.197E-01
  3.063664E+00 1.403E-01
  3.063962E+00 1.626E-01
  3.064256E+00 1.945E-01
  3.064451E+00 2.241E-01
  3.064645E+00 2.639E-01
  3.064837E+00 3.198E-01
  3.064933E+00 3.568E-01
  3.065029E+00 4.023E-01
  3.065124E+00 4.594E-01
  3.065219E+00 5.325E-01
  3.065313E+00 6.285E-01
  3.065407E+00 7.585E-01
  3.065501E+00 9.412E-01
  3.065595E+00 1.210E+00
  3.065688E+00 1.631E+00
  3.065781E+00 2.343E+00
  3.065874E+00 3.673E+00
  3.065967E+00 6.468E+00
  3.066059E+00 1.246E+01
  3.066151E+00 1.764E+01
  3.066242E+00 1.077E+01
  3.066334E+00 5.015E+00
  3.066425E+00 2.568E+00
  3.066515E+00 1.474E+00
  3.066606E+00 9.210E-01
  3.066696E+00 6.114E-01
  3.066786E+00 4.241E-01
  3.066875E+00 3.040E-01
  3.066965E+00 2.232E-01
  3.067054E+00 1.668E-01
  3.067143E+00 1.264E-01
  3.067231E+00 9.660E-02
  3.067319E+00 7.427E-02
  3.067407E+00 5.724E-02
  3.067495E+00 4.407E-02
  3.067582E+00 3.378E-02
  3.067670E+00 2.567E-02
  3.067756E+00 1.923E-02
  3.067843E+00 1.411E-02
  3.067929E+00 1.004E-02
  3.068015E+00 6.827E-03
  3.068101E+00 4.342E-03
  3.068187E+00 2.501E-03
  3.068272E+00 1.284E-03
  3.068357E+00 7.422E-04
  3.068442E+00 1.062E-03
  3.068526E+00 2.703E-03
  3.068611E+00 6.799E-03
  3.068695E+00 1.651E-02
  3.068778E+00 4.307E-02
  3.068862E+00 1.502E-01
  3.068945E+00 1.818E+00
  3.069028E+00 1.298E+00
  3.069111E+00 1.755E-01
  3.069193E+00 6.704E-02
  3.069276E+00 3.479E-02
  3.069358E+00 2.079E-02
  3.069439E+00 1.341E-02
  3.069521E+00 9.039E-03
  3.069602E+00 6.255E-03
  3.069683E+00 4.392E-03
  3.069764E+00 3.106E-03
  3.069844E+00 2.202E-03
  3.069925E+00 1.564E-03
  3.070005E+00 1.117E-03
  3.070084E+00 8.122E-04
  3.070164E+00 6.152E-04
  3.070243E+00 5.021E-04
  3.070322E+00 4.555E-04
  3.070401E+00 4.624E-04
  3.070480E+00 5.131E-04
  3.070558E+00 6.001E-04
  3.070636E+00 7.177E-04
  3.070714E+00 8.615E-04
  3.070792E+00 1.028E-03
  3.070947E+00 1.420E-03
  3.071100E+00 1.880E-03
  3.071329E+00 2.693E-03
  3.071556E+00 3.697E-03
  3.071631E+00 4.228E-03
  3.071706E+00 4.432E-03
  3.071856E+00 5.455E-03
  3.072004E+00 6.785E-03
  3.072078E+00 7.652E-03
  3.072152E+00 8.731E-03
  3.072225E+00 1.012E-02
  3.072298E+00 1.196E-02
  3.072371E+00 1.453E-02
  3.072444E+00 1.827E-02
  3.072517E+00 2.403E-02
  3.072589E+00 3.357E-02
  3.072661E+00 5.092E-02
  3.072733E+00 8.702E-02
  3.072805E+00 1.801E-01
  3.072877E+00 5.407E-01
  3.072948E+00 4.741E+00
  3.073019E+00 3.215E+00
  3.073090E+00 5.764E-01
  3.073161E+00 2.468E-01
  3.073231E+00 1.455E-01
  3.073302E+00 1.011E-01
  3.073372E+00 7.772E-02
  3.073442E+00 6.389E-02
  3.073512E+00 5.509E-02
  3.073581E+00 4.920E-02
  3.073650E+00 4.514E-02
  3.073788E+00 4.029E-02
  3.073926E+00 3.801E-02
  3.074130E+00 3.727E-02
  3.074333E+00 3.870E-02
  3.074534E+00 4.199E-02
  3.074733E+00 4.746E-02
  3.074931E+00 5.605E-02
  3.075062E+00 6.450E-02
  3.075192E+00 7.642E-02
  3.075257E+00 8.429E-02
  3.075321E+00 9.396E-02
  3.075386E+00 1.060E-01
  3.075450E+00 1.213E-01
  3.075514E+00 1.410E-01
  3.075578E+00 1.671E-01
  3.075642E+00 2.026E-01
  3.075705E+00 2.526E-01
  3.075769E+00 3.254E-01
  3.075832E+00 4.365E-01
  3.075895E+00 6.135E-01
  3.075958E+00 9.052E-01
  3.076020E+00 1.372E+00
  3.076083E+00 1.944E+00
  3.076145E+00 2.131E+00
  3.076207E+00 1.672E+00
  3.076269E+00 1.110E+00
  3.076331E+00 7.282E-01
  3.076393E+00 4.990E-01
  3.076454E+00 3.599E-01
  3.076515E+00 2.719E-01
  3.076576E+00 2.138E-01
  3.076637E+00 1.738E-01
  3.076698E+00 1.454E-01
  3.076759E+00 1.245E-01
  3.076819E+00 1.090E-01
  3.076880E+00 9.705E-02
  3.076940E+00 8.783E-02
  3.077059E+00 7.485E-02
  3.077179E+00 6.662E-02
  3.077356E+00 5.952E-02
  3.077532E+00 5.622E-02
  3.077765E+00 5.544E-02
  3.078052E+00 5.856E-02
  3.078335E+00 6.583E-02
  3.078559E+00 7.534E-02
  3.078780E+00 8.974E-02
  3.078945E+00 1.056E-01
  3.079108E+00 1.287E-01
  3.079217E+00 1.505E-01
  3.079324E+00 1.804E-01
  3.079378E+00 1.999E-01
  3.079431E+00 2.236E-01
  3.079485E+00 2.527E-01
  3.079538E+00 2.893E-01
  3.079591E+00 3.362E-01
  3.079644E+00 3.977E-01
  3.079697E+00 4.811E-01
  3.079749E+00 5.983E-01
  3.079802E+00 7.706E-01
  3.079854E+00 1.039E+00
  3.079906E+00 1.492E+00
  3.079958E+00 2.329E+00
  3.080010E+00 4.057E+00
  3.080062E+00 7.656E+00
  3.080114E+00 1.086E+01
  3.080165E+00 7.001E+00
  3.080217E+00 3.366E+00
  3.080268E+00 1.750E+00
  3.080319E+00 1.014E+00
  3.080370E+00 6.391E-01
  3.080421E+00 4.280E-01
  3.080472E+00 2.997E-01
  3.080522E+00 2.170E-01
  3.080573E+00 1.611E-01
  3.080623E+00 1.219E-01
  3.080673E+00 9.364E-02
  3.080723E+00 7.268E-02
  3.080773E+00 5.684E-02
  3.080823E+00 4.464E-02
  3.080873E+00 3.511E-02
  3.080923E+00 2.756E-02
  3.080972E+00 2.150E-02
  3.081021E+00 1.659E-02
  3.081071E+00 1.256E-02
  3.081120E+00 9.224E-03
  3.081169E+00 6.444E-03
  3.081217E+00 4.127E-03
  3.081266E+00 2.252E-03
  3.081315E+00 9.806E-04
  3.081363E+00 1.186E-03
  3.081412E+00 8.309E-03
  3.081460E+00 1.136E-01
  3.081508E+00 5.898E-01
  3.081556E+00 5.659E-02
  3.081604E+00 2.348E-02
  3.081651E+00 1.352E-02
  3.081699E+00 8.903E-03
  3.081747E+00 6.280E-03
  3.081794E+00 4.607E-03
  3.081841E+00 3.461E-03
  3.081888E+00 2.641E-03
  3.081935E+00 2.039E-03
  3.081982E+00 1.592E-03
  3.082029E+00 1.257E-03
  3.082076E+00 1.010E-03
  3.082122E+00 8.299E-04
  3.082169E+00 7.047E-04
  3.082215E+00 6.238E-04
  3.082261E+00 5.797E-04
  3.082307E+00 5.664E-04
  3.082353E+00 5.794E-04
  3.082399E+00 6.148E-04
  3.082445E+00 6.696E-04
  3.082536E+00 8.282E-04
  3.082627E+00 1.041E-03
  3.082762E+00 1.439E-03
  3.083029E+00 2.416E-03
  3.083073E+00 2.546E-03
  3.083117E+00 2.566E-03
  3.083161E+00 2.075E-03
  3.083205E+00 1.214E-02
  3.083249E+00 5.688E-03
  3.083293E+00 5.560E-03
  3.083336E+00 5.898E-03
  3.083380E+00 6.459E-03
  3.083423E+00 7.229E-03
  3.083466E+00 8.260E-03
  3.083509E+00 9.657E-03
  3.083552E+00 1.161E-02
  3.083595E+00 1.444E-02
  3.083638E+00 1.879E-02
  3.083681E+00 2.593E-02
  3.083723E+00 3.876E-02
  3.083766E+00 6.507E-02
  3.083808E+00 1.316E-01
  3.083850E+00 3.806E-01
  3.083893E+00 2.990E+00
  3.083935E+00 2.551E+00
  3.083977E+00 4.310E-01
  3.084019E+00 1.793E-01
  3.084060E+00 1.037E-01
  3.084102E+00 7.111E-02
  3.084144E+00 5.406E-02
  3.084185E+00 4.404E-02
  3.084226E+00 3.769E-02
  3.084268E+00 3.346E-02
  3.084309E+00 3.054E-02
  3.084350E+00 2.849E-02
  3.084432E+00 2.603E-02
  3.084554E+00 2.472E-02
  3.084675E+00 2.506E-02
  3.084795E+00 2.662E-02
  3.084915E+00 2.940E-02
  3.085033E+00 3.376E-02
  3.085112E+00 3.792E-02
  3.085190E+00 4.357E-02
  3.085268E+00 5.148E-02
  3.085307E+00 5.665E-02
  3.085346E+00 6.297E-02
  3.085384E+00 7.077E-02
  3.085423E+00 8.058E-02
  3.085461E+00 9.314E-02
  3.085499E+00 1.096E-01
  3.085538E+00 1.316E-01
  3.085576E+00 1.621E-01
  3.085614E+00 2.057E-01
  3.085652E+00 2.708E-01
  3.085690E+00 3.723E-01
  3.085728E+00 5.375E-01
  3.085765E+00 8.106E-01
  3.085803E+00 1.218E+00
  3.085841E+00 1.578E+00
  3.085878E+00 1.475E+00
  3.085915E+00 1.047E+00
  3.085953E+00 6.849E-01
  3.085990E+00 4.586E-01
  3.086027E+00 3.227E-01
  3.086064E+00 2.386E-01
  3.086101E+00 1.842E-01
  3.086138E+00 1.475E-01
  3.086175E+00 1.218E-01
  3.086211E+00 1.032E-01
  3.086248E+00 8.940E-02
  3.086284E+00 7.896E-02
  3.086321E+00 7.091E-02
  3.086357E+00 6.461E-02
  3.086430E+00 5.568E-02
  3.086502E+00 4.996E-02
  3.086609E+00 4.501E-02
  3.086716E+00 4.274E-02
  3.086857E+00 4.234E-02
  3.087032E+00 4.489E-02
  3.087205E+00 5.065E-02
  3.087342E+00 5.816E-02
  3.087443E+00 6.627E-02
  3.087545E+00 7.755E-02
  3.087645E+00 9.380E-02
  3.087712E+00 1.090E-01
  3.087778E+00 1.297E-01
  3.087844E+00 1.589E-01
  3.087877E+00 1.785E-01
  3.087910E+00 2.026E-01
  3.087942E+00 2.332E-01
  3.087975E+00 2.727E-01
  3.088008E+00 3.250E-01
  3.088040E+00 3.967E-01
  3.088073E+00 4.987E-01
  3.088105E+00 6.512E-01
  3.088137E+00 8.941E-01
  3.088170E+00 1.313E+00
  3.088202E+00 2.112E+00
  3.088234E+00 3.787E+00
  3.088266E+00 6.915E+00
  3.088298E+00 7.801E+00
  3.088330E+00 4.349E+00
  3.088362E+00 2.139E+00
  3.088393E+00 1.161E+00
  3.088425E+00 6.966E-01
  3.088457E+00 4.507E-01
  3.088488E+00 3.082E-01
  3.088520E+00 2.196E-01
  3.088551E+00 1.614E-01
  3.088582E+00 1.215E-01
  3.088614E+00 9.317E-02
  3.088645E+00 7.250E-02
  3.088676E+00 5.705E-02
  3.088707E+00 4.526E-02
  3.088738E+00 3.612E-02
  3.088769E+00 2.891E-02
  3.088800E+00 2.316E-02
  3.088831E+00 1.850E-02
  3.088861E+00 1.468E-02
  3.088892E+00 1.150E-02
  3.088923E+00 8.806E-03
  3.088953E+00 6.471E-03
  3.088983E+00 4.383E-03
  3.089014E+00 2.467E-03
  3.089044E+00 9.225E-04
  3.089074E+00 5.114E-03
  3.089105E+00 1.482E+00
  3.089135E+00 2.706E-02
  3.089165E+00 1.179E-02
  3.089195E+00 7.364E-03
  3.089225E+00 5.213E-03
  3.089255E+00 3.912E-03
  3.089284E+00 3.031E-03
  3.089314E+00 2.396E-03
  3.089344E+00 1.922E-03
  3.089373E+00 1.562E-03
  3.089403E+00 1.286E-03
  3.089432E+00 1.075E-03
  3.089462E+00 9.162E-04
  3.089491E+00 7.997E-04
  3.089520E+00 7.183E-04
  3.089550E+00 6.664E-04
  3.089579E+00 6.395E-04
  3.089608E+00 6.341E-04
  3.089637E+00 6.473E-04
  3.089666E+00 6.769E-04
  3.089724E+00 7.774E-04
  3.089781E+00 9.238E-04
  3.089867E+00 1.212E-03
  3.089981E+00 1.698E-03
  3.090093E+00 2.222E-03
  3.090121E+00 2.304E-03
  3.090149E+00 2.279E-03
  3.090177E+00 1.908E-03
  3.090205E+00 2.631E-01
  3.090233E+00 6.976E-03
  3.090261E+00 6.011E-03
  3.090288E+00 6.151E-03
  3.090316E+00 6.657E-03
  3.090343E+00 7.447E-03
  3.090371E+00 8.570E-03
  3.090398E+00 1.016E-02
  3.090426E+00 1.247E-02
  3.090453E+00 1.597E-02
  3.090480E+00 2.164E-02
  3.090507E+00 3.161E-02
  3.090535E+00 5.144E-02
  3.090562E+00 9.917E-02
  3.090589E+00 2.617E-01
  3.090616E+00 1.553E+00
  3.090643E+00 3.445E+00
  3.090669E+00 4.371E-01
  3.090696E+00 1.654E-01
  3.090723E+00 9.129E-02
  3.090750E+00 6.077E-02
  3.090776E+00 4.526E-02
  3.090803E+00 3.631E-02
  3.090829E+00 3.070E-02
  3.090856E+00 2.699E-02
  3.090882E+00 2.445E-02
  3.090909E+00 2.266E-02
  3.090961E+00 2.049E-02
  3.091040E+00 1.924E-02
  3.091118E+00 1.933E-02
  3.091221E+00 2.089E-02
  3.091298E+00 2.312E-02
  3.091374E+00 2.655E-02
  3.091450E+00 3.181E-02
  3.091500E+00 3.695E-02
  3.091550E+00 4.420E-02
  3.091575E+00 4.900E-02
  3.091600E+00 5.491E-02
  3.091625E+00 6.228E-02
  3.091650E+00 7.166E-02
  3.091675E+00 8.383E-02
  3.091699E+00 1.000E-01
  3.091724E+00 1.221E-01
  3.091749E+00 1.534E-01
  3.091773E+00 1.993E-01
  3.091798E+00 2.698E-01
  3.091822E+00 3.830E-01
  3.091847E+00 5.711E-01
  3.091871E+00 8.729E-01
  3.091896E+00 1.236E+00
  3.091920E+00 1.335E+00
  3.091944E+00 1.033E+00
  3.091968E+00 6.847E-01
  3.091992E+00 4.516E-01
  3.092017E+00 3.116E-01
  3.092041E+00 2.263E-01
  3.092065E+00 1.721E-01
  3.092089E+00 1.361E-01
  3.092112E+00 1.112E-01
  3.092136E+00 9.337E-02
  3.092160E+00 8.029E-02
  3.092184E+00 7.045E-02
  3.092208E+00 6.291E-02
  3.092231E+00 5.703E-02
  3.092278E+00 4.873E-02
  3.092325E+00 4.341E-02
  3.092396E+00 3.878E-02
  3.092465E+00 3.657E-02
  3.092558E+00 3.597E-02
  3.092672E+00 3.788E-02
  3.092785E+00 4.249E-02
  3.092875E+00 4.860E-02
  3.092942E+00 5.519E-02
  3.093009E+00 6.436E-02
  3.093075E+00 7.752E-02
  3.093119E+00 8.976E-02
  3.093162E+00 1.063E-01
  3.093206E+00 1.296E-01
  3.093228E+00 1.451E-01
  3.093249E+00 1.641E-01
  3.093271E+00 1.880E-01
  3.093292E+00 2.186E-01
  3.093314E+00 2.587E-01
  3.093335E+00 3.131E-01
  3.093357E+00 3.894E-01
  3.093378E+00 5.014E-01
  3.093400E+00 6.755E-01
  3.093421E+00 9.667E-01
  3.093442E+00 1.501E+00
  3.093463E+00 2.587E+00
  3.093506E+00 6.910E+00
  3.093527E+00 4.688E+00
  3.093548E+00 2.311E+00
  3.093569E+00 1.212E+00
  3.093590E+00 7.067E-01
  3.093611E+00 4.477E-01
  3.093632E+00 3.017E-01
  3.093653E+00 2.128E-01
  3.093674E+00 1.553E-01
  3.093694E+00 1.164E-01
  3.093715E+00 8.911E-02
  3.093736E+00 6.934E-02
  3.093757E+00 5.466E-02
  3.093777E+00 4.353E-02
  3.093798E+00 3.494E-02
  3.093818E+00 2.820E-02
  3.093839E+00 2.284E-02
  3.093859E+00 1.853E-02
  3.093880E+00 1.500E-02
  3.093900E+00 1.209E-02
  3.093921E+00 9.641E-03
  3.093941E+00 7.530E-03
  3.093961E+00 5.638E-03
  3.093982E+00 3.825E-03
  3.094002E+00 1.902E-03
  3.094022E+00 1.831E-03
  3.094042E+00 5.824E-02
  3.094062E+00 1.059E-02
  3.094082E+00 6.192E-03
  3.094102E+00 4.419E-03
  3.094122E+00 3.388E-03
  3.094142E+00 2.689E-03
  3.094162E+00 2.178E-03
  3.094182E+00 1.790E-03
  3.094202E+00 1.490E-03
  3.094222E+00 1.256E-03
  3.094241E+00 1.075E-03
  3.094261E+00 9.361E-04
  3.094281E+00 8.322E-04
  3.094300E+00 7.578E-04
  3.094320E+00 7.084E-04
  3.094340E+00 6.806E-04
  3.094359E+00 6.714E-04
  3.094379E+00 6.784E-04
  3.094418E+00 7.340E-04
  3.094456E+00 8.353E-04
  3.094495E+00 9.740E-04
  3.094553E+00 1.240E-03
  3.094629E+00 1.682E-03
  3.094705E+00 2.156E-03
  3.094724E+00 2.228E-03
  3.094742E+00 2.202E-03
  3.094761E+00 1.919E-03
  3.094780E+00 5.524E-01
  3.094799E+00 7.866E-03
  3.094817E+00 6.297E-03
  3.094836E+00 6.339E-03
  3.094855E+00 6.843E-03
  3.094873E+00 7.686E-03
  3.094892E+00 8.922E-03
  3.094910E+00 1.072E-02
  3.094929E+00 1.341E-02
  3.094947E+00 1.764E-02
  3.094966E+00 2.479E-02
  3.094984E+00 3.820E-02
  3.095002E+00 6.762E-02
  3.095021E+00 1.518E-01
  3.095039E+00 5.736E-01
  3.095057E+00 7.319E+00
  3.095075E+00 7.212E-01
  3.095093E+00 2.032E-01
  3.095112E+00 9.916E-02
  3.095130E+00 6.164E-02
  3.095148E+00 4.392E-02
  3.095166E+00 3.415E-02
  3.095184E+00 2.823E-02
  3.095202E+00 2.438E-02
  3.095220E+00 2.178E-02
  3.095238E+00 1.996E-02
  3.095273E+00 1.776E-02
  3.095309E+00 1.667E-02
  3.095362E+00 1.622E-02
  3.095433E+00 1.696E-02
  3.095503E+00 1.900E-02
  3.095555E+00 2.154E-02
  3.095606E+00 2.538E-02
  3.095641E+00 2.905E-02
  3.095675E+00 3.412E-02
  3.095709E+00 4.137E-02
  3.095726E+00 4.624E-02
  3.095743E+00 5.229E-02
  3.095760E+00 5.994E-02
  3.095777E+00 6.981E-02
  3.095794E+00 8.284E-02
  3.095811E+00 1.005E-01
  3.095828E+00 1.252E-01
  3.095845E+00 1.611E-01
  3.095861E+00 2.154E-01
  3.095878E+00 3.017E-01
  3.095895E+00 4.445E-01
  3.095912E+00 6.803E-01
  3.095928E+00 1.010E+00
  3.095945E+00 1.217E+00
  3.095962E+00 1.033E+00
  3.095978E+00 7.025E-01
  3.095995E+00 4.596E-01
  3.096011E+00 3.121E-01
  3.096028E+00 2.232E-01
  3.096044E+00 1.675E-01
  3.096061E+00 1.310E-01
  3.096077E+00 1.061E-01
  3.096093E+00 8.845E-02
  3.096110E+00 7.558E-02
  3.096126E+00 6.596E-02
  3.096142E+00 5.862E-02
  3.096175E+00 4.845E-02
  3.096207E+00 4.206E-02
  3.096240E+00 3.794E-02
  3.096288E+00 3.436E-02
  3.096352E+00 3.249E-02
  3.096431E+00 3.302E-02
  3.096509E+00 3.600E-02
  3.096572E+00 4.027E-02
  3.096633E+00 4.682E-02
  3.096680E+00 5.395E-02
  3.096725E+00 6.405E-02
  3.096756E+00 7.328E-02
  3.096786E+00 8.555E-02
  3.096817E+00 1.024E-01
  3.096832E+00 1.133E-01
  3.096847E+00 1.265E-01
  3.096862E+00 1.427E-01
  3.096877E+00 1.630E-01
  3.096892E+00 1.889E-01
  3.096907E+00 2.227E-01
  3.096922E+00 2.681E-01
  3.096937E+00 3.313E-01
  3.096951E+00 4.231E-01
  3.096966E+00 5.637E-01
  3.096981E+00 7.948E-01
  3.096996E+00 1.209E+00
  3.097011E+00 2.033E+00
  3.097025E+00 3.750E+00
  3.097040E+00 6.004E+00
  3.097055E+00 4.780E+00
  3.097070E+00 2.411E+00
  3.097084E+00 1.240E+00
  3.097099E+00 7.084E-01
  3.097113E+00 4.422E-01
  3.097128E+00 2.948E-01
  3.097143E+00 2.064E-01
  3.097157E+00 1.499E-01
  3.097172E+00 1.119E-01
  3.097186E+00 8.550E-02
  3.097201E+00 6.646E-02
  3.097215E+00 5.240E-02
  3.097229E+00 4.178E-02
  3.097244E+00 3.361E-02
  3.097258E+00 2.723E-02
  3.097272E+00 2.217E-02
  3.097287E+00 1.812E-02
  3.097301E+00 1.482E-02
  3.097315E+00 1.211E-02
  3.097344E+00 7.925E-03
  3.097372E+00 4.636E-03
  3.097386E+00 2.886E-03
  3.097400E+00 8.121E-04
  3.097414E+00 1.999E-02
  3.097429E+00 6.529E-03
  3.097443E+00 4.399E-03
  3.097457E+00 3.362E-03
  3.097471E+00 2.690E-03
  3.097485E+00 2.203E-03
  3.097499E+00 1.831E-03
  3.097512E+00 1.540E-03
  3.097526E+00 1.311E-03
  3.097540E+00 1.131E-03
  3.097554E+00 9.908E-04
  3.097568E+00 8.834E-04
  3.097582E+00 8.040E-04
  3.097596E+00 7.485E-04
  3.097609E+00 7.136E-04
  3.097623E+00 6.966E-04
  3.097637E+00 6.952E-04
  3.097664E+00 7.326E-04
  3.097691E+00 8.142E-04
  3.097719E+00 9.320E-04
  3.097759E+00 1.165E-03
  3.097800E+00 1.455E-03
  3.097880E+00 2.128E-03
  3.097893E+00 2.199E-03
  3.097907E+00 2.181E-03
  3.097920E+00 1.956E-03
  3.097933E+00 1.190E-01
  3.097946E+00 8.418E-03
  3.097959E+00 6.462E-03
  3.097973E+00 6.458E-03
  3.097986E+00 6.976E-03
  3.097999E+00 7.872E-03
  3.098012E+00 9.211E-03
  3.098025E+00 1.119E-02
  3.098038E+00 1.422E-02
  3.098051E+00 1.911E-02
  3.098064E+00 2.768E-02
  3.098077E+00 4.465E-02
  3.098090E+00 8.530E-02
  3.098103E+00 2.233E-01
  3.098116E+00 1.316E+00
  3.098129E+00 2.751E+00
  3.098142E+00 3.539E-01
  3.098155E+00 1.332E-01
  3.098168E+00 7.296E-02
  3.098180E+00 4.820E-02
  3.098193E+00 3.564E-02
  3.098206E+00 2.841E-02
  3.098219E+00 2.389E-02
  3.098231E+00 2.091E-02
  3.098244E+00 1.885E-02
  3.098257E+00 1.741E-02
  3.098282E+00 1.564E-02
  3.098307E+00 1.478E-02
  3.098345E+00 1.446E-02
  3.098395E+00 1.518E-02
  3.098445E+00 1.702E-02
  3.098482E+00 1.928E-02
  3.098519E+00 2.268E-02
  3.098556E+00 2.796E-02
  3.098580E+00 3.324E-02
  3.098592E+00 3.670E-02
  3.098604E+00 4.093E-02
  3.098629E+00 5.277E-02
  3.098641E+00 6.125E-02
  3.098653E+00 7.237E-02
  3.098665E+00 8.735E-02
  3.098677E+00 1.081E-01
  3.098689E+00 1.381E-01
  3.098701E+00 1.829E-01
  3.098713E+00 2.534E-01
  3.098725E+00 3.693E-01
  3.098737E+00 5.629E-01
  3.098760E+00 1.112E+00
  3.098772E+00 1.031E+00
  3.098784E+00 7.253E-01
  3.098796E+00 4.734E-01
  3.098808E+00 3.175E-01
  3.098820E+00 2.242E-01
  3.098831E+00 1.664E-01
  3.098843E+00 1.290E-01
  3.098855E+00 1.036E-01
  3.098867E+00 8.585E-02
  3.098878E+00 7.296E-02
  3.098890E+00 6.338E-02
  3.098913E+00 5.048E-02
  3.098937E+00 4.258E-02
  3.098960E+00 3.755E-02
  3.098983E+00 3.430E-02
  3.099017E+00 3.150E-02
  3.099063E+00 3.017E-02
  3.099120E+00 3.101E-02
  3.099176E+00 3.410E-02
  3.099221E+00 3.841E-02
  3.099266E+00 4.501E-02
  3.099299E+00 5.224E-02
  3.099332E+00 6.259E-02
  3.099354E+00 7.217E-02
  3.099376E+00 8.506E-02
  3.099397E+00 1.031E-01
  3.099408E+00 1.149E-01
  3.099419E+00 1.294E-01
  3.099430E+00 1.475E-01
  3.099441E+00 1.705E-01
  3.099452E+00 2.004E-01
  3.099462E+00 2.404E-01
  3.099473E+00 2.957E-01
  3.099484E+00 3.754E-01
  3.099495E+00 4.964E-01
  3.099505E+00 6.928E-01
  3.099516E+00 1.040E+00
  3.099527E+00 1.717E+00
  3.099537E+00 3.134E+00
  3.099548E+00 5.307E+00
  3.099559E+00 4.786E+00
  3.099569E+00 2.488E+00
  3.099580E+00 1.263E+00
  3.099591E+00 7.109E-01
  3.099601E+00 4.388E-01
  3.099612E+00 2.901E-01
  3.099622E+00 2.019E-01
  3.099633E+00 1.459E-01
  3.099643E+00 1.087E-01
  3.099654E+00 8.284E-02
  3.099664E+00 6.432E-02
  3.099675E+00 5.068E-02
  3.099685E+00 4.042E-02
  3.099696E+00 3.255E-02
  3.099706E+00 2.641E-02
  3.099716E+00 2.157E-02
  3.099727E+00 1.769E-02
  3.099737E+00 1.455E-02
  3.099758E+00 9.847E-03
  3.099768E+00 8.054E-03
  3.099789E+00 5.086E-03
  3.099799E+00 3.584E-03
  3.099809E+00 1.149E-03
  3.099820E+00 1.095E-02
  3.099830E+00 4.905E-03
  3.099840E+00 3.593E-03
  3.099850E+00 2.860E-03
  3.099861E+00 2.348E-03
  3.099871E+00 1.960E-03
  3.099881E+00 1.655E-03
  3.099891E+00 1.414E-03
  3.099901E+00 1.221E-03
  3.099911E+00 1.069E-03
  3.099921E+00 9.499E-04
  3.099931E+00 8.593E-04
  3.099941E+00 7.930E-04
  3.099962E+00 7.204E-04
  3.099980E+00 7.110E-04
  3.103340E+00 1.340E+00
  3.109971E+00 1.180E+00
  3.109980E+00 1.301E+00
  3.122197E+00 1.063E+00
  3.134016E+00 8.939E-01
  3.149183E+00 7.334E-01
  3.167246E+00 5.970E-01
  3.187698E+00 4.884E-01
  3.210006E+00 4.047E-01
  3.239261E+00 3.279E-01
  3.273261E+00 2.662E-01
  3.314007E+00 2.142E-01
  3.355733E+00 1.757E-01
  3.372282E+00 1.693E-01
  3.380064E+00 1.747E-01
  3.384585E+00 1.850E-01
  3.387540E+00 1.978E-01
  3.390448E+00 2.194E-01
  3.391885E+00 2.359E-01
  3.393311E+00 2.584E-01
  3.394726E+00 2.901E-01
  3.396130E+00 3.366E-01
  3.397523E+00 4.077E-01
  3.398905E+00 5.210E-01
  3.400276E+00 7.016E-01
  3.401637E+00 9.493E-01
  3.402987E+00 1.127E+00
  3.404328E+00 1.057E+00
  3.405657E+00 8.729E-01
  3.406977E+00 7.398E-01
  3.408287E+00 6.797E-01
  3.409587E+00 6.750E-01
  3.410877E+00 7.131E-01
  3.412157E+00 7.900E-01
  3.413427E+00 9.078E-01
  3.414688E+00 1.074E+00
  3.415940E+00 1.301E+00
  3.417182E+00 1.606E+00
  3.418415E+00 2.007E+00
  3.419639E+00 2.516E+00
  3.422060E+00 3.769E+00
  3.423257E+00 4.325E+00
  3.424445E+00 4.635E+00
  3.425624E+00 4.616E+00
  3.426795E+00 4.316E+00
  3.430256E+00 2.932E+00
  3.431393E+00 2.544E+00
  3.432522E+00 2.220E+00
  3.433643E+00 1.954E+00
  3.434756E+00 1.736E+00
  3.436957E+00 1.407E+00
  3.439127E+00 1.178E+00
  3.441266E+00 1.014E+00
  3.444419E+00 8.437E-01
  3.447505E+00 7.291E-01
  3.451521E+00 6.272E-01
  3.456387E+00 5.485E-01
  3.462009E+00 4.988E-01
  3.466524E+00 4.906E-01
  3.470028E+00 5.147E-01
  3.472596E+00 5.625E-01
  3.475113E+00 6.490E-01
  3.477582E+00 7.853E-01
  3.481590E+00 1.082E+00
  3.482377E+00 1.109E+00
  3.483158E+00 1.107E+00
  3.484706E+00 1.021E+00
  3.487743E+00 7.738E-01
  3.489971E+00 6.513E-01
  3.492157E+00 5.757E-01
  3.495009E+00 5.156E-01
  3.499156E+00 4.684E-01
  3.505100E+00 4.403E-01
  3.512542E+00 4.412E-01
  3.518355E+00 4.694E-01
  3.522770E+00 5.200E-01
  3.525429E+00 5.758E-01
  3.527504E+00 6.468E-01
  3.529029E+00 7.277E-01
  3.530530E+00 8.515E-01
  3.531516E+00 9.754E-01
  3.532492E+00 1.157E+00
  3.532976E+00 1.281E+00
  3.533458E+00 1.438E+00
  3.533936E+00 1.640E+00
  3.534412E+00 1.905E+00
  3.534886E+00 2.261E+00
  3.535357E+00 2.750E+00
  3.535825E+00 3.437E+00
  3.536291E+00 4.415E+00
  3.536754E+00 5.794E+00
  3.537215E+00 7.620E+00
  3.537674E+00 9.602E+00
  3.538130E+00 1.082E+01
  3.538583E+00 1.039E+01
  3.539034E+00 8.684E+00
  3.539483E+00 6.780E+00
  3.539929E+00 5.237E+00
  3.540373E+00 4.120E+00
  3.540815E+00 3.338E+00
  3.541254E+00 2.789E+00
  3.541691E+00 2.400E+00
  3.542126E+00 2.120E+00
  3.542558E+00 1.918E+00
  3.542988E+00 1.772E+00
  3.543842E+00 1.596E+00
  3.544687E+00 1.529E+00
  3.545522E+00 1.548E+00
  3.546350E+00 1.653E+00
  3.547168E+00 1.873E+00
  3.547574E+00 2.044E+00
  3.547979E+00 2.270E+00
  3.548381E+00 2.564E+00
  3.548780E+00 2.939E+00
  3.549574E+00 3.863E+00
  3.549968E+00 4.260E+00
  3.550360E+00 4.452E+00
  3.550750E+00 4.408E+00
  3.551138E+00 4.267E+00
  3.551524E+00 4.319E+00
  3.551908E+00 5.205E+00
  3.552290E+00 1.027E+01
  3.552670E+00 1.151E+02
  3.553048E+00 4.727E+01
  3.553424E+00 1.047E+01
  3.553799E+00 5.965E+00
  3.554171E+00 4.555E+00
  3.554542E+00 3.959E+00
  3.554911E+00 3.687E+00
  3.555278E+00 3.580E+00
  3.555643E+00 3.577E+00
  3.556368E+00 3.776E+00
  3.557086E+00 4.196E+00
  3.557797E+00 4.833E+00
  3.558500E+00 5.704E+00
  3.559543E+00 7.437E+00
  3.560910E+00 9.988E+00
  3.561248E+00 1.125E+01
  3.561584E+00 4.960E+01
  3.561918E+00 7.052E+00
  3.562251E+00 7.146E+00
  3.562582E+00 6.742E+00
  3.563891E+00 4.369E+00
  3.564536E+00 3.409E+00
  3.565175E+00 2.677E+00
  3.565807E+00 2.132E+00
  3.566434E+00 1.727E+00
  3.567055E+00 1.423E+00
  3.567670E+00 1.193E+00
  3.568582E+00 9.441E-01
  3.569482E+00 7.723E-01
  3.570369E+00 6.511E-01
  3.571532E+00 5.411E-01
  3.572675E+00 4.697E-01
  3.574073E+00 4.157E-01
  3.575441E+00 3.890E-01
  3.577042E+00 3.847E-01
  3.578343E+00 4.035E-01
  3.579617E+00 4.471E-01
  3.580615E+00 5.072E-01
  3.581353E+00 5.738E-01
  3.582081E+00 6.672E-01
  3.582799E+00 7.995E-01
  3.583509E+00 9.883E-01
  3.584209E+00 1.258E+00
  3.584671E+00 1.499E+00
  3.585129E+00 1.799E+00
  3.585583E+00 2.172E+00
  3.586701E+00 3.333E+00
  3.586922E+00 3.493E+00
  3.587142E+00 3.561E+00
  3.587361E+00 3.519E+00
  3.587579E+00 3.370E+00
  3.588013E+00 2.866E+00
  3.588656E+00 2.045E+00
  3.589081E+00 1.623E+00
  3.589502E+00 1.308E+00
  3.589919E+00 1.078E+00
  3.590333E+00 9.089E-01
  3.590744E+00 7.842E-01
  3.591354E+00 6.561E-01
  3.591756E+00 6.019E-01
  3.592156E+00 5.746E-01
  3.592354E+00 5.777E-01
  3.592552E+00 6.073E-01
  3.592748E+00 7.228E-01
  3.592944E+00 1.665E+00
  3.593139E+00 1.045E+00
  3.593334E+00 3.088E-01
  3.593527E+00 3.047E-01
  3.594104E+00 3.112E-01
  3.595975E+00 2.985E-01
  3.597063E+00 3.096E-01
  3.597950E+00 3.391E-01
  3.598474E+00 3.716E-01
  3.598992E+00 4.230E-01
  3.599334E+00 4.744E-01
  3.599673E+00 5.483E-01
  3.599842E+00 5.978E-01
  3.600010E+00 6.591E-01
  3.600178E+00 7.364E-01
  3.600344E+00 8.355E-01
  3.600510E+00 9.656E-01
  3.600676E+00 1.141E+00
  3.600841E+00 1.384E+00
  3.601005E+00 1.735E+00
  3.601169E+00 2.261E+00
  3.601332E+00 3.085E+00
  3.601494E+00 4.410E+00
  3.601656E+00 6.449E+00
  3.601817E+00 8.748E+00
  3.601977E+00 9.096E+00
  3.602137E+00 6.790E+00
  3.602297E+00 4.323E+00
  3.602455E+00 2.727E+00
  3.602614E+00 1.795E+00
  3.602771E+00 1.241E+00
  3.602928E+00 8.977E-01
  3.603084E+00 6.740E-01
  3.603240E+00 5.223E-01
  3.603395E+00 4.154E-01
  3.603550E+00 3.377E-01
  3.603704E+00 2.795E-01
  3.603857E+00 2.348E-01
  3.604010E+00 1.997E-01
  3.604163E+00 1.714E-01
  3.604314E+00 1.482E-01
  3.604466E+00 1.287E-01
  3.604616E+00 1.122E-01
  3.604766E+00 9.813E-02
  3.604916E+00 8.629E-02
  3.605065E+00 7.698E-02
  3.605213E+00 7.127E-02
  3.605361E+00 7.184E-02
  3.605508E+00 8.551E-02
  3.605655E+00 1.313E-01
  3.605802E+00 2.742E-01
  3.605947E+00 8.356E-01
  3.606092E+00 5.720E+00
  3.606237E+00 2.857E+01
  3.606381E+00 1.494E+02
  3.606525E+00 3.688E+00
  3.606668E+00 1.460E+00
  3.606810E+00 9.099E-01
  3.606953E+00 6.703E-01
  3.607094E+00 5.384E-01
  3.607235E+00 4.560E-01
  3.607376E+00 4.006E-01
  3.607516E+00 3.627E-01
  3.607655E+00 3.391E-01
  3.607794E+00 3.325E-01
  3.607933E+00 3.552E-01
  3.608071E+00 4.462E-01
  3.608208E+00 7.329E-01
  3.608345E+00 1.711E+00
  3.608482E+00 5.312E+00
  3.608618E+00 9.486E+00
  3.608753E+00 6.053E+00
  3.608888E+00 3.839E+00
  3.609023E+00 2.897E+00
  3.609157E+00 2.474E+00
  3.609291E+00 2.299E+00
  3.609424E+00 2.272E+00
  3.609556E+00 2.363E+00
  3.609689E+00 2.571E+00
  3.609820E+00 2.926E+00
  3.609952E+00 3.486E+00
  3.610082E+00 4.329E+00
  3.610213E+00 5.426E+00
  3.610343E+00 6.042E+00
  3.610472E+00 4.684E+00
  3.610601E+00 2.434E+00
  3.610730E+00 1.094E+00
  3.610858E+00 5.261E-01
  3.610985E+00 3.093E-01
  3.611113E+00 2.343E-01
  3.611239E+00 2.144E-01
  3.611366E+00 2.142E-01
  3.611742E+00 2.277E-01
  3.612237E+00 2.260E-01
  3.613088E+00 2.155E-01
  3.613802E+00 2.202E-01
  3.614501E+00 2.396E-01
  3.615072E+00 2.698E-01
  3.615634E+00 3.188E-01
  3.616077E+00 3.789E-01
  3.616405E+00 4.422E-01
  3.616730E+00 5.270E-01
  3.617052E+00 6.388E-01
  3.617477E+00 8.310E-01
  3.618206E+00 1.222E+00
  3.618411E+00 1.366E+00
  3.618615E+00 1.585E+00
  3.618716E+00 1.797E+00
  3.618817E+00 3.041E+00
  3.618918E+00 1.839E+00
  3.619019E+00 1.659E+00
  3.619119E+00 1.694E+00
  3.619219E+00 1.689E+00
  3.619417E+00 1.561E+00
  3.619909E+00 1.037E+00
  3.620103E+00 8.715E-01
  3.620296E+00 7.430E-01
  3.620583E+00 6.042E-01
  3.620868E+00 5.106E-01
  3.621150E+00 4.466E-01
  3.621521E+00 3.913E-01
  3.621979E+00 3.536E-01
  3.622430E+00 3.408E-01
  3.622874E+00 3.509E-01
  3.623225E+00 3.803E-01
  3.623485E+00 4.225E-01
  3.623657E+00 4.669E-01
  3.623827E+00 5.337E-01
  3.623912E+00 5.812E-01
  3.623997E+00 6.446E-01
  3.624082E+00 7.354E-01
  3.624166E+00 8.846E-01
  3.624250E+00 1.223E+00
  3.624334E+00 3.739E+00
  3.624417E+00 7.951E-01
  3.624501E+00 6.886E-01
  3.624584E+00 9.296E-01
  3.624666E+00 1.214E+00
  3.624749E+00 1.587E+00
  3.624831E+00 2.118E+00
  3.624913E+00 2.921E+00
  3.624995E+00 4.171E+00
  3.625076E+00 6.072E+00
  3.625158E+00 8.535E+00
  3.625239E+00 1.140E+01
  3.625319E+00 2.541E+01
  3.625400E+00 2.280E+01
  3.625480E+00 6.540E+00
  3.625560E+00 3.363E+00
  3.625640E+00 2.122E+00
  3.625720E+00 1.477E+00
  3.625799E+00 1.092E+00
  3.625878E+00 8.428E-01
  3.625957E+00 6.723E-01
  3.626035E+00 5.506E-01
  3.626114E+00 4.608E-01
  3.626192E+00 3.926E-01
  3.626270E+00 3.397E-01
  3.626348E+00 2.977E-01
  3.626425E+00 2.638E-01
  3.626579E+00 2.127E-01
  3.626733E+00 1.761E-01
  3.626961E+00 1.354E-01
  3.627262E+00 9.037E-02
  3.627337E+00 8.121E-02
  3.627412E+00 7.569E-02
  3.627486E+00 8.047E-02
  3.627560E+00 1.186E-01
  3.627634E+00 2.972E-01
  3.627708E+00 1.559E+00
  3.627781E+00 5.370E+01
  3.627854E+00 3.523E+00
  3.627927E+00 1.225E+00
  3.628000E+00 7.193E-01
  3.628073E+00 5.163E-01
  3.628145E+00 4.103E-01
  3.628217E+00 3.464E-01
  3.628289E+00 3.054E-01
  3.628361E+00 2.807E-01
  3.628433E+00 2.727E-01
  3.628504E+00 2.895E-01
  3.628575E+00 3.526E-01
  3.628646E+00 5.046E-01
  3.628717E+00 7.944E-01
  3.628787E+00 1.171E+00
  3.628858E+00 1.417E+00
  3.628928E+00 1.444E+00
  3.629137E+00 1.220E+00
  3.629276E+00 1.166E+00
  3.629618E+00 1.194E+00
  3.629754E+00 1.123E+00
  3.629889E+00 9.663E-01
  3.630090E+00 6.885E-01
  3.630223E+00 5.442E-01
  3.630356E+00 4.435E-01
  3.630487E+00 3.778E-01
  3.630618E+00 3.381E-01
  3.630748E+00 3.189E-01
  3.630878E+00 3.209E-01
  3.630942E+00 3.332E-01
  3.631006E+00 3.583E-01
  3.631070E+00 4.067E-01
  3.631134E+00 5.022E-01
  3.631198E+00 6.927E-01
  3.631262E+00 9.280E-01
  3.631325E+00 7.451E-01
  3.631388E+00 4.432E-01
  3.631451E+00 3.092E-01
  3.631514E+00 2.559E-01
  3.631577E+00 2.333E-01
  3.631639E+00 2.238E-01
  3.631764E+00 2.209E-01
  3.631949E+00 2.327E-01
  3.632194E+00 2.647E-01
  3.632376E+00 3.013E-01
  3.632556E+00 3.523E-01
  3.632735E+00 4.221E-01
  3.632913E+00 5.142E-01
  3.633321E+00 7.659E-01
  3.633722E+00 9.197E-01
  3.633835E+00 1.007E+00
  3.633892E+00 1.078E+00
  3.633948E+00 1.186E+00
  3.634004E+00 1.483E+00
  3.634060E+00 2.323E+00
  3.634116E+00 1.170E+00
  3.634171E+00 1.239E+00
  3.634227E+00 1.276E+00
  3.634282E+00 1.281E+00
  3.634392E+00 1.205E+00
  3.634719E+00 7.853E-01
  3.634881E+00 6.375E-01
  3.635041E+00 5.380E-01
  3.635201E+00 4.723E-01
  3.635411E+00 4.199E-01
  3.635619E+00 3.957E-01
  3.635825E+00 3.952E-01
  3.636029E+00 4.215E-01
  3.636180E+00 4.683E-01
  3.636280E+00 5.215E-01
  3.636380E+00 6.058E-01
  3.636430E+00 6.669E-01
  3.636479E+00 7.480E-01
  3.636529E+00 8.590E-01
  3.636578E+00 1.017E+00
  3.636627E+00 1.255E+00
  3.636677E+00 1.638E+00
  3.636726E+00 2.314E+00
  3.636774E+00 3.629E+00
  3.636823E+00 6.155E+00
  3.636872E+00 8.396E+00
  3.636920E+00 6.711E+00
  3.636968E+00 5.403E+00
  3.637017E+00 6.729E+00
  3.637065E+00 1.036E+01
  3.637113E+00 5.567E+00
  3.637161E+00 1.801E+00
  3.637208E+00 7.323E-01
  3.637256E+00 3.908E-01
  3.637303E+00 2.885E-01
  3.637351E+00 3.044E-01
  3.637398E+00 4.229E-01
  3.637445E+00 6.892E-01
  3.637492E+00 1.224E+00
  3.637539E+00 2.192E+00
  3.637586E+00 3.269E+00
  3.637633E+00 3.195E+00
  3.637679E+00 2.278E+00
  3.637726E+00 1.524E+00
  3.637772E+00 1.058E+00
  3.637818E+00 7.760E-01
  3.637864E+00 5.970E-01
  3.637910E+00 4.777E-01
  3.637956E+00 3.945E-01
  3.638002E+00 3.342E-01
  3.638047E+00 2.890E-01
  3.638093E+00 2.542E-01
  3.638138E+00 2.268E-01
  3.638229E+00 1.864E-01
  3.638319E+00 1.583E-01
  3.638453E+00 1.285E-01
  3.638630E+00 1.001E-01
  3.638893E+00 6.342E-02
  3.639023E+00 4.383E-02
  3.639066E+00 4.008E-02
  3.639109E+00 4.424E-02
  3.639152E+00 7.524E-02
  3.639195E+00 2.200E-01
  3.639238E+00 1.207E+00
  3.639280E+00 4.082E+01
  3.639323E+00 3.491E+00
  3.639365E+00 1.156E+00
  3.639408E+00 6.667E-01
  3.639450E+00 4.764E-01
  3.639492E+00 3.818E-01
  3.639534E+00 3.317E-01
  3.639576E+00 3.116E-01
  3.639617E+00 3.220E-01
  3.639659E+00 3.739E-01
  3.639701E+00 4.832E-01
  3.639784E+00 8.135E-01
  3.639825E+00 9.111E-01
  3.639866E+00 9.324E-01
  3.639989E+00 8.744E-01
  3.640070E+00 8.785E-01
  3.640151E+00 9.328E-01
  3.640272E+00 1.065E+00
  3.640312E+00 1.094E+00
  3.640352E+00 1.094E+00
  3.640392E+00 1.057E+00
  3.640432E+00 9.816E-01
  3.640551E+00 6.604E-01
  3.640591E+00 5.661E-01
  3.640630E+00 4.877E-01
  3.640669E+00 4.247E-01
  3.640708E+00 3.749E-01
  3.640747E+00 3.361E-01
  3.640786E+00 3.059E-01
  3.640864E+00 2.646E-01
  3.640941E+00 2.412E-01
  3.641018E+00 2.305E-01
  3.641095E+00 2.315E-01
  3.641133E+00 2.377E-01
  3.641171E+00 2.497E-01
  3.641209E+00 2.715E-01
  3.641247E+00 3.113E-01
  3.641285E+00 3.846E-01
  3.641323E+00 4.944E-01
  3.641360E+00 5.201E-01
  3.641398E+00 3.968E-01
  3.641435E+00 2.987E-01
  3.641473E+00 2.521E-01
  3.641510E+00 2.316E-01
  3.641547E+00 2.232E-01
  3.641621E+00 2.226E-01
  3.641732E+00 2.396E-01
  3.641842E+00 2.706E-01
  3.641951E+00 3.163E-01
  3.642059E+00 3.800E-01
  3.642309E+00 5.739E-01
  3.642415E+00 6.253E-01
  3.642589E+00 6.564E-01
  3.642659E+00 6.906E-01
  3.642728E+00 7.615E-01
  3.642762E+00 8.165E-01
  3.642796E+00 8.919E-01
  3.642831E+00 1.020E+00
  3.642865E+00 1.967E+00
  3.642899E+00 9.076E-01
  3.642967E+00 1.005E+00
  3.643001E+00 1.019E+00
  3.643068E+00 9.736E-01
  3.643269E+00 6.576E-01
  3.643368E+00 5.431E-01
  3.643467E+00 4.667E-01
  3.643565E+00 4.181E-01
  3.643695E+00 3.840E-01
  3.643823E+00 3.781E-01
  3.643919E+00 3.938E-01
  3.644014E+00 4.352E-01
  3.644077E+00 4.873E-01
  3.644108E+00 5.257E-01
  3.644140E+00 5.767E-01
  3.644171E+00 6.458E-01
  3.644202E+00 7.423E-01
  3.644233E+00 8.819E-01
  3.644264E+00 1.092E+00
  3.644295E+00 1.421E+00
  3.644326E+00 1.941E+00
  3.644357E+00 2.676E+00
  3.644388E+00 3.295E+00
  3.644419E+00 3.141E+00
  3.644449E+00 2.477E+00
  3.644480E+00 1.958E+00
  3.644510E+00 1.730E+00
  3.644541E+00 1.764E+00
  3.644571E+00 2.086E+00
  3.644602E+00 2.864E+00
  3.644632E+00 4.389E+00
  3.644662E+00 5.668E+00
  3.644692E+00 3.751E+00
  3.644722E+00 1.703E+00
  3.644752E+00 8.009E-01
  3.644782E+00 4.232E-01
  3.644812E+00 2.536E-01
  3.644842E+00 1.773E-01
  3.644871E+00 1.525E-01
  3.644901E+00 1.674E-01
  3.644931E+00 2.295E-01
  3.644960E+00 3.725E-01
  3.644990E+00 6.840E-01
  3.645019E+00 1.345E+00
  3.645049E+00 2.322E+00
  3.645078E+00 2.423E+00
  3.645107E+00 1.663E+00
  3.645136E+00 1.073E+00
  3.645165E+00 7.361E-01
  3.645194E+00 5.416E-01
  3.645223E+00 4.218E-01
  3.645252E+00 3.431E-01
  3.645281E+00 2.886E-01
  3.645310E+00 2.492E-01
  3.645339E+00 2.196E-01
  3.645367E+00 1.968E-01
  3.645425E+00 1.639E-01
  3.645481E+00 1.414E-01
  3.645566E+00 1.179E-01
  3.645707E+00 9.062E-02
  3.645873E+00 6.113E-02
  3.646010E+00 3.236E-02
  3.646038E+00 2.940E-02
  3.646065E+00 3.483E-02
  3.646092E+00 6.930E-02
  3.646119E+00 2.306E-01
  3.646146E+00 1.408E+00
  3.646173E+00 4.291E+01
  3.646200E+00 2.955E+00
  3.646227E+00 1.059E+00
  3.646254E+00 6.293E-01
  3.646280E+00 4.610E-01
  3.646307E+00 3.832E-01
  3.646334E+00 3.541E-01
  3.646360E+00 3.663E-01
  3.646387E+00 4.260E-01
  3.646413E+00 5.371E-01
  3.646440E+00 6.748E-01
  3.646466E+00 7.807E-01
  3.646492E+00 8.209E-01
  3.646519E+00 8.132E-01
  3.646597E+00 7.515E-01
  3.646649E+00 7.583E-01
  3.646701E+00 8.126E-01
  3.646804E+00 1.010E+00
  3.646829E+00 1.033E+00
  3.646855E+00 1.015E+00
  3.646880E+00 9.519E-01
  3.646906E+00 8.516E-01
  3.646957E+00 6.220E-01
  3.646982E+00 5.238E-01
  3.647007E+00 4.440E-01
  3.647032E+00 3.816E-01
  3.647058E+00 3.336E-01
  3.647083E+00 2.970E-01
  3.647108E+00 2.693E-01
  3.647133E+00 2.483E-01
  3.647183E+00 2.206E-01
  3.647232E+00 2.060E-01
  3.647282E+00 2.011E-01
  3.647331E+00 2.060E-01
  3.647355E+00 2.138E-01
  3.647380E+00 2.277E-01
  3.647404E+00 2.519E-01
  3.647429E+00 2.935E-01
  3.647453E+00 3.515E-01
  3.647477E+00 3.751E-01
  3.647502E+00 3.229E-01
  3.647526E+00 2.658E-01
  3.647550E+00 2.341E-01
  3.647574E+00 2.195E-01
  3.647598E+00 2.139E-01
  3.647646E+00 2.157E-01
  3.647718E+00 2.347E-01
  3.647789E+00 2.678E-01
  3.647859E+00 3.161E-01
  3.647953E+00 4.044E-01
  3.648046E+00 4.941E-01
  3.648115E+00 5.268E-01
  3.648229E+00 5.351E-01
  3.648275E+00 5.581E-01
  3.648320E+00 6.105E-01
  3.648343E+00 6.512E-01
  3.648365E+00 7.043E-01
  3.648388E+00 7.759E-01
  3.648410E+00 8.983E-01
  3.648433E+00 2.011E+00
  3.648455E+00 7.714E-01
  3.648477E+00 8.267E-01
  3.648499E+00 8.624E-01
  3.648522E+00 8.712E-01
  3.648566E+00 8.284E-01
  3.648698E+00 5.661E-01
  3.648763E+00 4.735E-01
  3.648828E+00 4.126E-01
  3.648893E+00 3.751E-01
  3.648978E+00 3.523E-01
  3.649042E+00 3.536E-01
  3.649105E+00 3.745E-01
  3.649147E+00 4.047E-01
  3.649189E+00 4.574E-01
  3.649210E+00 4.974E-01
  3.649231E+00 5.517E-01
  3.649252E+00 6.269E-01
  3.649273E+00 7.340E-01
  3.649293E+00 8.901E-01
  3.649314E+00 1.120E+00
  3.649335E+00 1.447E+00
  3.649355E+00 1.834E+00
  3.649376E+00 2.083E+00
  3.649396E+00 1.978E+00
  3.649437E+00 1.369E+00
  3.649458E+00 1.208E+00
  3.649478E+00 1.170E+00
  3.649498E+00 1.253E+00
  3.649519E+00 1.487E+00
  3.649539E+00 1.964E+00
  3.649559E+00 2.849E+00
  3.649579E+00 3.991E+00
  3.649599E+00 3.688E+00
  3.649620E+00 2.042E+00
  3.649640E+00 1.003E+00
  3.649660E+00 5.305E-01
  3.649680E+00 3.117E-01
  3.649700E+00 2.048E-01
  3.649719E+00 1.529E-01
  3.649739E+00 1.331E-01
  3.649759E+00 1.382E-01
  3.649779E+00 1.712E-01
  3.649799E+00 2.486E-01
  3.649818E+00 4.148E-01
  3.649838E+00 7.802E-01
  3.649858E+00 1.531E+00
  3.649877E+00 2.281E+00
  3.649897E+00 1.882E+00
  3.649917E+00 1.191E+00
  3.649936E+00 7.756E-01
  3.649955E+00 5.474E-01
  3.649975E+00 4.144E-01
  3.649994E+00 3.311E-01
  3.650014E+00 2.755E-01
  3.650033E+00 2.364E-01
  3.650052E+00 2.077E-01
  3.650072E+00 1.859E-01
  3.650110E+00 1.552E-01
  3.650148E+00 1.347E-01
  3.650205E+00 1.135E-01
  3.650300E+00 8.951E-02
  3.650431E+00 5.893E-02
  3.650486E+00 4.306E-02
  3.650523E+00 3.144E-02
  3.650541E+00 2.649E-02
  3.650560E+00 2.479E-02
  3.650578E+00 3.370E-02
  3.650596E+00 8.025E-02
  3.650614E+00 3.040E-01
  3.650633E+00 2.291E+00
  3.650651E+00 2.463E+01
  3.650669E+00 2.226E+00
  3.650687E+00 9.284E-01
  3.650705E+00 5.865E-01
  3.650723E+00 4.506E-01
  3.650741E+00 3.970E-01
  3.650759E+00 3.975E-01
  3.650777E+00 4.507E-01
  3.650795E+00 5.555E-01
  3.650813E+00 6.824E-01
  3.650831E+00 7.730E-01
  3.650849E+00 7.987E-01
  3.650920E+00 7.033E-01
  3.650955E+00 7.010E-01
  3.650990E+00 7.447E-01
  3.651025E+00 8.325E-01
  3.651060E+00 9.405E-01
  3.651077E+00 9.765E-01
  3.651095E+00 9.774E-01
  3.651112E+00 9.304E-01
  3.651129E+00 8.396E-01
  3.651164E+00 6.094E-01
  3.651181E+00 5.080E-01
  3.651198E+00 4.261E-01
  3.651215E+00 3.626E-01
  3.651233E+00 3.146E-01
  3.651250E+00 2.785E-01
  3.651267E+00 2.515E-01
  3.651284E+00 2.313E-01
  3.651318E+00 2.050E-01
  3.651352E+00 1.912E-01
  3.651385E+00 1.861E-01
  3.651419E+00 1.889E-01
  3.651436E+00 1.944E-01
  3.651452E+00 2.041E-01
  3.651469E+00 2.206E-01
  3.651486E+00 2.478E-01
  3.651502E+00 2.844E-01
  3.651519E+00 3.039E-01
  3.651536E+00 2.789E-01
  3.651552E+00 2.431E-01
  3.651569E+00 2.206E-01
  3.651585E+00 2.098E-01
  3.651618E+00 2.062E-01
  3.651667E+00 2.207E-01
  3.651716E+00 2.492E-01
  3.651765E+00 2.918E-01
  3.651845E+00 3.910E-01
  3.651893E+00 4.459E-01
  3.651941E+00 4.693E-01
  3.652020E+00 4.678E-01
  3.652051E+00 4.852E-01
  3.652082E+00 5.281E-01
  3.652098E+00 5.617E-01
  3.652129E+00 6.619E-01
  3.652144E+00 7.419E-01
  3.652160E+00 9.271E-01
  3.652175E+00 2.871E+00
  3.652191E+00 7.098E-01
  3.652206E+00 7.596E-01
  3.652222E+00 7.815E-01
  3.652237E+00 7.806E-01
  3.652268E+00 7.311E-01
  3.652344E+00 5.338E-01
  3.652389E+00 4.465E-01
  3.652434E+00 3.885E-01
  3.652479E+00 3.527E-01
  3.652538E+00 3.312E-01
  3.652583E+00 3.332E-01
  3.652627E+00 3.547E-01
  3.652656E+00 3.863E-01
  3.652671E+00 4.104E-01
  3.652700E+00 4.862E-01
  3.652714E+00 5.462E-01
  3.652729E+00 6.303E-01
  3.652743E+00 7.502E-01
  3.652758E+00 9.209E-01
  3.652787E+00 1.410E+00
  3.652801E+00 1.575E+00
  3.652815E+00 1.525E+00
  3.652844E+00 1.125E+00
  3.652858E+00 9.991E-01
  3.652873E+00 9.542E-01
  3.652887E+00 9.889E-01
  3.652901E+00 1.116E+00
  3.652915E+00 1.378E+00
  3.652929E+00 1.868E+00
  3.652958E+00 3.408E+00
  3.652972E+00 2.686E+00
  3.652986E+00 1.439E+00
  3.653000E+00 7.376E-01
  3.653014E+00 4.116E-01
  3.653028E+00 2.554E-01
  3.653042E+00 1.773E-01
  3.653056E+00 1.391E-01
  3.653070E+00 1.251E-01
  3.653084E+00 1.301E-01
  3.653098E+00 1.565E-01
  3.653111E+00 2.162E-01
  3.653125E+00 3.402E-01
  3.653139E+00 6.071E-01
  3.653153E+00 1.185E+00
  3.653167E+00 2.031E+00
  3.653180E+00 1.995E+00
  3.653194E+00 1.294E+00
  3.653208E+00 8.180E-01
  3.653221E+00 5.611E-01
  3.653235E+00 4.162E-01
  3.653249E+00 3.280E-01
  3.653262E+00 2.705E-01
  3.653276E+00 2.309E-01
  3.653290E+00 2.022E-01
  3.653303E+00 1.807E-01
  3.653330E+00 1.509E-01
  3.653370E+00 1.236E-01
  3.653411E+00 1.060E-01
  3.653490E+00 8.129E-02
  3.653556E+00 6.102E-02
  3.653595E+00 4.637E-02
  3.653634E+00 2.956E-02
  3.653647E+00 2.451E-02
  3.653660E+00 2.209E-02
  3.653673E+00 2.821E-02
  3.653686E+00 6.358E-02
  3.653699E+00 2.262E-01
  3.653712E+00 1.403E+00
  3.653725E+00 3.885E+01
  3.653738E+00 2.909E+00
  3.653750E+00 1.052E+00
  3.653763E+00 6.343E-01
  3.653776E+00 4.808E-01
  3.653789E+00 4.263E-01
  3.653801E+00 4.357E-01
  3.653814E+00 5.041E-01
  3.653839E+00 7.357E-01
  3.653852E+00 7.949E-01
  3.653865E+00 7.921E-01
  3.653902E+00 6.931E-01
  3.653928E+00 6.688E-01
  3.653952E+00 6.899E-01
  3.653977E+00 7.558E-01
  3.654015E+00 9.081E-01
  3.654027E+00 9.395E-01
  3.654039E+00 9.332E-01
  3.654052E+00 8.781E-01
  3.654064E+00 7.817E-01
  3.654088E+00 5.549E-01
  3.654101E+00 4.602E-01
  3.654113E+00 3.854E-01
  3.654125E+00 3.286E-01
  3.654137E+00 2.862E-01
  3.654149E+00 2.547E-01
  3.654174E+00 2.140E-01
  3.654198E+00 1.917E-01
  3.654222E+00 1.803E-01
  3.654258E+00 1.771E-01
  3.654282E+00 1.850E-01
  3.654294E+00 1.942E-01
  3.654306E+00 2.093E-01
  3.654329E+00 2.578E-01
  3.654341E+00 2.629E-01
  3.654365E+00 2.198E-01
  3.654377E+00 2.068E-01
  3.654389E+00 2.012E-01
  3.654412E+00 2.021E-01
  3.654447E+00 2.190E-01
  3.654482E+00 2.490E-01
  3.654517E+00 2.925E-01
  3.654586E+00 4.018E-01
  3.654620E+00 4.312E-01
  3.654688E+00 4.266E-01
  3.654711E+00 4.409E-01
  3.654733E+00 4.781E-01
  3.654745E+00 5.076E-01
  3.654767E+00 5.950E-01
  3.654778E+00 6.606E-01
  3.654789E+00 7.748E-01
  3.654800E+00 1.994E+00
  3.654812E+00 6.370E-01
  3.654823E+00 6.893E-01
  3.654834E+00 7.200E-01
  3.654845E+00 7.272E-01
  3.654867E+00 6.918E-01
  3.654933E+00 4.806E-01
  3.654965E+00 4.066E-01
  3.654998E+00 3.583E-01
  3.655041E+00 3.234E-01
  3.655084E+00 3.155E-01
  3.655116E+00 3.291E-01
  3.655137E+00 3.521E-01
  3.655148E+00 3.700E-01
  3.655169E+00 4.261E-01
  3.655179E+00 4.700E-01
  3.655190E+00 5.307E-01
  3.655200E+00 6.155E-01
  3.655211E+00 7.347E-01
  3.655221E+00 8.972E-01
  3.655242E+00 1.270E+00
  3.655253E+00 1.319E+00
  3.655263E+00 1.215E+00
  3.655284E+00 9.236E-01
  3.655294E+00 8.530E-01
  3.655305E+00 8.438E-01
  3.655315E+00 8.993E-01
  3.655325E+00 1.037E+00
  3.655336E+00 1.300E+00
  3.655346E+00 1.776E+00
  3.655356E+00 2.516E+00
  3.655367E+00 2.968E+00
  3.655377E+00 2.157E+00
  3.655387E+00 1.144E+00
  3.655397E+00 6.011E-01
  3.655407E+00 3.462E-01
  3.655418E+00 2.226E-01
  3.655428E+00 1.605E-01
  3.655438E+00 1.306E-01
  3.655448E+00 1.208E-01
  3.655458E+00 1.271E-01
  3.655468E+00 1.519E-01
  3.655478E+00 2.051E-01
  3.655489E+00 3.125E-01
  3.655499E+00 5.387E-01
  3.655509E+00 1.029E+00
  3.655519E+00 1.852E+00
  3.655536E+00 1.550E+00
  3.665526E+00 6.834E-01
  3.665536E+00 5.289E-01
  3.690479E+00 3.698E-01
  3.715423E+00 2.919E-01
  3.740366E+00 2.512E-01
  3.765309E+00 2.287E-01
  3.790253E+00 2.158E-01
  3.840139E+00 2.055E-01
  3.964856E+00 2.075E-01
  4.214289E+00 2.310E-01
  4.388892E+00 2.337E-01
  4.738098E+00 2.123E-01
  5.611114E+00 1.467E-01
  6.109980E+00 1.180E-01
  6.233411E+00 1.111E-01
  6.359331E+00 1.047E-01
  6.487798E+00 9.856E-02
  6.618862E+00 9.282E-02
  6.752573E+00 8.742E-02
  6.888982E+00 8.233E-02
  7.028146E+00 7.753E-02
  7.170125E+00 7.302E-02
  7.314971E+00 6.876E-02
  7.462748E+00 6.476E-02
  7.613503E+00 6.099E-02
  7.767303E+00 5.744E-02
  7.924217E+00 5.409E-02
  8.084294E+00 5.094E-02
  8.247606E+00 4.798E-02
  8.414222E+00 4.518E-02
  8.584199E+00 4.255E-02
  8.757614E+00 4.007E-02
  8.934525E+00 3.774E-02
  9.115021E+00 3.554E-02
  9.299151E+00 3.347E-02
  9.487006E+00 3.152E-02
  9.678659E+00 2.969E-02
  9.874182E+00 2.796E-02
  1.007365E+01 2.633E-02
  1.027715E+01 2.480E-02
  1.048477E+01 2.335E-02
  1.069657E+01 2.199E-02
  1.091266E+01 2.071E-02
  1.113311E+01 1.951E-02
  1.135801E+01 1.837E-02
  1.158746E+01 1.730E-02
  1.182154E+01 1.629E-02
  1.206035E+01 1.534E-02
  1.230399E+01 1.445E-02
  1.255254E+01 1.361E-02
  1.280612E+01 1.282E-02
  1.306482E+01 1.207E-02
  1.332875E+01 1.137E-02
  1.359801E+01 1.070E-02
  1.387270E+01 1.008E-02
  1.415296E+01 9.494E-03
  1.443886E+01 8.941E-03
  1.473054E+01 8.421E-03
  1.502813E+01 7.930E-03
  1.533171E+01 7.468E-03
  1.564143E+01 7.034E-03
  1.595741E+01 6.624E-03
  1.627977E+01 6.238E-03
  1.660864E+01 5.875E-03
  1.694415E+01 5.533E-03
  1.728645E+01 5.211E-03
  1.763565E+01 4.907E-03
  1.799193E+01 4.621E-03
  1.835538E+01 4.352E-03
  1.872618E+01 4.099E-03
  1.910448E+01 3.860E-03
  1.949042E+01 3.635E-03
  1.988414E+01 3.424E-03
  2.028583E+01 3.224E-03
  2.069562E+01 3.036E-03
  2.111372E+01 2.860E-03
  2.154024E+01 2.693E-03
  2.197539E+01 2.536E-03
  2.241930E+01 2.389E-03
  2.287222E+01 2.249E-03
  2.333424E+01 2.118E-03
      31   2   2   111    3  -6.21098E-02    2310
  5.202521E-02 6.236E+01
  6.202521E-02 4.185E+01
  1.133099E-01 9.835E+00
  1.632907E-01 3.829E+00
  2.120114E-01 1.901E+00
  2.595141E-01 1.088E+00
  3.058389E-01 6.805E-01
  3.510246E-01 4.512E-01
  3.951081E-01 3.126E-01
  4.381250E-01 2.250E-01
  4.801095E-01 1.678E-01
  5.210943E-01 1.292E-01
  5.611109E-01 1.023E-01
  6.001896E-01 8.280E-02
  6.383594E-01 6.813E-02
  6.756484E-01 5.670E-02
  7.120834E-01 4.754E-02
  7.476903E-01 4.007E-02
  7.824939E-01 3.393E-02
  8.165184E-01 2.887E-02
  8.497867E-01 2.471E-02
  8.823212E-01 2.130E-02
  9.141431E-01 1.850E-02
  9.452733E-01 1.622E-02
  9.757316E-01 1.435E-02
  1.034708E+00 1.155E-02
  1.091220E+00 9.578E-03
  1.171656E+00 7.498E-03
  1.271465E+00 5.536E-03
  1.363574E+00 4.101E-03
  1.428069E+00 3.298E-03
  1.488960E+00 2.693E-03
  1.564991E+00 2.127E-03
  1.635641E+00 1.756E-03
  1.717136E+00 1.466E-03
  1.806033E+00 1.267E-03
  1.899040E+00 1.154E-03
  1.982087E+00 1.128E-03
  2.056545E+00 1.177E-03
  2.123561E+00 1.294E-03
  2.192260E+00 1.504E-03
  2.253682E+00 1.797E-03
  2.302243E+00 2.141E-03
  2.340466E+00 2.533E-03
  2.370158E+00 2.968E-03
  2.398053E+00 3.570E-03
  2.419173E+00 4.267E-03
  2.434359E+00 5.020E-03
  2.444185E+00 5.713E-03
  2.453783E+00 6.664E-03
  2.458498E+00 7.291E-03
  2.463159E+00 8.066E-03
  2.467766E+00 9.051E-03
  2.472319E+00 1.034E-02
  2.476821E+00 1.210E-02
  2.481271E+00 1.462E-02
  2.485671E+00 1.846E-02
  2.490021E+00 2.482E-02
  2.494322E+00 3.656E-02
  2.498575E+00 6.153E-02
  2.502780E+00 1.200E-01
  2.506938E+00 1.865E-01
  2.511050E+00 1.074E-01
  2.515116E+00 4.615E-02
  2.519137E+00 2.355E-02
  2.523115E+00 1.440E-02
  2.527048E+00 1.016E-02
  2.530939E+00 8.004E-03
  2.534788E+00 6.859E-03
  2.538595E+00 6.255E-03
  2.542360E+00 5.966E-03
  2.546086E+00 5.874E-03
  2.553417E+00 6.049E-03
  2.564125E+00 6.848E-03
  2.574498E+00 8.113E-03
  2.584550E+00 9.877E-03
  2.594294E+00 1.232E-02
  2.600626E+00 1.451E-02
  2.606829E+00 1.734E-02
  2.612909E+00 2.112E-02
  2.615903E+00 2.351E-02
  2.618868E+00 2.635E-02
  2.621802E+00 2.976E-02
  2.624708E+00 3.390E-02
  2.627585E+00 3.903E-02
  2.630434E+00 4.548E-02
  2.633255E+00 5.376E-02
  2.636049E+00 6.466E-02
  2.638815E+00 7.944E-02
  2.641554E+00 1.002E-01
  2.644267E+00 1.308E-01
  2.646953E+00 1.785E-01
  2.649614E+00 2.590E-01
  2.652249E+00 4.106E-01
  2.654860E+00 7.440E-01
  2.657445E+00 1.651E+00
  2.660005E+00 4.132E+00
  2.662542E+00 3.617E+00
  2.665054E+00 1.359E+00
  2.667543E+00 6.061E-01
  2.670009E+00 3.278E-01
  2.672451E+00 2.010E-01
  2.674871E+00 1.340E-01
  2.677268E+00 9.471E-02
  2.679644E+00 6.989E-02
  2.681997E+00 5.329E-02
  2.684328E+00 4.169E-02
  2.686638E+00 3.329E-02
  2.688927E+00 2.704E-02
  2.691196E+00 2.228E-02
  2.693443E+00 1.858E-02
  2.695670E+00 1.565E-02
  2.697877E+00 1.330E-02
  2.700064E+00 1.139E-02
  2.702232E+00 9.830E-03
  2.704380E+00 8.534E-03
  2.706509E+00 7.453E-03
  2.708619E+00 6.544E-03
  2.712783E+00 5.121E-03
  2.716873E+00 4.083E-03
  2.720893E+00 3.317E-03
  2.724842E+00 2.745E-03
  2.728723E+00 2.318E-03
  2.732538E+00 2.001E-03
  2.738138E+00 1.679E-03
  2.743597E+00 1.491E-03
  2.748919E+00 1.402E-03
  2.754109E+00 1.388E-03
  2.760830E+00 1.462E-03
  2.768926E+00 1.672E-03
  2.776701E+00 1.992E-03
  2.784170E+00 2.417E-03
  2.792752E+00 3.077E-03
  2.799604E+00 3.780E-03
  2.806197E+00 4.683E-03
  2.811294E+00 5.636E-03
  2.815018E+00 6.588E-03
  2.818659E+00 7.938E-03
  2.821043E+00 9.297E-03
  2.822221E+00 1.025E-02
  2.823391E+00 1.153E-02
  2.824552E+00 1.340E-02
  2.825705E+00 1.643E-02
  2.826849E+00 2.230E-02
  2.827985E+00 3.824E-02
  2.829113E+00 1.427E-01
  2.830233E+00 1.868E-01
  2.831345E+00 9.837E-03
  2.832449E+00 3.516E-03
  2.833544E+00 3.340E-03
  2.834632E+00 3.932E-03
  2.837850E+00 5.913E-03
  2.848097E+00 1.154E-02
  2.852959E+00 1.493E-02
  2.856730E+00 1.842E-02
  2.860400E+00 2.307E-02
  2.863089E+00 2.779E-02
  2.865724E+00 3.425E-02
  2.867451E+00 4.006E-02
  2.869156E+00 4.774E-02
  2.870839E+00 5.828E-02
  2.871672E+00 6.514E-02
  2.872500E+00 7.348E-02
  2.873322E+00 8.379E-02
  2.874139E+00 9.678E-02
  2.874950E+00 1.135E-01
  2.875757E+00 1.355E-01
  2.876558E+00 1.655E-01
  2.877354E+00 2.076E-01
  2.878145E+00 2.693E-01
  2.878931E+00 3.644E-01
  2.879711E+00 5.192E-01
  2.880487E+00 7.851E-01
  2.881258E+00 1.246E+00
  2.882024E+00 1.899E+00
  2.882785E+00 2.181E+00
  2.883541E+00 1.647E+00
  2.884293E+00 1.024E+00
  2.885040E+00 6.389E-01
  2.885782E+00 4.230E-01
  2.886519E+00 2.980E-01
  2.887252E+00 2.215E-01
  2.887980E+00 1.722E-01
  2.888704E+00 1.389E-01
  2.889423E+00 1.157E-01
  2.890138E+00 9.907E-02
  2.890848E+00 8.685E-02
  2.891554E+00 7.775E-02
  2.892256E+00 7.089E-02
  2.893646E+00 6.178E-02
  2.895019E+00 5.667E-02
  2.897047E+00 5.357E-02
  2.899039E+00 5.398E-02
  2.901639E+00 5.839E-02
  2.904177E+00 6.675E-02
  2.906656E+00 7.959E-02
  2.908477E+00 9.314E-02
  2.910265E+00 1.115E-01
  2.912023E+00 1.368E-01
  2.913178E+00 1.595E-01
  2.914320E+00 1.890E-01
  2.915449E+00 2.284E-01
  2.916564E+00 2.828E-01
  2.917117E+00 3.182E-01
  2.917667E+00 3.612E-01
  2.918214E+00 4.143E-01
  2.918758E+00 4.809E-01
  2.919299E+00 5.661E-01
  2.919836E+00 6.779E-01
  2.920371E+00 8.286E-01
  2.920902E+00 1.039E+00
  2.921431E+00 1.347E+00
  2.921956E+00 1.822E+00
  2.922479E+00 2.610E+00
  2.922999E+00 4.056E+00
  2.923516E+00 7.086E+00
  2.924030E+00 1.451E+01
  2.924541E+00 3.095E+01
  2.925049E+00 2.941E+01
  2.925554E+00 1.297E+01
  2.926057E+00 6.060E+00
  2.926557E+00 3.313E+00
  2.927054E+00 2.032E+00
  2.927548E+00 1.349E+00
  2.928040E+00 9.481E-01
  2.928529E+00 6.944E-01
  2.929016E+00 5.250E-01
  2.929499E+00 4.068E-01
  2.929980E+00 3.214E-01
  2.930459E+00 2.580E-01
  2.930935E+00 2.098E-01
  2.931408E+00 1.724E-01
  2.931878E+00 1.429E-01
  2.932347E+00 1.193E-01
  2.932812E+00 1.002E-01
  2.933275E+00 8.457E-02
  2.933736E+00 7.167E-02
  2.934194E+00 6.092E-02
  2.934650E+00 5.192E-02
  2.935103E+00 4.433E-02
  2.935554E+00 3.789E-02
  2.936003E+00 3.242E-02
  2.936449E+00 2.774E-02
  2.936892E+00 2.374E-02
  2.937334E+00 2.031E-02
  2.937773E+00 1.736E-02
  2.938210E+00 1.483E-02
  2.938644E+00 1.267E-02
  2.939076E+00 1.082E-02
  2.939506E+00 9.240E-03
  2.939934E+00 7.907E-03
  2.940359E+00 6.790E-03
  2.940782E+00 5.866E-03
  2.941203E+00 5.115E-03
  2.941622E+00 4.522E-03
  2.942039E+00 4.073E-03
  2.942453E+00 3.759E-03
  2.942866E+00 3.570E-03
  2.943276E+00 3.501E-03
  2.943684E+00 3.547E-03
  2.944090E+00 3.709E-03
  2.944494E+00 3.986E-03
  2.944896E+00 4.385E-03
  2.945295E+00 4.916E-03
  2.945693E+00 5.597E-03
  2.946089E+00 6.457E-03
  2.946482E+00 7.548E-03
  2.946874E+00 8.953E-03
  2.947264E+00 1.083E-02
  2.947652E+00 1.350E-02
  2.948037E+00 1.766E-02
  2.948421E+00 2.530E-02
  2.948803E+00 4.386E-02
  2.949183E+00 1.293E-01
  2.949561E+00 2.995E+01
  2.949937E+00 7.185E-02
  2.950311E+00 1.795E-02
  2.950684E+00 1.088E-02
  2.951054E+00 9.827E-03
  2.951423E+00 1.029E-02
  2.951790E+00 1.128E-02
  2.952518E+00 1.386E-02
  2.953953E+00 2.005E-02
  2.955360E+00 2.740E-02
  2.956740E+00 3.615E-02
  2.958093E+00 4.672E-02
  2.959420E+00 5.968E-02
  2.960722E+00 7.582E-02
  2.961999E+00 9.631E-02
  2.963252E+00 1.228E-01
  2.964482E+00 1.577E-01
  2.965689E+00 2.030E-01
  2.966874E+00 2.499E-01
  2.967167E+00 2.527E-01
  2.967458E+00 2.393E-01
  2.967748E+00 1.830E-01
  2.968037E+00 1.205E-01
  2.968324E+00 1.894E+00
  2.968611E+00 1.138E+00
  2.968895E+00 1.036E+00
  2.969179E+00 1.065E+00
  2.969461E+00 1.156E+00
  2.969742E+00 1.296E+00
  2.970022E+00 1.489E+00
  2.970300E+00 1.751E+00
  2.970577E+00 2.107E+00
  2.970853E+00 2.599E+00
  2.971128E+00 3.301E+00
  2.971401E+00 4.338E+00
  2.971673E+00 5.941E+00
  2.971944E+00 8.544E+00
  2.972214E+00 1.298E+01
  2.972482E+00 2.057E+01
  2.972750E+00 3.139E+01
  2.973016E+00 3.747E+01
  2.973281E+00 3.043E+01
  2.973544E+00 2.001E+01
  2.973807E+00 1.292E+01
  2.974068E+00 8.747E+00
  2.974328E+00 6.258E+00
  2.974588E+00 4.703E+00
  2.974845E+00 3.682E+00
  2.975102E+00 2.983E+00
  2.975358E+00 2.487E+00
  2.975612E+00 2.125E+00
  2.975866E+00 1.855E+00
  2.976118E+00 1.649E+00
  2.976369E+00 1.489E+00
  2.976868E+00 1.268E+00
  2.977363E+00 1.132E+00
  2.978097E+00 1.024E+00
  2.978822E+00 9.913E-01
  2.979773E+00 1.027E+00
  2.980709E+00 1.141E+00
  2.981628E+00 1.336E+00
  2.982308E+00 1.550E+00
  2.982979E+00 1.842E+00
  2.983641E+00 2.240E+00
  2.984295E+00 2.794E+00
  2.984727E+00 3.289E+00
  2.985155E+00 3.926E+00
  2.985579E+00 4.761E+00
  2.986000E+00 5.884E+00
  2.986209E+00 6.595E+00
  2.986417E+00 7.438E+00
  2.986625E+00 8.446E+00
  2.986831E+00 9.666E+00
  2.987037E+00 1.116E+01
  2.987242E+00 1.301E+01
  2.987446E+00 1.535E+01
  2.987649E+00 1.834E+01
  2.987852E+00 2.227E+01
  2.988053E+00 2.756E+01
  2.988254E+00 3.490E+01
  2.988454E+00 4.548E+01
  2.988653E+00 6.146E+01
  2.988851E+00 8.708E+01
  2.989049E+00 1.315E+02
  2.989245E+00 2.167E+02
  2.989441E+00 4.009E+02
  2.989636E+00 8.145E+02
  2.989831E+00 1.255E+03
  2.990217E+00 4.206E+02
  2.990409E+00 2.294E+02
  2.990600E+00 1.405E+02
  2.990791E+00 9.403E+01
  2.990981E+00 6.709E+01
  2.991169E+00 5.020E+01
  2.991358E+00 3.896E+01
  2.991545E+00 3.112E+01
  2.991732E+00 2.542E+01
  2.991918E+00 2.116E+01
  2.992103E+00 1.789E+01
  2.992288E+00 1.533E+01
  2.992471E+00 1.328E+01
  2.992654E+00 1.161E+01
  2.993018E+00 9.088E+00
  2.993379E+00 7.293E+00
  2.993738E+00 5.966E+00
  2.994093E+00 4.950E+00
  2.994621E+00 3.810E+00
  2.995143E+00 2.964E+00
  2.995659E+00 2.298E+00
  2.996505E+00 1.393E+00
  2.997336E+00 5.362E-01
  2.997500E+00 3.585E-01
  2.997663E+00 1.894E-01
  2.997826E+00 5.961E-02
  2.997989E+00 6.834E-02
  2.998150E+00 5.825E-01
  2.998311E+00 3.445E+00
  2.998472E+00 2.770E+01
  2.998632E+00 8.260E+03
  2.998791E+00 5.069E+01
  2.998950E+00 1.826E+01
  2.999108E+00 1.073E+01
  2.999265E+00 7.628E+00
  2.999422E+00 5.979E+00
  2.999578E+00 4.966E+00
  2.999734E+00 4.281E+00
  2.999889E+00 3.788E+00
  3.000044E+00 3.414E+00
  3.000351E+00 2.882E+00
  3.000656E+00 2.519E+00
  3.001110E+00 2.141E+00
  3.001707E+00 1.803E+00
  3.002730E+00 1.383E+00
  3.002874E+00 1.289E+00
  3.003018E+00 1.016E+00
  3.003161E+00 2.212E+00
  3.003304E+00 1.596E+00
  3.003446E+00 1.502E+00
  3.003587E+00 1.472E+00
  3.003728E+00 1.474E+00
  3.003869E+00 1.506E+00
  3.004009E+00 1.577E+00
  3.004148E+00 1.705E+00
  3.004287E+00 1.924E+00
  3.004425E+00 2.304E+00
  3.004563E+00 2.987E+00
  3.004701E+00 4.306E+00
  3.004838E+00 7.179E+00
  3.004974E+00 1.486E+01
  3.005110E+00 4.565E+01
  3.005246E+00 4.336E+02
  3.005381E+00 2.884E+02
  3.005515E+00 5.266E+01
  3.005649E+00 2.321E+01
  3.005783E+00 1.401E+01
  3.005916E+00 9.909E+00
  3.006049E+00 7.704E+00
  3.006181E+00 6.370E+00
  3.006313E+00 5.497E+00
  3.006444E+00 4.894E+00
  3.006575E+00 4.461E+00
  3.006835E+00 3.902E+00
  3.007093E+00 3.582E+00
  3.007477E+00 3.354E+00
  3.007858E+00 3.320E+00
  3.008234E+00 3.444E+00
  3.008606E+00 3.742E+00
  3.008974E+00 4.285E+00
  3.009218E+00 4.860E+00
  3.009460E+00 5.713E+00
  3.009580E+00 6.296E+00
  3.009700E+00 7.028E+00
  3.009819E+00 7.964E+00
  3.009938E+00 9.183E+00
  3.010057E+00 1.081E+01
  3.010175E+00 1.304E+01
  3.010293E+00 1.621E+01
  3.010411E+00 2.089E+01
  3.010528E+00 2.811E+01
  3.010644E+00 3.979E+01
  3.010761E+00 5.910E+01
  3.010876E+00 8.854E+01
  3.010992E+00 1.163E+02
  3.011107E+00 1.093E+02
  3.011222E+00 7.572E+01
  3.011336E+00 4.766E+01
  3.011450E+00 3.068E+01
  3.011563E+00 2.080E+01
  3.011676E+00 1.484E+01
  3.011789E+00 1.107E+01
  3.011902E+00 8.572E+00
  3.012014E+00 6.850E+00
  3.012125E+00 5.622E+00
  3.012236E+00 4.721E+00
  3.012347E+00 4.045E+00
  3.012458E+00 3.526E+00
  3.012568E+00 3.122E+00
  3.012678E+00 2.803E+00
  3.012896E+00 2.341E+00
  3.013113E+00 2.036E+00
  3.013436E+00 1.753E+00
  3.013756E+00 1.597E+00
  3.014177E+00 1.506E+00
  3.014696E+00 1.519E+00
  3.015207E+00 1.648E+00
  3.015609E+00 1.849E+00
  3.015908E+00 2.082E+00
  3.016203E+00 2.422E+00
  3.016496E+00 2.935E+00
  3.016690E+00 3.435E+00
  3.016882E+00 4.141E+00
  3.016978E+00 4.611E+00
  3.017073E+00 5.192E+00
  3.017169E+00 5.922E+00
  3.017263E+00 6.861E+00
  3.017358E+00 8.099E+00
  3.017452E+00 9.779E+00
  3.017546E+00 1.215E+01
  3.017640E+00 1.565E+01
  3.017733E+00 2.114E+01
  3.017826E+00 3.046E+01
  3.017919E+00 4.793E+01
  3.018011E+00 8.479E+01
  3.018104E+00 1.642E+02
  3.018195E+00 2.340E+02
  3.018287E+00 1.439E+02
  3.018378E+00 6.760E+01
  3.018469E+00 3.497E+01
  3.018560E+00 2.030E+01
  3.018651E+00 1.285E+01
  3.018741E+00 8.655E+00
  3.018831E+00 6.106E+00
  3.018920E+00 4.461E+00
  3.019010E+00 3.347E+00
  3.019099E+00 2.566E+00
  3.019187E+00 2.000E+00
  3.019276E+00 1.581E+00
  3.019364E+00 1.263E+00
  3.019452E+00 1.018E+00
  3.019540E+00 8.259E-01
  3.019627E+00 6.738E-01
  3.019714E+00 5.518E-01
  3.019801E+00 4.530E-01
  3.019888E+00 3.721E-01
  3.019974E+00 3.055E-01
  3.020060E+00 2.501E-01
  3.020146E+00 2.038E-01
  3.020232E+00 1.647E-01
  3.020317E+00 1.315E-01
  3.020402E+00 1.029E-01
  3.020487E+00 7.807E-02
  3.020571E+00 5.620E-02
  3.020656E+00 3.663E-02
  3.020740E+00 1.922E-02
  3.020823E+00 6.234E-03
  3.020907E+00 2.156E-02
  3.020990E+00 8.678E-01
  3.021073E+00 1.179E+00
  3.021156E+00 2.368E-01
  3.021238E+00 1.185E-01
  3.021320E+00 7.496E-02
  3.021402E+00 5.215E-02
  3.021484E+00 3.798E-02
  3.021566E+00 2.832E-02
  3.021647E+00 2.134E-02
  3.021728E+00 1.615E-02
  3.021809E+00 1.222E-02
  3.021889E+00 9.225E-03
  3.021969E+00 6.952E-03
  3.022049E+00 5.253E-03
  3.022129E+00 4.020E-03
  3.022209E+00 3.172E-03
  3.022288E+00 2.647E-03
  3.022367E+00 2.395E-03
  3.022446E+00 2.377E-03
  3.022525E+00 2.561E-03
  3.022603E+00 2.921E-03
  3.022681E+00 3.436E-03
  3.022759E+00 4.089E-03
  3.022837E+00 4.866E-03
  3.022991E+00 6.752E-03
  3.023145E+00 9.045E-03
  3.023298E+00 1.176E-02
  3.023450E+00 1.504E-02
  3.023526E+00 1.710E-02
  3.023601E+00 2.006E-02
  3.023676E+00 3.943E-02
  3.023751E+00 1.807E-02
  3.023826E+00 2.221E-02
  3.023975E+00 2.869E-02
  3.024049E+00 3.245E-02
  3.024123E+00 3.692E-02
  3.024196E+00 4.246E-02
  3.024270E+00 4.960E-02
  3.024343E+00 5.917E-02
  3.024416E+00 7.256E-02
  3.024489E+00 9.225E-02
  3.024562E+00 1.229E-01
  3.024634E+00 1.742E-01
  3.024706E+00 2.685E-01
  3.024778E+00 4.667E-01
  3.024850E+00 9.824E-01
  3.024921E+00 2.999E+00
  3.024993E+00 2.671E+01
  3.025064E+00 1.836E+01
  3.025135E+00 3.333E+00
  3.025206E+00 1.441E+00
  3.025276E+00 8.567E-01
  3.025347E+00 5.996E-01
  3.025417E+00 4.634E-01
  3.025487E+00 3.826E-01
  3.025556E+00 3.310E-01
  3.025626E+00 2.964E-01
  3.025695E+00 2.726E-01
  3.025833E+00 2.442E-01
  3.025971E+00 2.309E-01
  3.026175E+00 2.274E-01
  3.026378E+00 2.372E-01
  3.026579E+00 2.588E-01
  3.026778E+00 2.945E-01
  3.026976E+00 3.506E-01
  3.027107E+00 4.059E-01
  3.027237E+00 4.839E-01
  3.027302E+00 5.355E-01
  3.027366E+00 5.989E-01
  3.027431E+00 6.778E-01
  3.027495E+00 7.778E-01
  3.027559E+00 9.070E-01
  3.027623E+00 1.078E+00
  3.027686E+00 1.311E+00
  3.027750E+00 1.637E+00
  3.027813E+00 2.114E+00
  3.027877E+00 2.839E+00
  3.027940E+00 3.993E+00
  3.028002E+00 5.892E+00
  3.028065E+00 8.922E+00
  3.028127E+00 1.263E+01
  3.028190E+00 1.381E+01
  3.028252E+00 1.079E+01
  3.028314E+00 7.133E+00
  3.028376E+00 4.656E+00
  3.028437E+00 3.171E+00
  3.028499E+00 2.270E+00
  3.028560E+00 1.702E+00
  3.028621E+00 1.326E+00
  3.028682E+00 1.068E+00
  3.028743E+00 8.842E-01
  3.028804E+00 7.498E-01
  3.028864E+00 6.490E-01
  3.028924E+00 5.720E-01
  3.028984E+00 5.122E-01
  3.029044E+00 4.650E-01
  3.029164E+00 3.975E-01
  3.029283E+00 3.536E-01
  3.029460E+00 3.148E-01
  3.029635E+00 2.960E-01
  3.029867E+00 2.906E-01
  3.030153E+00 3.065E-01
  3.030436E+00 3.459E-01
  3.030659E+00 3.989E-01
  3.030825E+00 4.570E-01
  3.030990E+00 5.391E-01
  3.031153E+00 6.594E-01
  3.031261E+00 7.737E-01
  3.031369E+00 9.319E-01
  3.031423E+00 1.035E+00
  3.031476E+00 1.160E+00
  3.031529E+00 1.316E+00
  3.031583E+00 1.511E+00
  3.031636E+00 1.761E+00
  3.031689E+00 2.092E+00
  3.031741E+00 2.540E+00
  3.031794E+00 3.172E+00
  3.031846E+00 4.104E+00
  3.031899E+00 5.562E+00
  3.031951E+00 8.023E+00
  3.032003E+00 1.260E+01
  3.032055E+00 2.208E+01
  3.032107E+00 4.193E+01
  3.032158E+00 5.991E+01
  3.032261E+00 1.886E+01
  3.032313E+00 9.894E+00
  3.032364E+00 5.791E+00
  3.032415E+00 3.688E+00
  3.032466E+00 2.499E+00
  3.032516E+00 1.773E+00
  3.032567E+00 1.302E+00
  3.032618E+00 9.821E-01
  3.032668E+00 7.566E-01
  3.032718E+00 5.927E-01
  3.032768E+00 4.706E-01
  3.032818E+00 3.777E-01
  3.032868E+00 3.057E-01
  3.032918E+00 2.490E-01
  3.032967E+00 2.037E-01
  3.033017E+00 1.672E-01
  3.033066E+00 1.373E-01
  3.033115E+00 1.126E-01
  3.033164E+00 9.191E-02
  3.033213E+00 7.435E-02
  3.033262E+00 5.915E-02
  3.033311E+00 4.565E-02
  3.033408E+00 2.068E-02
  3.033456E+00 7.608E-03
  3.033505E+00 2.423E-02
  3.033553E+00 5.481E-01
  3.033601E+00 9.223E-02
  3.033648E+00 5.167E-02
  3.033696E+00 3.602E-02
  3.033744E+00 2.717E-02
  3.033791E+00 2.126E-02
  3.033839E+00 1.696E-02
  3.033886E+00 1.366E-02
  3.033933E+00 1.107E-02
  3.033980E+00 9.008E-03
  3.034027E+00 7.348E-03
  3.034074E+00 6.011E-03
  3.034120E+00 4.941E-03
  3.034167E+00 4.092E-03
  3.034213E+00 3.432E-03
  3.034260E+00 2.934E-03
  3.034306E+00 2.575E-03
  3.034352E+00 2.338E-03
  3.034398E+00 2.209E-03
  3.034444E+00 2.176E-03
  3.034490E+00 2.229E-03
  3.034535E+00 2.359E-03
  3.034581E+00 2.560E-03
  3.034626E+00 2.827E-03
  3.034717E+00 3.543E-03
  3.034807E+00 4.489E-03
  3.034896E+00 5.675E-03
  3.034985E+00 7.143E-03
  3.035074E+00 9.032E-03
  3.035118E+00 1.027E-02
  3.035162E+00 1.199E-02
  3.035206E+00 1.602E-02
  3.035250E+00 6.594E-03
  3.035294E+00 1.217E-02
  3.035381E+00 1.736E-02
  3.035424E+00 2.022E-02
  3.035468E+00 2.371E-02
  3.035511E+00 2.816E-02
  3.035554E+00 3.409E-02
  3.035597E+00 4.230E-02
  3.035640E+00 5.424E-02
  3.035683E+00 7.259E-02
  3.035726E+00 1.028E-01
  3.035768E+00 1.573E-01
  3.035811E+00 2.695E-01
  3.035853E+00 5.540E-01
  3.035895E+00 1.623E+00
  3.035937E+00 1.286E+01
  3.035980E+00 1.102E+01
  3.036021E+00 1.865E+00
  3.036063E+00 7.750E-01
  3.036105E+00 4.468E-01
  3.036147E+00 3.048E-01
  3.036188E+00 2.305E-01
  3.036230E+00 1.866E-01
  3.036271E+00 1.588E-01
  3.036312E+00 1.402E-01
  3.036354E+00 1.273E-01
  3.036395E+00 1.181E-01
  3.036477E+00 1.071E-01
  3.036558E+00 1.019E-01
  3.036680E+00 1.008E-01
  3.036800E+00 1.054E-01
  3.036920E+00 1.151E-01
  3.037039E+00 1.308E-01
  3.037157E+00 1.552E-01
  3.037235E+00 1.790E-01
  3.037313E+00 2.123E-01
  3.037352E+00 2.341E-01
  3.037390E+00 2.607E-01
  3.037429E+00 2.935E-01
  3.037468E+00 3.348E-01
  3.037506E+00 3.876E-01
  3.037544E+00 4.566E-01
  3.037583E+00 5.491E-01
  3.037621E+00 6.769E-01
  3.037659E+00 8.596E-01
  3.037697E+00 1.132E+00
  3.037735E+00 1.555E+00
  3.037772E+00 2.243E+00
  3.037810E+00 3.379E+00
  3.037848E+00 5.068E+00
  3.037885E+00 6.550E+00
  3.037923E+00 6.101E+00
  3.037960E+00 4.314E+00
  3.037997E+00 2.810E+00
  3.038035E+00 1.873E+00
  3.038072E+00 1.311E+00
  3.038109E+00 9.636E-01
  3.038146E+00 7.393E-01
  3.038183E+00 5.881E-01
  3.038219E+00 4.824E-01
  3.038256E+00 4.060E-01
  3.038293E+00 3.495E-01
  3.038329E+00 3.067E-01
  3.038366E+00 2.737E-01
  3.038402E+00 2.479E-01
  3.038474E+00 2.113E-01
  3.038546E+00 1.878E-01
  3.038654E+00 1.673E-01
  3.038761E+00 1.576E-01
  3.038902E+00 1.553E-01
  3.039077E+00 1.645E-01
  3.039250E+00 1.862E-01
  3.039386E+00 2.150E-01
  3.039488E+00 2.462E-01
  3.039589E+00 2.899E-01
  3.039690E+00 3.531E-01
  3.039756E+00 4.124E-01
  3.039823E+00 4.934E-01
  3.039889E+00 6.085E-01
  3.039922E+00 6.855E-01
  3.039955E+00 7.811E-01
  3.039987E+00 9.021E-01
  3.040020E+00 1.059E+00
  3.040053E+00 1.267E+00
  3.040085E+00 1.552E+00
  3.040118E+00 1.960E+00
  3.040150E+00 2.570E+00
  3.040182E+00 3.545E+00
  3.040214E+00 5.232E+00
  3.040247E+00 8.459E+00
  3.040279E+00 1.525E+01
  3.040311E+00 2.801E+01
  3.040343E+00 3.178E+01
  3.040375E+00 1.783E+01
  3.040406E+00 8.832E+00
  3.040438E+00 4.828E+00
  3.040470E+00 2.919E+00
  3.040501E+00 1.904E+00
  3.040533E+00 1.314E+00
  3.040564E+00 9.451E-01
  3.040596E+00 7.019E-01
  3.040627E+00 5.345E-01
  3.040658E+00 4.151E-01
  3.040690E+00 3.275E-01
  3.040721E+00 2.617E-01
  3.040752E+00 2.113E-01
  3.040783E+00 1.720E-01
  3.040814E+00 1.408E-01
  3.040845E+00 1.159E-01
  3.040875E+00 9.560E-02
  3.040906E+00 7.893E-02
  3.040937E+00 6.506E-02
  3.040967E+00 5.334E-02
  3.041028E+00 3.423E-02
  3.041059E+00 2.571E-02
  3.041089E+00 1.656E-02
  3.041119E+00 4.527E-03
  3.041149E+00 1.226E+00
  3.041180E+00 5.112E-02
  3.041210E+00 3.003E-02
  3.041240E+00 2.200E-02
  3.041270E+00 1.724E-02
  3.041299E+00 1.390E-02
  3.041329E+00 1.138E-02
  3.041359E+00 9.391E-03
  3.041389E+00 7.791E-03
  3.041418E+00 6.489E-03
  3.041448E+00 5.425E-03
  3.041477E+00 4.558E-03
  3.041507E+00 3.855E-03
  3.041536E+00 3.292E-03
  3.041565E+00 2.849E-03
  3.041595E+00 2.510E-03
  3.041624E+00 2.263E-03
  3.041653E+00 2.097E-03
  3.041682E+00 2.003E-03
  3.041711E+00 1.973E-03
  3.041740E+00 2.002E-03
  3.041769E+00 2.084E-03
  3.041826E+00 2.394E-03
  3.041883E+00 2.879E-03
  3.041940E+00 3.531E-03
  3.041997E+00 4.356E-03
  3.042054E+00 5.380E-03
  3.042110E+00 6.671E-03
  3.042138E+00 7.461E-03
  3.042166E+00 8.408E-03
  3.042194E+00 9.645E-03
  3.042222E+00 1.185E-02
  3.042250E+00 4.577E-02
  3.042278E+00 1.055E-02
  3.042333E+00 1.526E-02
  3.042361E+00 1.796E-02
  3.042388E+00 2.136E-02
  3.042416E+00 2.583E-02
  3.042443E+00 3.195E-02
  3.042470E+00 4.075E-02
  3.042498E+00 5.406E-02
  3.042525E+00 7.558E-02
  3.042552E+00 1.135E-01
  3.042579E+00 1.891E-01
  3.042606E+00 3.713E-01
  3.042633E+00 9.935E-01
  3.042660E+00 5.945E+00
  3.042687E+00 1.324E+01
  3.042714E+00 1.678E+00
  3.042741E+00 6.325E-01
  3.042768E+00 3.468E-01
  3.042794E+00 2.288E-01
  3.042821E+00 1.688E-01
  3.042848E+00 1.340E-01
  3.042874E+00 1.122E-01
  3.042901E+00 9.767E-02
  3.042927E+00 8.764E-02
  3.042953E+00 8.053E-02
  3.043006E+00 7.177E-02
  3.043058E+00 6.741E-02
  3.043136E+00 6.563E-02
  3.043214E+00 6.765E-02
  3.043291E+00 7.284E-02
  3.043368E+00 8.151E-02
  3.043444E+00 9.493E-02
  3.043495E+00 1.078E-01
  3.043545E+00 1.253E-01
  3.043595E+00 1.501E-01
  3.043620E+00 1.665E-01
  3.043645E+00 1.867E-01
  3.043670E+00 2.118E-01
  3.043695E+00 2.438E-01
  3.043720E+00 2.851E-01
  3.043744E+00 3.401E-01
  3.043769E+00 4.151E-01
  3.043794E+00 5.208E-01
  3.043818E+00 6.758E-01
  3.043843E+00 9.133E-01
  3.043867E+00 1.294E+00
  3.043892E+00 1.924E+00
  3.043916E+00 2.933E+00
  3.043940E+00 4.140E+00
  3.043965E+00 4.455E+00
  3.043989E+00 3.433E+00
  3.044013E+00 2.264E+00
  3.044037E+00 1.486E+00
  3.044061E+00 1.020E+00
  3.044085E+00 7.372E-01
  3.044109E+00 5.576E-01
  3.044133E+00 4.386E-01
  3.044157E+00 3.565E-01
  3.044181E+00 2.979E-01
  3.044205E+00 2.549E-01
  3.044229E+00 2.227E-01
  3.044252E+00 1.980E-01
  3.044276E+00 1.788E-01
  3.044323E+00 1.518E-01
  3.044370E+00 1.346E-01
  3.044440E+00 1.197E-01
  3.044510E+00 1.127E-01
  3.044602E+00 1.111E-01
  3.044717E+00 1.177E-01
  3.044830E+00 1.333E-01
  3.044920E+00 1.538E-01
  3.044987E+00 1.759E-01
  3.045053E+00 2.067E-01
  3.045120E+00 2.511E-01
  3.045163E+00 2.925E-01
  3.045207E+00 3.486E-01
  3.045251E+00 4.278E-01
  3.045294E+00 5.453E-01
  3.045316E+00 6.269E-01
  3.045337E+00 7.317E-01
  3.045359E+00 8.695E-01
  3.045380E+00 1.056E+00
  3.045402E+00 1.319E+00
  3.045423E+00 1.706E+00
  3.045444E+00 2.308E+00
  3.045466E+00 3.318E+00
  3.045487E+00 5.176E+00
  3.045508E+00 8.965E+00
  3.045529E+00 1.675E+01
  3.045551E+00 2.419E+01
  3.045572E+00 1.650E+01
  3.045593E+00 8.183E+00
  3.045614E+00 4.319E+00
  3.045635E+00 2.534E+00
  3.045656E+00 1.616E+00
  3.045677E+00 1.097E+00
  3.045698E+00 7.794E-01
  3.045718E+00 5.735E-01
  3.045739E+00 4.337E-01
  3.045760E+00 3.351E-01
  3.045781E+00 2.634E-01
  3.045801E+00 2.099E-01
  3.045822E+00 1.692E-01
  3.045843E+00 1.376E-01
  3.045863E+00 1.128E-01
  3.045884E+00 9.292E-02
  3.045904E+00 7.688E-02
  3.045925E+00 6.376E-02
  3.045945E+00 5.290E-02
  3.045965E+00 4.380E-02
  3.046006E+00 2.921E-02
  3.046047E+00 1.600E-02
  3.046067E+00 5.122E-03
  3.046087E+00 8.076E-02
  3.046107E+00 2.598E-02
  3.046127E+00 1.827E-02
  3.046147E+00 1.433E-02
  3.046167E+00 1.164E-02
  3.046187E+00 9.618E-03
  3.046207E+00 8.013E-03
  3.046227E+00 6.712E-03
  3.046247E+00 5.647E-03
  3.046266E+00 4.770E-03
  3.046286E+00 4.051E-03
  3.046306E+00 3.463E-03
  3.046326E+00 2.988E-03
  3.046345E+00 2.611E-03
  3.046365E+00 2.319E-03
  3.046384E+00 2.101E-03
  3.046404E+00 1.950E-03
  3.046423E+00 1.858E-03
  3.046443E+00 1.820E-03
  3.046462E+00 1.829E-03
  3.046482E+00 1.883E-03
  3.046520E+00 2.109E-03
  3.046559E+00 2.482E-03
  3.046597E+00 2.991E-03
  3.046636E+00 3.640E-03
  3.046674E+00 4.448E-03
  3.046712E+00 5.456E-03
  3.046731E+00 6.059E-03
  3.046768E+00 7.575E-03
  3.046787E+00 8.614E-03
  3.046806E+00 1.025E-02
  3.046825E+00 1.242E-01
  3.046843E+00 1.010E-02
  3.046881E+00 1.453E-02
  3.046899E+00 1.720E-02
  3.046918E+00 2.064E-02
  3.046936E+00 2.528E-02
  3.046955E+00 3.178E-02
  3.046973E+00 4.139E-02
  3.046992E+00 5.643E-02
  3.047010E+00 8.186E-02
  3.047029E+00 1.296E-01
  3.047047E+00 2.346E-01
  3.047065E+00 5.356E-01
  3.047084E+00 2.047E+00
  3.047102E+00 2.628E+01
  3.047120E+00 2.592E+00
  3.047138E+00 7.277E-01
  3.047156E+00 3.528E-01
  3.047175E+00 2.173E-01
  3.047193E+00 1.531E-01
  3.047211E+00 1.177E-01
  3.047229E+00 9.608E-02
  3.047247E+00 8.201E-02
  3.047265E+00 7.242E-02
  3.047283E+00 6.567E-02
  3.047300E+00 6.082E-02
  3.047336E+00 5.479E-02
  3.047389E+00 5.103E-02
  3.047442E+00 5.093E-02
  3.047512E+00 5.469E-02
  3.047565E+00 6.034E-02
  3.047617E+00 6.911E-02
  3.047669E+00 8.256E-02
  3.047703E+00 9.562E-02
  3.047737E+00 1.139E-01
  3.047754E+00 1.260E-01
  3.047771E+00 1.407E-01
  3.047788E+00 1.590E-01
  3.047805E+00 1.821E-01
  3.047822E+00 2.119E-01
  3.047839E+00 2.510E-01
  3.047856E+00 3.040E-01
  3.047873E+00 3.780E-01
  3.047890E+00 4.851E-01
  3.047906E+00 6.471E-01
  3.047923E+00 9.034E-01
  3.047940E+00 1.326E+00
  3.047956E+00 2.022E+00
  3.047973E+00 2.989E+00
  3.047990E+00 3.585E+00
  3.048006E+00 3.031E+00
  3.048023E+00 2.051E+00
  3.048040E+00 1.335E+00
  3.048056E+00 9.017E-01
  3.048073E+00 6.416E-01
  3.048089E+00 4.792E-01
  3.048105E+00 3.730E-01
  3.048122E+00 3.007E-01
  3.048138E+00 2.496E-01
  3.048155E+00 2.125E-01
  3.048171E+00 1.848E-01
  3.048187E+00 1.637E-01
  3.048203E+00 1.474E-01
  3.048236E+00 1.246E-01
  3.048268E+00 1.102E-01
  3.048316E+00 9.770E-02
  3.048364E+00 9.189E-02
  3.048428E+00 9.045E-02
  3.048507E+00 9.578E-02
  3.048585E+00 1.084E-01
  3.048647E+00 1.249E-01
  3.048694E+00 1.427E-01
  3.048740E+00 1.675E-01
  3.048786E+00 2.030E-01
  3.048816E+00 2.360E-01
  3.048846E+00 2.805E-01
  3.048876E+00 3.431E-01
  3.048907E+00 4.353E-01
  3.048922E+00 4.991E-01
  3.048937E+00 5.804E-01
  3.048951E+00 6.869E-01
  3.048966E+00 8.301E-01
  3.048981E+00 1.030E+00
  3.048996E+00 1.320E+00
  3.049011E+00 1.767E+00
  3.049026E+00 2.502E+00
  3.049041E+00 3.823E+00
  3.049055E+00 6.457E+00
  3.049070E+00 1.197E+01
  3.049085E+00 1.925E+01
  3.049100E+00 1.541E+01
  3.049114E+00 7.812E+00
  3.049129E+00 4.039E+00
  3.049144E+00 2.321E+00
  3.049158E+00 1.458E+00
  3.049173E+00 9.779E-01
  3.049187E+00 6.890E-01
  3.049202E+00 5.037E-01
  3.049216E+00 3.790E-01
  3.049231E+00 2.917E-01
  3.049245E+00 2.286E-01
  3.049260E+00 1.818E-01
  3.049274E+00 1.464E-01
  3.049289E+00 1.190E-01
  3.049303E+00 9.746E-02
  3.049317E+00 8.035E-02
  3.049332E+00 6.657E-02
  3.049346E+00 5.534E-02
  3.049360E+00 4.610E-02
  3.049374E+00 3.839E-02
  3.049403E+00 2.623E-02
  3.049431E+00 1.579E-02
  3.049445E+00 6.749E-03
  3.049459E+00 3.672E-02
  3.049473E+00 1.799E-02
  3.049487E+00 1.363E-02
  3.049501E+00 1.103E-02
  3.049515E+00 9.129E-03
  3.049529E+00 7.634E-03
  3.049543E+00 6.422E-03
  3.049557E+00 5.426E-03
  3.049571E+00 4.603E-03
  3.049585E+00 3.923E-03
  3.049599E+00 3.365E-03
  3.049613E+00 2.909E-03
  3.049627E+00 2.544E-03
  3.049640E+00 2.256E-03
  3.049654E+00 2.037E-03
  3.049668E+00 1.878E-03
  3.049682E+00 1.774E-03
  3.049695E+00 1.718E-03
  3.049709E+00 1.706E-03
  3.049723E+00 1.734E-03
  3.049750E+00 1.898E-03
  3.049777E+00 2.193E-03
  3.049804E+00 2.609E-03
  3.049831E+00 3.147E-03
  3.049858E+00 3.818E-03
  3.049885E+00 4.650E-03
  3.049911E+00 5.702E-03
  3.049925E+00 6.343E-03
  3.049938E+00 7.098E-03
  3.049951E+00 8.033E-03
  3.049965E+00 9.403E-03
  3.049978E+00 3.039E-02
  3.049991E+00 9.903E-03
  3.050017E+00 1.415E-02
  3.050031E+00 1.682E-02
  3.050044E+00 2.033E-02
  3.050057E+00 2.512E-02
  3.050070E+00 3.197E-02
  3.050083E+00 4.230E-02
  3.050096E+00 5.893E-02
  3.050109E+00 8.809E-02
  3.050122E+00 1.459E-01
  3.050135E+00 2.848E-01
  3.050148E+00 7.572E-01
  3.050161E+00 4.509E+00
  3.050174E+00 9.467E+00
  3.050187E+00 1.217E+00
  3.050199E+00 4.558E-01
  3.050212E+00 2.477E-01
  3.050225E+00 1.619E-01
  3.050238E+00 1.183E-01
  3.050251E+00 9.311E-02
  3.050264E+00 7.729E-02
  3.050276E+00 6.677E-02
  3.050289E+00 5.948E-02
  3.050314E+00 5.054E-02
  3.050340E+00 4.584E-02
  3.050365E+00 4.351E-02
  3.050403E+00 4.270E-02
  3.050453E+00 4.502E-02
  3.050502E+00 5.083E-02
  3.050539E+00 5.807E-02
  3.050576E+00 6.911E-02
  3.050600E+00 7.978E-02
  3.050613E+00 8.657E-02
  3.050637E+00 1.044E-01
  3.050649E+00 1.163E-01
  3.050661E+00 1.310E-01
  3.050673E+00 1.494E-01
  3.050685E+00 1.731E-01
  3.050697E+00 2.041E-01
  3.050710E+00 2.457E-01
  3.050722E+00 3.033E-01
  3.050734E+00 3.859E-01
  3.050746E+00 5.096E-01
  3.050758E+00 7.032E-01
  3.050769E+00 1.020E+00
  3.050781E+00 1.548E+00
  3.050793E+00 2.341E+00
  3.050805E+00 3.029E+00
  3.050817E+00 2.793E+00
  3.050829E+00 1.955E+00
  3.050841E+00 1.269E+00
  3.050853E+00 8.468E-01
  3.050864E+00 5.949E-01
  3.050876E+00 4.394E-01
  3.050888E+00 3.390E-01
  3.050900E+00 2.713E-01
  3.050911E+00 2.239E-01
  3.050923E+00 1.896E-01
  3.050935E+00 1.643E-01
  3.050946E+00 1.451E-01
  3.050958E+00 1.303E-01
  3.050981E+00 1.097E-01
  3.051005E+00 9.669E-02
  3.051028E+00 8.842E-02
  3.051062E+00 8.155E-02
  3.051108E+00 7.881E-02
  3.051153E+00 8.093E-02
  3.051210E+00 8.920E-02
  3.051266E+00 1.045E-01
  3.051310E+00 1.240E-01
  3.051344E+00 1.453E-01
  3.051377E+00 1.758E-01
  3.051398E+00 2.040E-01
  3.051420E+00 2.421E-01
  3.051442E+00 2.954E-01
  3.051453E+00 3.305E-01
  3.051464E+00 3.736E-01
  3.051475E+00 4.273E-01
  3.051486E+00 4.958E-01
  3.051496E+00 5.849E-01
  3.051507E+00 7.044E-01
  3.051518E+00 8.698E-01
  3.051529E+00 1.109E+00
  3.051539E+00 1.472E+00
  3.051550E+00 2.063E+00
  3.051561E+00 3.110E+00
  3.051572E+00 5.160E+00
  3.051582E+00 9.459E+00
  3.051593E+00 1.609E+01
  3.051604E+00 1.458E+01
  3.051614E+00 7.617E+00
  3.051625E+00 3.886E+00
  3.051635E+00 2.199E+00
  3.051646E+00 1.365E+00
  3.051657E+00 9.074E-01
  3.051667E+00 6.351E-01
  3.051678E+00 4.620E-01
  3.051688E+00 3.463E-01
  3.051699E+00 2.657E-01
  3.051709E+00 2.078E-01
  3.051720E+00 1.649E-01
  3.051730E+00 1.326E-01
  3.051740E+00 1.077E-01
  3.051751E+00 8.816E-02
  3.051761E+00 7.269E-02
  3.051772E+00 6.026E-02
  3.051782E+00 5.016E-02
  3.051792E+00 4.187E-02
  3.051813E+00 2.921E-02
  3.051823E+00 2.428E-02
  3.051844E+00 1.555E-02
  3.051854E+00 8.449E-03
  3.051864E+00 2.390E-02
  3.051875E+00 1.426E-02
  3.051885E+00 1.126E-02
  3.051895E+00 9.281E-03
  3.051905E+00 7.763E-03
  3.051915E+00 6.539E-03
  3.051936E+00 4.701E-03
  3.051946E+00 4.010E-03
  3.051956E+00 3.438E-03
  3.051966E+00 2.969E-03
  3.051976E+00 2.587E-03
  3.051986E+00 2.282E-03
  3.051996E+00 2.045E-03
  3.052006E+00 1.866E-03
  3.052025E+00 1.669E-03
  3.055385E+00 1.885E+00
  3.062015E+00 1.477E+00
  3.062025E+00 1.597E+00
  3.066143E+00 1.410E+00
  3.070215E+00 1.256E+00
  3.078225E+00 1.022E+00
  3.086060E+00 8.529E-01
  3.097497E+00 6.738E-01
  3.108569E+00 5.497E-01
  3.119291E+00 4.596E-01
  3.133068E+00 3.730E-01
  3.149500E+00 2.987E-01
  3.168138E+00 2.393E-01
  3.188509E+00 1.936E-01
  3.210139E+00 1.592E-01
  3.234952E+00 1.312E-01
  3.263959E+00 1.082E-01
  3.297167E+00 9.027E-02
  3.319505E+00 8.346E-02
  3.330577E+00 8.422E-02
  3.336630E+00 8.819E-02
  3.341045E+00 9.513E-02
  3.343930E+00 1.038E-01
  3.345356E+00 1.103E-01
  3.346771E+00 1.194E-01
  3.348175E+00 1.323E-01
  3.349567E+00 1.515E-01
  3.350950E+00 1.813E-01
  3.352321E+00 2.273E-01
  3.353682E+00 2.878E-01
  3.355032E+00 3.275E-01
  3.356372E+00 3.056E-01
  3.357702E+00 2.593E-01
  3.359022E+00 2.284E-01
  3.360332E+00 2.168E-01
  3.361631E+00 2.196E-01
  3.362921E+00 2.335E-01
  3.364202E+00 2.575E-01
  3.365472E+00 2.925E-01
  3.366733E+00 3.405E-01
  3.367985E+00 4.048E-01
  3.369227E+00 4.896E-01
  3.370460E+00 5.994E-01
  3.371684E+00 7.368E-01
  3.374105E+00 1.065E+00
  3.375301E+00 1.203E+00
  3.376490E+00 1.271E+00
  3.377669E+00 1.250E+00
  3.378840E+00 1.157E+00
  3.382301E+00 7.668E-01
  3.383438E+00 6.615E-01
  3.384567E+00 5.746E-01
  3.385688E+00 5.037E-01
  3.386800E+00 4.460E-01
  3.387905E+00 3.987E-01
  3.390091E+00 3.275E-01
  3.392245E+00 2.776E-01
  3.395420E+00 2.271E-01
  3.398528E+00 1.939E-01
  3.402572E+00 1.650E-01
  3.407472E+00 1.428E-01
  3.412205E+00 1.301E-01
  3.416781E+00 1.252E-01
  3.420332E+00 1.280E-01
  3.422934E+00 1.362E-01
  3.425485E+00 1.523E-01
  3.427986E+00 1.782E-01
  3.432844E+00 2.472E-01
  3.433635E+00 2.532E-01
  3.434422E+00 2.536E-01
  3.435203E+00 2.474E-01
  3.436751E+00 2.196E-01
  3.439036E+00 1.719E-01
  3.440535E+00 1.484E-01
  3.442749E+00 1.249E-01
  3.444921E+00 1.101E-01
  3.448453E+00 9.508E-02
  3.453219E+00 8.292E-02
  3.460932E+00 7.091E-02
  3.470963E+00 6.114E-02
  3.476948E+00 5.867E-02
  3.480060E+00 6.022E-02
  3.482077E+00 6.397E-02
  3.483561E+00 6.978E-02
  3.484537E+00 7.630E-02
  3.485502E+00 8.663E-02
  3.485981E+00 9.408E-02
  3.486457E+00 1.038E-01
  3.486931E+00 1.168E-01
  3.487402E+00 1.344E-01
  3.487870E+00 1.586E-01
  3.488336E+00 1.925E-01
  3.488799E+00 2.390E-01
  3.489719E+00 3.590E-01
  3.490175E+00 3.898E-01
  3.490628E+00 3.643E-01
  3.491528E+00 2.352E-01
  3.491974E+00 1.847E-01
  3.492418E+00 1.498E-01
  3.492860E+00 1.267E-01
  3.493299E+00 1.117E-01
  3.493736E+00 1.022E-01
  3.494171E+00 9.666E-02
  3.494603E+00 9.407E-02
  3.495033E+00 9.381E-02
  3.495461E+00 9.556E-02
  3.496310E+00 1.048E-01
  3.496731E+00 1.124E-01
  3.497150E+00 1.225E-01
  3.497567E+00 1.354E-01
  3.497982E+00 1.519E-01
  3.498394E+00 1.730E-01
  3.498805E+00 2.001E-01
  3.499213E+00 2.352E-01
  3.499619E+00 2.811E-01
  3.500023E+00 3.415E-01
  3.500425E+00 4.207E-01
  3.500825E+00 5.232E-01
  3.501223E+00 6.493E-01
  3.502013E+00 9.134E-01
  3.502405E+00 9.838E-01
  3.502795E+00 9.790E-01
  3.503183E+00 9.170E-01
  3.503569E+00 8.369E-01
  3.503953E+00 7.747E-01
  3.504335E+00 7.828E-01
  3.504715E+00 1.708E+00
  3.505093E+00 6.643E-01
  3.505469E+00 5.113E-01
  3.505844E+00 5.085E-01
  3.506216E+00 5.231E-01
  3.506587E+00 5.491E-01
  3.506956E+00 5.862E-01
  3.507323E+00 6.350E-01
  3.507688E+00 6.966E-01
  3.508051E+00 7.728E-01
  3.508413E+00 8.657E-01
  3.508773E+00 9.780E-01
  3.509131E+00 1.113E+00
  3.509487E+00 1.276E+00
  3.509841E+00 1.470E+00
  3.510194E+00 1.701E+00
  3.510545E+00 1.974E+00
  3.510895E+00 2.295E+00
  3.511588E+00 3.088E+00
  3.512955E+00 5.065E+00
  3.513293E+00 5.719E+00
  3.513629E+00 1.192E+01
  3.513963E+00 4.748E+00
  3.514296E+00 4.919E+00
  3.514627E+00 4.820E+00
  3.515284E+00 4.324E+00
  3.516580E+00 3.161E+00
  3.517537E+00 2.493E+00
  3.518479E+00 2.014E+00
  3.519408E+00 1.673E+00
  3.520325E+00 1.425E+00
  3.521527E+00 1.191E+00
  3.522998E+00 9.954E-01
  3.524719E+00 8.439E-01
  3.526669E+00 7.342E-01
  3.528823E+00 6.634E-01
  3.530901E+00 6.371E-01
  3.532412E+00 6.514E-01
  3.533641E+00 7.005E-01
  3.534606E+00 7.849E-01
  3.535318E+00 8.950E-01
  3.535788E+00 1.004E+00
  3.536254E+00 1.153E+00
  3.536715E+00 1.357E+00
  3.537173E+00 1.634E+00
  3.537627E+00 2.001E+00
  3.538078E+00 2.472E+00
  3.538746E+00 3.290E+00
  3.538967E+00 3.515E+00
  3.539187E+00 3.664E+00
  3.539406E+00 3.715E+00
  3.539624E+00 3.664E+00
  3.540057E+00 3.338E+00
  3.540914E+00 2.503E+00
  3.541546E+00 2.057E+00
  3.542172E+00 1.765E+00
  3.542789E+00 1.576E+00
  3.543600E+00 1.424E+00
  3.544399E+00 1.344E+00
  3.544793E+00 1.355E+00
  3.544989E+00 1.738E+00
  3.545184E+00 2.463E+00
  3.545379E+00 1.451E+00
  3.545572E+00 1.372E+00
  3.546148E+00 1.341E+00
  3.547280E+00 1.396E+00
  3.548385E+00 1.535E+00
  3.549287E+00 1.734E+00
  3.549995E+00 1.982E+00
  3.550519E+00 2.256E+00
  3.551037E+00 2.658E+00
  3.551379E+00 3.044E+00
  3.551718E+00 3.585E+00
  3.551887E+00 3.944E+00
  3.552055E+00 4.386E+00
  3.552222E+00 4.943E+00
  3.552389E+00 5.658E+00
  3.552555E+00 6.599E+00
  3.552721E+00 7.874E+00
  3.552886E+00 9.659E+00
  3.553050E+00 1.226E+01
  3.553213E+00 1.622E+01
  3.553376E+00 2.253E+01
  3.553539E+00 3.293E+01
  3.553701E+00 4.951E+01
  3.553862E+00 6.949E+01
  3.554022E+00 7.535E+01
  3.554182E+00 5.920E+01
  3.554341E+00 4.007E+01
  3.554500E+00 2.718E+01
  3.554658E+00 1.947E+01
  3.554816E+00 1.483E+01
  3.554973E+00 1.196E+01
  3.555129E+00 1.014E+01
  3.555285E+00 8.975E+00
  3.555440E+00 8.248E+00
  3.555595E+00 7.831E+00
  3.555749E+00 7.651E+00
  3.555902E+00 7.663E+00
  3.556207E+00 8.176E+00
  3.556510E+00 9.244E+00
  3.557110E+00 1.192E+01
  3.557406E+00 1.280E+01
  3.557553E+00 1.344E+01
  3.557700E+00 1.490E+01
  3.557846E+00 1.893E+01
  3.557992E+00 3.322E+01
  3.558137E+00 1.452E+02
  3.558282E+00 5.276E+02
  3.558426E+00 4.181E+02
  3.558570E+00 2.870E+01
  3.558713E+00 1.765E+01
  3.558855E+00 1.432E+01
  3.558997E+00 1.305E+01
  3.559139E+00 1.272E+01
  3.559280E+00 1.297E+01
  3.559420E+00 1.371E+01
  3.559560E+00 1.496E+01
  3.559700E+00 1.686E+01
  3.559839E+00 1.973E+01
  3.559977E+00 2.419E+01
  3.560115E+00 3.163E+01
  3.560253E+00 4.545E+01
  3.560390E+00 7.512E+01
  3.560526E+00 1.384E+02
  3.560662E+00 1.306E+02
  3.560798E+00 4.064E+01
  3.560933E+00 1.179E+01
  3.561068E+00 4.028E+00
  3.561202E+00 1.932E+00
  3.561335E+00 1.674E+00
  3.561469E+00 2.114E+00
  3.561601E+00 2.839E+00
  3.561733E+00 3.649E+00
  3.561865E+00 4.385E+00
  3.561996E+00 4.833E+00
  3.562127E+00 4.645E+00
  3.562258E+00 3.437E+00
  3.562387E+00 2.028E+00
  3.562517E+00 4.162E+00
  3.562646E+00 9.629E+00
  3.562774E+00 1.405E+01
  3.562903E+00 1.655E+01
  3.563030E+00 1.770E+01
  3.563157E+00 1.792E+01
  3.563284E+00 1.753E+01
  3.563536E+00 1.567E+01
  3.564035E+00 1.104E+01
  3.564282E+00 9.101E+00
  3.564527E+00 7.531E+00
  3.564771E+00 6.283E+00
  3.565133E+00 4.880E+00
  3.565492E+00 3.886E+00
  3.565846E+00 3.170E+00
  3.566198E+00 2.647E+00
  3.566660E+00 2.156E+00
  3.567117E+00 1.831E+00
  3.567567E+00 1.626E+00
  3.568012E+00 1.519E+00
  3.568450E+00 1.505E+00
  3.568883E+00 1.592E+00
  3.569310E+00 1.791E+00
  3.569836E+00 2.176E+00
  3.570250E+00 2.582E+00
  3.570456E+00 2.881E+00
  3.570558E+00 3.090E+00
  3.570660E+00 3.386E+00
  3.570761E+00 3.981E+00
  3.570862E+00 8.957E+00
  3.570963E+00 5.760E+00
  3.571064E+00 3.652E+00
  3.571363E+00 3.312E+00
  3.571660E+00 2.633E+00
  3.571953E+00 1.957E+00
  3.572148E+00 1.608E+00
  3.572341E+00 1.339E+00
  3.572533E+00 1.133E+00
  3.572818E+00 9.090E-01
  3.573101E+00 7.527E-01
  3.573381E+00 6.406E-01
  3.573750E+00 5.355E-01
  3.574206E+00 4.494E-01
  3.574654E+00 3.961E-01
  3.575095E+00 3.678E-01
  3.575443E+00 3.636E-01
  3.575701E+00 3.760E-01
  3.575872E+00 3.973E-01
  3.576042E+00 4.401E-01
  3.576127E+00 4.796E-01
  3.576211E+00 5.503E-01
  3.576295E+00 7.261E-01
  3.576379E+00 2.148E+00
  3.576462E+00 4.470E-01
  3.576545E+00 3.409E-01
  3.576711E+00 5.235E-01
  3.576794E+00 6.377E-01
  3.576876E+00 7.909E-01
  3.576958E+00 1.010E+00
  3.577040E+00 1.332E+00
  3.577121E+00 1.785E+00
  3.577283E+00 2.778E+00
  3.577364E+00 5.549E+00
  3.577445E+00 4.720E+00
  3.577525E+00 1.304E+00
  3.577605E+00 6.410E-01
  3.577685E+00 3.880E-01
  3.577764E+00 2.615E-01
  3.577844E+00 1.896E-01
  3.577923E+00 1.454E-01
  3.578002E+00 1.168E-01
  3.578080E+00 9.742E-02
  3.578159E+00 8.393E-02
  3.578237E+00 7.425E-02
  3.578315E+00 6.710E-02
  3.578470E+00 5.740E-02
  3.578854E+00 4.096E-02
  3.579157E+00 2.326E-02
  3.579232E+00 2.029E-02
  3.579307E+00 1.920E-02
  3.579382E+00 2.106E-02
  3.579456E+00 2.842E-02
  3.579531E+00 4.842E-02
  3.579605E+00 1.046E-01
  3.579679E+00 3.018E-01
  3.579752E+00 1.525E+00
  3.579826E+00 4.831E+01
  3.579899E+00 2.966E+00
  3.579972E+00 9.987E-01
  3.580045E+00 5.874E-01
  3.580118E+00 4.364E-01
  3.580190E+00 3.697E-01
  3.580262E+00 3.418E-01
  3.580334E+00 3.378E-01
  3.580406E+00 3.530E-01
  3.580477E+00 3.880E-01
  3.580549E+00 4.470E-01
  3.580620E+00 5.357E-01
  3.580762E+00 7.577E-01
  3.580832E+00 7.520E-01
  3.580903E+00 5.915E-01
  3.580973E+00 3.943E-01
  3.581043E+00 2.539E-01
  3.581112E+00 1.738E-01
  3.581182E+00 1.339E-01
  3.581251E+00 1.188E-01
  3.581320E+00 1.201E-01
  3.581389E+00 1.336E-01
  3.581458E+00 1.570E-01
  3.581527E+00 1.890E-01
  3.581663E+00 2.700E-01
  3.581799E+00 3.490E-01
  3.581867E+00 3.765E-01
  3.581934E+00 3.919E-01
  3.582001E+00 3.955E-01
  3.582135E+00 3.755E-01
  3.582532E+00 2.615E-01
  3.582728E+00 2.175E-01
  3.582922E+00 1.869E-01
  3.582987E+00 1.821E-01
  3.583051E+00 1.847E-01
  3.583115E+00 2.047E-01
  3.583179E+00 2.733E-01
  3.583243E+00 4.862E-01
  3.583306E+00 9.744E-01
  3.583370E+00 1.144E+00
  3.583433E+00 8.430E-01
  3.583496E+00 6.208E-01
  3.583559E+00 4.984E-01
  3.583621E+00 4.280E-01
  3.583684E+00 3.846E-01
  3.583746E+00 3.564E-01
  3.583870E+00 3.252E-01
  3.584055E+00 3.106E-01
  3.584239E+00 3.176E-01
  3.584421E+00 3.417E-01
  3.584601E+00 3.837E-01
  3.584780E+00 4.466E-01
  3.585016E+00 5.665E-01
  3.585366E+00 7.707E-01
  3.585710E+00 8.904E-01
  3.585824E+00 9.610E-01
  3.585880E+00 1.019E+00
  3.585936E+00 1.106E+00
  3.585993E+00 1.262E+00
  3.586049E+00 1.855E+00
  3.586105E+00 6.562E+00
  3.586160E+00 1.248E+00
  3.586216E+00 1.241E+00
  3.586327E+00 1.263E+00
  3.586437E+00 1.181E+00
  3.586710E+00 8.089E-01
  3.586872E+00 6.354E-01
  3.587033E+00 5.157E-01
  3.587192E+00 4.346E-01
  3.587351E+00 3.796E-01
  3.587560E+00 3.333E-01
  3.587767E+00 3.090E-01
  3.587972E+00 3.031E-01
  3.588124E+00 3.122E-01
  3.588275E+00 3.383E-01
  3.588375E+00 3.711E-01
  3.588475E+00 4.262E-01
  3.588524E+00 4.678E-01
  3.588574E+00 5.248E-01
  3.588623E+00 6.058E-01
  3.588672E+00 7.266E-01
  3.588721E+00 9.196E-01
  3.588770E+00 1.256E+00
  3.588819E+00 1.902E+00
  3.588868E+00 3.127E+00
  3.588916E+00 4.214E+00
  3.588965E+00 3.476E+00
  3.589013E+00 3.037E+00
  3.589061E+00 4.143E+00
  3.589110E+00 6.792E+00
  3.589158E+00 3.792E+00
  3.589205E+00 1.254E+00
  3.589253E+00 5.083E-01
  3.589301E+00 2.527E-01
  3.589348E+00 1.513E-01
  3.589396E+00 1.134E-01
  3.589443E+00 1.121E-01
  3.589490E+00 1.453E-01
  3.589537E+00 2.292E-01
  3.589584E+00 3.898E-01
  3.589631E+00 5.712E-01
  3.589677E+00 5.589E-01
  3.589724E+00 4.035E-01
  3.589770E+00 2.755E-01
  3.589817E+00 1.967E-01
  3.589863E+00 1.491E-01
  3.589909E+00 1.191E-01
  3.589955E+00 9.933E-02
  3.590001E+00 8.574E-02
  3.590047E+00 7.606E-02
  3.590092E+00 6.898E-02
  3.590183E+00 5.963E-02
  3.590274E+00 5.408E-02
  3.590408E+00 4.959E-02
  3.590675E+00 4.609E-02
  3.590763E+00 4.283E-02
  3.590807E+00 3.961E-02
  3.590851E+00 3.526E-02
  3.590938E+00 2.505E-02
  3.590982E+00 2.051E-02
  3.591025E+00 1.712E-02
  3.591068E+00 1.557E-02
  3.591111E+00 1.745E-02
  3.591154E+00 2.734E-02
  3.591197E+00 6.050E-02
  3.591240E+00 1.844E-01
  3.591283E+00 9.455E-01
  3.591325E+00 2.957E+01
  3.591368E+00 2.386E+00
  3.591410E+00 7.618E-01
  3.591452E+00 4.323E-01
  3.591495E+00 3.084E-01
  3.591537E+00 2.486E-01
  3.591579E+00 2.167E-01
  3.591620E+00 1.998E-01
  3.591662E+00 1.922E-01
  3.591746E+00 1.900E-01
  3.591787E+00 1.841E-01
  3.591828E+00 1.673E-01
  3.591911E+00 1.227E-01
  3.591952E+00 1.082E-01
  3.591993E+00 9.960E-02
  3.592034E+00 9.551E-02
  3.592075E+00 9.473E-02
  3.592115E+00 9.664E-02
  3.592156E+00 1.011E-01
  3.592196E+00 1.081E-01
  3.592237E+00 1.179E-01
  3.592317E+00 1.460E-01
  3.592397E+00 1.794E-01
  3.592437E+00 1.926E-01
  3.592477E+00 2.001E-01
  3.592517E+00 2.012E-01
  3.592596E+00 1.889E-01
  3.592753E+00 1.526E-01
  3.592870E+00 1.346E-01
  3.592986E+00 1.246E-01
  3.593102E+00 1.209E-01
  3.593178E+00 1.232E-01
  3.593216E+00 1.276E-01
  3.593254E+00 1.367E-01
  3.593292E+00 1.567E-01
  3.593330E+00 2.026E-01
  3.593367E+00 2.974E-01
  3.593405E+00 3.838E-01
  3.593443E+00 3.478E-01
  3.593480E+00 2.843E-01
  3.593517E+00 2.448E-01
  3.593555E+00 2.236E-01
  3.593592E+00 2.128E-01
  3.593666E+00 2.074E-01
  3.593740E+00 2.137E-01
  3.593850E+00 2.376E-01
  3.593959E+00 2.779E-01
  3.594068E+00 3.369E-01
  3.594175E+00 4.162E-01
  3.594354E+00 5.618E-01
  3.594459E+00 6.099E-01
  3.594669E+00 6.307E-01
  3.594738E+00 6.718E-01
  3.594773E+00 7.092E-01
  3.594807E+00 7.632E-01
  3.594841E+00 8.465E-01
  3.594876E+00 1.025E+00
  3.594910E+00 3.134E+00
  3.594944E+00 1.046E+00
  3.594978E+00 8.814E-01
  3.595046E+00 9.069E-01
  3.595113E+00 8.624E-01
  3.595314E+00 5.697E-01
  3.595413E+00 4.625E-01
  3.595512E+00 3.900E-01
  3.595610E+00 3.426E-01
  3.595707E+00 3.132E-01
  3.595836E+00 2.956E-01
  3.595932E+00 2.978E-01
  3.596027E+00 3.168E-01
  3.596090E+00 3.438E-01
  3.596153E+00 3.905E-01
  3.596185E+00 4.260E-01
  3.596216E+00 4.742E-01
  3.596247E+00 5.417E-01
  3.596278E+00 6.391E-01
  3.596309E+00 7.855E-01
  3.596340E+00 1.014E+00
  3.596371E+00 1.371E+00
  3.596402E+00 1.874E+00
  3.596433E+00 2.288E+00
  3.596463E+00 2.170E+00
  3.596494E+00 1.713E+00
  3.596525E+00 1.365E+00
  3.596555E+00 1.225E+00
  3.596586E+00 1.275E+00
  3.596616E+00 1.547E+00
  3.596646E+00 2.184E+00
  3.596707E+00 4.614E+00
  3.596737E+00 3.174E+00
  3.596767E+00 1.503E+00
  3.596797E+00 7.381E-01
  3.596827E+00 4.035E-01
  3.596857E+00 2.421E-01
  3.596887E+00 1.566E-01
  3.596916E+00 1.084E-01
  3.596946E+00 8.104E-02
  3.596976E+00 6.765E-02
  3.597005E+00 6.786E-02
  3.597035E+00 8.921E-02
  3.597064E+00 1.531E-01
  3.597093E+00 2.672E-01
  3.597123E+00 3.027E-01
  3.597152E+00 2.306E-01
  3.597181E+00 1.654E-01
  3.597210E+00 1.254E-01
  3.597239E+00 1.010E-01
  3.597268E+00 8.539E-02
  3.597297E+00 7.483E-02
  3.597326E+00 6.735E-02
  3.597355E+00 6.188E-02
  3.597412E+00 5.457E-02
  3.597498E+00 4.853E-02
  3.597611E+00 4.495E-02
  3.597807E+00 4.402E-02
  3.597835E+00 4.318E-02
  3.597863E+00 4.139E-02
  3.597890E+00 3.838E-02
  3.597918E+00 3.417E-02
  3.597973E+00 2.423E-02
  3.598000E+00 1.977E-02
  3.598028E+00 1.633E-02
  3.598055E+00 1.456E-02
  3.598082E+00 1.603E-02
  3.598110E+00 2.531E-02
  3.598137E+00 5.793E-02
  3.598164E+00 1.851E-01
  3.598191E+00 1.033E+00
  3.598218E+00 2.915E+01
  3.598245E+00 1.898E+00
  3.598272E+00 6.545E-01
  3.598298E+00 3.777E-01
  3.598325E+00 2.687E-01
  3.598352E+00 2.133E-01
  3.598378E+00 1.810E-01
  3.598405E+00 1.602E-01
  3.598458E+00 1.334E-01
  3.598511E+00 1.119E-01
  3.598537E+00 1.039E-01
  3.598563E+00 9.875E-02
  3.598616E+00 9.452E-02
  3.598668E+00 9.555E-02
  3.598720E+00 1.011E-01
  3.598771E+00 1.124E-01
  3.598823E+00 1.308E-01
  3.598874E+00 1.526E-01
  3.598900E+00 1.607E-01
  3.598925E+00 1.641E-01
  3.598951E+00 1.622E-01
  3.599027E+00 1.391E-01
  3.599102E+00 1.186E-01
  3.599177E+00 1.077E-01
  3.599252E+00 1.036E-01
  3.599326E+00 1.044E-01
  3.599376E+00 1.084E-01
  3.599400E+00 1.123E-01
  3.599425E+00 1.189E-01
  3.599449E+00 1.307E-01
  3.599473E+00 1.532E-01
  3.599522E+00 2.286E-01
  3.599546E+00 2.228E-01
  3.599571E+00 1.996E-01
  3.599595E+00 1.836E-01
  3.599619E+00 1.760E-01
  3.599643E+00 1.738E-01
  3.599691E+00 1.788E-01
  3.599762E+00 2.012E-01
  3.599833E+00 2.390E-01
  3.599904E+00 2.942E-01
  3.599974E+00 3.681E-01
  3.600068E+00 4.762E-01
  3.600114E+00 5.142E-01
  3.600160E+00 5.302E-01
  3.600297E+00 5.181E-01
  3.600342E+00 5.412E-01
  3.600388E+00 6.005E-01
  3.600410E+00 6.504E-01
  3.600433E+00 7.263E-01
  3.600455E+00 8.909E-01
  3.600477E+00 3.318E+00
  3.600500E+00 8.444E-01
  3.600522E+00 7.426E-01
  3.600566E+00 7.618E-01
  3.600611E+00 7.214E-01
  3.600743E+00 4.844E-01
  3.600808E+00 4.001E-01
  3.600873E+00 3.440E-01
  3.600938E+00 3.090E-01
  3.601002E+00 2.900E-01
  3.601066E+00 2.852E-01
  3.601129E+00 2.959E-01
  3.601171E+00 3.150E-01
  3.601213E+00 3.492E-01
  3.601234E+00 3.751E-01
  3.601255E+00 4.096E-01
  3.601276E+00 4.564E-01
  3.601297E+00 5.213E-01
  3.601317E+00 6.134E-01
  3.601338E+00 7.471E-01
  3.601359E+00 9.434E-01
  3.601379E+00 1.220E+00
  3.601400E+00 1.543E+00
  3.601421E+00 1.743E+00
  3.601441E+00 1.640E+00
  3.601482E+00 1.114E+00
  3.601502E+00 9.793E-01
  3.601523E+00 9.521E-01
  3.601543E+00 1.031E+00
  3.601563E+00 1.248E+00
  3.601584E+00 1.693E+00
  3.601604E+00 2.536E+00
  3.601624E+00 3.688E+00
  3.601644E+00 3.553E+00
  3.601664E+00 2.056E+00
  3.601684E+00 1.056E+00
  3.601704E+00 5.796E-01
  3.601724E+00 3.475E-01
  3.601744E+00 2.246E-01
  3.601764E+00 1.543E-01
  3.601784E+00 1.116E-01
  3.601804E+00 8.470E-02
  3.601824E+00 6.795E-02
  3.601844E+00 5.934E-02
  3.601863E+00 6.056E-02
  3.601883E+00 8.050E-02
  3.601903E+00 1.404E-01
  3.601922E+00 2.232E-01
  3.601942E+00 2.129E-01
  3.601961E+00 1.580E-01
  3.601981E+00 1.192E-01
  3.602000E+00 9.566E-02
  3.602020E+00 8.091E-02
  3.602039E+00 7.110E-02
  3.602058E+00 6.423E-02
  3.602097E+00 5.543E-02
  3.602136E+00 5.019E-02
  3.602193E+00 4.564E-02
  3.602269E+00 4.278E-02
  3.602363E+00 4.239E-02
  3.602419E+00 4.242E-02
  3.602438E+00 4.155E-02
  3.602457E+00 3.967E-02
  3.602475E+00 3.654E-02
  3.602494E+00 3.231E-02
  3.602531E+00 2.272E-02
  3.602549E+00 1.853E-02
  3.602568E+00 1.539E-02
  3.602586E+00 1.402E-02
  3.602604E+00 1.629E-02
  3.602623E+00 2.775E-02
  3.602641E+00 6.813E-02
  3.602659E+00 2.359E-01
  3.602677E+00 1.615E+00
  3.602696E+00 1.614E+01
  3.602714E+00 1.383E+00
  3.602732E+00 5.532E-01
  3.602750E+00 3.350E-01
  3.602768E+00 2.427E-01
  3.602786E+00 1.935E-01
  3.602804E+00 1.634E-01
  3.602822E+00 1.430E-01
  3.602840E+00 1.282E-01
  3.602858E+00 1.174E-01
  3.602876E+00 1.099E-01
  3.602893E+00 1.050E-01
  3.602929E+00 1.002E-01
  3.602982E+00 9.963E-02
  3.603017E+00 1.035E-01
  3.603052E+00 1.119E-01
  3.603087E+00 1.259E-01
  3.603139E+00 1.497E-01
  3.603157E+00 1.519E-01
  3.603174E+00 1.492E-01
  3.603260E+00 1.114E-01
  3.603311E+00 9.984E-02
  3.603362E+00 9.577E-02
  3.603430E+00 9.763E-02
  3.603480E+00 1.054E-01
  3.603497E+00 1.107E-01
  3.603514E+00 1.193E-01
  3.603530E+00 1.336E-01
  3.603564E+00 1.771E-01
  3.603580E+00 1.780E-01
  3.603613E+00 1.601E-01
  3.603630E+00 1.575E-01
  3.603663E+00 1.620E-01
  3.603712E+00 1.834E-01
  3.603761E+00 2.193E-01
  3.603809E+00 2.719E-01
  3.603858E+00 3.421E-01
  3.603922E+00 4.429E-01
  3.603954E+00 4.759E-01
  3.603985E+00 4.867E-01
  3.604080E+00 4.601E-01
  3.604111E+00 4.751E-01
  3.604143E+00 5.206E-01
  3.604158E+00 5.590E-01
  3.604174E+00 6.136E-01
  3.604189E+00 7.037E-01
  3.604205E+00 9.894E-01
  3.604220E+00 8.245E+00
  3.604236E+00 6.748E-01
  3.604282E+00 6.821E-01
  3.604312E+00 6.367E-01
  3.604388E+00 4.593E-01
  3.604434E+00 3.804E-01
  3.604479E+00 3.279E-01
  3.604524E+00 2.957E-01
  3.604568E+00 2.793E-01
  3.604613E+00 2.774E-01
  3.604657E+00 2.924E-01
  3.604686E+00 3.163E-01
  3.604716E+00 3.586E-01
  3.604730E+00 3.907E-01
  3.604745E+00 4.341E-01
  3.604759E+00 4.936E-01
  3.604774E+00 5.767E-01
  3.604788E+00 6.945E-01
  3.604803E+00 8.612E-01
  3.604817E+00 1.084E+00
  3.604831E+00 1.330E+00
  3.604846E+00 1.480E+00
  3.604860E+00 1.416E+00
  3.604889E+00 1.011E+00
  3.604903E+00 8.866E-01
  3.604917E+00 8.424E-01
  3.604932E+00 8.772E-01
  3.604946E+00 1.005E+00
  3.604960E+00 1.272E+00
  3.604974E+00 1.780E+00
  3.605002E+00 3.533E+00
  3.605017E+00 2.921E+00
  3.605031E+00 1.641E+00
  3.605045E+00 8.778E-01
  3.605059E+00 5.047E-01
  3.605073E+00 3.146E-01
  3.605087E+00 2.101E-01
  3.605101E+00 1.484E-01
  3.605115E+00 1.099E-01
  3.605128E+00 8.482E-02
  3.605142E+00 6.843E-02
  3.605156E+00 5.861E-02
  3.605170E+00 5.580E-02
  3.605184E+00 6.509E-02
  3.605198E+00 1.019E-01
  3.605211E+00 1.770E-01
  3.605225E+00 2.016E-01
  3.605239E+00 1.570E-01
  3.605253E+00 1.182E-01
  3.605266E+00 9.431E-02
  3.605280E+00 7.951E-02
  3.605294E+00 6.979E-02
  3.605307E+00 6.304E-02
  3.605334E+00 5.444E-02
  3.605361E+00 4.932E-02
  3.605402E+00 4.481E-02
  3.605455E+00 4.180E-02
  3.605522E+00 4.100E-02
  3.605575E+00 4.141E-02
  3.605588E+00 4.073E-02
  3.605601E+00 3.912E-02
  3.605614E+00 3.632E-02
  3.605627E+00 3.238E-02
  3.605653E+00 2.307E-02
  3.605666E+00 1.886E-02
  3.605679E+00 1.556E-02
  3.605692E+00 1.379E-02
  3.605705E+00 1.510E-02
  3.605718E+00 2.391E-02
  3.605731E+00 5.523E-02
  3.605744E+00 1.778E-01
  3.605757E+00 9.944E-01
  3.605770E+00 2.547E+01
  3.605782E+00 1.801E+00
  3.605795E+00 6.210E-01
  3.605808E+00 3.558E-01
  3.605821E+00 2.503E-01
  3.605834E+00 1.960E-01
  3.605846E+00 1.635E-01
  3.605859E+00 1.425E-01
  3.605872E+00 1.286E-01
  3.605884E+00 1.196E-01
  3.605910E+00 1.103E-01
  3.605947E+00 1.043E-01
  3.605985E+00 1.051E-01
  3.606010E+00 1.104E-01
  3.606035E+00 1.206E-01
  3.606072E+00 1.420E-01
  3.606084E+00 1.462E-01
  3.606096E+00 1.460E-01
  3.606109E+00 1.410E-01
  3.606145E+00 1.157E-01
  3.606170E+00 1.032E-01
  3.606194E+00 9.598E-02
  3.606231E+00 9.167E-02
  3.606279E+00 9.324E-02
  3.606315E+00 9.953E-02
  3.606339E+00 1.087E-01
  3.606351E+00 1.170E-01
  3.606374E+00 1.463E-01
  3.606386E+00 1.571E-01
  3.606398E+00 1.554E-01
  3.606422E+00 1.480E-01
  3.606445E+00 1.524E-01
  3.606469E+00 1.647E-01
  3.606504E+00 1.947E-01
  3.606539E+00 2.397E-01
  3.606573E+00 3.021E-01
  3.606631E+00 4.224E-01
  3.606654E+00 4.523E-01
  3.606676E+00 4.600E-01
  3.606744E+00 4.256E-01
  3.606767E+00 4.362E-01
  3.606789E+00 4.741E-01
  3.606801E+00 5.066E-01
  3.606812E+00 5.520E-01
  3.606823E+00 6.206E-01
  3.606834E+00 7.714E-01
  3.606845E+00 3.354E+00
  3.606856E+00 6.954E-01
  3.606867E+00 6.221E-01
  3.606890E+00 6.388E-01
  3.606912E+00 6.054E-01
  3.606978E+00 4.153E-01
  3.606999E+00 3.679E-01
  3.607032E+00 3.174E-01
  3.607064E+00 2.867E-01
  3.607097E+00 2.717E-01
  3.607129E+00 2.713E-01
  3.607161E+00 2.886E-01
  3.607182E+00 3.150E-01
  3.607193E+00 3.350E-01
  3.607214E+00 3.972E-01
  3.607224E+00 4.453E-01
  3.607235E+00 5.114E-01
  3.607245E+00 6.035E-01
  3.607256E+00 7.318E-01
  3.607287E+00 1.292E+00
  3.607298E+00 1.330E+00
  3.607308E+00 1.205E+00
  3.607318E+00 1.024E+00
  3.607329E+00 8.792E-01
  3.607339E+00 8.004E-01
  3.607350E+00 7.883E-01
  3.607360E+00 8.460E-01
  3.607370E+00 9.937E-01
  3.607381E+00 1.283E+00
  3.607391E+00 1.821E+00
  3.607401E+00 2.699E+00
  3.607411E+00 3.349E+00
  3.607422E+00 2.565E+00
  3.607432E+00 1.430E+00
  3.607442E+00 7.822E-01
  3.607452E+00 4.604E-01
  3.607462E+00 2.929E-01
  3.607473E+00 1.990E-01
  3.607483E+00 1.427E-01
  3.607493E+00 1.070E-01
  3.607503E+00 8.357E-02
  3.607513E+00 6.795E-02
  3.607523E+00 5.817E-02
  3.607533E+00 5.437E-02
  3.607543E+00 6.028E-02
  3.607553E+00 8.820E-02
  3.607563E+00 1.545E-01
  3.607581E+00 1.708E-01
  3.617571E+00 3.596E-01
  3.617581E+00 4.380E-01
  3.642524E+00 2.988E-01
  3.667467E+00 2.102E-01
  3.692411E+00 1.546E-01
  3.717354E+00 1.237E-01
  3.742297E+00 1.066E-01
  3.767241E+00 9.681E-02
  3.792184E+00 9.122E-02
  3.842071E+00 8.670E-02
  3.941844E+00 8.610E-02
  4.266107E+00 9.224E-02
  4.465653E+00 8.963E-02
  5.588102E+00 5.671E-02
  6.062025E+00 4.598E-02
  6.184487E+00 4.330E-02
  6.309420E+00 4.078E-02
  6.436877E+00 3.841E-02
  6.566914E+00 3.617E-02
  6.699575E+00 3.406E-02
  6.834913E+00 3.208E-02
  6.972985E+00 3.021E-02
  7.113850E+00 2.845E-02
  7.257559E+00 2.679E-02
  7.404176E+00 2.523E-02
  7.553747E+00 2.376E-02
  7.706342E+00 2.238E-02
  7.862023E+00 2.108E-02
  8.020844E+00 1.985E-02
  8.182875E+00 1.869E-02
  8.348182E+00 1.761E-02
  8.516825E+00 1.658E-02
  8.688879E+00 1.561E-02
  8.864403E+00 1.471E-02
  9.043481E+00 1.385E-02
  9.226167E+00 1.304E-02
  9.412546E+00 1.228E-02
  9.602696E+00 1.157E-02
  9.796684E+00 1.089E-02
  9.994586E+00 1.026E-02
  1.019649E+01 9.662E-03
  1.040248E+01 9.099E-03
  1.061262E+01 8.569E-03
  1.082701E+01 8.070E-03
  1.104573E+01 7.600E-03
  1.126887E+01 7.158E-03
  1.149651E+01 6.741E-03
  1.172876E+01 6.348E-03
  1.196570E+01 5.979E-03
  1.220742E+01 5.631E-03
  1.245402E+01 5.303E-03
  1.270562E+01 4.994E-03
  1.296228E+01 4.703E-03
  1.322414E+01 4.429E-03
  1.349129E+01 4.171E-03
  1.376382E+01 3.928E-03
  1.404187E+01 3.700E-03
  1.432554E+01 3.484E-03
  1.461493E+01 3.281E-03
  1.491018E+01 3.090E-03
  1.521138E+01 2.910E-03
  1.551867E+01 2.741E-03
  1.583217E+01 2.581E-03
  1.615199E+01 2.431E-03
  1.647829E+01 2.289E-03
  1.681116E+01 2.156E-03
  1.715077E+01 2.030E-03
  1.749724E+01 1.912E-03
  1.785071E+01 1.801E-03
  1.821132E+01 1.696E-03
  1.857921E+01 1.597E-03
  1.895453E+01 1.504E-03
  1.933745E+01 1.417E-03
  1.972807E+01 1.334E-03
  2.012662E+01 1.256E-03
  2.053319E+01 1.183E-03
  2.094801E+01 1.114E-03
  2.137117E+01 1.049E-03
  2.180290E+01 9.883E-04
  2.224335E+01 9.307E-04
  2.269270E+01 8.765E-04
  2.315111E+01 8.255E-04
  2.361880E+01 7.774E-04
  2.409593E+01 7.321E-04
  2.458270E+01 6.895E-04
  2.507930E+01 6.493E-04
  2.558594E+01 6.115E-04
  2.610280E+01 5.759E-04
  2.663013E+01 5.424E-04
      32   2   2   111    4  -3.97964E-02    2337
  3.974163E-02 5.800E+01
  9.102631E-02 8.412E+00
  1.410071E-01 2.795E+00
  1.897278E-01 1.281E+00
  2.372305E-01 6.985E-01
  2.835553E-01 4.231E-01
  3.287410E-01 2.744E-01
  3.728245E-01 1.870E-01
  4.158414E-01 1.329E-01
  4.578259E-01 9.810E-02
  4.988107E-01 7.488E-02
  5.388273E-01 5.883E-02
  5.779060E-01 4.731E-02
  6.160758E-01 3.871E-02
  6.533648E-01 3.207E-02
  6.897998E-01 2.678E-02
  7.254067E-01 2.251E-02
  7.602103E-01 1.901E-02
  7.942348E-01 1.614E-02
  8.275031E-01 1.379E-02
  8.600376E-01 1.186E-02
  8.918595E-01 1.029E-02
  9.229897E-01 9.001E-03
  9.534480E-01 7.951E-03
  1.012425E+00 6.375E-03
  1.068936E+00 5.273E-03
  1.149373E+00 4.116E-03
  1.249182E+00 3.033E-03
  1.341290E+00 2.240E-03
  1.405786E+00 1.796E-03
  1.466676E+00 1.459E-03
  1.524225E+00 1.211E-03
  1.596172E+00 9.807E-04
  1.663114E+00 8.301E-04
  1.740440E+00 7.122E-04
  1.824928E+00 6.320E-04
  1.913482E+00 5.893E-04
  1.992694E+00 5.878E-04
  2.063834E+00 6.232E-04
  2.136606E+00 7.037E-04
  2.201531E+00 8.226E-04
  2.259699E+00 9.831E-04
  2.305768E+00 1.171E-03
  2.342084E+00 1.392E-03
  2.370327E+00 1.647E-03
  2.391705E+00 1.937E-03
  2.407074E+00 2.241E-03
  2.421902E+00 2.683E-03
  2.431499E+00 3.114E-03
  2.436215E+00 3.397E-03
  2.440875E+00 3.746E-03
  2.445482E+00 4.191E-03
  2.450036E+00 4.772E-03
  2.454537E+00 5.563E-03
  2.458988E+00 6.694E-03
  2.463388E+00 8.414E-03
  2.467738E+00 1.125E-02
  2.472038E+00 1.648E-02
  2.476291E+00 2.756E-02
  2.480496E+00 5.340E-02
  2.484654E+00 8.239E-02
  2.488766E+00 4.714E-02
  2.492832E+00 2.014E-02
  2.496854E+00 1.024E-02
  2.500831E+00 6.256E-03
  2.504765E+00 4.422E-03
  2.508656E+00 3.499E-03
  2.512504E+00 3.014E-03
  2.516311E+00 2.764E-03
  2.520077E+00 2.649E-03
  2.523802E+00 2.619E-03
  2.531134E+00 2.713E-03
  2.541841E+00 3.084E-03
  2.552214E+00 3.657E-03
  2.562266E+00 4.448E-03
  2.572011E+00 5.540E-03
  2.578342E+00 6.512E-03
  2.584546E+00 7.771E-03
  2.590625E+00 9.449E-03
  2.593620E+00 1.051E-02
  2.596584E+00 1.177E-02
  2.599519E+00 1.328E-02
  2.602425E+00 1.511E-02
  2.605302E+00 1.738E-02
  2.608151E+00 2.023E-02
  2.610972E+00 2.389E-02
  2.613765E+00 2.871E-02
  2.616531E+00 3.523E-02
  2.619270E+00 4.441E-02
  2.621983E+00 5.790E-02
  2.624670E+00 7.894E-02
  2.627331E+00 1.144E-01
  2.629966E+00 1.812E-01
  2.632576E+00 3.281E-01
  2.635161E+00 7.271E-01
  2.637722E+00 1.819E+00
  2.640258E+00 1.590E+00
  2.642771E+00 5.969E-01
  2.645260E+00 2.660E-01
  2.647725E+00 1.437E-01
  2.650168E+00 8.805E-02
  2.652588E+00 5.865E-02
  2.654985E+00 4.143E-02
  2.657360E+00 3.055E-02
  2.659713E+00 2.328E-02
  2.662045E+00 1.820E-02
  2.664355E+00 1.452E-02
  2.666644E+00 1.179E-02
  2.668912E+00 9.711E-03
  2.671159E+00 8.095E-03
  2.673387E+00 6.818E-03
  2.675594E+00 5.795E-03
  2.677781E+00 4.966E-03
  2.679948E+00 4.286E-03
  2.682096E+00 3.723E-03
  2.684225E+00 3.254E-03
  2.686335E+00 2.860E-03
  2.690499E+00 2.245E-03
  2.694590E+00 1.798E-03
  2.698609E+00 1.470E-03
  2.702559E+00 1.226E-03
  2.706440E+00 1.045E-03
  2.712137E+00 8.599E-04
  2.717690E+00 7.483E-04
  2.723103E+00 6.892E-04
  2.728380E+00 6.690E-04
  2.735214E+00 6.877E-04
  2.743444E+00 7.672E-04
  2.751345E+00 8.970E-04
  2.760416E+00 1.112E-03
  2.769066E+00 1.394E-03
  2.777320E+00 1.759E-03
  2.783913E+00 2.156E-03
  2.789011E+00 2.573E-03
  2.792734E+00 2.990E-03
  2.796376E+00 3.585E-03
  2.798759E+00 4.187E-03
  2.799937E+00 4.611E-03
  2.801107E+00 5.184E-03
  2.802268E+00 6.020E-03
  2.803421E+00 7.382E-03
  2.804566E+00 1.004E-02
  2.805702E+00 1.726E-02
  2.806830E+00 6.476E-02
  2.807950E+00 8.544E-02
  2.809061E+00 4.482E-03
  2.810165E+00 1.539E-03
  2.811261E+00 1.425E-03
  2.812349E+00 1.670E-03
  2.815567E+00 2.510E-03
  2.826799E+00 5.055E-03
  2.831628E+00 6.445E-03
  2.835374E+00 7.871E-03
  2.839019E+00 9.773E-03
  2.841689E+00 1.171E-02
  2.844307E+00 1.438E-02
  2.846023E+00 1.681E-02
  2.847717E+00 2.004E-02
  2.849388E+00 2.455E-02
  2.850216E+00 2.753E-02
  2.851038E+00 3.120E-02
  2.851855E+00 3.580E-02
  2.852667E+00 4.169E-02
  2.853473E+00 4.944E-02
  2.854274E+00 5.993E-02
  2.855070E+00 7.461E-02
  2.855861E+00 9.606E-02
  2.856647E+00 1.289E-01
  2.857428E+00 1.822E-01
  2.858204E+00 2.734E-01
  2.858975E+00 4.304E-01
  2.859740E+00 6.508E-01
  2.860502E+00 7.417E-01
  2.861258E+00 5.560E-01
  2.862009E+00 3.433E-01
  2.862756E+00 2.129E-01
  2.863498E+00 1.402E-01
  2.864236E+00 9.835E-02
  2.864969E+00 7.286E-02
  2.865697E+00 5.650E-02
  2.866420E+00 4.555E-02
  2.867140E+00 3.794E-02
  2.867854E+00 3.252E-02
  2.868565E+00 2.857E-02
  2.869271E+00 2.565E-02
  2.869972E+00 2.347E-02
  2.871362E+00 2.062E-02
  2.872735E+00 1.908E-02
  2.874764E+00 1.826E-02
  2.876756E+00 1.857E-02
  2.879355E+00 2.023E-02
  2.881894E+00 2.316E-02
  2.884372E+00 2.753E-02
  2.886193E+00 3.206E-02
  2.887982E+00 3.812E-02
  2.889740E+00 4.644E-02
  2.890895E+00 5.383E-02
  2.892036E+00 6.337E-02
  2.893165E+00 7.605E-02
  2.894281E+00 9.348E-02
  2.894834E+00 1.048E-01
  2.895384E+00 1.185E-01
  2.895931E+00 1.353E-01
  2.896474E+00 1.564E-01
  2.897015E+00 1.834E-01
  2.897553E+00 2.186E-01
  2.898087E+00 2.660E-01
  2.898619E+00 3.322E-01
  2.899147E+00 4.284E-01
  2.899673E+00 5.766E-01
  2.900195E+00 8.221E-01
  2.900715E+00 1.271E+00
  2.901232E+00 2.209E+00
  2.901746E+00 4.499E+00
  2.902257E+00 9.544E+00
  2.902765E+00 9.019E+00
  2.903271E+00 3.956E+00
  2.903773E+00 1.837E+00
  2.904273E+00 9.983E-01
  2.904770E+00 6.085E-01
  2.905265E+00 4.016E-01
  2.905757E+00 2.803E-01
  2.906246E+00 2.040E-01
  2.906732E+00 1.532E-01
  2.907216E+00 1.179E-01
  2.907697E+00 9.248E-02
  2.908175E+00 7.370E-02
  2.908651E+00 5.949E-02
  2.909124E+00 4.853E-02
  2.909595E+00 3.993E-02
  2.910063E+00 3.309E-02
  2.910529E+00 2.758E-02
  2.910992E+00 2.311E-02
  2.911452E+00 1.944E-02
  2.911911E+00 1.640E-02
  2.912366E+00 1.388E-02
  2.912820E+00 1.178E-02
  2.913271E+00 1.001E-02
  2.913719E+00 8.524E-03
  2.914165E+00 7.269E-03
  2.914609E+00 6.210E-03
  2.915050E+00 5.315E-03
  2.915489E+00 4.561E-03
  2.915926E+00 3.927E-03
  2.916361E+00 3.397E-03
  2.916793E+00 2.956E-03
  2.917223E+00 2.594E-03
  2.917650E+00 2.301E-03
  2.918076E+00 2.069E-03
  2.918499E+00 1.892E-03
  2.918920E+00 1.763E-03
  2.919339E+00 1.680E-03
  2.919755E+00 1.636E-03
  2.920170E+00 1.631E-03
  2.920582E+00 1.661E-03
  2.921400E+00 1.823E-03
  2.922210E+00 2.118E-03
  2.923012E+00 2.558E-03
  2.923805E+00 3.186E-03
  2.924199E+00 3.600E-03
  2.924591E+00 4.116E-03
  2.924980E+00 4.785E-03
  2.925368E+00 5.709E-03
  2.925754E+00 7.122E-03
  2.926137E+00 9.654E-03
  2.926519E+00 1.568E-02
  2.926899E+00 4.274E-02
  2.927277E+00 9.144E+00
  2.927653E+00 2.145E-02
  2.928028E+00 5.974E-03
  2.928400E+00 4.159E-03
  2.928771E+00 4.017E-03
  2.929139E+00 4.271E-03
  2.930234E+00 5.532E-03
  2.932024E+00 8.005E-03
  2.933770E+00 1.087E-02
  2.935473E+00 1.432E-02
  2.937136E+00 1.860E-02
  2.938760E+00 2.412E-02
  2.940031E+00 2.985E-02
  2.941278E+00 3.738E-02
  2.942199E+00 4.479E-02
  2.943106E+00 5.451E-02
  2.944001E+00 6.789E-02
  2.944590E+00 8.014E-02
  2.945175E+00 9.731E-02
  2.945465E+00 1.094E-01
  2.945753E+00 1.182E-01
  2.946041E+00 5.536E-02
  2.946327E+00 1.117E-01
  2.947177E+00 1.858E-01
  2.947458E+00 2.169E-01
  2.947738E+00 2.555E-01
  2.948016E+00 3.050E-01
  2.948294E+00 3.702E-01
  2.948569E+00 4.589E-01
  2.948844E+00 5.836E-01
  2.949117E+00 7.662E-01
  2.949390E+00 1.046E+00
  2.949660E+00 1.498E+00
  2.949930E+00 2.263E+00
  2.950199E+00 3.564E+00
  2.950466E+00 5.399E+00
  2.950732E+00 6.395E+00
  2.950997E+00 5.150E+00
  2.951261E+00 3.357E+00
  2.951523E+00 2.148E+00
  2.951785E+00 1.440E+00
  2.952045E+00 1.021E+00
  2.952304E+00 7.596E-01
  2.952562E+00 5.889E-01
  2.952819E+00 4.724E-01
  2.953074E+00 3.901E-01
  2.953329E+00 3.300E-01
  2.953582E+00 2.852E-01
  2.953835E+00 2.511E-01
  2.954086E+00 2.247E-01
  2.954336E+00 2.040E-01
  2.954833E+00 1.747E-01
  2.955325E+00 1.562E-01
  2.956056E+00 1.408E-01
  2.956778E+00 1.349E-01
  2.957725E+00 1.369E-01
  2.958657E+00 1.476E-01
  2.959572E+00 1.668E-01
  2.960472E+00 1.961E-01
  2.961137E+00 2.269E-01
  2.961794E+00 2.683E-01
  2.962443E+00 3.252E-01
  2.963084E+00 4.057E-01
  2.963506E+00 4.793E-01
  2.963925E+00 5.773E-01
  2.964341E+00 7.117E-01
  2.964548E+00 7.987E-01
  2.964753E+00 9.039E-01
  2.964958E+00 1.033E+00
  2.965162E+00 1.193E+00
  2.965366E+00 1.396E+00
  2.965568E+00 1.659E+00
  2.965770E+00 2.009E+00
  2.965970E+00 2.487E+00
  2.966170E+00 3.167E+00
  2.966369E+00 4.181E+00
  2.966568E+00 5.784E+00
  2.966765E+00 8.524E+00
  2.966962E+00 1.370E+01
  2.967158E+00 2.471E+01
  2.967547E+00 7.339E+01
  2.967934E+00 2.328E+01
  2.968126E+00 1.234E+01
  2.968317E+00 7.346E+00
  2.968507E+00 4.771E+00
  2.968697E+00 3.302E+00
  2.968886E+00 2.395E+00
  2.969074E+00 1.801E+00
  2.969262E+00 1.392E+00
  2.969448E+00 1.100E+00
  2.969634E+00 8.845E-01
  2.969819E+00 7.220E-01
  2.970004E+00 5.965E-01
  2.970188E+00 4.979E-01
  2.970371E+00 4.191E-01
  2.970553E+00 3.553E-01
  2.970735E+00 3.030E-01
  2.970916E+00 2.598E-01
  2.971096E+00 2.237E-01
  2.971275E+00 1.932E-01
  2.971454E+00 1.674E-01
  2.971809E+00 1.264E-01
  2.972162E+00 9.594E-02
  2.972512E+00 7.283E-02
  2.972859E+00 5.509E-02
  2.973204E+00 4.133E-02
  2.973546E+00 3.059E-02
  2.973885E+00 2.219E-02
  2.974053E+00 1.870E-02
  2.974222E+00 1.561E-02
  2.974389E+00 1.289E-02
  2.974556E+00 1.050E-02
  2.974722E+00 8.398E-03
  2.974887E+00 6.568E-03
  2.975052E+00 4.984E-03
  2.975216E+00 3.627E-03
  2.975380E+00 2.486E-03
  2.975543E+00 1.564E-03
  2.975705E+00 8.947E-04
  2.975867E+00 6.352E-04
  2.976028E+00 1.558E-03
  2.976188E+00 1.126E-02
  2.976348E+00 3.059E+00
  2.976507E+00 1.602E-02
  2.976666E+00 4.777E-03
  2.976824E+00 2.401E-03
  2.976982E+00 1.642E-03
  2.977139E+00 1.467E-03
  2.977295E+00 1.594E-03
  2.977451E+00 1.917E-03
  2.977606E+00 2.388E-03
  2.977760E+00 2.979E-03
  2.977914E+00 3.677E-03
  2.978068E+00 4.469E-03
  2.978373E+00 6.313E-03
  2.978676E+00 8.471E-03
  2.979126E+00 1.224E-02
  2.979718E+00 1.812E-02
  2.980591E+00 2.803E-02
  2.980734E+00 2.905E-02
  2.980877E+00 3.422E-02
  2.981020E+00 3.451E-02
  2.981725E+00 4.327E-02
  2.982003E+00 4.873E-02
  2.982142E+00 5.376E-02
  2.982280E+00 6.318E-02
  2.982417E+00 8.356E-02
  2.982554E+00 1.348E-01
  2.982691E+00 2.937E-01
  2.982827E+00 1.029E+00
  2.982962E+00 1.166E+01
  2.983097E+00 9.358E+00
  2.983232E+00 2.046E+00
  2.983366E+00 1.063E+00
  2.983499E+00 7.432E-01
  2.983633E+00 5.996E-01
  2.983765E+00 5.246E-01
  2.983897E+00 4.827E-01
  2.984029E+00 4.593E-01
  2.984291E+00 4.437E-01
  2.984681E+00 4.630E-01
  2.985066E+00 5.155E-01
  2.985448E+00 5.991E-01
  2.985825E+00 7.215E-01
  2.986075E+00 8.331E-01
  2.986322E+00 9.789E-01
  2.986568E+00 1.173E+00
  2.986813E+00 1.441E+00
  2.986934E+00 1.614E+00
  2.987055E+00 1.823E+00
  2.987176E+00 2.078E+00
  2.987296E+00 2.394E+00
  2.987416E+00 2.793E+00
  2.987536E+00 3.306E+00
  2.987655E+00 3.981E+00
  2.987773E+00 4.890E+00
  2.987892E+00 6.153E+00
  2.988010E+00 7.972E+00
  2.988127E+00 1.070E+01
  2.988244E+00 1.501E+01
  2.988361E+00 2.211E+01
  2.988477E+00 3.418E+01
  2.988708E+00 7.276E+01
  2.988823E+00 7.109E+01
  2.988938E+00 5.117E+01
  2.989052E+00 3.346E+01
  2.989166E+00 2.237E+01
  2.989280E+00 1.574E+01
  2.989393E+00 1.166E+01
  2.989506E+00 9.030E+00
  2.989618E+00 7.259E+00
  2.989730E+00 6.021E+00
  2.989842E+00 5.129E+00
  2.989953E+00 4.472E+00
  2.990064E+00 3.978E+00
  2.990174E+00 3.601E+00
  2.990394E+00 3.089E+00
  2.990613E+00 2.786E+00
  2.990938E+00 2.572E+00
  2.991260E+00 2.547E+00
  2.991578E+00 2.659E+00
  2.991894E+00 2.896E+00
  2.992206E+00 3.263E+00
  2.992515E+00 3.786E+00
  2.992822E+00 4.513E+00
  2.993125E+00 5.524E+00
  2.993425E+00 6.951E+00
  2.993624E+00 8.241E+00
  2.993822E+00 9.923E+00
  2.994018E+00 1.216E+01
  2.994213E+00 1.522E+01
  2.994310E+00 1.718E+01
  2.994406E+00 1.953E+01
  2.994503E+00 2.238E+01
  2.994599E+00 2.587E+01
  2.994694E+00 3.021E+01
  2.994790E+00 3.569E+01
  2.994885E+00 4.274E+01
  2.994980E+00 5.200E+01
  2.995074E+00 6.448E+01
  2.995169E+00 8.185E+01
  2.995262E+00 1.069E+02
  2.995356E+00 1.450E+02
  2.995449E+00 2.063E+02
  2.995543E+00 3.131E+02
  2.995635E+00 5.195E+02
  2.995728E+00 9.697E+02
  2.995912E+00 2.986E+03
  2.996003E+00 1.943E+03
  2.996095E+00 9.656E+02
  2.996186E+00 5.292E+02
  2.996276E+00 3.258E+02
  2.996367E+00 2.189E+02
  2.996457E+00 1.567E+02
  2.996547E+00 1.176E+02
  2.996637E+00 9.152E+01
  2.996726E+00 7.325E+01
  2.996815E+00 5.997E+01
  2.996904E+00 5.001E+01
  2.996992E+00 4.235E+01
  2.997081E+00 3.631E+01
  2.997169E+00 3.148E+01
  2.997256E+00 2.753E+01
  2.997344E+00 2.426E+01
  2.997518E+00 1.919E+01
  2.997691E+00 1.543E+01
  2.997863E+00 1.251E+01
  2.998118E+00 8.975E+00
  2.998288E+00 6.776E+00
  2.998372E+00 5.572E+00
  2.998456E+00 4.167E+00
  2.998540E+00 2.386E+00
  2.998623E+00 2.879E-01
  2.998706E+00 2.633E+01
  2.998789E+00 8.302E+01
  2.998872E+00 2.448E+01
  2.998955E+00 1.598E+01
  2.999037E+00 1.261E+01
  2.999119E+00 1.074E+01
  2.999201E+00 9.525E+00
  2.999282E+00 8.643E+00
  2.999444E+00 7.412E+00
  2.999686E+00 6.219E+00
  3.000005E+00 5.186E+00
  3.000398E+00 4.328E+00
  3.000862E+00 3.649E+00
  3.001166E+00 3.398E+00
  3.001242E+00 3.407E+00
  3.001317E+00 3.568E+00
  3.001393E+00 6.789E+00
  3.001468E+00 2.302E+00
  3.001542E+00 2.602E+00
  3.001691E+00 2.690E+00
  3.001913E+00 2.786E+00
  3.001986E+00 2.878E+00
  3.002060E+00 3.032E+00
  3.002133E+00 3.290E+00
  3.002205E+00 3.721E+00
  3.002278E+00 4.456E+00
  3.002350E+00 5.773E+00
  3.002423E+00 8.315E+00
  3.002495E+00 1.385E+01
  3.002566E+00 2.862E+01
  3.002638E+00 8.751E+01
  3.002709E+00 7.912E+02
  3.002780E+00 5.559E+02
  3.002851E+00 1.033E+02
  3.002922E+00 4.562E+01
  3.002993E+00 2.758E+01
  3.003063E+00 1.954E+01
  3.003133E+00 1.521E+01
  3.003203E+00 1.258E+01
  3.003273E+00 1.086E+01
  3.003342E+00 9.672E+00
  3.003412E+00 8.815E+00
  3.003550E+00 7.700E+00
  3.003687E+00 7.054E+00
  3.003891E+00 6.569E+00
  3.004094E+00 6.451E+00
  3.004362E+00 6.737E+00
  3.004561E+00 7.317E+00
  3.004758E+00 8.347E+00
  3.004888E+00 9.422E+00
  3.005018E+00 1.100E+01
  3.005083E+00 1.207E+01
  3.005147E+00 1.341E+01
  3.005211E+00 1.510E+01
  3.005275E+00 1.728E+01
  3.005339E+00 2.016E+01
  3.005403E+00 2.406E+01
  3.005466E+00 2.951E+01
  3.005530E+00 3.739E+01
  3.005593E+00 4.929E+01
  3.005656E+00 6.806E+01
  3.005719E+00 9.858E+01
  3.005781E+00 1.465E+02
  3.005844E+00 2.035E+02
  3.005906E+00 2.184E+02
  3.005968E+00 1.675E+02
  3.006030E+00 1.086E+02
  3.006092E+00 6.958E+01
  3.006154E+00 4.648E+01
  3.006215E+00 3.265E+01
  3.006276E+00 2.401E+01
  3.006338E+00 1.836E+01
  3.006399E+00 1.451E+01
  3.006459E+00 1.179E+01
  3.006520E+00 9.819E+00
  3.006580E+00 8.347E+00
  3.006641E+00 7.227E+00
  3.006701E+00 6.359E+00
  3.006761E+00 5.676E+00
  3.006880E+00 4.694E+00
  3.006999E+00 4.048E+00
  3.007117E+00 3.612E+00
  3.007293E+00 3.206E+00
  3.007468E+00 2.988E+00
  3.007698E+00 2.883E+00
  3.007983E+00 2.968E+00
  3.008264E+00 3.273E+00
  3.008487E+00 3.720E+00
  3.008652E+00 4.232E+00
  3.008815E+00 4.984E+00
  3.008924E+00 5.692E+00
  3.009032E+00 6.655E+00
  3.009139E+00 8.017E+00
  3.009193E+00 8.922E+00
  3.009246E+00 1.004E+01
  3.009299E+00 1.144E+01
  3.009352E+00 1.324E+01
  3.009405E+00 1.562E+01
  3.009458E+00 1.883E+01
  3.009510E+00 2.335E+01
  3.009563E+00 3.000E+01
  3.009615E+00 4.038E+01
  3.009667E+00 5.786E+01
  3.009719E+00 9.024E+01
  3.009771E+00 1.571E+02
  3.009823E+00 2.965E+02
  3.009875E+00 4.209E+02
  3.009926E+00 2.716E+02
  3.009978E+00 1.309E+02
  3.010029E+00 6.823E+01
  3.010080E+00 3.969E+01
  3.010131E+00 2.514E+01
  3.010182E+00 1.694E+01
  3.010233E+00 1.195E+01
  3.010283E+00 8.727E+00
  3.010334E+00 6.549E+00
  3.010384E+00 5.021E+00
  3.010435E+00 3.915E+00
  3.010485E+00 3.095E+00
  3.010535E+00 2.474E+00
  3.010584E+00 1.996E+00
  3.010634E+00 1.621E+00
  3.010684E+00 1.324E+00
  3.010733E+00 1.086E+00
  3.010783E+00 8.920E-01
  3.010832E+00 7.335E-01
  3.010881E+00 6.021E-01
  3.010930E+00 4.922E-01
  3.010979E+00 3.988E-01
  3.011027E+00 3.177E-01
  3.011124E+00 1.745E-01
  3.011173E+00 9.587E-02
  3.011221E+00 6.186E-03
  3.011269E+00 1.428E+00
  3.011317E+00 3.288E-01
  3.011365E+00 2.042E-01
  3.011413E+00 1.485E-01
  3.011460E+00 1.137E-01
  3.011508E+00 8.881E-02
  3.011555E+00 6.988E-02
  3.011602E+00 5.497E-02
  3.011649E+00 4.303E-02
  3.011697E+00 3.338E-02
  3.011743E+00 2.557E-02
  3.011790E+00 1.927E-02
  3.011837E+00 1.423E-02
  3.011883E+00 1.025E-02
  3.011930E+00 7.173E-03
  3.011976E+00 4.875E-03
  3.012022E+00 3.246E-03
  3.012068E+00 2.198E-03
  3.012114E+00 1.655E-03
  3.012160E+00 1.554E-03
  3.012206E+00 1.841E-03
  3.012252E+00 2.469E-03
  3.012297E+00 3.400E-03
  3.012343E+00 4.602E-03
  3.012388E+00 6.046E-03
  3.012433E+00 7.712E-03
  3.012478E+00 9.582E-03
  3.012568E+00 1.390E-02
  3.012657E+00 1.903E-02
  3.012746E+00 2.523E-02
  3.012790E+00 2.904E-02
  3.012835E+00 3.384E-02
  3.012879E+00 4.124E-02
  3.012923E+00 6.310E-02
  3.012966E+00 5.524E-03
  3.013010E+00 2.829E-02
  3.013054E+00 3.775E-02
  3.013141E+00 5.216E-02
  3.013184E+00 6.031E-02
  3.013227E+00 7.029E-02
  3.013271E+00 8.328E-02
  3.013314E+00 1.012E-01
  3.013356E+00 1.275E-01
  3.013399E+00 1.686E-01
  3.013442E+00 2.377E-01
  3.013485E+00 3.659E-01
  3.013527E+00 6.371E-01
  3.013569E+00 1.345E+00
  3.013612E+00 4.083E+00
  3.013654E+00 3.374E+01
  3.013696E+00 3.029E+01
  3.013738E+00 5.372E+00
  3.013780E+00 2.337E+00
  3.013822E+00 1.408E+00
  3.013863E+00 1.000E+00
  3.013905E+00 7.843E-01
  3.013946E+00 6.563E-01
  3.013988E+00 5.747E-01
  3.014029E+00 5.202E-01
  3.014070E+00 4.828E-01
  3.014152E+00 4.390E-01
  3.014274E+00 4.160E-01
  3.014396E+00 4.216E-01
  3.014557E+00 4.604E-01
  3.014676E+00 5.136E-01
  3.014795E+00 5.948E-01
  3.014912E+00 7.192E-01
  3.014990E+00 8.410E-01
  3.015068E+00 1.014E+00
  3.015107E+00 1.128E+00
  3.015145E+00 1.270E+00
  3.015184E+00 1.447E+00
  3.015222E+00 1.673E+00
  3.015261E+00 1.969E+00
  3.015299E+00 2.364E+00
  3.015337E+00 2.909E+00
  3.015375E+00 3.686E+00
  3.015413E+00 4.840E+00
  3.015451E+00 6.633E+00
  3.015489E+00 9.539E+00
  3.015527E+00 1.431E+01
  3.015564E+00 2.139E+01
  3.015602E+00 2.752E+01
  3.015639E+00 2.551E+01
  3.015677E+00 1.794E+01
  3.015714E+00 1.162E+01
  3.015751E+00 7.700E+00
  3.015788E+00 5.356E+00
  3.015825E+00 3.911E+00
  3.015862E+00 2.981E+00
  3.015899E+00 2.355E+00
  3.015936E+00 1.918E+00
  3.015972E+00 1.603E+00
  3.016009E+00 1.370E+00
  3.016046E+00 1.193E+00
  3.016082E+00 1.058E+00
  3.016118E+00 9.515E-01
  3.016191E+00 8.006E-01
  3.016263E+00 7.033E-01
  3.016370E+00 6.169E-01
  3.016477E+00 5.739E-01
  3.016618E+00 5.576E-01
  3.016793E+00 5.828E-01
  3.016966E+00 6.530E-01
  3.017103E+00 7.486E-01
  3.017205E+00 8.533E-01
  3.017306E+00 1.000E+00
  3.017406E+00 1.213E+00
  3.017473E+00 1.413E+00
  3.017539E+00 1.687E+00
  3.017605E+00 2.075E+00
  3.017638E+00 2.335E+00
  3.017671E+00 2.657E+00
  3.017704E+00 3.065E+00
  3.017736E+00 3.593E+00
  3.017769E+00 4.294E+00
  3.017801E+00 5.256E+00
  3.017834E+00 6.629E+00
  3.017866E+00 8.685E+00
  3.017899E+00 1.197E+01
  3.017931E+00 1.764E+01
  3.017963E+00 2.849E+01
  3.017995E+00 5.132E+01
  3.018027E+00 9.415E+01
  3.018059E+00 1.068E+02
  3.018091E+00 5.985E+01
  3.018123E+00 2.961E+01
  3.018155E+00 1.618E+01
  3.018186E+00 9.773E+00
  3.018218E+00 6.371E+00
  3.018249E+00 4.392E+00
  3.018281E+00 3.158E+00
  3.018312E+00 2.344E+00
  3.018344E+00 1.784E+00
  3.018375E+00 1.385E+00
  3.018406E+00 1.093E+00
  3.018437E+00 8.732E-01
  3.018468E+00 7.052E-01
  3.018499E+00 5.743E-01
  3.018530E+00 4.709E-01
  3.018561E+00 3.880E-01
  3.018592E+00 3.209E-01
  3.018622E+00 2.660E-01
  3.018653E+00 2.205E-01
  3.018684E+00 1.823E-01
  3.018714E+00 1.498E-01
  3.018805E+00 6.893E-02
  3.018836E+00 3.151E-02
  3.018866E+00 1.651E+00
  3.018896E+00 1.149E-01
  3.018926E+00 7.486E-02
  3.018956E+00 5.689E-02
  3.018986E+00 4.513E-02
  3.019016E+00 3.636E-02
  3.019046E+00 2.945E-02
  3.019075E+00 2.385E-02
  3.019105E+00 1.925E-02
  3.019135E+00 1.545E-02
  3.019164E+00 1.231E-02
  3.019194E+00 9.718E-03
  3.019223E+00 7.593E-03
  3.019252E+00 5.869E-03
  3.019282E+00 4.491E-03
  3.019311E+00 3.416E-03
  3.019340E+00 2.605E-03
  3.019369E+00 2.027E-03
  3.019398E+00 1.655E-03
  3.019427E+00 1.465E-03
  3.019456E+00 1.439E-03
  3.019485E+00 1.559E-03
  3.019514E+00 1.811E-03
  3.019543E+00 2.184E-03
  3.019571E+00 2.668E-03
  3.019600E+00 3.255E-03
  3.019657E+00 4.716E-03
  3.019714E+00 6.552E-03
  3.019770E+00 8.797E-03
  3.019827E+00 1.160E-02
  3.019855E+00 1.335E-02
  3.019883E+00 1.555E-02
  3.019911E+00 1.876E-02
  3.019938E+00 2.622E-02
  3.019966E+00 3.490E-01
  3.019994E+00 1.317E-02
  3.020022E+00 1.870E-02
  3.020077E+00 2.741E-02
  3.020105E+00 3.269E-02
  3.020132E+00 3.947E-02
  3.020159E+00 4.869E-02
  3.020187E+00 6.197E-02
  3.020214E+00 8.230E-02
  3.020241E+00 1.157E-01
  3.020269E+00 1.758E-01
  3.020296E+00 2.982E-01
  3.020323E+00 6.006E-01
  3.020350E+00 1.658E+00
  3.020377E+00 1.029E+01
  3.020404E+00 2.383E+01
  3.020431E+00 3.149E+00
  3.020457E+00 1.236E+00
  3.020484E+00 7.055E-01
  3.020511E+00 4.836E-01
  3.020537E+00 3.695E-01
  3.020564E+00 3.030E-01
  3.020591E+00 2.612E-01
  3.020617E+00 2.334E-01
  3.020643E+00 2.144E-01
  3.020696E+00 1.920E-01
  3.020749E+00 1.816E-01
  3.020827E+00 1.787E-01
  3.020905E+00 1.857E-01
  3.021008E+00 2.080E-01
  3.021084E+00 2.358E-01
  3.021160E+00 2.775E-01
  3.021211E+00 3.169E-01
  3.021261E+00 3.705E-01
  3.021312E+00 4.458E-01
  3.021361E+00 5.563E-01
  3.021386E+00 6.322E-01
  3.021411E+00 7.285E-01
  3.021436E+00 8.531E-01
  3.021461E+00 1.018E+00
  3.021485E+00 1.243E+00
  3.021510E+00 1.560E+00
  3.021535E+00 2.025E+00
  3.021559E+00 2.734E+00
  3.021584E+00 3.870E+00
  3.021608E+00 5.748E+00
  3.021632E+00 8.743E+00
  3.021657E+00 1.231E+01
  3.021681E+00 1.321E+01
  3.021705E+00 1.015E+01
  3.021730E+00 6.669E+00
  3.021754E+00 4.359E+00
  3.021778E+00 2.978E+00
  3.021802E+00 2.141E+00
  3.021826E+00 1.611E+00
  3.021850E+00 1.260E+00
  3.021874E+00 1.018E+00
  3.021898E+00 8.458E-01
  3.021921E+00 7.196E-01
  3.021945E+00 6.248E-01
  3.021969E+00 5.524E-01
  3.021992E+00 4.961E-01
  3.022016E+00 4.518E-01
  3.022063E+00 3.884E-01
  3.022110E+00 3.476E-01
  3.022180E+00 3.122E-01
  3.022250E+00 2.961E-01
  3.022342E+00 2.938E-01
  3.022456E+00 3.139E-01
  3.022569E+00 3.585E-01
  3.022659E+00 4.171E-01
  3.022748E+00 5.074E-01
  3.022814E+00 6.088E-01
  3.022858E+00 7.022E-01
  3.022902E+00 8.269E-01
  3.022945E+00 9.993E-01
  3.022967E+00 1.112E+00
  3.022989E+00 1.248E+00
  3.023010E+00 1.417E+00
  3.023032E+00 1.629E+00
  3.023054E+00 1.902E+00
  3.023075E+00 2.260E+00
  3.023097E+00 2.747E+00
  3.023118E+00 3.430E+00
  3.023139E+00 4.436E+00
  3.023161E+00 6.004E+00
  3.023182E+00 8.633E+00
  3.023203E+00 1.347E+01
  3.023225E+00 2.334E+01
  3.023246E+00 4.362E+01
  3.023267E+00 6.302E+01
  3.023288E+00 4.300E+01
  3.023309E+00 2.133E+01
  3.023330E+00 1.126E+01
  3.023351E+00 6.609E+00
  3.023372E+00 4.217E+00
  3.023393E+00 2.863E+00
  3.023414E+00 2.035E+00
  3.023435E+00 1.499E+00
  3.023456E+00 1.134E+00
  3.023476E+00 8.766E-01
  3.023497E+00 6.894E-01
  3.023518E+00 5.499E-01
  3.023538E+00 4.436E-01
  3.023559E+00 3.612E-01
  3.023580E+00 2.964E-01
  3.023600E+00 2.446E-01
  3.023621E+00 2.028E-01
  3.023641E+00 1.686E-01
  3.023662E+00 1.404E-01
  3.023682E+00 1.169E-01
  3.023702E+00 9.701E-02
  3.023722E+00 7.979E-02
  3.023763E+00 4.844E-02
  3.023783E+00 2.362E-02
  3.023803E+00 1.294E-01
  3.023823E+00 5.407E-02
  3.023843E+00 4.012E-02
  3.023863E+00 3.198E-02
  3.023883E+00 2.604E-02
  3.023903E+00 2.134E-02
  3.023923E+00 1.752E-02
  3.023943E+00 1.436E-02
  3.023963E+00 1.172E-02
  3.023983E+00 9.520E-03
  3.024003E+00 7.686E-03
  3.024022E+00 6.166E-03
  3.024042E+00 4.915E-03
  3.024062E+00 3.899E-03
  3.024081E+00 3.087E-03
  3.024101E+00 2.455E-03
  3.024120E+00 1.982E-03
  3.024140E+00 1.649E-03
  3.024159E+00 1.442E-03
  3.024179E+00 1.347E-03
  3.024198E+00 1.354E-03
  3.024217E+00 1.452E-03
  3.024237E+00 1.634E-03
  3.024256E+00 1.894E-03
  3.024275E+00 2.226E-03
  3.024295E+00 2.626E-03
  3.024314E+00 3.091E-03
  3.024352E+00 4.215E-03
  3.024390E+00 5.613E-03
  3.024428E+00 7.348E-03
  3.024447E+00 8.394E-03
  3.024466E+00 9.621E-03
  3.024485E+00 1.115E-02
  3.024504E+00 1.331E-02
  3.024522E+00 1.784E-02
  3.024541E+00 7.946E-01
  3.024560E+00 1.027E-02
  3.024579E+00 1.454E-02
  3.024616E+00 2.166E-02
  3.024634E+00 2.623E-02
  3.024653E+00 3.227E-02
  3.024671E+00 4.074E-02
  3.024690E+00 5.332E-02
  3.024708E+00 7.326E-02
  3.024727E+00 1.075E-01
  3.024745E+00 1.731E-01
  3.024763E+00 3.203E-01
  3.024782E+00 7.510E-01
  3.024800E+00 2.961E+00
  3.024818E+00 3.936E+01
  3.024837E+00 4.027E+00
  3.024855E+00 1.174E+00
  3.024873E+00 5.908E-01
  3.024891E+00 3.772E-01
  3.024909E+00 2.750E-01
  3.024927E+00 2.182E-01
  3.024945E+00 1.834E-01
  3.024963E+00 1.608E-01
  3.024981E+00 1.454E-01
  3.024999E+00 1.347E-01
  3.025035E+00 1.220E-01
  3.025070E+00 1.162E-01
  3.025123E+00 1.150E-01
  3.025176E+00 1.198E-01
  3.025246E+00 1.344E-01
  3.025299E+00 1.523E-01
  3.025350E+00 1.791E-01
  3.025385E+00 2.041E-01
  3.025419E+00 2.380E-01
  3.025453E+00 2.854E-01
  3.025471E+00 3.164E-01
  3.025488E+00 3.544E-01
  3.025505E+00 4.014E-01
  3.025522E+00 4.607E-01
  3.025538E+00 5.370E-01
  3.025555E+00 6.374E-01
  3.025572E+00 7.731E-01
  3.025589E+00 9.623E-01
  3.025606E+00 1.236E+00
  3.025623E+00 1.649E+00
  3.025639E+00 2.302E+00
  3.025656E+00 3.378E+00
  3.025673E+00 5.145E+00
  3.025690E+00 7.593E+00
  3.025706E+00 9.090E+00
  3.025723E+00 7.664E+00
  3.025739E+00 5.170E+00
  3.025756E+00 3.353E+00
  3.025772E+00 2.256E+00
  3.025789E+00 1.598E+00
  3.025805E+00 1.188E+00
  3.025822E+00 9.197E-01
  3.025838E+00 7.373E-01
  3.025855E+00 6.087E-01
  3.025871E+00 5.151E-01
  3.025887E+00 4.455E-01
  3.025904E+00 3.925E-01
  3.025920E+00 3.515E-01
  3.025936E+00 3.195E-01
  3.025968E+00 2.738E-01
  3.026001E+00 2.446E-01
  3.026049E+00 2.193E-01
  3.026097E+00 2.079E-01
  3.026160E+00 2.065E-01
  3.026239E+00 2.208E-01
  3.026317E+00 2.525E-01
  3.026379E+00 2.940E-01
  3.026425E+00 3.391E-01
  3.026471E+00 4.023E-01
  3.026502E+00 4.596E-01
  3.026532E+00 5.348E-01
  3.026563E+00 6.366E-01
  3.026593E+00 7.795E-01
  3.026608E+00 8.739E-01
  3.026623E+00 9.902E-01
  3.026638E+00 1.136E+00
  3.026653E+00 1.322E+00
  3.026668E+00 1.565E+00
  3.026683E+00 1.893E+00
  3.026698E+00 2.350E+00
  3.026713E+00 3.016E+00
  3.026727E+00 4.038E+00
  3.026742E+00 5.722E+00
  3.026757E+00 8.752E+00
  3.026772E+00 1.479E+01
  3.026787E+00 2.744E+01
  3.026801E+00 4.418E+01
  3.026816E+00 3.538E+01
  3.026831E+00 1.795E+01
  3.026845E+00 9.291E+00
  3.026860E+00 5.344E+00
  3.026875E+00 3.359E+00
  3.026889E+00 2.256E+00
  3.026904E+00 1.591E+00
  3.026918E+00 1.164E+00
  3.026933E+00 8.767E-01
  3.026947E+00 6.755E-01
  3.026962E+00 5.299E-01
  3.026976E+00 4.219E-01
  3.026991E+00 3.400E-01
  3.027005E+00 2.766E-01
  3.027019E+00 2.269E-01
  3.027034E+00 1.874E-01
  3.027048E+00 1.555E-01
  3.027062E+00 1.295E-01
  3.027077E+00 1.081E-01
  3.027091E+00 9.039E-02
  3.027105E+00 7.544E-02
  3.027119E+00 6.264E-02
  3.027147E+00 4.016E-02
  3.027162E+00 2.270E-02
  3.027176E+00 6.240E-02
  3.027190E+00 3.601E-02
  3.027204E+00 2.814E-02
  3.027218E+00 2.292E-02
  3.027232E+00 1.889E-02
  3.027246E+00 1.563E-02
  3.027260E+00 1.292E-02
  3.027274E+00 1.065E-02
  3.027288E+00 8.753E-03
  3.027301E+00 7.161E-03
  3.027315E+00 5.830E-03
  3.027329E+00 4.725E-03
  3.027343E+00 3.815E-03
  3.027357E+00 3.077E-03
  3.027371E+00 2.489E-03
  3.027384E+00 2.034E-03
  3.027398E+00 1.696E-03
  3.027412E+00 1.463E-03
  3.027425E+00 1.324E-03
  3.027439E+00 1.270E-03
  3.027453E+00 1.292E-03
  3.027466E+00 1.383E-03
  3.027480E+00 1.539E-03
  3.027493E+00 1.755E-03
  3.027507E+00 2.027E-03
  3.027521E+00 2.352E-03
  3.027547E+00 3.158E-03
  3.027561E+00 3.640E-03
  3.027588E+00 4.776E-03
  3.027615E+00 6.194E-03
  3.027628E+00 7.051E-03
  3.027641E+00 8.057E-03
  3.027654E+00 9.300E-03
  3.027668E+00 1.102E-02
  3.027681E+00 1.441E-02
  3.027694E+00 1.550E-01
  3.027707E+00 9.224E-03
  3.027721E+00 1.288E-02
  3.027734E+00 1.591E-02
  3.027747E+00 1.931E-02
  3.027760E+00 2.360E-02
  3.027773E+00 2.939E-02
  3.027786E+00 3.767E-02
  3.027799E+00 5.026E-02
  3.027812E+00 7.077E-02
  3.027825E+00 1.073E-01
  3.027838E+00 1.811E-01
  3.027851E+00 3.616E-01
  3.027864E+00 9.878E-01
  3.027877E+00 6.065E+00
  3.027890E+00 1.316E+01
  3.027903E+00 1.752E+00
  3.027916E+00 6.798E-01
  3.027929E+00 3.824E-01
  3.027942E+00 2.585E-01
  3.027954E+00 1.949E-01
  3.027967E+00 1.580E-01
  3.027980E+00 1.347E-01
  3.027993E+00 1.193E-01
  3.028005E+00 1.087E-01
  3.028018E+00 1.013E-01
  3.028043E+00 9.232E-02
  3.028081E+00 8.747E-02
  3.028119E+00 8.846E-02
  3.028169E+00 9.611E-02
  3.028206E+00 1.065E-01
  3.028243E+00 1.220E-01
  3.028268E+00 1.362E-01
  3.028305E+00 1.667E-01
  3.028329E+00 1.964E-01
  3.028353E+00 2.384E-01
  3.028366E+00 2.663E-01
  3.028378E+00 3.009E-01
  3.028390E+00 3.442E-01
  3.028402E+00 3.997E-01
  3.028414E+00 4.722E-01
  3.028426E+00 5.696E-01
  3.028438E+00 7.043E-01
  3.028450E+00 8.975E-01
  3.028462E+00 1.186E+00
  3.028474E+00 1.637E+00
  3.028486E+00 2.376E+00
  3.028498E+00 3.603E+00
  3.028510E+00 5.441E+00
  3.028522E+00 7.030E+00
  3.028533E+00 6.468E+00
  3.028545E+00 4.515E+00
  3.028557E+00 2.922E+00
  3.028569E+00 1.942E+00
  3.028581E+00 1.358E+00
  3.028593E+00 9.986E-01
  3.028604E+00 7.665E-01
  3.028616E+00 6.102E-01
  3.028628E+00 5.008E-01
  3.028640E+00 4.218E-01
  3.028651E+00 3.634E-01
  3.028663E+00 3.191E-01
  3.028686E+00 2.585E-01
  3.028709E+00 2.208E-01
  3.028732E+00 1.968E-01
  3.028767E+00 1.761E-01
  3.028801E+00 1.667E-01
  3.028847E+00 1.654E-01
  3.028904E+00 1.769E-01
  3.028960E+00 2.023E-01
  3.029005E+00 2.354E-01
  3.029038E+00 2.714E-01
  3.029071E+00 3.218E-01
  3.029104E+00 3.950E-01
  3.029126E+00 4.641E-01
  3.029148E+00 5.588E-01
  3.029159E+00 6.202E-01
  3.029180E+00 7.857E-01
  3.029191E+00 8.996E-01
  3.029202E+00 1.045E+00
  3.029213E+00 1.234E+00
  3.029224E+00 1.487E+00
  3.029234E+00 1.838E+00
  3.029245E+00 2.346E+00
  3.029256E+00 3.118E+00
  3.029267E+00 4.374E+00
  3.029277E+00 6.600E+00
  3.029288E+00 1.096E+01
  3.029299E+00 2.012E+01
  3.029309E+00 3.426E+01
  3.029320E+00 3.108E+01
  3.029331E+00 1.626E+01
  3.029341E+00 8.303E+00
  3.029352E+00 4.704E+00
  3.029362E+00 2.923E+00
  3.029373E+00 1.946E+00
  3.029384E+00 1.363E+00
  3.029394E+00 9.930E-01
  3.029405E+00 7.452E-01
  3.029415E+00 5.725E-01
  3.029426E+00 4.482E-01
  3.029436E+00 3.563E-01
  3.029446E+00 2.867E-01
  3.029457E+00 2.331E-01
  3.029467E+00 1.912E-01
  3.029478E+00 1.578E-01
  3.029488E+00 1.310E-01
  3.029498E+00 1.092E-01
  3.029519E+00 7.651E-02
  3.029529E+00 6.409E-02
  3.029550E+00 4.434E-02
  3.029560E+00 3.565E-02
  3.029571E+00 2.300E-02
  3.029581E+00 4.196E-02
  3.029591E+00 2.791E-02
  3.029591E+00 0.000E+00
  3.033101E+00 0.000E+00
  3.033101E+00 2.609E+00
  3.036431E+00 2.295E+00
  3.039732E+00 1.871E+00
  3.039742E+00 1.951E+00
  3.043859E+00 1.601E+00
  3.047931E+00 1.341E+00
  3.051959E+00 1.143E+00
  3.055941E+00 9.880E-01
  3.059881E+00 8.645E-01
  3.063777E+00 7.643E-01
  3.071443E+00 6.132E-01
  3.078944E+00 5.058E-01
  3.086285E+00 4.263E-01
  3.097007E+00 3.404E-01
  3.107394E+00 2.801E-01
  3.120745E+00 2.238E-01
  3.133556E+00 1.846E-01
  3.148852E+00 1.503E-01
  3.166225E+00 1.222E-01
  3.185242E+00 1.001E-01
  3.207890E+00 8.130E-02
  3.233111E+00 6.662E-02
  3.261801E+00 5.503E-02
  3.288915E+00 4.795E-02
  3.305194E+00 4.653E-02
  3.312851E+00 4.794E-02
  3.318761E+00 5.169E-02
  3.321647E+00 5.556E-02
  3.324487E+00 6.245E-02
  3.325891E+00 6.808E-02
  3.327284E+00 7.636E-02
  3.328666E+00 8.901E-02
  3.330037E+00 1.082E-01
  3.331398E+00 1.330E-01
  3.332749E+00 1.484E-01
  3.334089E+00 1.384E-01
  3.335419E+00 1.193E-01
  3.336738E+00 1.071E-01
  3.338048E+00 1.031E-01
  3.339348E+00 1.052E-01
  3.340638E+00 1.121E-01
  3.341918E+00 1.232E-01
  3.343189E+00 1.391E-01
  3.344450E+00 1.606E-01
  3.345701E+00 1.891E-01
  3.346943E+00 2.264E-01
  3.348177E+00 2.744E-01
  3.349400E+00 3.340E-01
  3.351821E+00 4.740E-01
  3.353018E+00 5.312E-01
  3.354206E+00 5.574E-01
  3.355385E+00 5.449E-01
  3.356556E+00 5.015E-01
  3.360017E+00 3.289E-01
  3.361155E+00 2.832E-01
  3.362283E+00 2.456E-01
  3.363404E+00 2.151E-01
  3.364517E+00 1.904E-01
  3.365621E+00 1.702E-01
  3.367807E+00 1.399E-01
  3.369962E+00 1.188E-01
  3.373136E+00 9.750E-02
  3.376245E+00 8.362E-02
  3.380289E+00 7.158E-02
  3.385188E+00 6.245E-02
  3.390849E+00 5.675E-02
  3.395394E+00 5.575E-02
  3.398922E+00 5.830E-02
  3.401506E+00 6.332E-02
  3.404041E+00 7.215E-02
  3.406525E+00 8.517E-02
  3.410560E+00 1.091E-01
  3.411352E+00 1.110E-01
  3.412138E+00 1.104E-01
  3.412919E+00 1.070E-01
  3.414467E+00 9.411E-02
  3.416752E+00 7.328E-02
  3.418251E+00 6.331E-02
  3.420465E+00 5.347E-02
  3.422638E+00 4.733E-02
  3.426170E+00 4.113E-02
  3.430935E+00 3.614E-02
  3.438648E+00 3.130E-02
  3.448116E+00 2.774E-02
  3.454665E+00 2.688E-02
  3.458285E+00 2.782E-02
  3.460786E+00 3.014E-02
  3.462254E+00 3.305E-02
  3.463219E+00 3.631E-02
  3.464174E+00 4.157E-02
  3.464647E+00 4.546E-02
  3.465118E+00 5.067E-02
  3.465586E+00 5.778E-02
  3.466052E+00 6.758E-02
  3.466516E+00 8.093E-02
  3.467435E+00 1.149E-01
  3.467891E+00 1.235E-01
  3.468344E+00 1.163E-01
  3.469244E+00 8.048E-02
  3.469691E+00 6.683E-02
  3.470135E+00 5.766E-02
  3.470576E+00 5.187E-02
  3.471016E+00 4.842E-02
  3.471452E+00 4.661E-02
  3.471887E+00 4.597E-02
  3.472750E+00 4.732E-02
  3.473603E+00 5.155E-02
  3.474448E+00 5.881E-02
  3.475284E+00 7.007E-02
  3.475698E+00 7.780E-02
  3.476111E+00 8.746E-02
  3.476521E+00 9.964E-02
  3.476929E+00 1.152E-01
  3.477336E+00 1.351E-01
  3.477740E+00 1.610E-01
  3.478142E+00 1.946E-01
  3.478542E+00 2.372E-01
  3.479335E+00 3.449E-01
  3.479729E+00 3.932E-01
  3.480121E+00 4.180E-01
  3.480511E+00 4.117E-01
  3.481285E+00 3.487E-01
  3.481669E+00 3.233E-01
  3.482051E+00 3.294E-01
  3.482431E+00 7.347E-01
  3.482809E+00 2.623E-01
  3.483186E+00 2.048E-01
  3.483560E+00 2.050E-01
  3.484303E+00 2.213E-01
  3.485039E+00 2.536E-01
  3.485768E+00 3.042E-01
  3.486129E+00 3.378E-01
  3.486489E+00 3.782E-01
  3.486847E+00 4.263E-01
  3.487203E+00 4.836E-01
  3.487558E+00 5.515E-01
  3.487911E+00 6.317E-01
  3.488262E+00 7.256E-01
  3.488959E+00 9.598E-01
  3.489991E+00 1.412E+00
  3.490671E+00 1.730E+00
  3.491009E+00 1.930E+00
  3.491345E+00 3.764E+00
  3.491679E+00 1.583E+00
  3.492012E+00 1.623E+00
  3.492343E+00 1.575E+00
  3.493327E+00 1.278E+00
  3.494297E+00 9.777E-01
  3.495253E+00 7.514E-01
  3.496196E+00 5.920E-01
  3.497125E+00 4.796E-01
  3.498041E+00 3.987E-01
  3.499243E+00 3.226E-01
  3.500423E+00 2.695E-01
  3.501867E+00 2.230E-01
  3.503557E+00 1.850E-01
  3.505472E+00 1.553E-01
  3.507587E+00 1.335E-01
  3.509629E+00 1.214E-01
  3.511114E+00 1.199E-01
  3.512082E+00 1.246E-01
  3.512798E+00 1.333E-01
  3.513504E+00 1.490E-01
  3.514201E+00 1.752E-01
  3.514661E+00 2.007E-01
  3.515117E+00 2.340E-01
  3.515794E+00 2.990E-01
  3.516462E+00 3.680E-01
  3.516683E+00 3.830E-01
  3.516903E+00 3.892E-01
  3.517122E+00 3.852E-01
  3.517557E+00 3.503E-01
  3.518417E+00 2.489E-01
  3.518842E+00 2.088E-01
  3.519263E+00 1.781E-01
  3.519888E+00 1.452E-01
  3.520505E+00 1.226E-01
  3.521317E+00 1.014E-01
  3.522313E+00 8.122E-02
  3.522509E+00 7.620E-02
  3.522705E+00 6.900E-02
  3.522901E+00 1.272E-01
  3.523095E+00 8.600E-02
  3.523289E+00 7.896E-02
  3.523674E+00 7.203E-02
  3.524810E+00 5.970E-02
  3.526645E+00 4.547E-02
  3.528235E+00 3.606E-02
  3.529265E+00 3.192E-02
  3.529939E+00 3.087E-02
  3.530437E+00 3.170E-02
  3.530766E+00 3.357E-02
  3.531093E+00 3.698E-02
  3.531417E+00 4.073E-02
  3.531578E+00 3.907E-02
  3.531739E+00 3.270E-02
  3.531899E+00 2.763E-02
  3.532058E+00 2.763E-02
  3.532217E+00 3.071E-02
  3.532375E+00 3.520E-02
  3.532532E+00 4.062E-02
  3.532689E+00 4.695E-02
  3.532846E+00 5.436E-02
  3.533001E+00 6.312E-02
  3.533157E+00 7.359E-02
  3.533311E+00 8.619E-02
  3.533465E+00 1.014E-01
  3.533619E+00 1.200E-01
  3.533772E+00 1.425E-01
  3.533924E+00 1.699E-01
  3.534076E+00 2.028E-01
  3.534227E+00 2.415E-01
  3.534826E+00 4.272E-01
  3.535122E+00 4.932E-01
  3.535416E+00 5.434E-01
  3.535563E+00 5.971E-01
  3.535708E+00 7.618E-01
  3.535854E+00 1.888E+00
  3.535998E+00 4.888E+00
  3.536142E+00 1.768E+01
  3.536286E+00 9.201E-01
  3.536429E+00 6.810E-01
  3.536572E+00 6.647E-01
  3.536714E+00 7.014E-01
  3.536855E+00 7.689E-01
  3.536996E+00 8.655E-01
  3.537137E+00 9.967E-01
  3.537277E+00 1.174E+00
  3.537416E+00 1.418E+00
  3.537555E+00 1.767E+00
  3.537694E+00 2.293E+00
  3.537832E+00 3.153E+00
  3.537969E+00 4.727E+00
  3.538106E+00 8.073E+00
  3.538243E+00 1.515E+01
  3.538379E+00 1.425E+01
  3.538514E+00 4.260E+00
  3.538649E+00 1.123E+00
  3.538784E+00 3.436E-01
  3.538918E+00 2.083E-01
  3.539052E+00 2.940E-01
  3.539185E+00 4.769E-01
  3.539318E+00 7.119E-01
  3.539582E+00 1.231E+00
  3.539713E+00 1.427E+00
  3.539844E+00 1.443E+00
  3.539974E+00 1.100E+00
  3.540104E+00 5.094E-01
  3.540233E+00 8.806E-01
  3.540491E+00 4.256E+00
  3.540619E+00 5.424E+00
  3.540747E+00 6.165E+00
  3.540874E+00 6.585E+00
  3.541000E+00 6.759E+00
  3.541253E+00 6.607E+00
  3.541752E+00 5.472E+00
  3.542244E+00 4.340E+00
  3.542729E+00 3.514E+00
  3.543208E+00 2.945E+00
  3.543797E+00 2.477E+00
  3.544377E+00 2.187E+00
  3.545059E+00 2.002E+00
  3.545618E+00 1.968E+00
  3.546058E+00 2.034E+00
  3.546492E+00 2.222E+00
  3.546814E+00 2.479E+00
  3.547132E+00 2.871E+00
  3.547448E+00 3.424E+00
  3.547760E+00 4.149E+00
  3.548070E+00 5.114E+00
  3.548274E+00 6.013E+00
  3.548376E+00 6.623E+00
  3.548477E+00 7.615E+00
  3.548579E+00 1.487E+01
  3.548679E+00 1.337E+01
  3.548780E+00 9.085E+00
  3.549079E+00 8.833E+00
  3.549278E+00 8.256E+00
  3.549767E+00 6.310E+00
  3.550057E+00 5.480E+00
  3.550440E+00 4.794E+00
  3.550817E+00 4.434E+00
  3.551283E+00 4.279E+00
  3.551831E+00 4.407E+00
  3.552281E+00 4.768E+00
  3.552724E+00 5.444E+00
  3.553073E+00 6.355E+00
  3.553332E+00 7.425E+00
  3.553503E+00 8.460E+00
  3.553674E+00 9.954E+00
  3.553758E+00 1.099E+01
  3.553843E+00 1.239E+01
  3.553927E+00 1.446E+01
  3.554011E+00 1.851E+01
  3.554095E+00 4.243E+01
  3.554179E+00 1.182E+01
  3.554262E+00 1.518E+01
  3.554345E+00 1.977E+01
  3.554428E+00 2.517E+01
  3.554510E+00 3.240E+01
  3.554592E+00 4.282E+01
  3.554674E+00 5.860E+01
  3.554756E+00 8.314E+01
  3.554838E+00 1.197E+02
  3.554919E+00 1.624E+02
  3.555000E+00 1.872E+02
  3.555081E+00 2.306E+02
  3.555161E+00 1.718E+02
  3.555241E+00 7.778E+01
  3.555321E+00 5.004E+01
  3.555401E+00 3.588E+01
  3.555481E+00 2.751E+01
  3.555560E+00 2.224E+01
  3.555639E+00 1.881E+01
  3.555718E+00 1.655E+01
  3.555797E+00 1.509E+01
  3.555875E+00 1.421E+01
  3.555953E+00 1.377E+01
  3.556031E+00 1.370E+01
  3.556109E+00 1.397E+01
  3.556186E+00 1.455E+01
  3.556264E+00 1.546E+01
  3.556341E+00 1.670E+01
  3.556494E+00 2.009E+01
  3.556646E+00 2.391E+01
  3.556722E+00 2.534E+01
  3.556798E+00 2.607E+01
  3.556948E+00 2.556E+01
  3.557098E+00 2.464E+01
  3.557173E+00 2.512E+01
  3.557247E+00 2.713E+01
  3.557321E+00 3.264E+01
  3.557395E+00 4.930E+01
  3.557469E+00 1.355E+02
  3.557542E+00 2.824E+03
  3.557615E+00 1.539E+02
  3.557689E+00 5.758E+01
  3.557761E+00 4.087E+01
  3.557834E+00 3.683E+01
  3.557906E+00 3.708E+01
  3.557979E+00 3.975E+01
  3.558051E+00 4.448E+01
  3.558122E+00 5.153E+01
  3.558194E+00 6.160E+01
  3.558265E+00 7.578E+01
  3.558336E+00 9.523E+01
  3.558407E+00 1.193E+02
  3.558478E+00 1.396E+02
  3.558549E+00 1.357E+02
  3.558619E+00 1.007E+02
  3.558689E+00 5.986E+01
  3.558759E+00 3.149E+01
  3.558829E+00 1.542E+01
  3.558898E+00 7.101E+00
  3.558968E+00 3.237E+00
  3.559037E+00 2.010E+00
  3.559106E+00 2.461E+00
  3.559175E+00 4.069E+00
  3.559243E+00 6.511E+00
  3.559311E+00 9.508E+00
  3.559448E+00 1.586E+01
  3.559515E+00 1.844E+01
  3.559583E+00 2.019E+01
  3.559650E+00 2.096E+01
  3.559718E+00 2.081E+01
  3.559785E+00 1.994E+01
  3.559918E+00 1.699E+01
  3.560117E+00 1.208E+01
  3.560248E+00 9.316E+00
  3.560379E+00 7.049E+00
  3.560509E+00 5.214E+00
  3.560574E+00 4.447E+00
  3.560639E+00 3.796E+00
  3.560703E+00 3.318E+00
  3.560767E+00 3.165E+00
  3.560832E+00 3.773E+00
  3.560895E+00 6.472E+00
  3.560959E+00 1.542E+01
  3.561023E+00 3.646E+01
  3.561086E+00 4.398E+01
  3.561149E+00 3.090E+01
  3.561212E+00 2.109E+01
  3.561275E+00 1.557E+01
  3.561338E+00 1.229E+01
  3.561400E+00 1.019E+01
  3.561463E+00 8.737E+00
  3.561525E+00 7.683E+00
  3.561587E+00 6.886E+00
  3.561710E+00 5.772E+00
  3.561833E+00 5.048E+00
  3.562016E+00 4.383E+00
  3.562197E+00 4.045E+00
  3.562377E+00 3.948E+00
  3.562556E+00 4.059E+00
  3.562791E+00 4.475E+00
  3.563082E+00 5.074E+00
  3.563483E+00 5.372E+00
  3.563596E+00 5.701E+00
  3.563653E+00 6.022E+00
  3.563709E+00 6.633E+00
  3.563765E+00 9.224E+00
  3.563821E+00 3.759E+01
  3.563877E+00 7.087E+00
  3.563932E+00 6.702E+00
  3.564043E+00 6.467E+00
  3.564153E+00 5.837E+00
  3.564426E+00 3.742E+00
  3.564535E+00 3.100E+00
  3.564642E+00 2.600E+00
  3.564749E+00 2.213E+00
  3.564909E+00 1.788E+00
  3.565067E+00 1.491E+00
  3.565224E+00 1.279E+00
  3.565432E+00 1.084E+00
  3.565637E+00 9.617E-01
  3.565840E+00 8.982E-01
  3.565991E+00 8.934E-01
  3.566141E+00 9.437E-01
  3.566241E+00 1.033E+00
  3.566290E+00 1.107E+00
  3.566339E+00 1.216E+00
  3.566389E+00 1.379E+00
  3.566438E+00 1.637E+00
  3.566487E+00 2.079E+00
  3.566536E+00 2.900E+00
  3.566584E+00 4.388E+00
  3.566633E+00 5.584E+00
  3.566681E+00 4.663E+00
  3.566730E+00 4.362E+00
  3.566778E+00 6.201E+00
  3.566826E+00 9.947E+00
  3.566874E+00 5.167E+00
  3.566922E+00 1.537E+00
  3.566970E+00 5.486E-01
  3.567017E+00 2.403E-01
  3.567065E+00 1.339E-01
  3.567112E+00 1.047E-01
  3.567159E+00 1.161E-01
  3.567206E+00 1.622E-01
  3.567253E+00 2.537E-01
  3.567300E+00 4.024E-01
  3.567347E+00 5.310E-01
  3.567394E+00 4.598E-01
  3.567440E+00 2.921E-01
  3.567487E+00 1.758E-01
  3.567533E+00 1.115E-01
  3.567579E+00 7.603E-02
  3.567625E+00 5.551E-02
  3.567671E+00 4.302E-02
  3.567717E+00 3.507E-02
  3.567763E+00 2.983E-02
  3.567809E+00 2.628E-02
  3.567854E+00 2.384E-02
  3.567900E+00 2.215E-02
  3.567945E+00 2.102E-02
  3.568035E+00 2.002E-02
  3.568125E+00 2.054E-02
  3.568170E+00 2.149E-02
  3.568214E+00 2.304E-02
  3.568259E+00 2.540E-02
  3.568303E+00 2.889E-02
  3.568347E+00 3.392E-02
  3.568392E+00 4.105E-02
  3.568436E+00 5.086E-02
  3.568480E+00 6.377E-02
  3.568524E+00 7.963E-02
  3.568698E+00 1.549E-01
  3.568741E+00 1.776E-01
  3.568784E+00 2.076E-01
  3.568828E+00 2.527E-01
  3.568871E+00 3.305E-01
  3.568914E+00 4.921E-01
  3.568956E+00 9.440E-01
  3.568999E+00 3.248E+00
  3.569042E+00 7.917E+01
  3.569084E+00 5.965E+00
  3.569126E+00 2.069E+00
  3.569169E+00 1.400E+00
  3.569211E+00 1.250E+00
  3.569253E+00 1.288E+00
  3.569295E+00 1.446E+00
  3.569337E+00 1.717E+00
  3.569379E+00 2.111E+00
  3.569462E+00 3.170E+00
  3.569503E+00 3.491E+00
  3.569545E+00 3.287E+00
  3.569586E+00 2.611E+00
  3.569627E+00 1.836E+00
  3.569668E+00 1.210E+00
  3.569709E+00 7.736E-01
  3.569750E+00 4.880E-01
  3.569791E+00 3.080E-01
  3.569832E+00 2.028E-01
  3.569872E+00 1.541E-01
  3.569913E+00 1.532E-01
  3.569953E+00 1.971E-01
  3.569993E+00 2.859E-01
  3.570034E+00 4.185E-01
  3.570074E+00 5.874E-01
  3.570154E+00 9.497E-01
  3.570193E+00 1.082E+00
  3.570233E+00 1.154E+00
  3.570273E+00 1.163E+00
  3.570312E+00 1.126E+00
  3.570391E+00 9.786E-01
  3.570509E+00 7.385E-01
  3.570625E+00 5.525E-01
  3.570703E+00 4.587E-01
  3.570780E+00 3.861E-01
  3.570818E+00 3.588E-01
  3.570856E+00 3.401E-01
  3.570894E+00 3.357E-01
  3.570932E+00 3.581E-01
  3.570970E+00 4.377E-01
  3.571008E+00 6.525E-01
  3.571046E+00 1.204E+00
  3.571121E+00 3.609E+00
  3.571159E+00 3.174E+00
  3.571196E+00 2.307E+00
  3.571234E+00 1.730E+00
  3.571271E+00 1.383E+00
  3.571308E+00 1.167E+00
  3.571345E+00 1.027E+00
  3.571382E+00 9.318E-01
  3.571419E+00 8.661E-01
  3.571493E+00 7.903E-01
  3.571566E+00 7.617E-01
  3.571676E+00 7.789E-01
  3.571784E+00 8.558E-01
  3.571892E+00 9.864E-01
  3.572070E+00 1.247E+00
  3.572176E+00 1.328E+00
  3.572385E+00 1.326E+00
  3.572454E+00 1.386E+00
  3.572489E+00 1.447E+00
  3.572523E+00 1.537E+00
  3.572558E+00 1.678E+00
  3.572592E+00 1.992E+00
  3.572626E+00 6.165E+00
  3.572660E+00 2.344E+00
  3.572694E+00 1.828E+00
  3.572762E+00 1.799E+00
  3.572830E+00 1.676E+00
  3.573030E+00 1.062E+00
  3.573130E+00 8.445E-01
  3.573228E+00 6.954E-01
  3.573326E+00 5.945E-01
  3.573424E+00 5.268E-01
  3.573552E+00 4.737E-01
  3.573680E+00 4.565E-01
  3.573775E+00 4.710E-01
  3.573838E+00 5.008E-01
  3.573901E+00 5.585E-01
  3.573932E+00 6.049E-01
  3.573963E+00 6.702E-01
  3.573995E+00 7.647E-01
  3.574026E+00 9.058E-01
  3.574057E+00 1.123E+00
  3.574087E+00 1.458E+00
  3.574118E+00 1.913E+00
  3.574149E+00 2.261E+00
  3.574180E+00 2.106E+00
  3.574210E+00 1.665E+00
  3.574241E+00 1.352E+00
  3.574272E+00 1.246E+00
  3.574302E+00 1.326E+00
  3.574332E+00 1.626E+00
  3.574363E+00 2.291E+00
  3.574393E+00 3.569E+00
  3.574423E+00 4.656E+00
  3.574453E+00 3.099E+00
  3.574483E+00 1.410E+00
  3.574513E+00 6.608E-01
  3.574543E+00 3.432E-01
  3.574573E+00 1.951E-01
  3.574603E+00 1.196E-01
  3.574633E+00 7.874E-02
  3.574662E+00 5.638E-02
  3.574692E+00 4.548E-02
  3.574722E+00 4.401E-02
  3.574751E+00 5.463E-02
  3.574780E+00 8.625E-02
  3.574810E+00 1.379E-01
  3.574839E+00 1.453E-01
  3.574868E+00 1.052E-01
  3.574897E+00 7.294E-02
  3.574927E+00 5.419E-02
  3.574956E+00 4.321E-02
  3.574985E+00 3.639E-02
  3.575014E+00 3.190E-02
  3.575042E+00 2.878E-02
  3.575071E+00 2.653E-02
  3.575129E+00 2.354E-02
  3.575214E+00 2.097E-02
  3.575328E+00 1.910E-02
  3.575412E+00 1.843E-02
  3.575468E+00 1.859E-02
  3.575496E+00 1.906E-02
  3.575524E+00 1.999E-02
  3.575551E+00 2.159E-02
  3.575579E+00 2.411E-02
  3.575607E+00 2.771E-02
  3.575634E+00 3.237E-02
  3.575662E+00 3.793E-02
  3.575689E+00 4.435E-02
  3.575717E+00 5.195E-02
  3.575744E+00 6.162E-02
  3.575772E+00 7.529E-02
  3.575799E+00 9.706E-02
  3.575826E+00 1.370E-01
  3.575853E+00 2.257E-01
  3.575880E+00 4.936E-01
  3.575907E+00 2.026E+00
  3.575934E+00 4.763E+01
  3.575961E+00 2.953E+00
  3.575988E+00 1.085E+00
  3.576015E+00 7.250E-01
  3.576042E+00 6.323E-01
  3.576068E+00 6.400E-01
  3.576095E+00 7.099E-01
  3.576121E+00 8.302E-01
  3.576174E+00 1.119E+00
  3.576201E+00 1.143E+00
  3.576227E+00 1.004E+00
  3.576280E+00 5.544E-01
  3.576306E+00 3.860E-01
  3.576332E+00 2.689E-01
  3.576358E+00 1.905E-01
  3.576384E+00 1.396E-01
  3.576410E+00 1.087E-01
  3.576436E+00 9.363E-02
  3.576462E+00 9.272E-02
  3.576488E+00 1.061E-01
  3.576514E+00 1.349E-01
  3.576539E+00 1.806E-01
  3.576565E+00 2.428E-01
  3.576616E+00 3.896E-01
  3.576642E+00 4.476E-01
  3.576667E+00 4.790E-01
  3.576693E+00 4.824E-01
  3.576718E+00 4.646E-01
  3.576844E+00 3.037E-01
  3.576894E+00 2.555E-01
  3.576944E+00 2.190E-01
  3.576993E+00 1.927E-01
  3.577043E+00 1.771E-01
  3.577067E+00 1.752E-01
  3.577092E+00 1.803E-01
  3.577117E+00 1.979E-01
  3.577141E+00 2.406E-01
  3.577165E+00 3.371E-01
  3.577190E+00 5.511E-01
  3.577238E+00 1.380E+00
  3.577263E+00 1.325E+00
  3.577287E+00 1.037E+00
  3.577311E+00 8.093E-01
  3.577335E+00 6.643E-01
  3.577359E+00 5.736E-01
  3.577383E+00 5.159E-01
  3.577407E+00 4.791E-01
  3.577431E+00 4.561E-01
  3.577479E+00 4.376E-01
  3.577526E+00 4.444E-01
  3.577573E+00 4.708E-01
  3.577644E+00 5.437E-01
  3.577807E+00 7.933E-01
  3.577853E+00 8.305E-01
  3.577922E+00 8.263E-01
  3.578013E+00 7.970E-01
  3.578059E+00 8.208E-01
  3.578104E+00 8.947E-01
  3.578126E+00 9.591E-01
  3.578149E+00 1.059E+00
  3.578171E+00 1.284E+00
  3.578194E+00 5.010E+00
  3.578216E+00 1.386E+00
  3.578238E+00 1.128E+00
  3.578283E+00 1.114E+00
  3.578327E+00 1.038E+00
  3.578437E+00 7.273E-01
  3.578503E+00 5.840E-01
  3.578568E+00 4.856E-01
  3.578633E+00 4.204E-01
  3.578697E+00 3.791E-01
  3.578761E+00 3.564E-01
  3.578824E+00 3.508E-01
  3.578888E+00 3.660E-01
  3.578930E+00 3.935E-01
  3.578951E+00 4.154E-01
  3.578971E+00 4.452E-01
  3.578992E+00 4.861E-01
  3.579013E+00 5.430E-01
  3.579034E+00 6.235E-01
  3.579055E+00 7.398E-01
  3.579075E+00 9.084E-01
  3.579096E+00 1.142E+00
  3.579116E+00 1.406E+00
  3.579137E+00 1.554E+00
  3.579158E+00 1.442E+00
  3.579178E+00 1.191E+00
  3.579198E+00 9.845E-01
  3.579219E+00 8.783E-01
  3.579239E+00 8.670E-01
  3.579260E+00 9.500E-01
  3.579280E+00 1.156E+00
  3.579300E+00 1.565E+00
  3.579320E+00 2.325E+00
  3.579341E+00 3.333E+00
  3.579361E+00 3.148E+00
  3.579381E+00 1.777E+00
  3.579401E+00 8.865E-01
  3.579421E+00 4.715E-01
  3.579441E+00 2.733E-01
  3.579461E+00 1.706E-01
  3.579481E+00 1.132E-01
  3.579501E+00 7.915E-02
  3.579520E+00 5.812E-02
  3.579540E+00 4.497E-02
  3.579560E+00 3.728E-02
  3.579580E+00 3.471E-02
  3.579599E+00 3.976E-02
  3.579619E+00 5.935E-02
  3.579639E+00 8.671E-02
  3.579658E+00 8.146E-02
  3.579678E+00 6.147E-02
  3.579697E+00 4.754E-02
  3.579717E+00 3.913E-02
  3.579736E+00 3.384E-02
  3.579756E+00 3.032E-02
  3.579775E+00 2.785E-02
  3.579813E+00 2.465E-02
  3.579871E+00 2.197E-02
  3.579966E+00 1.954E-02
  3.580117E+00 1.713E-02
  3.580155E+00 1.735E-02
  3.580173E+00 1.806E-02
  3.580192E+00 1.939E-02
  3.580210E+00 2.144E-02
  3.580229E+00 2.423E-02
  3.580247E+00 2.782E-02
  3.580266E+00 3.250E-02
  3.580284E+00 3.900E-02
  3.580303E+00 4.891E-02
  3.580321E+00 6.583E-02
  3.580339E+00 9.920E-02
  3.580357E+00 1.797E-01
  3.580376E+00 4.515E-01
  3.580394E+00 2.428E+00
  3.580412E+00 2.124E+01
  3.580430E+00 1.771E+00
  3.580448E+00 7.545E-01
  3.580466E+00 5.232E-01
  3.580484E+00 4.593E-01
  3.580502E+00 4.631E-01
  3.580520E+00 5.074E-01
  3.580556E+00 6.347E-01
  3.580574E+00 6.355E-01
  3.580592E+00 5.541E-01
  3.580610E+00 4.299E-01
  3.580628E+00 3.143E-01
  3.580645E+00 2.271E-01
  3.580663E+00 1.669E-01
  3.580681E+00 1.267E-01
  3.580698E+00 1.007E-01
  3.580716E+00 8.494E-02
  3.580734E+00 7.737E-02
  3.580751E+00 7.718E-02
  3.580769E+00 8.452E-02
  3.580786E+00 1.003E-01
  3.580804E+00 1.257E-01
  3.580821E+00 1.613E-01
  3.580839E+00 2.052E-01
  3.580856E+00 2.513E-01
  3.580873E+00 2.898E-01
  3.580891E+00 3.120E-01
  3.580908E+00 3.151E-01
  3.580925E+00 3.034E-01
  3.580994E+00 2.171E-01
  3.581028E+00 1.832E-01
  3.581062E+00 1.586E-01
  3.581096E+00 1.416E-01
  3.581130E+00 1.315E-01
  3.581146E+00 1.295E-01
  3.581163E+00 1.306E-01
  3.581180E+00 1.363E-01
  3.581197E+00 1.502E-01
  3.581214E+00 1.796E-01
  3.581230E+00 2.400E-01
  3.581247E+00 3.629E-01
  3.581264E+00 5.822E-01
  3.581280E+00 8.086E-01
  3.581297E+00 8.166E-01
  3.581313E+00 6.755E-01
  3.581330E+00 5.451E-01
  3.581346E+00 4.575E-01
  3.581363E+00 4.023E-01
  3.581379E+00 3.679E-01
  3.581396E+00 3.472E-01
  3.581412E+00 3.358E-01
  3.581445E+00 3.324E-01
  3.581477E+00 3.478E-01
  3.581510E+00 3.787E-01
  3.581558E+00 4.516E-01
  3.581638E+00 6.077E-01
  3.581670E+00 6.490E-01
  3.581702E+00 6.607E-01
  3.581796E+00 6.111E-01
  3.581828E+00 6.230E-01
  3.581859E+00 6.721E-01
  3.581875E+00 7.155E-01
  3.581890E+00 7.783E-01
  3.581906E+00 8.845E-01
  3.581921E+00 1.243E+00
  3.581937E+00 1.244E+01
  3.581952E+00 9.139E-01
  3.581967E+00 8.731E-01
  3.581998E+00 8.602E-01
  3.582029E+00 7.923E-01
  3.582090E+00 6.002E-01
  3.582135E+00 4.846E-01
  3.582180E+00 4.047E-01
  3.582225E+00 3.525E-01
  3.582270E+00 3.207E-01
  3.582314E+00 3.053E-01
  3.582359E+00 3.062E-01
  3.582403E+00 3.284E-01
  3.582432E+00 3.625E-01
  3.582447E+00 3.892E-01
  3.582461E+00 4.254E-01
  3.582476E+00 4.752E-01
  3.582490E+00 5.446E-01
  3.582505E+00 6.424E-01
  3.582519E+00 7.793E-01
  3.582548E+00 1.152E+00
  3.582562E+00 1.259E+00
  3.582577E+00 1.190E+00
  3.582605E+00 8.483E-01
  3.582620E+00 7.502E-01
  3.582634E+00 7.207E-01
  3.582648E+00 7.579E-01
  3.582662E+00 8.739E-01
  3.582676E+00 1.108E+00
  3.582691E+00 1.547E+00
  3.582719E+00 3.007E+00
  3.582733E+00 2.445E+00
  3.582747E+00 1.346E+00
  3.582761E+00 7.038E-01
  3.582775E+00 3.945E-01
  3.582789E+00 2.394E-01
  3.582803E+00 1.555E-01
  3.582817E+00 1.069E-01
  3.582831E+00 7.707E-02
  3.582845E+00 5.795E-02
  3.582859E+00 4.537E-02
  3.582873E+00 3.715E-02
  3.582886E+00 3.252E-02
  3.582900E+00 3.240E-02
  3.582914E+00 4.104E-02
  3.582928E+00 6.208E-02
  3.582942E+00 6.972E-02
  3.582955E+00 5.674E-02
  3.582969E+00 4.496E-02
  3.582983E+00 3.752E-02
  3.582996E+00 3.280E-02
  3.583010E+00 2.964E-02
  3.583037E+00 2.575E-02
  3.583064E+00 2.349E-02
  3.583118E+00 2.094E-02
  3.583304E+00 1.607E-02
  3.583317E+00 1.603E-02
  3.583330E+00 1.638E-02
  3.583344E+00 1.725E-02
  3.583357E+00 1.873E-02
  3.583370E+00 2.091E-02
  3.583383E+00 2.400E-02
  3.583396E+00 2.849E-02
  3.583409E+00 3.554E-02
  3.583422E+00 4.777E-02
  3.583434E+00 7.192E-02
  3.583447E+00 1.290E-01
  3.583460E+00 3.094E-01
  3.583473E+00 1.373E+00
  3.583486E+00 3.063E+01
  3.583499E+00 2.070E+00
  3.583512E+00 7.403E-01
  3.583524E+00 4.715E-01
  3.583537E+00 3.907E-01
  3.583550E+00 3.769E-01
  3.583563E+00 3.979E-01
  3.583575E+00 4.339E-01
  3.583588E+00 4.552E-01
  3.583601E+00 4.288E-01
  3.583626E+00 2.701E-01
  3.583639E+00 1.998E-01
  3.583651E+00 1.496E-01
  3.583664E+00 1.159E-01
  3.583676E+00 9.393E-02
  3.583689E+00 8.016E-02
  3.583701E+00 7.256E-02
  3.583714E+00 7.011E-02
  3.583726E+00 7.259E-02
  3.583739E+00 8.036E-02
  3.583751E+00 9.427E-02
  3.583763E+00 1.152E-01
  3.583776E+00 1.435E-01
  3.583800E+00 2.105E-01
  3.583813E+00 2.361E-01
  3.583825E+00 2.477E-01
  3.583837E+00 2.449E-01
  3.583850E+00 2.322E-01
  3.583886E+00 1.796E-01
  3.583898E+00 1.645E-01
  3.583923E+00 1.409E-01
  3.583947E+00 1.246E-01
  3.583971E+00 1.142E-01
  3.583995E+00 1.095E-01
  3.584007E+00 1.099E-01
  3.584019E+00 1.131E-01
  3.584031E+00 1.207E-01
  3.584043E+00 1.361E-01
  3.584055E+00 1.660E-01
  3.584067E+00 2.242E-01
  3.584079E+00 3.329E-01
  3.584091E+00 4.949E-01
  3.584103E+00 6.076E-01
  3.584114E+00 5.732E-01
  3.584126E+00 4.786E-01
  3.584138E+00 4.000E-01
  3.584150E+00 3.477E-01
  3.584162E+00 3.150E-01
  3.584173E+00 2.955E-01
  3.584185E+00 2.850E-01
  3.584208E+00 2.822E-01
  3.584232E+00 2.966E-01
  3.584267E+00 3.441E-01
  3.584301E+00 4.187E-01
  3.584347E+00 5.311E-01
  3.584370E+00 5.663E-01
  3.584393E+00 5.739E-01
  3.584461E+00 5.202E-01
  3.584483E+00 5.265E-01
  3.584506E+00 5.640E-01
  3.584517E+00 5.980E-01
  3.584528E+00 6.465E-01
  3.584539E+00 7.211E-01
  3.584551E+00 8.924E-01
  3.584562E+00 4.180E+00
  3.584573E+00 9.062E-01
  3.584584E+00 7.496E-01
  3.584606E+00 7.444E-01
  3.584628E+00 6.960E-01
  3.584683E+00 4.978E-01
  3.584716E+00 4.069E-01
  3.584748E+00 3.454E-01
  3.584781E+00 3.063E-01
  3.584813E+00 2.844E-01
  3.584845E+00 2.776E-01
  3.584877E+00 2.876E-01
  3.584898E+00 3.075E-01
  3.584920E+00 3.448E-01
  3.584941E+00 4.130E-01
  3.584951E+00 4.670E-01
  3.584962E+00 5.417E-01
  3.584972E+00 6.451E-01
  3.584983E+00 7.831E-01
  3.584993E+00 9.454E-01
  3.585004E+00 1.078E+00
  3.585014E+00 1.095E+00
  3.585024E+00 9.838E-01
  3.585035E+00 8.337E-01
  3.585045E+00 7.185E-01
  3.585056E+00 6.590E-01
  3.585066E+00 6.548E-01
  3.585076E+00 7.081E-01
  3.585087E+00 8.356E-01
  3.585097E+00 1.080E+00
  3.585107E+00 1.528E+00
  3.585118E+00 2.250E+00
  3.585128E+00 2.762E+00
  3.585138E+00 2.085E+00
  3.585148E+00 1.142E+00
  3.585158E+00 6.126E-01
  3.585169E+00 3.527E-01
  3.585179E+00 2.192E-01
  3.585189E+00 1.454E-01
  3.585199E+00 1.018E-01
  3.585209E+00 7.464E-02
  3.585219E+00 5.693E-02
  3.585230E+00 4.503E-02
  3.585240E+00 3.699E-02
  3.585250E+00 3.198E-02
  3.585260E+00 3.044E-02
  3.585270E+00 3.539E-02
  3.585280E+00 5.185E-02
  3.585297E+00 5.799E-02
  3.595287E+00 3.104E-01
  3.595297E+00 3.977E-01
  3.620241E+00 2.156E-01
  3.645184E+00 1.378E-01
  3.670127E+00 9.474E-02
  3.695070E+00 7.192E-02
  3.720014E+00 5.959E-02
  3.744957E+00 5.257E-02
  3.769900E+00 4.843E-02
  3.794844E+00 4.596E-02
  3.844730E+00 4.355E-02
  3.919560E+00 4.259E-02
  4.268767E+00 4.458E-02
  4.268767E+00 0.000E+00
  4.617973E+00 0.000E+00
  4.268767E+00 0.000E+00
  4.617973E+00 0.000E+00
  4.617973E+00 4.091E-02
  4.617973E+00 4.091E-02
  5.590762E+00 2.687E-02
  6.014798E+00 2.241E-02
  6.039742E+00 2.219E-02
  6.161755E+00 2.090E-02
  6.286227E+00 1.968E-02
  6.413217E+00 1.853E-02
  6.542775E+00 1.746E-02
  6.674949E+00 1.644E-02
  6.809790E+00 1.548E-02
  6.947354E+00 1.458E-02
  7.087701E+00 1.373E-02
  7.230882E+00 1.293E-02
  7.376960E+00 1.218E-02
  7.525981E+00 1.147E-02
  7.678015E+00 1.080E-02
  7.833124E+00 1.017E-02
  7.991362E+00 9.580E-03
  8.152796E+00 9.022E-03
  8.317496E+00 8.496E-03
  8.485519E+00 8.002E-03
  8.656941E+00 7.536E-03
  8.831819E+00 7.097E-03
  9.010239E+00 6.683E-03
  9.192253E+00 6.294E-03
  9.377948E+00 5.928E-03
  9.567399E+00 5.583E-03
  9.760674E+00 5.257E-03
  9.957849E+00 4.951E-03
  1.015901E+01 4.663E-03
  1.036424E+01 4.391E-03
  1.057361E+01 4.136E-03
  1.078721E+01 3.895E-03
  1.100513E+01 3.668E-03
  1.122744E+01 3.454E-03
  1.145425E+01 3.253E-03
  1.168565E+01 3.064E-03
  1.192171E+01 2.885E-03
  1.216255E+01 2.717E-03
  1.240825E+01 2.559E-03
  1.265891E+01 2.410E-03
  1.291464E+01 2.270E-03
  1.317553E+01 2.138E-03
  1.344169E+01 2.013E-03
  1.371323E+01 1.896E-03
  1.399026E+01 1.785E-03
  1.427288E+01 1.681E-03
  1.456121E+01 1.584E-03
  1.485537E+01 1.491E-03
  1.515547E+01 1.404E-03
  1.546163E+01 1.323E-03
  1.577397E+01 1.246E-03
  1.609262E+01 1.173E-03
  1.641771E+01 1.105E-03
  1.674936E+01 1.040E-03
  1.708774E+01 9.798E-04
  1.743292E+01 9.228E-04
  1.778510E+01 8.690E-04
  1.814438E+01 8.184E-04
  1.851093E+01 7.708E-04
  1.888486E+01 7.259E-04
  1.926637E+01 6.836E-04
  1.965556E+01 6.438E-04
  2.005264E+01 6.063E-04
  2.045772E+01 5.710E-04
  2.087100E+01 5.378E-04
  2.129262E+01 5.064E-04
  2.172276E+01 4.769E-04
  2.216158E+01 4.492E-04
  2.260928E+01 4.230E-04
  2.306601E+01 3.984E-04
      33   2   2   111    5  -2.76588E-02    2327
  2.762402E-02 7.577E+01
  7.890874E-02 6.813E+00
  1.288895E-01 2.012E+00
  1.776102E-01 8.736E-01
  2.251129E-01 4.620E-01
  2.714377E-01 2.743E-01
  3.166234E-01 1.754E-01
  3.607069E-01 1.184E-01
  4.037238E-01 8.356E-02
  4.457083E-01 6.129E-02
  4.866931E-01 4.654E-02
  5.267097E-01 3.641E-02
  5.657884E-01 2.917E-02
  6.039582E-01 2.379E-02
  6.412472E-01 1.965E-02
  6.776822E-01 1.638E-02
  7.132891E-01 1.374E-02
  7.480927E-01 1.159E-02
  7.821172E-01 9.827E-03
  8.153855E-01 8.386E-03
  8.479200E-01 7.208E-03
  8.797419E-01 6.246E-03
  9.108721E-01 5.461E-03
  9.413304E-01 4.819E-03
  1.000307E+00 3.857E-03
  1.056818E+00 3.185E-03
  1.137255E+00 2.482E-03
  1.212866E+00 1.970E-03
  1.306823E+00 1.453E-03
  1.393668E+00 1.079E-03
  1.454558E+00 8.752E-04
  1.512108E+00 7.247E-04
  1.584054E+00 5.852E-04
  1.650996E+00 4.938E-04
  1.728323E+00 4.223E-04
  1.812811E+00 3.734E-04
  1.901364E+00 3.464E-04
  1.980576E+00 3.433E-04
  2.051716E+00 3.615E-04
  2.124488E+00 4.053E-04
  2.189413E+00 4.707E-04
  2.247581E+00 5.589E-04
  2.293651E+00 6.620E-04
  2.329967E+00 7.824E-04
  2.358210E+00 9.220E-04
  2.379588E+00 1.080E-03
  2.394956E+00 1.246E-03
  2.409784E+00 1.486E-03
  2.419382E+00 1.721E-03
  2.424097E+00 1.875E-03
  2.428758E+00 2.065E-03
  2.433364E+00 2.306E-03
  2.437918E+00 2.621E-03
  2.442420E+00 3.050E-03
  2.446870E+00 3.662E-03
  2.451270E+00 4.591E-03
  2.455620E+00 6.123E-03
  2.459921E+00 8.941E-03
  2.464173E+00 1.490E-02
  2.468378E+00 2.875E-02
  2.472536E+00 4.416E-02
  2.476648E+00 2.516E-02
  2.480715E+00 1.071E-02
  2.484736E+00 5.431E-03
  2.488713E+00 3.315E-03
  2.492647E+00 2.345E-03
  2.496538E+00 1.860E-03
  2.500387E+00 1.607E-03
  2.504193E+00 1.478E-03
  2.507959E+00 1.421E-03
  2.511685E+00 1.409E-03
  2.519016E+00 1.465E-03
  2.529724E+00 1.670E-03
  2.540096E+00 1.982E-03
  2.550149E+00 2.411E-03
  2.559893E+00 3.001E-03
  2.566224E+00 3.525E-03
  2.572428E+00 4.204E-03
  2.578508E+00 5.107E-03
  2.584466E+00 6.354E-03
  2.587401E+00 7.166E-03
  2.590307E+00 8.153E-03
  2.593184E+00 9.372E-03
  2.596033E+00 1.091E-02
  2.598854E+00 1.287E-02
  2.601647E+00 1.546E-02
  2.604413E+00 1.896E-02
  2.607153E+00 2.389E-02
  2.609866E+00 3.113E-02
  2.612552E+00 4.242E-02
  2.615213E+00 6.147E-02
  2.617848E+00 9.730E-02
  2.620458E+00 1.760E-01
  2.623044E+00 3.900E-01
  2.625604E+00 9.749E-01
  2.628141E+00 8.520E-01
  2.630653E+00 3.197E-01
  2.633142E+00 1.424E-01
  2.635608E+00 7.690E-02
  2.638050E+00 4.709E-02
  2.640470E+00 3.136E-02
  2.642867E+00 2.214E-02
  2.645242E+00 1.632E-02
  2.647596E+00 1.243E-02
  2.649927E+00 9.716E-03
  2.652237E+00 7.754E-03
  2.654526E+00 6.294E-03
  2.656794E+00 5.183E-03
  2.659042E+00 4.320E-03
  2.661269E+00 3.639E-03
  2.663476E+00 3.093E-03
  2.665663E+00 2.651E-03
  2.667831E+00 2.289E-03
  2.669979E+00 1.990E-03
  2.672108E+00 1.740E-03
  2.676309E+00 1.354E-03
  2.680436E+00 1.077E-03
  2.684491E+00 8.739E-04
  2.688475E+00 7.245E-04
  2.692390E+00 6.141E-04
  2.696238E+00 5.327E-04
  2.701886E+00 4.507E-04
  2.707392E+00 4.035E-04
  2.712759E+00 3.815E-04
  2.719708E+00 3.807E-04
  2.726429E+00 4.045E-04
  2.734525E+00 4.608E-04
  2.743817E+00 5.612E-04
  2.752674E+00 6.957E-04
  2.761123E+00 8.686E-04
  2.769189E+00 1.094E-03
  2.775633E+00 1.347E-03
  2.780617E+00 1.633E-03
  2.784258E+00 1.953E-03
  2.786641E+00 2.277E-03
  2.787820E+00 2.506E-03
  2.788990E+00 2.817E-03
  2.790151E+00 3.270E-03
  2.791304E+00 4.009E-03
  2.792448E+00 5.453E-03
  2.793584E+00 9.386E-03
  2.794712E+00 3.529E-02
  2.795832E+00 4.668E-02
  2.796944E+00 2.442E-03
  2.798047E+00 8.239E-04
  2.799143E+00 7.551E-04
  2.800231E+00 8.833E-04
  2.803449E+00 1.327E-03
  2.814682E+00 2.647E-03
  2.819510E+00 3.353E-03
  2.823256E+00 4.070E-03
  2.826901E+00 5.020E-03
  2.829572E+00 5.982E-03
  2.832189E+00 7.299E-03
  2.833905E+00 8.489E-03
  2.835599E+00 1.007E-02
  2.837271E+00 1.227E-02
  2.838098E+00 1.372E-02
  2.838921E+00 1.550E-02
  2.839738E+00 1.773E-02
  2.840549E+00 2.058E-02
  2.841355E+00 2.432E-02
  2.842157E+00 2.937E-02
  2.842953E+00 3.643E-02
  2.843744E+00 4.672E-02
  2.844529E+00 6.246E-02
  2.845310E+00 8.792E-02
  2.846086E+00 1.313E-01
  2.846857E+00 2.060E-01
  2.847623E+00 3.101E-01
  2.848384E+00 3.521E-01
  2.849140E+00 2.630E-01
  2.849892E+00 1.618E-01
  2.850639E+00 1.000E-01
  2.851381E+00 6.571E-02
  2.852118E+00 4.600E-02
  2.852851E+00 3.403E-02
  2.853579E+00 2.638E-02
  2.854303E+00 2.126E-02
  2.855022E+00 1.772E-02
  2.855737E+00 1.521E-02
  2.856447E+00 1.338E-02
  2.857153E+00 1.204E-02
  2.857854E+00 1.104E-02
  2.859245E+00 9.757E-03
  2.860618E+00 9.080E-03
  2.862646E+00 8.751E-03
  2.864638E+00 8.948E-03
  2.867238E+00 9.790E-03
  2.869776E+00 1.122E-02
  2.872255E+00 1.333E-02
  2.874075E+00 1.549E-02
  2.875864E+00 1.838E-02
  2.877622E+00 2.232E-02
  2.879350E+00 2.791E-02
  2.880485E+00 3.307E-02
  2.881607E+00 4.002E-02
  2.882163E+00 4.444E-02
  2.882716E+00 4.974E-02
  2.883266E+00 5.615E-02
  2.883813E+00 6.403E-02
  2.884357E+00 7.389E-02
  2.884897E+00 8.647E-02
  2.885435E+00 1.029E-01
  2.885969E+00 1.250E-01
  2.886501E+00 1.558E-01
  2.887030E+00 2.005E-01
  2.887555E+00 2.693E-01
  2.888078E+00 3.832E-01
  2.888598E+00 5.912E-01
  2.889114E+00 1.025E+00
  2.889628E+00 2.084E+00
  2.890139E+00 4.411E+00
  2.890648E+00 4.158E+00
  2.891153E+00 1.820E+00
  2.891656E+00 8.430E-01
  2.892156E+00 4.570E-01
  2.892653E+00 2.779E-01
  2.893147E+00 1.829E-01
  2.893639E+00 1.274E-01
  2.894128E+00 9.244E-02
  2.894614E+00 6.923E-02
  2.895098E+00 5.313E-02
  2.895579E+00 4.157E-02
  2.896057E+00 3.304E-02
  2.896533E+00 2.660E-02
  2.897007E+00 2.164E-02
  2.897477E+00 1.776E-02
  2.897945E+00 1.468E-02
  2.898411E+00 1.220E-02
  2.898874E+00 1.020E-02
  2.899335E+00 8.560E-03
  2.899793E+00 7.211E-03
  2.900249E+00 6.094E-03
  2.900702E+00 5.164E-03
  2.901153E+00 4.387E-03
  2.901601E+00 3.737E-03
  2.902048E+00 3.191E-03
  2.902491E+00 2.734E-03
  2.902933E+00 2.350E-03
  2.903372E+00 2.030E-03
  2.903808E+00 1.763E-03
  2.904243E+00 1.543E-03
  2.904675E+00 1.363E-03
  2.905105E+00 1.218E-03
  2.905533E+00 1.104E-03
  2.905958E+00 1.017E-03
  2.906381E+00 9.537E-04
  2.906802E+00 9.127E-04
  2.907221E+00 8.914E-04
  2.908052E+00 9.018E-04
  2.908875E+00 9.758E-04
  2.909689E+00 1.109E-03
  2.910494E+00 1.305E-03
  2.911292E+00 1.573E-03
  2.911688E+00 1.744E-03
  2.912081E+00 1.949E-03
  2.912473E+00 2.201E-03
  2.912863E+00 2.525E-03
  2.913250E+00 2.968E-03
  2.913636E+00 3.641E-03
  2.914020E+00 4.836E-03
  2.914402E+00 7.656E-03
  2.914782E+00 2.020E-02
  2.915160E+00 4.168E+00
  2.915536E+00 9.710E-03
  2.915910E+00 2.860E-03
  2.916283E+00 2.105E-03
  2.916653E+00 2.079E-03
  2.917022E+00 2.218E-03
  2.918478E+00 3.056E-03
  2.920610E+00 4.487E-03
  2.922679E+00 6.186E-03
  2.924358E+00 7.929E-03
  2.925997E+00 1.012E-02
  2.927598E+00 1.300E-02
  2.928851E+00 1.607E-02
  2.929776E+00 1.909E-02
  2.930687E+00 2.306E-02
  2.931586E+00 2.861E-02
  2.932179E+00 3.387E-02
  2.932473E+00 3.734E-02
  2.932766E+00 4.179E-02
  2.933057E+00 4.808E-02
  2.933347E+00 5.894E-02
  2.933636E+00 8.783E-02
  2.933923E+00 9.689E-03
  2.934209E+00 3.373E-02
  2.934494E+00 4.718E-02
  2.935060E+00 6.920E-02
  2.935341E+00 8.191E-02
  2.935620E+00 9.730E-02
  2.935899E+00 1.167E-01
  2.936176E+00 1.420E-01
  2.936452E+00 1.762E-01
  2.936726E+00 2.241E-01
  2.937000E+00 2.939E-01
  2.937272E+00 4.007E-01
  2.937543E+00 5.727E-01
  2.937813E+00 8.630E-01
  2.938081E+00 1.355E+00
  2.938348E+00 2.047E+00
  2.938614E+00 2.417E+00
  2.938879E+00 1.941E+00
  2.939143E+00 1.261E+00
  2.939406E+00 8.045E-01
  2.939667E+00 5.378E-01
  2.939927E+00 3.800E-01
  2.940186E+00 2.820E-01
  2.940444E+00 2.181E-01
  2.940701E+00 1.745E-01
  2.940957E+00 1.438E-01
  2.941211E+00 1.214E-01
  2.941465E+00 1.047E-01
  2.941717E+00 9.206E-02
  2.941968E+00 8.227E-02
  2.942218E+00 7.462E-02
  2.942715E+00 6.380E-02
  2.943208E+00 5.697E-02
  2.943939E+00 5.130E-02
  2.944660E+00 4.910E-02
  2.945608E+00 4.969E-02
  2.946539E+00 5.337E-02
  2.947454E+00 5.998E-02
  2.948355E+00 7.001E-02
  2.949240E+00 8.472E-02
  2.949894E+00 1.003E-01
  2.950540E+00 1.216E-01
  2.951178E+00 1.521E-01
  2.951599E+00 1.803E-01
  2.952016E+00 2.182E-01
  2.952224E+00 2.423E-01
  2.952430E+00 2.710E-01
  2.952636E+00 3.057E-01
  2.952841E+00 3.481E-01
  2.953045E+00 4.007E-01
  2.953248E+00 4.674E-01
  2.953450E+00 5.534E-01
  2.953652E+00 6.676E-01
  2.953853E+00 8.235E-01
  2.954053E+00 1.045E+00
  2.954252E+00 1.374E+00
  2.954450E+00 1.894E+00
  2.954648E+00 2.780E+00
  2.954844E+00 4.451E+00
  2.955040E+00 7.994E+00
  2.955430E+00 2.355E+01
  2.955816E+00 7.406E+00
  2.956008E+00 3.910E+00
  2.956199E+00 2.316E+00
  2.956390E+00 1.497E+00
  2.956579E+00 1.032E+00
  2.956768E+00 7.448E-01
  2.956956E+00 5.572E-01
  2.957144E+00 4.286E-01
  2.957331E+00 3.370E-01
  2.957517E+00 2.697E-01
  2.957702E+00 2.190E-01
  2.957886E+00 1.800E-01
  2.958070E+00 1.494E-01
  2.958253E+00 1.251E-01
  2.958435E+00 1.055E-01
  2.958617E+00 8.947E-02
  2.958798E+00 7.626E-02
  2.958978E+00 6.527E-02
  2.959158E+00 5.606E-02
  2.959336E+00 4.827E-02
  2.959514E+00 4.166E-02
  2.959692E+00 3.601E-02
  2.959868E+00 3.116E-02
  2.960044E+00 2.697E-02
  2.960394E+00 2.021E-02
  2.960568E+00 1.747E-02
  2.960914E+00 1.300E-02
  2.961257E+00 9.569E-03
  2.961428E+00 8.167E-03
  2.961598E+00 6.940E-03
  2.961767E+00 5.867E-03
  2.961936E+00 4.930E-03
  2.962104E+00 4.114E-03
  2.962271E+00 3.405E-03
  2.962438E+00 2.794E-03
  2.962604E+00 2.269E-03
  2.962769E+00 1.824E-03
  2.962934E+00 1.450E-03
  2.963098E+00 1.143E-03
  2.963262E+00 8.982E-04
  2.963425E+00 7.163E-04
  2.963587E+00 6.046E-04
  2.963749E+00 5.969E-04
  2.963910E+00 8.555E-04
  2.964071E+00 2.900E-03
  2.964231E+00 5.667E-01
  2.964390E+00 3.165E-03
  2.964548E+00 1.298E-03
  2.964707E+00 9.870E-04
  2.964864E+00 9.570E-04
  2.965021E+00 1.032E-03
  2.965177E+00 1.163E-03
  2.965333E+00 1.334E-03
  2.965643E+00 1.764E-03
  2.965950E+00 2.288E-03
  2.966407E+00 3.220E-03
  2.967008E+00 4.688E-03
  2.967894E+00 7.257E-03
  2.969186E+00 1.120E-02
  2.969747E+00 1.228E-02
  2.970024E+00 1.261E-02
  2.970162E+00 1.302E-02
  2.970300E+00 1.424E-02
  2.970437E+00 1.832E-02
  2.970573E+00 3.377E-02
  2.970709E+00 1.158E-01
  2.970845E+00 1.431E+00
  2.970980E+00 1.283E+00
  2.971114E+00 3.087E-01
  2.971248E+00 1.725E-01
  2.971382E+00 1.274E-01
  2.971515E+00 1.069E-01
  2.971648E+00 9.626E-02
  2.971780E+00 9.044E-02
  2.972043E+00 8.604E-02
  2.972434E+00 8.823E-02
  2.972821E+00 9.633E-02
  2.973203E+00 1.094E-01
  2.973582E+00 1.281E-01
  2.973957E+00 1.549E-01
  2.974205E+00 1.793E-01
  2.974451E+00 2.116E-01
  2.974695E+00 2.554E-01
  2.974817E+00 2.835E-01
  2.974938E+00 3.172E-01
  2.975059E+00 3.582E-01
  2.975179E+00 4.088E-01
  2.975299E+00 4.723E-01
  2.975418E+00 5.534E-01
  2.975537E+00 6.594E-01
  2.975656E+00 8.014E-01
  2.975774E+00 9.976E-01
  2.975892E+00 1.278E+00
  2.976009E+00 1.697E+00
  2.976126E+00 2.352E+00
  2.976243E+00 3.425E+00
  2.976359E+00 5.232E+00
  2.976591E+00 1.087E+01
  2.976706E+00 1.049E+01
  2.976820E+00 7.452E+00
  2.976935E+00 4.811E+00
  2.977049E+00 3.175E+00
  2.977162E+00 2.206E+00
  2.977275E+00 1.613E+00
  2.977388E+00 1.233E+00
  2.977500E+00 9.779E-01
  2.977612E+00 8.006E-01
  2.977724E+00 6.732E-01
  2.977835E+00 5.792E-01
  2.977946E+00 5.085E-01
  2.978057E+00 4.544E-01
  2.978167E+00 4.125E-01
  2.978386E+00 3.540E-01
  2.978604E+00 3.180E-01
  2.978928E+00 2.895E-01
  2.979248E+00 2.806E-01
  2.979671E+00 2.893E-01
  2.980088E+00 3.172E-01
  2.980500E+00 3.649E-01
  2.980907E+00 4.380E-01
  2.981208E+00 5.166E-01
  2.981507E+00 6.256E-01
  2.981802E+00 7.818E-01
  2.981998E+00 9.266E-01
  2.982192E+00 1.122E+00
  2.982289E+00 1.246E+00
  2.982385E+00 1.394E+00
  2.982481E+00 1.573E+00
  2.982577E+00 1.791E+00
  2.982672E+00 2.063E+00
  2.982767E+00 2.407E+00
  2.982862E+00 2.852E+00
  2.982957E+00 3.443E+00
  2.983051E+00 4.251E+00
  2.983145E+00 5.399E+00
  2.983239E+00 7.110E+00
  2.983332E+00 9.819E+00
  2.983425E+00 1.446E+01
  2.983518E+00 2.326E+01
  2.983610E+00 4.205E+01
  2.983702E+00 8.324E+01
  2.983794E+00 1.212E+02
  2.983886E+00 7.620E+01
  2.983977E+00 3.657E+01
  2.984068E+00 1.933E+01
  2.984159E+00 1.147E+01
  2.984249E+00 7.415E+00
  2.984340E+00 5.105E+00
  2.984429E+00 3.680E+00
  2.984519E+00 2.748E+00
  2.984608E+00 2.107E+00
  2.984697E+00 1.651E+00
  2.984786E+00 1.316E+00
  2.984875E+00 1.064E+00
  2.984963E+00 8.693E-01
  2.985051E+00 7.170E-01
  2.985139E+00 5.958E-01
  2.985226E+00 4.981E-01
  2.985313E+00 4.183E-01
  2.985400E+00 3.525E-01
  2.985487E+00 2.977E-01
  2.985573E+00 2.518E-01
  2.985659E+00 2.130E-01
  2.985745E+00 1.799E-01
  2.985830E+00 1.515E-01
  2.985916E+00 1.270E-01
  2.986001E+00 1.056E-01
  2.986086E+00 8.676E-02
  2.986170E+00 6.992E-02
  2.986422E+00 2.447E-02
  2.986506E+00 7.069E-03
  2.986589E+00 4.994E-02
  2.986672E+00 2.628E-01
  2.986755E+00 7.808E-02
  2.986837E+00 4.680E-02
  2.986919E+00 3.253E-02
  2.987001E+00 2.374E-02
  2.987083E+00 1.757E-02
  2.987164E+00 1.298E-02
  2.987246E+00 9.466E-03
  2.987327E+00 6.757E-03
  2.987407E+00 4.691E-03
  2.987488E+00 3.156E-03
  2.987568E+00 2.076E-03
  2.987648E+00 1.392E-03
  2.987728E+00 1.060E-03
  2.987808E+00 1.043E-03
  2.987887E+00 1.314E-03
  2.987966E+00 1.849E-03
  2.988045E+00 2.627E-03
  2.988123E+00 3.632E-03
  2.988202E+00 4.849E-03
  2.988280E+00 6.267E-03
  2.988358E+00 7.874E-03
  2.988436E+00 9.662E-03
  2.988590E+00 1.375E-02
  2.988821E+00 2.113E-02
  2.988973E+00 2.696E-02
  2.989124E+00 3.414E-02
  2.989200E+00 3.972E-02
  2.989275E+00 7.846E-02
  2.989350E+00 3.340E-02
  2.989425E+00 4.061E-02
  2.989795E+00 6.160E-02
  2.989942E+00 7.216E-02
  2.990015E+00 7.963E-02
  2.990088E+00 9.040E-02
  2.990160E+00 1.077E-01
  2.990233E+00 1.389E-01
  2.990305E+00 2.023E-01
  2.990377E+00 3.510E-01
  2.990449E+00 7.836E-01
  2.990520E+00 2.667E+00
  2.990592E+00 2.731E+01
  2.990663E+00 2.183E+01
  2.990734E+00 4.595E+00
  2.990804E+00 2.283E+00
  2.990875E+00 1.539E+00
  2.990945E+00 1.206E+00
  2.991015E+00 1.030E+00
  2.991085E+00 9.292E-01
  2.991155E+00 8.702E-01
  2.991225E+00 8.366E-01
  2.991363E+00 8.158E-01
  2.991569E+00 8.534E-01
  2.991774E+00 9.480E-01
  2.991977E+00 1.097E+00
  2.992178E+00 1.315E+00
  2.992377E+00 1.633E+00
  2.992509E+00 1.928E+00
  2.992640E+00 2.326E+00
  2.992771E+00 2.877E+00
  2.992836E+00 3.237E+00
  2.992900E+00 3.674E+00
  2.992965E+00 4.214E+00
  2.993029E+00 4.889E+00
  2.993094E+00 5.750E+00
  2.993158E+00 6.871E+00
  2.993222E+00 8.365E+00
  2.993285E+00 1.041E+01
  2.993349E+00 1.332E+01
  2.993412E+00 1.759E+01
  2.993475E+00 2.417E+01
  2.993538E+00 3.476E+01
  2.993601E+00 5.243E+01
  2.993664E+00 8.112E+01
  2.993726E+00 1.173E+02
  2.993789E+00 1.309E+02
  2.993851E+00 1.045E+02
  2.993913E+00 7.046E+01
  2.993975E+00 4.692E+01
  2.994036E+00 3.259E+01
  2.994098E+00 2.380E+01
  2.994159E+00 1.819E+01
  2.994220E+00 1.446E+01
  2.994281E+00 1.187E+01
  2.994342E+00 1.003E+01
  2.994402E+00 8.677E+00
  2.994463E+00 7.666E+00
  2.994523E+00 6.899E+00
  2.994583E+00 6.310E+00
  2.994703E+00 5.505E+00
  2.994822E+00 5.034E+00
  2.995000E+00 4.719E+00
  2.995176E+00 4.722E+00
  2.995350E+00 4.969E+00
  2.995581E+00 5.647E+00
  2.995752E+00 6.449E+00
  2.995922E+00 7.568E+00
  2.996091E+00 9.113E+00
  2.996258E+00 1.127E+01
  2.996369E+00 1.318E+01
  2.996479E+00 1.563E+01
  2.996589E+00 1.882E+01
  2.996698E+00 2.307E+01
  2.996806E+00 2.888E+01
  2.996860E+00 3.260E+01
  2.996914E+00 3.706E+01
  2.996968E+00 4.246E+01
  2.997021E+00 4.908E+01
  2.997075E+00 5.731E+01
  2.997128E+00 6.768E+01
  2.997181E+00 8.102E+01
  2.997234E+00 9.853E+01
  2.997287E+00 1.221E+02
  2.997340E+00 1.549E+02
  2.997393E+00 2.021E+02
  2.997445E+00 2.735E+02
  2.997498E+00 3.879E+02
  2.997550E+00 5.861E+02
  2.997602E+00 9.646E+02
  2.997654E+00 1.773E+03
  2.997757E+00 5.309E+03
  2.997809E+00 3.627E+03
  2.997860E+00 1.852E+03
  2.997911E+00 1.024E+03
  2.997963E+00 6.321E+02
  2.998014E+00 4.254E+02
  2.998065E+00 3.049E+02
  2.998115E+00 2.291E+02
  2.998166E+00 1.784E+02
  2.998216E+00 1.430E+02
  2.998267E+00 1.172E+02
  2.998317E+00 9.790E+01
  2.998367E+00 8.303E+01
  2.998417E+00 7.132E+01
  2.998467E+00 6.193E+01
  2.998517E+00 5.427E+01
  2.998566E+00 4.793E+01
  2.998665E+00 3.805E+01
  2.998763E+00 3.065E+01
  2.998958E+00 1.909E+01
  2.999007E+00 1.581E+01
  2.999055E+00 1.108E+01
  2.999103E+00 1.449E+00
  2.999151E+00 1.063E+02
  2.999199E+00 3.346E+01
  2.999247E+00 2.499E+01
  2.999295E+00 2.134E+01
  2.999343E+00 1.910E+01
  2.999390E+00 1.748E+01
  2.999485E+00 1.518E+01
  2.999626E+00 1.283E+01
  2.999812E+00 1.070E+01
  3.000043E+00 8.876E+00
  3.000315E+00 7.416E+00
  3.000540E+00 6.674E+00
  3.000673E+00 6.608E+00
  3.000717E+00 6.800E+00
  3.000761E+00 7.407E+00
  3.000805E+00 1.039E+01
  3.000849E+00 4.045E-02
  3.000893E+00 3.171E+00
  3.000936E+00 3.960E+00
  3.000980E+00 4.287E+00
  3.001110E+00 4.892E+00
  3.001153E+00 5.203E+00
  3.001196E+00 5.680E+00
  3.001239E+00 6.444E+00
  3.001282E+00 7.726E+00
  3.001324E+00 9.992E+00
  3.001367E+00 1.433E+01
  3.001409E+00 2.368E+01
  3.001452E+00 4.831E+01
  3.001494E+00 1.438E+02
  3.001536E+00 1.178E+03
  3.001578E+00 1.053E+03
  3.001620E+00 1.863E+02
  3.001662E+00 8.079E+01
  3.001704E+00 4.838E+01
  3.001746E+00 3.406E+01
  3.001787E+00 2.639E+01
  3.001829E+00 2.176E+01
  3.001870E+00 1.873E+01
  3.001911E+00 1.664E+01
  3.001952E+00 1.513E+01
  3.002035E+00 1.315E+01
  3.002116E+00 1.199E+01
  3.002238E+00 1.107E+01
  3.002399E+00 1.077E+01
  3.002558E+00 1.125E+01
  3.002677E+00 1.217E+01
  3.002795E+00 1.378E+01
  3.002873E+00 1.545E+01
  3.002950E+00 1.788E+01
  3.002989E+00 1.950E+01
  3.003028E+00 2.151E+01
  3.003066E+00 2.404E+01
  3.003105E+00 2.727E+01
  3.003143E+00 3.147E+01
  3.003181E+00 3.707E+01
  3.003220E+00 4.476E+01
  3.003258E+00 5.566E+01
  3.003296E+00 7.175E+01
  3.003333E+00 9.652E+01
  3.003371E+00 1.363E+02
  3.003409E+00 2.008E+02
  3.003447E+00 2.946E+02
  3.003484E+00 3.723E+02
  3.003522E+00 3.390E+02
  3.003559E+00 2.342E+02
  3.003596E+00 1.491E+02
  3.003633E+00 9.701E+01
  3.003671E+00 6.631E+01
  3.003708E+00 4.759E+01
  3.003745E+00 3.565E+01
  3.003781E+00 2.769E+01
  3.003818E+00 2.217E+01
  3.003855E+00 1.823E+01
  3.003891E+00 1.532E+01
  3.003928E+00 1.314E+01
  3.003964E+00 1.146E+01
  3.004001E+00 1.016E+01
  3.004037E+00 9.122E+00
  3.004109E+00 7.625E+00
  3.004181E+00 6.634E+00
  3.004288E+00 5.714E+00
  3.004395E+00 5.205E+00
  3.004536E+00 4.906E+00
  3.004710E+00 4.933E+00
  3.004883E+00 5.325E+00
  3.005019E+00 5.940E+00
  3.005155E+00 6.945E+00
  3.005255E+00 8.107E+00
  3.005322E+00 9.189E+00
  3.005388E+00 1.065E+01
  3.005455E+00 1.268E+01
  3.005488E+00 1.401E+01
  3.005520E+00 1.564E+01
  3.005553E+00 1.766E+01
  3.005586E+00 2.021E+01
  3.005619E+00 2.351E+01
  3.005651E+00 2.788E+01
  3.005684E+00 3.387E+01
  3.005716E+00 4.239E+01
  3.005749E+00 5.512E+01
  3.005781E+00 7.539E+01
  3.005813E+00 1.103E+02
  3.005845E+00 1.769E+02
  3.005878E+00 3.162E+02
  3.005910E+00 5.761E+02
  3.005942E+00 6.485E+02
  3.005973E+00 3.610E+02
  3.006005E+00 1.774E+02
  3.006037E+00 9.622E+01
  3.006069E+00 5.773E+01
  3.006100E+00 3.738E+01
  3.006132E+00 2.559E+01
  3.006163E+00 1.828E+01
  3.006195E+00 1.348E+01
  3.006226E+00 1.019E+01
  3.006257E+00 7.860E+00
  3.006288E+00 6.161E+00
  3.006320E+00 4.892E+00
  3.006351E+00 3.926E+00
  3.006382E+00 3.178E+00
  3.006413E+00 2.591E+00
  3.006443E+00 2.123E+00
  3.006474E+00 1.747E+00
  3.006505E+00 1.441E+00
  3.006536E+00 1.189E+00
  3.006566E+00 9.808E-01
  3.006597E+00 8.054E-01
  3.006627E+00 6.550E-01
  3.006688E+00 3.899E-01
  3.006718E+00 2.146E-01
  3.006748E+00 5.171E+00
  3.006778E+00 4.914E-01
  3.006808E+00 3.346E-01
  3.006838E+00 2.571E-01
  3.006868E+00 2.038E-01
  3.006898E+00 1.631E-01
  3.006928E+00 1.307E-01
  3.006958E+00 1.043E-01
  3.006987E+00 8.260E-02
  3.007017E+00 6.473E-02
  3.007047E+00 5.001E-02
  3.007076E+00 3.796E-02
  3.007105E+00 2.815E-02
  3.007135E+00 2.027E-02
  3.007164E+00 1.405E-02
  3.007193E+00 9.257E-03
  3.007222E+00 5.706E-03
  3.007252E+00 3.235E-03
  3.007281E+00 1.706E-03
  3.007310E+00 1.000E-03
  3.007339E+00 1.017E-03
  3.007367E+00 1.669E-03
  3.007396E+00 2.881E-03
  3.007425E+00 4.589E-03
  3.007454E+00 6.740E-03
  3.007482E+00 9.288E-03
  3.007511E+00 1.220E-02
  3.007568E+00 1.901E-02
  3.007624E+00 2.708E-02
  3.007681E+00 3.666E-02
  3.007709E+00 4.226E-02
  3.007737E+00 4.881E-02
  3.007765E+00 5.712E-02
  3.007793E+00 6.977E-02
  3.007821E+00 1.019E-01
  3.007849E+00 1.727E+00
  3.007876E+00 3.442E-02
  3.007904E+00 5.470E-02
  3.007987E+00 9.427E-02
  3.008014E+00 1.113E-01
  3.008042E+00 1.339E-01
  3.008069E+00 1.665E-01
  3.008097E+00 2.167E-01
  3.008124E+00 3.004E-01
  3.008151E+00 4.538E-01
  3.008178E+00 7.731E-01
  3.008205E+00 1.579E+00
  3.008232E+00 4.458E+00
  3.008259E+00 2.846E+01
  3.008286E+00 6.805E+01
  3.008313E+00 9.292E+00
  3.008340E+00 3.767E+00
  3.008367E+00 2.214E+00
  3.008393E+00 1.558E+00
  3.008420E+00 1.219E+00
  3.008446E+00 1.020E+00
  3.008473E+00 8.948E-01
  3.008499E+00 8.117E-01
  3.008526E+00 7.550E-01
  3.008579E+00 6.892E-01
  3.008657E+00 6.554E-01
  3.008735E+00 6.646E-01
  3.008839E+00 7.229E-01
  3.008941E+00 8.346E-01
  3.009018E+00 9.670E-01
  3.009093E+00 1.166E+00
  3.009144E+00 1.359E+00
  3.009194E+00 1.629E+00
  3.009219E+00 1.807E+00
  3.009244E+00 2.025E+00
  3.009269E+00 2.296E+00
  3.009294E+00 2.639E+00
  3.009318E+00 3.083E+00
  3.009343E+00 3.671E+00
  3.009368E+00 4.470E+00
  3.009392E+00 5.594E+00
  3.009417E+00 7.236E+00
  3.009442E+00 9.742E+00
  3.009466E+00 1.374E+01
  3.009490E+00 2.034E+01
  3.009515E+00 3.082E+01
  3.009539E+00 4.325E+01
  3.009563E+00 4.621E+01
  3.009588E+00 3.534E+01
  3.009612E+00 2.312E+01
  3.009636E+00 1.505E+01
  3.009660E+00 1.023E+01
  3.009684E+00 7.321E+00
  3.009708E+00 5.482E+00
  3.009732E+00 4.267E+00
  3.009756E+00 3.431E+00
  3.009780E+00 2.836E+00
  3.009804E+00 2.401E+00
  3.009827E+00 2.075E+00
  3.009851E+00 1.826E+00
  3.009875E+00 1.632E+00
  3.009898E+00 1.480E+00
  3.009946E+00 1.262E+00
  3.009992E+00 1.120E+00
  3.010062E+00 9.953E-01
  3.010132E+00 9.353E-01
  3.010224E+00 9.182E-01
  3.010338E+00 9.695E-01
  3.010429E+00 1.064E+00
  3.010519E+00 1.216E+00
  3.010608E+00 1.450E+00
  3.010674E+00 1.711E+00
  3.010740E+00 2.094E+00
  3.010784E+00 2.457E+00
  3.010828E+00 2.958E+00
  3.010871E+00 3.682E+00
  3.010893E+00 4.173E+00
  3.010914E+00 4.789E+00
  3.010936E+00 5.580E+00
  3.010957E+00 6.620E+00
  3.010979E+00 8.030E+00
  3.011000E+00 1.001E+01
  3.011022E+00 1.292E+01
  3.011043E+00 1.746E+01
  3.011065E+00 2.506E+01
  3.011086E+00 3.904E+01
  3.011107E+00 6.751E+01
  3.011128E+00 1.259E+02
  3.011149E+00 1.816E+02
  3.011171E+00 1.237E+02
  3.011192E+00 6.125E+01
  3.011213E+00 3.228E+01
  3.011234E+00 1.891E+01
  3.011255E+00 1.205E+01
  3.011276E+00 8.164E+00
  3.011296E+00 5.794E+00
  3.011317E+00 4.258E+00
  3.011338E+00 3.216E+00
  3.011359E+00 2.482E+00
  3.011380E+00 1.949E+00
  3.011400E+00 1.551E+00
  3.011421E+00 1.249E+00
  3.011441E+00 1.016E+00
  3.011462E+00 8.320E-01
  3.011483E+00 6.856E-01
  3.011503E+00 5.676E-01
  3.011523E+00 4.715E-01
  3.011544E+00 3.924E-01
  3.011564E+00 3.267E-01
  3.011585E+00 2.714E-01
  3.011605E+00 2.241E-01
  3.011645E+00 1.410E-01
  3.011666E+00 8.058E-02
  3.011686E+00 2.793E-01
  3.011706E+00 1.332E-01
  3.011726E+00 1.011E-01
  3.011746E+00 8.101E-02
  3.011766E+00 6.583E-02
  3.011786E+00 5.365E-02
  3.011806E+00 4.363E-02
  3.011826E+00 3.530E-02
  3.011845E+00 2.834E-02
  3.011865E+00 2.252E-02
  3.011885E+00 1.768E-02
  3.011905E+00 1.366E-02
  3.011924E+00 1.035E-02
  3.011944E+00 7.669E-03
  3.011964E+00 5.528E-03
  3.011983E+00 3.861E-03
  3.012003E+00 2.612E-03
  3.012022E+00 1.730E-03
  3.012042E+00 1.175E-03
  3.012061E+00 9.085E-04
  3.012081E+00 9.004E-04
  3.012100E+00 1.123E-03
  3.012119E+00 1.554E-03
  3.012138E+00 2.173E-03
  3.012158E+00 2.964E-03
  3.012177E+00 3.913E-03
  3.012196E+00 5.011E-03
  3.012215E+00 6.250E-03
  3.012253E+00 9.146E-03
  3.012291E+00 1.265E-02
  3.012329E+00 1.699E-02
  3.012348E+00 1.970E-02
  3.012367E+00 2.313E-02
  3.012386E+00 2.823E-02
  3.012405E+00 4.000E-02
  3.012423E+00 2.450E+00
  3.012442E+00 1.488E-02
  3.012461E+00 2.431E-02
  3.012498E+00 3.728E-02
  3.012517E+00 4.483E-02
  3.012535E+00 5.458E-02
  3.012554E+00 6.811E-02
  3.012572E+00 8.826E-02
  3.012591E+00 1.205E-01
  3.012609E+00 1.768E-01
  3.012628E+00 2.864E-01
  3.012646E+00 5.369E-01
  3.012664E+00 1.284E+00
  3.012682E+00 5.196E+00
  3.012701E+00 7.110E+01
  3.012719E+00 7.503E+00
  3.012737E+00 2.256E+00
  3.012755E+00 1.169E+00
  3.012773E+00 7.676E-01
  3.012791E+00 5.739E-01
  3.012809E+00 4.657E-01
  3.012827E+00 3.993E-01
  3.012845E+00 3.562E-01
  3.012863E+00 3.271E-01
  3.012899E+00 2.934E-01
  3.012935E+00 2.783E-01
  3.012988E+00 2.747E-01
  3.013059E+00 2.920E-01
  3.013129E+00 3.306E-01
  3.013181E+00 3.766E-01
  3.013233E+00 4.440E-01
  3.013267E+00 5.068E-01
  3.013302E+00 5.915E-01
  3.013336E+00 7.094E-01
  3.013353E+00 7.866E-01
  3.013370E+00 8.809E-01
  3.013387E+00 9.977E-01
  3.013404E+00 1.145E+00
  3.013421E+00 1.334E+00
  3.013438E+00 1.582E+00
  3.013455E+00 1.918E+00
  3.013471E+00 2.385E+00
  3.013488E+00 3.060E+00
  3.013505E+00 4.077E+00
  3.013522E+00 5.685E+00
  3.013539E+00 8.327E+00
  3.013555E+00 1.266E+01
  3.013572E+00 1.865E+01
  3.013589E+00 2.227E+01
  3.013605E+00 1.873E+01
  3.013622E+00 1.260E+01
  3.013638E+00 8.150E+00
  3.013655E+00 5.467E+00
  3.013671E+00 3.861E+00
  3.013688E+00 2.860E+00
  3.013704E+00 2.207E+00
  3.013721E+00 1.764E+00
  3.013737E+00 1.451E+00
  3.013753E+00 1.224E+00
  3.013770E+00 1.055E+00
  3.013786E+00 9.261E-01
  3.013802E+00 8.268E-01
  3.013818E+00 7.490E-01
  3.013851E+00 6.382E-01
  3.013883E+00 5.671E-01
  3.013931E+00 5.052E-01
  3.013979E+00 4.764E-01
  3.014043E+00 4.704E-01
  3.014122E+00 5.005E-01
  3.014200E+00 5.701E-01
  3.014262E+00 6.621E-01
  3.014323E+00 8.035E-01
  3.014369E+00 9.621E-01
  3.014400E+00 1.107E+00
  3.014430E+00 1.301E+00
  3.014460E+00 1.567E+00
  3.014475E+00 1.740E+00
  3.014490E+00 1.950E+00
  3.014505E+00 2.208E+00
  3.014520E+00 2.532E+00
  3.014535E+00 2.945E+00
  3.014550E+00 3.485E+00
  3.014565E+00 4.213E+00
  3.014580E+00 5.226E+00
  3.014595E+00 6.702E+00
  3.014610E+00 8.968E+00
  3.014625E+00 1.270E+01
  3.014639E+00 1.941E+01
  3.014654E+00 3.279E+01
  3.014669E+00 6.078E+01
  3.014684E+00 9.782E+01
  3.014698E+00 7.830E+01
  3.014713E+00 3.970E+01
  3.014728E+00 2.053E+01
  3.014742E+00 1.180E+01
  3.014757E+00 7.413E+00
  3.014772E+00 4.974E+00
  3.014786E+00 3.506E+00
  3.014801E+00 2.564E+00
  3.014815E+00 1.930E+00
  3.014830E+00 1.486E+00
  3.014844E+00 1.165E+00
  3.014859E+00 9.265E-01
  3.014873E+00 7.460E-01
  3.014887E+00 6.066E-01
  3.014902E+00 4.973E-01
  3.014916E+00 4.103E-01
  3.014930E+00 3.403E-01
  3.014945E+00 2.833E-01
  3.014959E+00 2.365E-01
  3.014973E+00 1.977E-01
  3.014987E+00 1.651E-01
  3.015016E+00 1.132E-01
  3.015030E+00 9.015E-02
  3.015044E+00 5.679E-02
  3.015058E+00 1.164E-01
  3.015072E+00 7.258E-02
  3.015086E+00 5.742E-02
  3.015100E+00 4.685E-02
  3.015114E+00 3.849E-02
  3.015128E+00 3.163E-02
  3.015142E+00 2.590E-02
  3.015156E+00 2.109E-02
  3.015170E+00 1.704E-02
  3.015184E+00 1.364E-02
  3.015198E+00 1.079E-02
  3.015212E+00 8.424E-03
  3.015225E+00 6.470E-03
  3.015239E+00 4.879E-03
  3.015253E+00 3.606E-03
  3.015267E+00 2.612E-03
  3.015280E+00 1.867E-03
  3.015294E+00 1.340E-03
  3.015308E+00 1.010E-03
  3.015321E+00 8.534E-04
  3.015335E+00 8.539E-04
  3.015349E+00 9.957E-04
  3.015362E+00 1.266E-03
  3.015376E+00 1.653E-03
  3.015389E+00 2.148E-03
  3.015403E+00 2.743E-03
  3.015430E+00 4.218E-03
  3.015457E+00 6.062E-03
  3.015484E+00 8.317E-03
  3.015510E+00 1.114E-02
  3.015524E+00 1.292E-02
  3.015537E+00 1.515E-02
  3.015550E+00 1.840E-02
  3.015563E+00 2.552E-02
  3.015577E+00 3.877E-01
  3.015590E+00 1.066E-02
  3.015603E+00 1.718E-02
  3.015629E+00 2.673E-02
  3.015642E+00 3.261E-02
  3.015656E+00 4.041E-02
  3.015669E+00 5.152E-02
  3.015682E+00 6.849E-02
  3.015695E+00 9.643E-02
  3.015708E+00 1.469E-01
  3.015721E+00 2.506E-01
  3.015734E+00 5.086E-01
  3.015747E+00 1.420E+00
  3.015760E+00 8.943E+00
  3.015773E+00 1.997E+01
  3.015785E+00 2.736E+00
  3.015798E+00 1.093E+00
  3.015811E+00 6.320E-01
  3.015824E+00 4.383E-01
  3.015837E+00 3.384E-01
  3.015850E+00 2.801E-01
  3.015862E+00 2.435E-01
  3.015875E+00 2.192E-01
  3.015900E+00 1.913E-01
  3.015926E+00 1.782E-01
  3.015964E+00 1.728E-01
  3.016001E+00 1.776E-01
  3.016051E+00 1.959E-01
  3.016101E+00 2.285E-01
  3.016138E+00 2.662E-01
  3.016163E+00 3.009E-01
  3.016187E+00 3.468E-01
  3.016211E+00 4.094E-01
  3.016224E+00 4.496E-01
  3.016236E+00 4.978E-01
  3.016248E+00 5.565E-01
  3.016260E+00 6.290E-01
  3.016272E+00 7.199E-01
  3.016284E+00 8.361E-01
  3.016296E+00 9.881E-01
  3.016308E+00 1.192E+00
  3.016320E+00 1.473E+00
  3.016332E+00 1.877E+00
  3.016344E+00 2.479E+00
  3.016356E+00 3.420E+00
  3.016368E+00 4.957E+00
  3.016380E+00 7.509E+00
  3.016392E+00 1.132E+01
  3.016404E+00 1.461E+01
  3.016416E+00 1.342E+01
  3.016428E+00 9.345E+00
  3.016440E+00 6.034E+00
  3.016451E+00 4.001E+00
  3.016463E+00 2.791E+00
  3.016475E+00 2.046E+00
  3.016487E+00 1.566E+00
  3.016498E+00 1.243E+00
  3.016510E+00 1.017E+00
  3.016522E+00 8.543E-01
  3.016534E+00 7.337E-01
  3.016545E+00 6.425E-01
  3.016557E+00 5.723E-01
  3.016580E+00 4.742E-01
  3.016603E+00 4.122E-01
  3.016626E+00 3.724E-01
  3.016661E+00 3.385E-01
  3.016707E+00 3.228E-01
  3.016752E+00 3.289E-01
  3.016809E+00 3.609E-01
  3.016865E+00 4.224E-01
  3.016909E+00 5.018E-01
  3.016942E+00 5.888E-01
  3.016975E+00 7.135E-01
  3.016997E+00 8.292E-01
  3.017019E+00 9.853E-01
  3.017041E+00 1.204E+00
  3.017052E+00 1.348E+00
  3.017063E+00 1.525E+00
  3.017074E+00 1.746E+00
  3.017084E+00 2.027E+00
  3.017095E+00 2.393E+00
  3.017106E+00 2.885E+00
  3.017117E+00 3.565E+00
  3.017128E+00 4.548E+00
  3.017138E+00 6.045E+00
  3.017149E+00 8.480E+00
  3.017160E+00 1.279E+01
  3.017170E+00 2.124E+01
  3.017181E+00 3.898E+01
  3.017192E+00 6.637E+01
  3.017202E+00 6.019E+01
  3.017213E+00 3.148E+01
  3.017224E+00 1.608E+01
  3.017234E+00 9.106E+00
  3.017245E+00 5.656E+00
  3.017255E+00 3.765E+00
  3.017266E+00 2.637E+00
  3.017276E+00 1.920E+00
  3.017287E+00 1.441E+00
  3.017297E+00 1.107E+00
  3.017308E+00 8.660E-01
  3.017318E+00 6.882E-01
  3.017329E+00 5.537E-01
  3.017339E+00 4.500E-01
  3.017350E+00 3.688E-01
  3.017360E+00 3.044E-01
  3.017370E+00 2.526E-01
  3.017391E+00 1.760E-01
  3.017412E+00 1.235E-01
  3.017422E+00 1.033E-01
  3.017432E+00 8.585E-02
  3.017443E+00 6.976E-02
  3.017453E+00 4.820E-02
  3.017453E+00 0.000E+00
  3.020984E+00 0.000E+00
  3.020984E+00 3.716E+00
  3.024314E+00 3.057E+00
  3.027614E+00 2.290E+00
  3.027624E+00 2.339E+00
  3.031742E+00 1.766E+00
  3.035814E+00 1.385E+00
  3.039841E+00 1.118E+00
  3.043824E+00 9.235E-01
  3.047763E+00 7.779E-01
  3.051659E+00 6.658E-01
  3.055513E+00 5.775E-01
  3.059325E+00 5.068E-01
  3.063096E+00 4.491E-01
  3.070517E+00 3.615E-01
  3.077780E+00 2.988E-01
  3.084890E+00 2.523E-01
  3.095276E+00 2.019E-01
  3.105341E+00 1.665E-01
  3.118284E+00 1.333E-01
  3.130708E+00 1.102E-01
  3.145551E+00 8.994E-02
  3.162417E+00 7.325E-02
  3.180890E+00 6.004E-02
  3.202906E+00 4.878E-02
  3.227445E+00 3.993E-02
  3.255387E+00 3.298E-02
  3.280161E+00 2.910E-02
  3.294633E+00 2.847E-02
  3.302229E+00 2.945E-02
  3.306643E+00 3.114E-02
  3.309529E+00 3.323E-02
  3.312370E+00 3.693E-02
  3.313773E+00 3.994E-02
  3.315166E+00 4.434E-02
  3.316548E+00 5.100E-02
  3.317920E+00 6.104E-02
  3.319281E+00 7.383E-02
  3.320631E+00 8.153E-02
  3.321971E+00 7.607E-02
  3.323301E+00 6.613E-02
  3.324621E+00 6.001E-02
  3.325930E+00 5.821E-02
  3.327230E+00 5.960E-02
  3.328520E+00 6.347E-02
  3.329800E+00 6.966E-02
  3.331071E+00 7.835E-02
  3.332332E+00 9.004E-02
  3.333584E+00 1.055E-01
  3.334826E+00 1.256E-01
  3.336059E+00 1.513E-01
  3.337283E+00 1.832E-01
  3.339703E+00 2.574E-01
  3.340900E+00 2.872E-01
  3.342088E+00 3.002E-01
  3.343268E+00 2.926E-01
  3.344439E+00 2.685E-01
  3.347900E+00 1.752E-01
  3.349037E+00 1.507E-01
  3.350166E+00 1.307E-01
  3.351286E+00 1.144E-01
  3.352399E+00 1.013E-01
  3.353504E+00 9.055E-02
  3.355689E+00 7.452E-02
  3.357844E+00 6.339E-02
  3.361019E+00 5.220E-02
  3.364127E+00 4.492E-02
  3.368171E+00 3.864E-02
  3.373070E+00 3.390E-02
  3.378732E+00 3.101E-02
  3.383277E+00 3.062E-02
  3.386804E+00 3.213E-02
  3.389389E+00 3.496E-02
  3.391923E+00 3.988E-02
  3.395225E+00 4.974E-02
  3.397646E+00 5.771E-02
  3.399234E+00 6.045E-02
  3.400020E+00 5.994E-02
  3.400802E+00 5.793E-02
  3.403116E+00 4.666E-02
  3.404634E+00 3.947E-02
  3.406134E+00 3.415E-02
  3.408347E+00 2.894E-02
  3.410520E+00 2.571E-02
  3.414052E+00 2.246E-02
  3.419482E+00 1.960E-02
  3.427763E+00 1.710E-02
  3.437121E+00 1.553E-02
  3.443073E+00 1.534E-02
  3.446673E+00 1.600E-02
  3.449160E+00 1.738E-02
  3.450620E+00 1.908E-02
  3.451580E+00 2.098E-02
  3.452529E+00 2.411E-02
  3.453000E+00 2.646E-02
  3.453469E+00 2.965E-02
  3.453935E+00 3.402E-02
  3.454398E+00 3.993E-02
  3.455317E+00 5.489E-02
  3.455773E+00 5.862E-02
  3.456227E+00 5.544E-02
  3.457127E+00 3.991E-02
  3.457573E+00 3.406E-02
  3.458017E+00 3.021E-02
  3.458459E+00 2.785E-02
  3.458898E+00 2.653E-02
  3.459335E+00 2.593E-02
  3.460202E+00 2.625E-02
  3.461060E+00 2.805E-02
  3.461909E+00 3.124E-02
  3.462749E+00 3.614E-02
  3.463581E+00 4.352E-02
  3.463993E+00 4.856E-02
  3.464404E+00 5.488E-02
  3.464812E+00 6.288E-02
  3.465218E+00 7.312E-02
  3.465622E+00 8.631E-02
  3.466024E+00 1.033E-01
  3.466424E+00 1.248E-01
  3.467218E+00 1.784E-01
  3.467612E+00 2.019E-01
  3.468004E+00 2.135E-01
  3.468393E+00 2.096E-01
  3.469167E+00 1.773E-01
  3.469551E+00 1.647E-01
  3.469933E+00 1.684E-01
  3.470313E+00 3.734E-01
  3.470692E+00 1.285E-01
  3.471068E+00 1.030E-01
  3.471442E+00 1.039E-01
  3.472186E+00 1.127E-01
  3.472922E+00 1.289E-01
  3.473650E+00 1.540E-01
  3.474372E+00 1.903E-01
  3.474730E+00 2.138E-01
  3.475086E+00 2.416E-01
  3.475440E+00 2.745E-01
  3.475793E+00 3.132E-01
  3.476144E+00 3.584E-01
  3.476841E+00 4.704E-01
  3.477874E+00 6.839E-01
  3.478554E+00 8.311E-01
  3.478891E+00 9.224E-01
  3.479227E+00 1.735E+00
  3.479562E+00 7.548E-01
  3.479894E+00 7.705E-01
  3.480226E+00 7.449E-01
  3.481209E+00 5.985E-01
  3.482179E+00 4.537E-01
  3.482818E+00 3.776E-01
  3.483765E+00 2.924E-01
  3.484699E+00 2.329E-01
  3.485620E+00 1.906E-01
  3.486527E+00 1.598E-01
  3.487718E+00 1.303E-01
  3.489176E+00 1.051E-01
  3.490600E+00 8.776E-02
  3.492268E+00 7.325E-02
  3.494156E+00 6.173E-02
  3.496244E+00 5.328E-02
  3.498011E+00 4.940E-02
  3.499240E+00 4.917E-02
  3.500204E+00 5.146E-02
  3.500917E+00 5.555E-02
  3.501620E+00 6.283E-02
  3.502314E+00 7.477E-02
  3.503000E+00 9.280E-02
  3.504345E+00 1.412E-01
  3.504566E+00 1.459E-01
  3.504786E+00 1.473E-01
  3.505005E+00 1.448E-01
  3.505440E+00 1.303E-01
  3.506300E+00 9.125E-02
  3.506724E+00 7.623E-02
  3.507145E+00 6.480E-02
  3.507770E+00 5.258E-02
  3.508388E+00 4.419E-02
  3.509199E+00 3.637E-02
  3.510195E+00 2.885E-02
  3.510392E+00 2.688E-02
  3.510588E+00 2.271E-02
  3.510783E+00 4.227E-02
  3.510977E+00 3.034E-02
  3.511171E+00 2.798E-02
  3.511556E+00 2.555E-02
  3.512505E+00 2.182E-02
  3.513984E+00 1.778E-02
  3.515418E+00 1.510E-02
  3.516464E+00 1.400E-02
  3.517317E+00 1.393E-02
  3.517988E+00 1.472E-02
  3.518484E+00 1.608E-02
  3.518975E+00 1.841E-02
  3.519299E+00 2.021E-02
  3.519461E+00 2.045E-02
  3.519621E+00 2.007E-02
  3.519781E+00 2.041E-02
  3.519940E+00 2.197E-02
  3.520257E+00 2.692E-02
  3.520572E+00 3.350E-02
  3.520884E+00 4.232E-02
  3.521039E+00 4.792E-02
  3.521194E+00 5.454E-02
  3.521348E+00 6.243E-02
  3.521501E+00 7.186E-02
  3.521654E+00 8.311E-02
  3.521806E+00 9.649E-02
  3.521958E+00 1.122E-01
  3.522260E+00 1.504E-01
  3.522559E+00 1.917E-01
  3.522708E+00 2.090E-01
  3.522857E+00 2.218E-01
  3.523299E+00 2.380E-01
  3.523445E+00 2.501E-01
  3.523591E+00 2.950E-01
  3.523736E+00 6.119E-01
  3.523881E+00 1.303E+00
  3.524025E+00 4.389E+00
  3.524168E+00 3.014E-01
  3.524312E+00 2.422E-01
  3.524454E+00 2.404E-01
  3.524596E+00 2.529E-01
  3.524738E+00 2.742E-01
  3.524879E+00 3.040E-01
  3.525019E+00 3.439E-01
  3.525159E+00 3.972E-01
  3.525299E+00 4.697E-01
  3.525438E+00 5.715E-01
  3.525576E+00 7.224E-01
  3.525714E+00 9.639E-01
  3.525852E+00 1.395E+00
  3.525989E+00 2.283E+00
  3.526125E+00 4.054E+00
  3.526261E+00 3.532E+00
  3.526397E+00 9.446E-01
  3.526532E+00 2.154E-01
  3.526666E+00 7.090E-02
  3.526801E+00 7.632E-02
  3.526934E+00 1.307E-01
  3.527067E+00 2.064E-01
  3.527200E+00 2.939E-01
  3.527464E+00 4.797E-01
  3.527595E+00 5.526E-01
  3.527726E+00 5.680E-01
  3.527856E+00 4.567E-01
  3.527986E+00 2.084E-01
  3.528116E+00 1.738E-01
  3.528245E+00 5.742E-01
  3.528373E+00 1.033E+00
  3.528501E+00 1.366E+00
  3.528629E+00 1.576E+00
  3.528756E+00 1.691E+00
  3.528883E+00 1.735E+00
  3.529009E+00 1.725E+00
  3.529260E+00 1.607E+00
  3.530004E+00 1.091E+00
  3.530370E+00 8.930E-01
  3.530732E+00 7.429E-01
  3.531209E+00 5.983E-01
  3.531680E+00 4.970E-01
  3.532259E+00 4.099E-01
  3.532829E+00 3.518E-01
  3.533500E+00 3.097E-01
  3.534049E+00 2.958E-01
  3.534482E+00 3.013E-01
  3.534909E+00 3.265E-01
  3.535330E+00 3.742E-01
  3.535849E+00 4.605E-01
  3.536157E+00 5.325E-01
  3.536258E+00 5.639E-01
  3.536360E+00 6.105E-01
  3.536461E+00 9.749E-01
  3.536562E+00 1.023E+00
  3.536662E+00 7.251E-01
  3.536962E+00 6.519E-01
  3.537552E+00 4.294E-01
  3.537843E+00 3.454E-01
  3.538131E+00 2.861E-01
  3.538417E+00 2.436E-01
  3.538793E+00 2.031E-01
  3.539257E+00 1.675E-01
  3.539895E+00 1.326E-01
  3.540606E+00 1.036E-01
  3.541300E+00 8.139E-02
  3.541725E+00 7.155E-02
  3.541894E+00 7.076E-02
  3.541977E+00 8.068E-02
  3.542061E+00 5.463E-02
  3.542144E+00 5.920E-02
  3.542475E+00 6.232E-02
  3.542638E+00 6.492E-02
  3.542720E+00 6.354E-02
  3.542801E+00 5.526E-02
  3.542882E+00 4.425E-02
  3.542963E+00 1.158E-01
  3.543044E+00 1.689E-01
  3.543124E+00 5.813E-02
  3.543204E+00 3.925E-02
  3.543284E+00 3.558E-02
  3.543363E+00 3.656E-02
  3.543443E+00 3.982E-02
  3.543522E+00 4.472E-02
  3.543600E+00 5.121E-02
  3.543679E+00 5.950E-02
  3.543757E+00 6.996E-02
  3.543836E+00 8.314E-02
  3.543914E+00 9.978E-02
  3.543991E+00 1.209E-01
  3.544069E+00 1.476E-01
  3.544146E+00 1.816E-01
  3.544223E+00 2.246E-01
  3.544300E+00 2.782E-01
  3.544376E+00 3.435E-01
  3.544605E+00 5.795E-01
  3.544680E+00 6.461E-01
  3.544756E+00 6.946E-01
  3.544981E+00 7.806E-01
  3.545055E+00 8.274E-01
  3.545129E+00 9.126E-01
  3.545204E+00 1.084E+00
  3.545277E+00 1.517E+00
  3.545351E+00 3.521E+00
  3.545425E+00 6.240E+01
  3.545498E+00 3.853E+00
  3.545571E+00 1.922E+00
  3.545644E+00 1.727E+00
  3.545716E+00 1.841E+00
  3.545789E+00 2.103E+00
  3.545861E+00 2.495E+00
  3.545933E+00 3.044E+00
  3.546005E+00 3.807E+00
  3.546076E+00 4.877E+00
  3.546148E+00 6.394E+00
  3.546219E+00 8.524E+00
  3.546360E+00 1.386E+01
  3.546431E+00 1.408E+01
  3.546501E+00 1.083E+01
  3.546572E+00 6.601E+00
  3.546641E+00 3.499E+00
  3.546711E+00 1.674E+00
  3.546781E+00 7.135E-01
  3.546850E+00 2.904E-01
  3.546919E+00 2.221E-01
  3.546988E+00 4.161E-01
  3.547057E+00 8.272E-01
  3.547125E+00 1.428E+00
  3.547194E+00 2.188E+00
  3.547398E+00 4.780E+00
  3.547465E+00 5.443E+00
  3.547533E+00 5.878E+00
  3.547600E+00 6.072E+00
  3.547667E+00 6.053E+00
  3.547800E+00 5.579E+00
  3.548262E+00 2.995E+00
  3.548457E+00 2.039E+00
  3.548521E+00 1.755E+00
  3.548586E+00 1.519E+00
  3.548650E+00 1.406E+00
  3.548714E+00 1.640E+00
  3.548778E+00 2.949E+00
  3.548842E+00 7.760E+00
  3.548905E+00 2.015E+01
  3.548968E+00 2.618E+01
  3.549032E+00 1.951E+01
  3.549095E+00 1.399E+01
  3.549158E+00 1.079E+01
  3.549220E+00 8.864E+00
  3.549283E+00 7.623E+00
  3.549345E+00 6.771E+00
  3.549407E+00 6.157E+00
  3.549531E+00 5.352E+00
  3.549654E+00 4.870E+00
  3.549837E+00 4.490E+00
  3.550019E+00 4.382E+00
  3.550200E+00 4.503E+00
  3.550379E+00 4.873E+00
  3.550556E+00 5.536E+00
  3.550732E+00 6.517E+00
  3.551309E+00 1.050E+01
  3.551422E+00 1.165E+01
  3.551479E+00 1.244E+01
  3.551535E+00 1.348E+01
  3.551591E+00 1.507E+01
  3.551648E+00 2.037E+01
  3.551703E+00 8.691E+01
  3.551759E+00 1.933E+01
  3.551815E+00 1.884E+01
  3.551926E+00 1.942E+01
  3.552036E+00 1.892E+01
  3.552417E+00 1.361E+01
  3.552578E+00 1.205E+01
  3.552791E+00 1.084E+01
  3.553054E+00 1.028E+01
  3.553314E+00 1.052E+01
  3.553519E+00 1.132E+01
  3.553723E+00 1.285E+01
  3.553874E+00 1.480E+01
  3.553974E+00 1.677E+01
  3.554073E+00 1.966E+01
  3.554123E+00 2.166E+01
  3.554173E+00 2.422E+01
  3.554222E+00 2.763E+01
  3.554271E+00 3.238E+01
  3.554320E+00 3.938E+01
  3.554369E+00 5.057E+01
  3.554418E+00 7.019E+01
  3.554467E+00 1.046E+02
  3.554515E+00 1.356E+02
  3.554564E+00 1.291E+02
  3.554612E+00 1.469E+02
  3.554660E+00 2.408E+02
  3.554708E+00 4.127E+02
  3.554756E+00 2.154E+02
  3.554804E+00 6.082E+01
  3.554852E+00 1.965E+01
  3.554900E+00 8.406E+00
  3.554947E+00 6.843E+00
  3.554994E+00 1.032E+01
  3.555042E+00 1.877E+01
  3.555089E+00 3.515E+01
  3.555136E+00 6.653E+01
  3.555183E+00 1.226E+02
  3.555230E+00 1.850E+02
  3.555276E+00 1.820E+02
  3.555323E+00 1.305E+02
  3.555369E+00 8.809E+01
  3.555416E+00 6.204E+01
  3.555462E+00 4.642E+01
  3.555508E+00 3.670E+01
  3.555554E+00 3.041E+01
  3.555600E+00 2.622E+01
  3.555645E+00 2.338E+01
  3.555691E+00 2.145E+01
  3.555737E+00 2.019E+01
  3.555782E+00 1.942E+01
  3.555872E+00 1.904E+01
  3.555962E+00 1.997E+01
  3.556052E+00 2.222E+01
  3.556097E+00 2.393E+01
  3.556186E+00 2.884E+01
  3.556274E+00 3.600E+01
  3.556362E+00 4.438E+01
  3.556406E+00 4.780E+01
  3.556450E+00 4.978E+01
  3.556493E+00 5.006E+01
  3.556624E+00 4.606E+01
  3.556667E+00 4.570E+01
  3.556710E+00 4.701E+01
  3.556753E+00 5.115E+01
  3.556796E+00 6.124E+01
  3.556839E+00 8.940E+01
  3.556881E+00 2.228E+02
  3.556924E+00 4.161E+03
  3.556966E+00 2.973E+02
  3.557009E+00 1.151E+02
  3.557051E+00 8.828E+01
  3.557093E+00 8.565E+01
  3.557135E+00 9.215E+01
  3.557177E+00 1.049E+02
  3.557219E+00 1.239E+02
  3.557261E+00 1.495E+02
  3.557344E+00 2.108E+02
  3.557386E+00 2.229E+02
  3.557427E+00 2.004E+02
  3.557510E+00 9.986E+01
  3.557551E+00 6.115E+01
  3.557592E+00 3.564E+01
  3.557633E+00 1.980E+01
  3.557673E+00 1.037E+01
  3.557714E+00 5.201E+00
  3.557755E+00 3.031E+00
  3.557795E+00 3.175E+00
  3.557835E+00 5.294E+00
  3.557876E+00 9.205E+00
  3.557916E+00 1.469E+01
  3.557996E+00 2.818E+01
  3.558036E+00 3.415E+01
  3.558076E+00 3.813E+01
  3.558116E+00 3.960E+01
  3.558155E+00 3.878E+01
  3.558195E+00 3.635E+01
  3.558352E+00 2.282E+01
  3.558430E+00 1.736E+01
  3.558508E+00 1.314E+01
  3.558546E+00 1.141E+01
  3.558624E+00 8.565E+00
  3.558662E+00 7.412E+00
  3.558700E+00 6.438E+00
  3.558739E+00 5.674E+00
  3.558777E+00 5.213E+00
  3.558815E+00 5.281E+00
  3.558853E+00 6.438E+00
  3.558891E+00 1.014E+01
  3.558928E+00 2.018E+01
  3.559004E+00 6.542E+01
  3.559041E+00 5.739E+01
  3.559079E+00 4.100E+01
  3.559116E+00 2.991E+01
  3.559154E+00 2.316E+01
  3.559191E+00 1.887E+01
  3.559228E+00 1.600E+01
  3.559265E+00 1.397E+01
  3.559302E+00 1.249E+01
  3.559339E+00 1.138E+01
  3.559375E+00 1.053E+01
  3.559449E+00 9.378E+00
  3.559522E+00 8.724E+00
  3.559630E+00 8.389E+00
  3.559738E+00 8.638E+00
  3.559988E+00 1.002E+01
  3.560093E+00 9.922E+00
  3.560268E+00 9.195E+00
  3.560337E+00 9.293E+00
  3.560406E+00 9.889E+00
  3.560440E+00 1.052E+01
  3.560474E+00 1.201E+01
  3.560508E+00 3.416E+01
  3.560543E+00 1.494E+01
  3.560577E+00 1.141E+01
  3.560678E+00 1.032E+01
  3.560813E+00 7.604E+00
  3.560879E+00 6.306E+00
  3.560946E+00 5.248E+00
  3.561012E+00 4.420E+00
  3.561078E+00 3.780E+00
  3.561176E+00 3.078E+00
  3.561274E+00 2.591E+00
  3.561371E+00 2.249E+00
  3.561499E+00 1.956E+00
  3.561626E+00 1.815E+00
  3.561721E+00 1.826E+00
  3.561783E+00 1.921E+00
  3.561815E+00 2.011E+00
  3.561846E+00 2.148E+00
  3.561877E+00 2.351E+00
  3.561908E+00 2.658E+00
  3.561939E+00 3.128E+00
  3.561970E+00 3.839E+00
  3.562001E+00 4.761E+00
  3.562032E+00 5.364E+00
  3.562062E+00 4.868E+00
  3.562093E+00 3.860E+00
  3.562123E+00 3.214E+00
  3.562154E+00 3.046E+00
  3.562184E+00 3.299E+00
  3.562215E+00 4.051E+00
  3.562245E+00 5.622E+00
  3.562275E+00 8.507E+00
  3.562306E+00 1.063E+01
  3.562366E+00 2.842E+00
  3.562396E+00 1.224E+00
  3.562426E+00 5.752E-01
  3.562456E+00 2.912E-01
  3.562485E+00 1.579E-01
  3.562515E+00 9.407E-02
  3.562545E+00 6.622E-02
  3.562574E+00 6.074E-02
  3.562604E+00 7.445E-02
  3.562633E+00 1.132E-01
  3.562663E+00 1.903E-01
  3.562692E+00 2.812E-01
  3.562721E+00 2.487E-01
  3.562751E+00 1.435E-01
  3.562780E+00 7.771E-02
  3.562809E+00 4.520E-02
  3.562838E+00 2.886E-02
  3.562867E+00 2.031E-02
  3.562896E+00 1.578E-02
  3.562925E+00 1.354E-02
  3.562954E+00 1.273E-02
  3.562982E+00 1.291E-02
  3.563011E+00 1.388E-02
  3.563040E+00 1.556E-02
  3.563068E+00 1.794E-02
  3.563097E+00 2.108E-02
  3.563125E+00 2.511E-02
  3.563153E+00 3.018E-02
  3.563182E+00 3.655E-02
  3.563210E+00 4.456E-02
  3.563238E+00 5.465E-02
  3.563266E+00 6.747E-02
  3.563294E+00 8.384E-02
  3.563322E+00 1.049E-01
  3.563350E+00 1.321E-01
  3.563378E+00 1.670E-01
  3.563406E+00 2.111E-01
  3.563434E+00 2.649E-01
  3.563517E+00 4.499E-01
  3.563572E+00 5.429E-01
  3.563627E+00 6.330E-01
  3.563654E+00 7.024E-01
  3.563681E+00 8.106E-01
  3.563708E+00 9.967E-01
  3.563736E+00 1.371E+00
  3.563763E+00 2.382E+00
  3.563790E+00 7.620E+00
  3.563817E+00 1.514E+02
  3.563844E+00 9.456E+00
  3.563870E+00 4.001E+00
  3.563897E+00 3.172E+00
  3.563924E+00 3.203E+00
  3.563951E+00 3.623E+00
  3.563977E+00 4.351E+00
  3.564004E+00 5.373E+00
  3.564030E+00 6.594E+00
  3.564057E+00 7.643E+00
  3.564083E+00 7.845E+00
  3.564110E+00 6.845E+00
  3.564162E+00 3.571E+00
  3.564188E+00 2.352E+00
  3.564215E+00 1.508E+00
  3.564241E+00 9.440E-01
  3.564267E+00 5.777E-01
  3.564293E+00 3.528E-01
  3.564319E+00 2.373E-01
  3.564344E+00 2.169E-01
  3.564370E+00 2.897E-01
  3.564396E+00 4.621E-01
  3.564422E+00 7.417E-01
  3.564447E+00 1.125E+00
  3.564499E+00 2.034E+00
  3.564524E+00 2.394E+00
  3.564550E+00 2.588E+00
  3.564575E+00 2.608E+00
  3.564600E+00 2.495E+00
  3.564651E+00 2.089E+00
  3.564701E+00 1.665E+00
  3.564751E+00 1.314E+00
  3.564801E+00 1.040E+00
  3.564851E+00 8.283E-01
  3.564900E+00 6.701E-01
  3.564925E+00 6.130E-01
  3.564950E+00 5.766E-01
  3.564974E+00 5.732E-01
  3.564999E+00 6.294E-01
  3.565023E+00 8.063E-01
  3.565048E+00 1.247E+00
  3.565072E+00 2.277E+00
  3.565097E+00 4.332E+00
  3.565121E+00 6.483E+00
  3.565145E+00 6.294E+00
  3.565169E+00 4.876E+00
  3.565193E+00 3.715E+00
  3.565218E+00 2.957E+00
  3.565242E+00 2.466E+00
  3.565266E+00 2.139E+00
  3.565290E+00 1.915E+00
  3.565313E+00 1.757E+00
  3.565337E+00 1.646E+00
  3.565385E+00 1.519E+00
  3.565432E+00 1.480E+00
  3.565503E+00 1.541E+00
  3.565573E+00 1.715E+00
  3.565690E+00 2.084E+00
  3.565759E+00 2.154E+00
  3.565896E+00 1.996E+00
  3.565941E+00 2.025E+00
  3.565986E+00 2.163E+00
  3.566009E+00 2.289E+00
  3.566031E+00 2.486E+00
  3.566054E+00 2.935E+00
  3.566076E+00 1.091E+01
  3.566099E+00 3.410E+00
  3.566121E+00 2.715E+00
  3.566187E+00 2.520E+00
  3.566254E+00 2.085E+00
  3.566320E+00 1.633E+00
  3.566363E+00 1.393E+00
  3.566429E+00 1.125E+00
  3.566493E+00 9.422E-01
  3.566558E+00 8.192E-01
  3.566643E+00 7.197E-01
  3.566707E+00 6.841E-01
  3.566770E+00 6.837E-01
  3.566812E+00 7.100E-01
  3.566854E+00 7.707E-01
  3.566875E+00 8.215E-01
  3.566895E+00 8.935E-01
  3.566916E+00 9.962E-01
  3.566937E+00 1.144E+00
  3.566958E+00 1.357E+00
  3.566999E+00 1.956E+00
  3.567019E+00 2.102E+00
  3.567040E+00 1.921E+00
  3.567060E+00 1.586E+00
  3.567081E+00 1.329E+00
  3.567101E+00 1.209E+00
  3.567122E+00 1.214E+00
  3.567142E+00 1.344E+00
  3.567162E+00 1.637E+00
  3.567183E+00 2.198E+00
  3.567203E+00 3.212E+00
  3.567223E+00 4.494E+00
  3.567243E+00 4.110E+00
  3.567263E+00 2.231E+00
  3.567283E+00 1.061E+00
  3.567303E+00 5.342E-01
  3.567323E+00 2.907E-01
  3.567343E+00 1.691E-01
  3.567363E+00 1.040E-01
  3.567383E+00 6.748E-02
  3.567403E+00 4.648E-02
  3.567423E+00 3.481E-02
  3.567442E+00 2.967E-02
  3.567462E+00 3.073E-02
  3.567482E+00 4.074E-02
  3.567501E+00 6.507E-02
  3.567521E+00 8.830E-02
  3.567541E+00 7.114E-02
  3.567560E+00 4.579E-02
  3.567580E+00 3.102E-02
  3.567599E+00 2.310E-02
  3.567619E+00 1.863E-02
  3.567638E+00 1.596E-02
  3.567657E+00 1.430E-02
  3.567677E+00 1.325E-02
  3.567696E+00 1.262E-02
  3.567734E+00 1.220E-02
  3.567773E+00 1.264E-02
  3.567811E+00 1.392E-02
  3.567830E+00 1.495E-02
  3.567849E+00 1.629E-02
  3.567868E+00 1.803E-02
  3.567887E+00 2.027E-02
  3.567906E+00 2.316E-02
  3.567925E+00 2.690E-02
  3.567943E+00 3.177E-02
  3.567962E+00 3.815E-02
  3.567981E+00 4.653E-02
  3.568000E+00 5.748E-02
  3.568018E+00 7.156E-02
  3.568037E+00 8.894E-02
  3.568056E+00 1.091E-01
  3.568093E+00 1.509E-01
  3.568148E+00 2.064E-01
  3.568167E+00 2.305E-01
  3.568185E+00 2.648E-01
  3.568203E+00 3.187E-01
  3.568222E+00 4.142E-01
  3.568240E+00 6.179E-01
  3.568258E+00 1.231E+00
  3.568276E+00 5.309E+00
  3.568294E+00 4.121E+01
  3.568313E+00 3.559E+00
  3.568331E+00 1.748E+00
  3.568349E+00 1.440E+00
  3.568367E+00 1.478E+00
  3.568385E+00 1.690E+00
  3.568403E+00 2.035E+00
  3.568421E+00 2.466E+00
  3.568439E+00 2.838E+00
  3.568457E+00 2.899E+00
  3.568474E+00 2.526E+00
  3.568510E+00 1.342E+00
  3.568528E+00 9.046E-01
  3.568545E+00 6.002E-01
  3.568563E+00 3.952E-01
  3.568581E+00 2.599E-01
  3.568598E+00 1.744E-01
  3.568616E+00 1.273E-01
  3.568634E+00 1.135E-01
  3.568651E+00 1.327E-01
  3.568669E+00 1.880E-01
  3.568686E+00 2.842E-01
  3.568704E+00 4.242E-01
  3.568721E+00 6.014E-01
  3.568738E+00 7.918E-01
  3.568756E+00 9.555E-01
  3.568773E+00 1.055E+00
  3.568790E+00 1.077E+00
  3.568807E+00 1.036E+00
  3.568825E+00 9.593E-01
  3.568876E+00 6.908E-01
  3.568910E+00 5.473E-01
  3.568944E+00 4.382E-01
  3.568978E+00 3.567E-01
  3.569012E+00 2.994E-01
  3.569029E+00 2.812E-01
  3.569046E+00 2.729E-01
  3.569062E+00 2.803E-01
  3.569079E+00 3.154E-01
  3.569096E+00 4.041E-01
  3.569113E+00 6.032E-01
  3.569129E+00 1.029E+00
  3.569146E+00 1.816E+00
  3.569163E+00 2.663E+00
  3.569179E+00 2.730E+00
  3.569212E+00 1.750E+00
  3.569229E+00 1.415E+00
  3.569245E+00 1.194E+00
  3.569262E+00 1.047E+00
  3.569278E+00 9.470E-01
  3.569294E+00 8.794E-01
  3.569327E+00 8.068E-01
  3.569360E+00 7.893E-01
  3.569392E+00 8.117E-01
  3.569440E+00 9.054E-01
  3.569537E+00 1.180E+00
  3.569568E+00 1.218E+00
  3.569616E+00 1.186E+00
  3.569679E+00 1.106E+00
  3.569710E+00 1.115E+00
  3.569741E+00 1.185E+00
  3.569757E+00 1.249E+00
  3.569772E+00 1.343E+00
  3.569788E+00 1.502E+00
  3.569803E+00 2.052E+00
  3.569819E+00 2.140E+01
  3.569834E+00 1.633E+00
  3.569850E+00 1.527E+00
  3.569880E+00 1.474E+00
  3.569911E+00 1.342E+00
  3.569987E+00 9.248E-01
  3.570017E+00 7.974E-01
  3.570063E+00 6.568E-01
  3.570108E+00 5.625E-01
  3.570152E+00 5.013E-01
  3.570197E+00 4.655E-01
  3.570241E+00 4.528E-01
  3.570285E+00 4.674E-01
  3.570314E+00 5.001E-01
  3.570329E+00 5.273E-01
  3.570343E+00 5.651E-01
  3.570358E+00 6.176E-01
  3.570373E+00 6.911E-01
  3.570387E+00 7.944E-01
  3.570401E+00 9.373E-01
  3.570430E+00 1.312E+00
  3.570445E+00 1.403E+00
  3.570459E+00 1.309E+00
  3.570473E+00 1.111E+00
  3.570488E+00 9.383E-01
  3.570502E+00 8.413E-01
  3.570516E+00 8.200E-01
  3.570530E+00 8.716E-01
  3.570545E+00 1.010E+00
  3.570559E+00 1.277E+00
  3.570573E+00 1.767E+00
  3.570587E+00 2.585E+00
  3.570601E+00 3.313E+00
  3.570615E+00 2.624E+00
  3.570629E+00 1.398E+00
  3.570643E+00 7.038E-01
  3.570658E+00 3.777E-01
  3.570672E+00 2.183E-01
  3.570685E+00 1.345E-01
  3.570699E+00 8.742E-02
  3.570713E+00 5.960E-02
  3.570727E+00 4.257E-02
  3.570741E+00 3.205E-02
  3.570755E+00 2.584E-02
  3.570769E+00 2.319E-02
  3.570783E+00 2.481E-02
  3.570796E+00 3.379E-02
  3.570810E+00 5.015E-02
  3.570824E+00 5.079E-02
  3.570838E+00 3.702E-02
  3.570851E+00 2.697E-02
  3.570865E+00 2.126E-02
  3.570879E+00 1.791E-02
  3.570892E+00 1.582E-02
  3.570906E+00 1.444E-02
  3.570933E+00 1.285E-02
  3.570960E+00 1.212E-02
  3.571001E+00 1.194E-02
  3.571041E+00 1.276E-02
  3.571068E+00 1.406E-02
  3.571081E+00 1.505E-02
  3.571094E+00 1.635E-02
  3.571107E+00 1.805E-02
  3.571121E+00 2.029E-02
  3.571134E+00 2.327E-02
  3.571147E+00 2.724E-02
  3.571160E+00 3.252E-02
  3.571173E+00 3.944E-02
  3.571187E+00 4.823E-02
  3.571213E+00 7.047E-02
  3.571265E+00 1.173E-01
  3.571278E+00 1.326E-01
  3.571291E+00 1.539E-01
  3.571304E+00 1.870E-01
  3.571317E+00 2.445E-01
  3.571330E+00 3.637E-01
  3.571343E+00 6.986E-01
  3.571356E+00 2.501E+00
  3.571368E+00 4.887E+01
  3.571381E+00 3.317E+00
  3.571394E+00 1.336E+00
  3.571407E+00 1.008E+00
  3.571420E+00 9.888E-01
  3.571432E+00 1.104E+00
  3.571445E+00 1.307E+00
  3.571458E+00 1.548E+00
  3.571470E+00 1.710E+00
  3.571483E+00 1.647E+00
  3.571496E+00 1.355E+00
  3.571508E+00 9.938E-01
  3.571521E+00 6.877E-01
  3.571534E+00 4.664E-01
  3.571546E+00 3.155E-01
  3.571559E+00 2.148E-01
  3.571571E+00 1.491E-01
  3.571584E+00 1.088E-01
  3.571596E+00 8.877E-02
  3.571609E+00 8.715E-02
  3.571621E+00 1.046E-01
  3.571633E+00 1.437E-01
  3.571646E+00 2.079E-01
  3.571658E+00 2.985E-01
  3.571671E+00 4.104E-01
  3.571683E+00 5.263E-01
  3.571695E+00 6.196E-01
  3.571707E+00 6.683E-01
  3.571720E+00 6.687E-01
  3.571732E+00 6.334E-01
  3.571781E+00 4.129E-01
  3.571805E+00 3.289E-01
  3.571829E+00 2.667E-01
  3.571841E+00 2.424E-01
  3.571866E+00 2.058E-01
  3.571878E+00 1.939E-01
  3.571890E+00 1.874E-01
  3.571902E+00 1.889E-01
  3.571914E+00 2.032E-01
  3.571925E+00 2.405E-01
  3.571937E+00 3.219E-01
  3.571949E+00 4.911E-01
  3.571961E+00 8.220E-01
  3.571973E+00 1.333E+00
  3.571985E+00 1.708E+00
  3.571997E+00 1.618E+00
  3.572020E+00 1.065E+00
  3.572032E+00 8.856E-01
  3.572044E+00 7.659E-01
  3.572056E+00 6.860E-01
  3.572067E+00 6.327E-01
  3.572079E+00 5.982E-01
  3.572102E+00 5.671E-01
  3.572126E+00 5.720E-01
  3.572161E+00 6.298E-01
  3.572207E+00 7.726E-01
  3.572241E+00 8.734E-01
  3.572264E+00 9.006E-01
  3.572298E+00 8.709E-01
  3.572343E+00 8.028E-01
  3.572366E+00 8.049E-01
  3.572388E+00 8.507E-01
  3.572411E+00 9.578E-01
  3.572422E+00 1.055E+00
  3.572433E+00 1.282E+00
  3.572444E+00 5.894E+00
  3.572455E+00 1.404E+00
  3.572466E+00 1.131E+00
  3.572488E+00 1.097E+00
  3.572511E+00 1.014E+00
  3.572565E+00 7.116E-01
  3.572598E+00 5.751E-01
  3.572631E+00 4.816E-01
  3.572663E+00 4.202E-01
  3.572695E+00 3.824E-01
  3.572728E+00 3.642E-01
  3.572760E+00 3.660E-01
  3.572781E+00 3.819E-01
  3.572802E+00 4.161E-01
  3.572813E+00 4.436E-01
  3.572823E+00 4.814E-01
  3.572834E+00 5.335E-01
  3.572844E+00 6.056E-01
  3.572855E+00 7.047E-01
  3.572876E+00 9.848E-01
  3.572886E+00 1.100E+00
  3.572896E+00 1.100E+00
  3.572907E+00 9.816E-01
  3.572917E+00 8.332E-01
  3.572928E+00 7.244E-01
  3.572938E+00 6.725E-01
  3.572948E+00 6.758E-01
  3.572959E+00 7.365E-01
  3.572969E+00 8.713E-01
  3.572979E+00 1.123E+00
  3.572990E+00 1.575E+00
  3.573000E+00 2.287E+00
  3.573010E+00 2.755E+00
  3.573020E+00 2.031E+00
  3.573031E+00 1.082E+00
  3.573041E+00 5.613E-01
  3.573051E+00 3.114E-01
  3.573061E+00 1.857E-01
  3.573071E+00 1.178E-01
  3.573082E+00 7.881E-02
  3.573092E+00 5.518E-02
  3.573102E+00 4.034E-02
  3.573112E+00 3.081E-02
  3.573122E+00 2.478E-02
  3.573132E+00 2.145E-02
  3.573142E+00 2.106E-02
  3.573152E+00 2.553E-02
  3.573162E+00 3.701E-02
  3.573180E+00 3.603E-02
  3.583170E+00 3.439E-01
  3.583180E+00 4.066E-01
  3.608123E+00 1.613E-01
  3.633066E+00 9.361E-02
  3.658010E+00 6.148E-02
  3.682953E+00 4.527E-02
  3.707896E+00 3.668E-02
  3.732839E+00 3.179E-02
  3.757783E+00 2.886E-02
  3.782726E+00 2.705E-02
  3.832613E+00 2.515E-02
  3.907443E+00 2.419E-02
  4.281592E+00 2.489E-02
  4.281592E+00 0.000E+00
  4.655742E+00 0.000E+00
  4.281592E+00 0.000E+00
  4.655742E+00 0.000E+00
  4.655742E+00 2.244E-02
  4.655742E+00 2.244E-02
  5.628531E+00 1.464E-02
  6.002681E+00 1.253E-02
  6.027624E+00 1.241E-02
  6.149392E+00 1.169E-02
  6.273615E+00 1.101E-02
  6.400350E+00 1.037E-02
  6.529648E+00 9.762E-03
  6.661556E+00 9.194E-03
  6.796126E+00 8.658E-03
  6.933414E+00 8.154E-03
  7.073480E+00 7.679E-03
  7.216373E+00 7.232E-03
  7.362159E+00 6.811E-03
  7.510880E+00 6.414E-03
  7.662609E+00 6.041E-03
  7.817408E+00 5.689E-03
  7.975327E+00 5.358E-03
  8.136437E+00 5.046E-03
  8.300807E+00 4.752E-03
  8.468493E+00 4.475E-03
  8.639571E+00 4.214E-03
  8.814098E+00 3.969E-03
  8.992161E+00 3.738E-03
  9.173810E+00 3.520E-03
  9.359132E+00 3.315E-03
  9.548203E+00 3.122E-03
  9.741090E+00 2.940E-03
  9.937868E+00 2.769E-03
  1.013863E+01 2.608E-03
  1.034345E+01 2.456E-03
  1.055239E+01 2.313E-03
  1.076557E+01 2.178E-03
  1.098305E+01 2.051E-03
  1.120492E+01 1.932E-03
  1.143127E+01 1.819E-03
  1.166220E+01 1.713E-03
  1.189779E+01 1.614E-03
  1.213815E+01 1.520E-03
  1.238335E+01 1.431E-03
  1.263351E+01 1.348E-03
  1.288872E+01 1.269E-03
  1.314909E+01 1.195E-03
  1.341473E+01 1.126E-03
  1.368572E+01 1.060E-03
  1.396219E+01 9.985E-04
  1.424424E+01 9.404E-04
  1.453199E+01 8.856E-04
  1.482556E+01 8.340E-04
  1.512506E+01 7.855E-04
  1.543060E+01 7.397E-04
  1.574232E+01 6.966E-04
  1.606033E+01 6.561E-04
  1.638477E+01 6.179E-04
  1.671576E+01 5.819E-04
  1.705345E+01 5.480E-04
  1.739795E+01 5.161E-04
  1.774940E+01 4.860E-04
  1.810797E+01 4.577E-04
  1.847379E+01 4.311E-04
  1.884697E+01 4.060E-04
  1.922771E+01 3.823E-04
  1.961612E+01 3.601E-04
  2.001241E+01 3.391E-04
  2.041667E+01 3.193E-04
  2.082913E+01 3.007E-04
  2.124989E+01 2.832E-04
  2.167918E+01 2.667E-04
  2.211711E+01 2.512E-04
  2.256392E+01 2.366E-04
  2.301973E+01 2.228E-04
      34   2   2   111    6  -2.03328E-02    2316
  2.030998E-02 9.542E+01
  7.159466E-02 5.398E+00
  1.215755E-01 1.461E+00
  1.702962E-01 6.113E-01
  2.177988E-01 3.166E-01
  2.641237E-01 1.856E-01
  3.093093E-01 1.176E-01
  3.533928E-01 7.892E-02
  3.964098E-01 5.542E-02
  4.383943E-01 4.050E-02
  4.793791E-01 3.066E-02
  5.193957E-01 2.392E-02
  5.584744E-01 1.911E-02
  5.966442E-01 1.556E-02
  6.339332E-01 1.283E-02
  6.703681E-01 1.068E-02
  7.059750E-01 8.948E-03
  7.407787E-01 7.540E-03
  7.748032E-01 6.391E-03
  8.080715E-01 5.450E-03
  8.406059E-01 4.682E-03
  8.724279E-01 4.055E-03
  9.035581E-01 3.544E-03
  9.340163E-01 3.126E-03
  9.929933E-01 2.500E-03
  1.049504E+00 2.062E-03
  1.129941E+00 1.604E-03
  1.229750E+00 1.179E-03
  1.321858E+00 8.696E-04
  1.386354E+00 6.959E-04
  1.447244E+00 5.644E-04
  1.504794E+00 4.670E-04
  1.576740E+00 3.766E-04
  1.643682E+00 3.173E-04
  1.721009E+00 2.709E-04
  1.805497E+00 2.389E-04
  1.894050E+00 2.209E-04
  1.973262E+00 2.179E-04
  2.053970E+00 2.309E-04
  2.125694E+00 2.589E-04
  2.197236E+00 3.064E-04
  2.253863E+00 3.642E-04
  2.298751E+00 4.329E-04
  2.334160E+00 5.149E-04
  2.361715E+00 6.133E-04
  2.382580E+00 7.291E-04
  2.397586E+00 8.573E-04
  2.407297E+00 9.782E-04
  2.416783E+00 1.149E-03
  2.421443E+00 1.265E-03
  2.426050E+00 1.411E-03
  2.430604E+00 1.602E-03
  2.435106E+00 1.862E-03
  2.439556E+00 2.233E-03
  2.443956E+00 2.796E-03
  2.448306E+00 3.722E-03
  2.452607E+00 5.424E-03
  2.456859E+00 9.018E-03
  2.461064E+00 1.736E-02
  2.465222E+00 2.659E-02
  2.469334E+00 1.511E-02
  2.473401E+00 6.412E-03
  2.477422E+00 3.246E-03
  2.481399E+00 1.980E-03
  2.485333E+00 1.401E-03
  2.489224E+00 1.113E-03
  2.493073E+00 9.633E-04
  2.496879E+00 8.879E-04
  2.500645E+00 8.552E-04
  2.504371E+00 8.492E-04
  2.511702E+00 8.854E-04
  2.522409E+00 1.012E-03
  2.532782E+00 1.202E-03
  2.542835E+00 1.462E-03
  2.552579E+00 1.819E-03
  2.558910E+00 2.136E-03
  2.565114E+00 2.547E-03
  2.571194E+00 3.092E-03
  2.577152E+00 3.845E-03
  2.580087E+00 4.335E-03
  2.582993E+00 4.931E-03
  2.585870E+00 5.667E-03
  2.588719E+00 6.592E-03
  2.591540E+00 7.779E-03
  2.594333E+00 9.340E-03
  2.597099E+00 1.145E-02
  2.599839E+00 1.442E-02
  2.602552E+00 1.879E-02
  2.605238E+00 2.560E-02
  2.607899E+00 3.708E-02
  2.610534E+00 5.868E-02
  2.613144E+00 1.061E-01
  2.615730E+00 2.350E-01
  2.618290E+00 5.874E-01
  2.620827E+00 5.132E-01
  2.623339E+00 1.925E-01
  2.625828E+00 8.572E-02
  2.628294E+00 4.628E-02
  2.630736E+00 2.833E-02
  2.633156E+00 1.886E-02
  2.635553E+00 1.331E-02
  2.637928E+00 9.813E-03
  2.640282E+00 7.473E-03
  2.642613E+00 5.840E-03
  2.644923E+00 4.660E-03
  2.647212E+00 3.782E-03
  2.649480E+00 3.115E-03
  2.651728E+00 2.596E-03
  2.653955E+00 2.187E-03
  2.656162E+00 1.859E-03
  2.658349E+00 1.594E-03
  2.660517E+00 1.377E-03
  2.662665E+00 1.197E-03
  2.664793E+00 1.047E-03
  2.668995E+00 8.160E-04
  2.673122E+00 6.499E-04
  2.677177E+00 5.287E-04
  2.681161E+00 4.396E-04
  2.685076E+00 3.738E-04
  2.688924E+00 3.254E-04
  2.694572E+00 2.770E-04
  2.700078E+00 2.494E-04
  2.705445E+00 2.369E-04
  2.712394E+00 2.374E-04
  2.720761E+00 2.582E-04
  2.728791E+00 2.962E-04
  2.738009E+00 3.609E-04
  2.746796E+00 4.461E-04
  2.755179E+00 5.552E-04
  2.763183E+00 6.981E-04
  2.769579E+00 8.613E-04
  2.773303E+00 9.963E-04
  2.776944E+00 1.189E-03
  2.779327E+00 1.385E-03
  2.780506E+00 1.524E-03
  2.781676E+00 1.712E-03
  2.782837E+00 1.987E-03
  2.783990E+00 2.437E-03
  2.785134E+00 3.314E-03
  2.786270E+00 5.706E-03
  2.787398E+00 2.147E-02
  2.788518E+00 2.843E-02
  2.789630E+00 1.485E-03
  2.790733E+00 4.964E-04
  2.791829E+00 4.527E-04
  2.792917E+00 5.291E-04
  2.796135E+00 7.950E-04
  2.808347E+00 1.652E-03
  2.813142E+00 2.084E-03
  2.816862E+00 2.529E-03
  2.820483E+00 3.125E-03
  2.823136E+00 3.737E-03
  2.825736E+00 4.588E-03
  2.827441E+00 5.372E-03
  2.829124E+00 6.433E-03
  2.829957E+00 7.116E-03
  2.830784E+00 7.942E-03
  2.831607E+00 8.957E-03
  2.832423E+00 1.023E-02
  2.833235E+00 1.185E-02
  2.834041E+00 1.397E-02
  2.834843E+00 1.684E-02
  2.835639E+00 2.084E-02
  2.836430E+00 2.666E-02
  2.837215E+00 3.556E-02
  2.837996E+00 4.994E-02
  2.838772E+00 7.443E-02
  2.839543E+00 1.164E-01
  2.840309E+00 1.749E-01
  2.841070E+00 1.981E-01
  2.841826E+00 1.476E-01
  2.842578E+00 9.065E-02
  2.843325E+00 5.595E-02
  2.844067E+00 3.670E-02
  2.844804E+00 2.567E-02
  2.845537E+00 1.898E-02
  2.846265E+00 1.470E-02
  2.846989E+00 1.185E-02
  2.847708E+00 9.885E-03
  2.848423E+00 8.490E-03
  2.849133E+00 7.481E-03
  2.849839E+00 6.740E-03
  2.850540E+00 6.193E-03
  2.851931E+00 5.490E-03
  2.853304E+00 5.127E-03
  2.855332E+00 4.964E-03
  2.857324E+00 5.093E-03
  2.859924E+00 5.586E-03
  2.862462E+00 6.409E-03
  2.864941E+00 7.608E-03
  2.866761E+00 8.838E-03
  2.868550E+00 1.047E-02
  2.870308E+00 1.269E-02
  2.872036E+00 1.584E-02
  2.873171E+00 1.874E-02
  2.874293E+00 2.265E-02
  2.874849E+00 2.513E-02
  2.875402E+00 2.810E-02
  2.875952E+00 3.170E-02
  2.876499E+00 3.612E-02
  2.877043E+00 4.164E-02
  2.877583E+00 4.868E-02
  2.878121E+00 5.787E-02
  2.878655E+00 7.023E-02
  2.879187E+00 8.743E-02
  2.879716E+00 1.124E-01
  2.880241E+00 1.509E-01
  2.880764E+00 2.144E-01
  2.881284E+00 3.305E-01
  2.881800E+00 5.725E-01
  2.882314E+00 1.162E+00
  2.882825E+00 2.457E+00
  2.883334E+00 2.314E+00
  2.883839E+00 1.011E+00
  2.884342E+00 4.679E-01
  2.884842E+00 2.533E-01
  2.885339E+00 1.539E-01
  2.885833E+00 1.011E-01
  2.886325E+00 7.033E-02
  2.886814E+00 5.098E-02
  2.887300E+00 3.813E-02
  2.887784E+00 2.922E-02
  2.888265E+00 2.283E-02
  2.888743E+00 1.812E-02
  2.889219E+00 1.457E-02
  2.889693E+00 1.184E-02
  2.890163E+00 9.700E-03
  2.890631E+00 8.008E-03
  2.891097E+00 6.651E-03
  2.891560E+00 5.553E-03
  2.892021E+00 4.657E-03
  2.892479E+00 3.921E-03
  2.892935E+00 3.312E-03
  2.893388E+00 2.807E-03
  2.893839E+00 2.385E-03
  2.894287E+00 2.034E-03
  2.894734E+00 1.740E-03
  2.895177E+00 1.494E-03
  2.895619E+00 1.289E-03
  2.896058E+00 1.118E-03
  2.896494E+00 9.775E-04
  2.896929E+00 8.619E-04
  2.897361E+00 7.683E-04
  2.897791E+00 6.938E-04
  2.898219E+00 6.361E-04
  2.898644E+00 5.933E-04
  2.899067E+00 5.637E-04
  2.899907E+00 5.390E-04
  2.900738E+00 5.540E-04
  2.901561E+00 6.037E-04
  2.902375E+00 6.859E-04
  2.903180E+00 8.019E-04
  2.903978E+00 9.587E-04
  2.904767E+00 1.175E-03
  2.905159E+00 1.319E-03
  2.905549E+00 1.503E-03
  2.905936E+00 1.754E-03
  2.906322E+00 2.133E-03
  2.906706E+00 2.804E-03
  2.907088E+00 4.379E-03
  2.907468E+00 1.135E-02
  2.907846E+00 2.294E+00
  2.908222E+00 5.330E-03
  2.908596E+00 1.623E-03
  2.908968E+00 1.230E-03
  2.909339E+00 1.228E-03
  2.910075E+00 1.423E-03
  2.912592E+00 2.310E-03
  2.914682E+00 3.190E-03
  2.916712E+00 4.268E-03
  2.918359E+00 5.403E-03
  2.919967E+00 6.874E-03
  2.921226E+00 8.429E-03
  2.922462E+00 1.053E-02
  2.923373E+00 1.270E-02
  2.924272E+00 1.577E-02
  2.924865E+00 1.876E-02
  2.925159E+00 2.078E-02
  2.925451E+00 2.345E-02
  2.925743E+00 2.739E-02
  2.926033E+00 3.474E-02
  2.926322E+00 5.791E-02
  2.926609E+00 4.829E-03
  2.926895E+00 1.526E-02
  2.927180E+00 2.280E-02
  2.927746E+00 3.468E-02
  2.928027E+00 4.131E-02
  2.928306E+00 4.925E-02
  2.928585E+00 5.918E-02
  2.928862E+00 7.208E-02
  2.929138E+00 8.943E-02
  2.929412E+00 1.137E-01
  2.929686E+00 1.489E-01
  2.929958E+00 2.028E-01
  2.930229E+00 2.894E-01
  2.930499E+00 4.355E-01
  2.930767E+00 6.826E-01
  2.931034E+00 1.029E+00
  2.931300E+00 1.213E+00
  2.931565E+00 9.724E-01
  2.931829E+00 6.308E-01
  2.932092E+00 4.017E-01
  2.932353E+00 2.681E-01
  2.932613E+00 1.891E-01
  2.932872E+00 1.401E-01
  2.933130E+00 1.082E-01
  2.933387E+00 8.653E-02
  2.933643E+00 7.123E-02
  2.933897E+00 6.010E-02
  2.934151E+00 5.182E-02
  2.934403E+00 4.554E-02
  2.934654E+00 4.069E-02
  2.934904E+00 3.690E-02
  2.935401E+00 3.156E-02
  2.935894E+00 2.820E-02
  2.936625E+00 2.544E-02
  2.937346E+00 2.438E-02
  2.938294E+00 2.470E-02
  2.939225E+00 2.653E-02
  2.940140E+00 2.978E-02
  2.941041E+00 3.469E-02
  2.941926E+00 4.185E-02
  2.942580E+00 4.938E-02
  2.943226E+00 5.973E-02
  2.943864E+00 7.443E-02
  2.944285E+00 8.800E-02
  2.944702E+00 1.062E-01
  2.945116E+00 1.316E-01
  2.945322E+00 1.482E-01
  2.945527E+00 1.685E-01
  2.945731E+00 1.937E-01
  2.945934E+00 2.255E-01
  2.946136E+00 2.667E-01
  2.946338E+00 3.212E-01
  2.946539E+00 3.955E-01
  2.946739E+00 5.010E-01
  2.946938E+00 6.577E-01
  2.947136E+00 9.049E-01
  2.947333E+00 1.326E+00
  2.947530E+00 2.119E+00
  2.947726E+00 3.800E+00
  2.948116E+00 1.115E+01
  2.948309E+00 7.249E+00
  2.948502E+00 3.493E+00
  2.948694E+00 1.840E+00
  2.948885E+00 1.088E+00
  2.949076E+00 7.019E-01
  2.949265E+00 4.825E-01
  2.949454E+00 3.476E-01
  2.949642E+00 2.595E-01
  2.949830E+00 1.991E-01
  2.950017E+00 1.562E-01
  2.950203E+00 1.247E-01
  2.950388E+00 1.010E-01
  2.950572E+00 8.282E-02
  2.950756E+00 6.858E-02
  2.950939E+00 5.727E-02
  2.951121E+00 4.815E-02
  2.951303E+00 4.073E-02
  2.951484E+00 3.462E-02
  2.951664E+00 2.955E-02
  2.951844E+00 2.530E-02
  2.952022E+00 2.172E-02
  2.952200E+00 1.869E-02
  2.952378E+00 1.610E-02
  2.952554E+00 1.389E-02
  2.952730E+00 1.199E-02
  2.952906E+00 1.034E-02
  2.953080E+00 8.922E-03
  2.953254E+00 7.689E-03
  2.953600E+00 5.685E-03
  2.953772E+00 4.872E-03
  2.953943E+00 4.164E-03
  2.954114E+00 3.547E-03
  2.954284E+00 3.010E-03
  2.954453E+00 2.544E-03
  2.954622E+00 2.140E-03
  2.954790E+00 1.792E-03
  2.954957E+00 1.492E-03
  2.955124E+00 1.238E-03
  2.955290E+00 1.023E-03
  2.955455E+00 8.437E-04
  2.955620E+00 6.978E-04
  2.955784E+00 5.826E-04
  2.955948E+00 4.967E-04
  2.956111E+00 4.407E-04
  2.956273E+00 4.192E-04
  2.956435E+00 4.507E-04
  2.956596E+00 6.189E-04
  2.956757E+00 1.671E-03
  2.956916E+00 2.599E-01
  2.957076E+00 1.510E-03
  2.957234E+00 7.391E-04
  2.957393E+00 6.383E-04
  2.957550E+00 6.543E-04
  2.957707E+00 7.129E-04
  2.957863E+00 7.947E-04
  2.958174E+00 1.003E-03
  2.958636E+00 1.396E-03
  2.959244E+00 2.036E-03
  2.959992E+00 2.981E-03
  2.961159E+00 4.710E-03
  2.961303E+00 4.950E-03
  2.961446E+00 5.056E-03
  2.962013E+00 5.848E-03
  2.962433E+00 6.146E-03
  2.962986E+00 6.081E-03
  2.963123E+00 6.644E-03
  2.963259E+00 9.877E-03
  2.963395E+00 3.065E-02
  2.963531E+00 4.026E-01
  2.963666E+00 3.992E-01
  2.963800E+00 1.041E-01
  2.963934E+00 6.162E-02
  2.964068E+00 4.733E-02
  2.964201E+00 4.086E-02
  2.964334E+00 3.754E-02
  2.964466E+00 3.580E-02
  2.964729E+00 3.473E-02
  2.965120E+00 3.613E-02
  2.965507E+00 3.966E-02
  2.965889E+00 4.505E-02
  2.966268E+00 5.267E-02
  2.966643E+00 6.342E-02
  2.966891E+00 7.316E-02
  2.967137E+00 8.596E-02
  2.967381E+00 1.033E-01
  2.967503E+00 1.144E-01
  2.967624E+00 1.277E-01
  2.967744E+00 1.438E-01
  2.967865E+00 1.637E-01
  2.967985E+00 1.886E-01
  2.968104E+00 2.203E-01
  2.968223E+00 2.618E-01
  2.968342E+00 3.172E-01
  2.968460E+00 3.936E-01
  2.968578E+00 5.027E-01
  2.968695E+00 6.652E-01
  2.968812E+00 9.188E-01
  2.968929E+00 1.334E+00
  2.969045E+00 2.030E+00
  2.969277E+00 4.186E+00
  2.969392E+00 4.025E+00
  2.969506E+00 2.850E+00
  2.969621E+00 1.833E+00
  2.969735E+00 1.206E+00
  2.969848E+00 8.346E-01
  2.969961E+00 6.082E-01
  2.970074E+00 4.632E-01
  2.970186E+00 3.663E-01
  2.970298E+00 2.989E-01
  2.970410E+00 2.506E-01
  2.970521E+00 2.150E-01
  2.970632E+00 1.882E-01
  2.970743E+00 1.677E-01
  2.970853E+00 1.519E-01
  2.971072E+00 1.297E-01
  2.971290E+00 1.159E-01
  2.971614E+00 1.049E-01
  2.971934E+00 1.010E-01
  2.972357E+00 1.033E-01
  2.972774E+00 1.123E-01
  2.973186E+00 1.279E-01
  2.973593E+00 1.520E-01
  2.973894E+00 1.778E-01
  2.974193E+00 2.135E-01
  2.974488E+00 2.644E-01
  2.974684E+00 3.115E-01
  2.974878E+00 3.747E-01
  2.975071E+00 4.626E-01
  2.975167E+00 5.203E-01
  2.975263E+00 5.906E-01
  2.975358E+00 6.780E-01
  2.975453E+00 7.884E-01
  2.975548E+00 9.309E-01
  2.975643E+00 1.120E+00
  2.975737E+00 1.378E+00
  2.975831E+00 1.744E+00
  2.975924E+00 2.288E+00
  2.976018E+00 3.148E+00
  2.976111E+00 4.619E+00
  2.976204E+00 7.403E+00
  2.976296E+00 1.333E+01
  2.976388E+00 2.630E+01
  2.976480E+00 3.814E+01
  2.976572E+00 2.389E+01
  2.976663E+00 1.142E+01
  2.976754E+00 6.012E+00
  2.976845E+00 3.552E+00
  2.976935E+00 2.288E+00
  2.977025E+00 1.569E+00
  2.977115E+00 1.126E+00
  2.977205E+00 8.375E-01
  2.977294E+00 6.397E-01
  2.977383E+00 4.992E-01
  2.977472E+00 3.962E-01
  2.977561E+00 3.188E-01
  2.977649E+00 2.595E-01
  2.977737E+00 2.131E-01
  2.977825E+00 1.764E-01
  2.977912E+00 1.468E-01
  2.977999E+00 1.228E-01
  2.978086E+00 1.030E-01
  2.978173E+00 8.670E-02
  2.978259E+00 7.305E-02
  2.978345E+00 6.156E-02
  2.978431E+00 5.184E-02
  2.978516E+00 4.354E-02
  2.978602E+00 3.643E-02
  2.978687E+00 3.028E-02
  2.978772E+00 2.492E-02
  2.978856E+00 2.018E-02
  2.979024E+00 1.189E-02
  2.979108E+00 7.827E-03
  2.979192E+00 3.101E-03
  2.979275E+00 6.205E-03
  2.979358E+00 5.474E-02
  2.979440E+00 1.766E-02
  2.979523E+00 1.091E-02
  2.979605E+00 7.694E-03
  2.979687E+00 5.666E-03
  2.979769E+00 4.230E-03
  2.979850E+00 3.161E-03
  2.979932E+00 2.353E-03
  2.980013E+00 1.743E-03
  2.980093E+00 1.293E-03
  2.980174E+00 9.771E-04
  2.980254E+00 7.762E-04
  2.980334E+00 6.756E-04
  2.980414E+00 6.635E-04
  2.980494E+00 7.307E-04
  2.980573E+00 8.692E-04
  2.980652E+00 1.073E-03
  2.980731E+00 1.335E-03
  2.980809E+00 1.652E-03
  2.980888E+00 2.019E-03
  2.981044E+00 2.888E-03
  2.981199E+00 3.919E-03
  2.981430E+00 5.729E-03
  2.981659E+00 7.851E-03
  2.981810E+00 9.583E-03
  2.981886E+00 1.090E-02
  2.981961E+00 1.987E-02
  2.982036E+00 9.374E-03
  2.982111E+00 1.102E-02
  2.982260E+00 1.288E-02
  2.982628E+00 1.669E-02
  2.982774E+00 1.891E-02
  2.982846E+00 2.096E-02
  2.982919E+00 2.479E-02
  2.982991E+00 3.303E-02
  2.983063E+00 5.352E-02
  2.983135E+00 1.162E-01
  2.983206E+00 4.011E-01
  2.983278E+00 4.264E+00
  2.983349E+00 3.562E+00
  2.983420E+00 7.806E-01
  2.983490E+00 4.009E-01
  2.983561E+00 2.773E-01
  2.983631E+00 2.215E-01
  2.983701E+00 1.919E-01
  2.983771E+00 1.749E-01
  2.983841E+00 1.649E-01
  2.983980E+00 1.564E-01
  2.984187E+00 1.588E-01
  2.984392E+00 1.716E-01
  2.984595E+00 1.932E-01
  2.984797E+00 2.247E-01
  2.984997E+00 2.698E-01
  2.985195E+00 3.359E-01
  2.985326E+00 3.985E-01
  2.985457E+00 4.845E-01
  2.985521E+00 5.402E-01
  2.985586E+00 6.077E-01
  2.985651E+00 6.904E-01
  2.985715E+00 7.935E-01
  2.985780E+00 9.243E-01
  2.985844E+00 1.094E+00
  2.985907E+00 1.318E+00
  2.985971E+00 1.624E+00
  2.986035E+00 2.055E+00
  2.986098E+00 2.686E+00
  2.986161E+00 3.651E+00
  2.986224E+00 5.193E+00
  2.986287E+00 7.746E+00
  2.986350E+00 1.185E+01
  2.986412E+00 1.693E+01
  2.986475E+00 1.868E+01
  2.986537E+00 1.473E+01
  2.986599E+00 9.816E+00
  2.986660E+00 6.457E+00
  2.986722E+00 4.429E+00
  2.986784E+00 3.194E+00
  2.986845E+00 2.411E+00
  2.986906E+00 1.892E+00
  2.986967E+00 1.534E+00
  2.987028E+00 1.279E+00
  2.987088E+00 1.092E+00
  2.987149E+00 9.523E-01
  2.987209E+00 8.457E-01
  2.987269E+00 7.633E-01
  2.987389E+00 6.484E-01
  2.987508E+00 5.770E-01
  2.987686E+00 5.191E-01
  2.987862E+00 4.978E-01
  2.988094E+00 5.067E-01
  2.988324E+00 5.491E-01
  2.988552E+00 6.246E-01
  2.988777E+00 7.410E-01
  2.988944E+00 8.654E-01
  2.989110E+00 1.036E+00
  2.989275E+00 1.278E+00
  2.989384E+00 1.499E+00
  2.989492E+00 1.791E+00
  2.989600E+00 2.192E+00
  2.989654E+00 2.450E+00
  2.989707E+00 2.761E+00
  2.989761E+00 3.141E+00
  2.989814E+00 3.614E+00
  2.989867E+00 4.211E+00
  2.989920E+00 4.982E+00
  2.989973E+00 6.004E+00
  2.990026E+00 7.398E+00
  2.990079E+00 9.374E+00
  2.990131E+00 1.231E+01
  2.990184E+00 1.693E+01
  2.990236E+00 2.478E+01
  2.990288E+00 3.948E+01
  2.990340E+00 7.022E+01
  2.990392E+00 1.353E+02
  2.990443E+00 1.962E+02
  2.990546E+00 6.364E+01
  2.990597E+00 3.387E+01
  2.990649E+00 2.012E+01
  2.990700E+00 1.301E+01
  2.990750E+00 8.950E+00
  2.990801E+00 6.446E+00
  2.990852E+00 4.807E+00
  2.990902E+00 3.683E+00
  2.990953E+00 2.883E+00
  2.991003E+00 2.295E+00
  2.991053E+00 1.852E+00
  2.991103E+00 1.512E+00
  2.991153E+00 1.246E+00
  2.991203E+00 1.034E+00
  2.991252E+00 8.626E-01
  2.991302E+00 7.230E-01
  2.991351E+00 6.078E-01
  2.991400E+00 5.118E-01
  2.991449E+00 4.310E-01
  2.991498E+00 3.622E-01
  2.991547E+00 3.029E-01
  2.991644E+00 2.040E-01
  2.991693E+00 1.588E-01
  2.991741E+00 1.082E-01
  2.991789E+00 2.404E-02
  2.991837E+00 5.974E-01
  2.991885E+00 1.906E-01
  2.991933E+00 1.314E-01
  2.991981E+00 1.008E-01
  2.992029E+00 7.980E-02
  2.992076E+00 6.374E-02
  2.992123E+00 5.087E-02
  2.992171E+00 4.032E-02
  2.992218E+00 3.158E-02
  2.992265E+00 2.434E-02
  2.992312E+00 1.835E-02
  2.992359E+00 1.344E-02
  2.992405E+00 9.483E-03
  2.992452E+00 6.363E-03
  2.992498E+00 3.994E-03
  2.992545E+00 2.300E-03
  2.992591E+00 1.221E-03
  2.992637E+00 7.038E-04
  2.992683E+00 7.032E-04
  2.992729E+00 1.181E-03
  2.992774E+00 2.104E-03
  2.992820E+00 3.444E-03
  2.992865E+00 5.178E-03
  2.992911E+00 7.286E-03
  2.992956E+00 9.751E-03
  2.993001E+00 1.256E-02
  2.993046E+00 1.571E-02
  2.993136E+00 2.302E-02
  2.993226E+00 3.179E-02
  2.993314E+00 4.251E-02
  2.993359E+00 4.912E-02
  2.993403E+00 5.752E-02
  2.993447E+00 7.065E-02
  2.993491E+00 1.106E-01
  2.993535E+00 5.884E-04
  2.993579E+00 4.248E-02
  2.993622E+00 5.797E-02
  2.993709E+00 7.754E-02
  2.993796E+00 9.690E-02
  2.993839E+00 1.090E-01
  2.993882E+00 1.249E-01
  2.993925E+00 1.477E-01
  2.993968E+00 1.838E-01
  2.994010E+00 2.472E-01
  2.994053E+00 3.719E-01
  2.994095E+00 6.547E-01
  2.994138E+00 1.447E+00
  2.994180E+00 4.734E+00
  2.994222E+00 4.293E+01
  2.994264E+00 4.258E+01
  2.994306E+00 8.338E+00
  2.994348E+00 3.984E+00
  2.994390E+00 2.614E+00
  2.994432E+00 2.007E+00
  2.994473E+00 1.687E+00
  2.994515E+00 1.503E+00
  2.994556E+00 1.393E+00
  2.994597E+00 1.328E+00
  2.994679E+00 1.277E+00
  2.994802E+00 1.315E+00
  2.994924E+00 1.442E+00
  2.995045E+00 1.648E+00
  2.995165E+00 1.948E+00
  2.995284E+00 2.379E+00
  2.995363E+00 2.772E+00
  2.995442E+00 3.290E+00
  2.995520E+00 3.989E+00
  2.995598E+00 4.968E+00
  2.995636E+00 5.611E+00
  2.995675E+00 6.397E+00
  2.995714E+00 7.373E+00
  2.995752E+00 8.605E+00
  2.995791E+00 1.019E+01
  2.995829E+00 1.227E+01
  2.995867E+00 1.509E+01
  2.995905E+00 1.900E+01
  2.995944E+00 2.464E+01
  2.995982E+00 3.311E+01
  2.996019E+00 4.642E+01
  2.996057E+00 6.829E+01
  2.996095E+00 1.048E+02
  2.996133E+00 1.601E+02
  2.996170E+00 2.107E+02
  2.996208E+00 1.997E+02
  2.996245E+00 1.436E+02
  2.996282E+00 9.510E+01
  2.996319E+00 6.439E+01
  2.996357E+00 4.579E+01
  2.996394E+00 3.418E+01
  2.996430E+00 2.663E+01
  2.996467E+00 2.151E+01
  2.996504E+00 1.791E+01
  2.996541E+00 1.531E+01
  2.996577E+00 1.339E+01
  2.996614E+00 1.194E+01
  2.996650E+00 1.083E+01
  2.996723E+00 9.325E+00
  2.996795E+00 8.435E+00
  2.996903E+00 7.809E+00
  2.997010E+00 7.740E+00
  2.997116E+00 8.082E+00
  2.997222E+00 8.791E+00
  2.997327E+00 9.885E+00
  2.997431E+00 1.144E+01
  2.997534E+00 1.358E+01
  2.997637E+00 1.655E+01
  2.997739E+00 2.071E+01
  2.997807E+00 2.444E+01
  2.997874E+00 2.927E+01
  2.997941E+00 3.565E+01
  2.997975E+00 3.962E+01
  2.998041E+00 4.977E+01
  2.998108E+00 6.415E+01
  2.998141E+00 7.369E+01
  2.998174E+00 8.543E+01
  2.998206E+00 1.001E+02
  2.998239E+00 1.186E+02
  2.998272E+00 1.427E+02
  2.998305E+00 1.744E+02
  2.998337E+00 2.176E+02
  2.998370E+00 2.781E+02
  2.998402E+00 3.666E+02
  2.998435E+00 5.023E+02
  2.998467E+00 7.242E+02
  2.998499E+00 1.118E+03
  2.998531E+00 1.893E+03
  2.998563E+00 3.576E+03
  2.998596E+00 6.889E+03
  2.998627E+00 8.208E+03
  2.998659E+00 4.840E+03
  2.998691E+00 2.522E+03
  2.998723E+00 1.452E+03
  2.998755E+00 9.255E+02
  2.998786E+00 6.373E+02
  2.998818E+00 4.647E+02
  2.998849E+00 3.538E+02
  2.998881E+00 2.785E+02
  2.998912E+00 2.251E+02
  2.998943E+00 1.859E+02
  2.998974E+00 1.563E+02
  2.999006E+00 1.333E+02
  2.999037E+00 1.151E+02
  2.999068E+00 1.004E+02
  2.999098E+00 8.842E+01
  2.999129E+00 7.845E+01
  2.999191E+00 6.287E+01
  2.999252E+00 5.116E+01
  2.999343E+00 3.682E+01
  2.999374E+00 3.120E+01
  2.999404E+00 2.090E+01
  2.999434E+00 3.658E+02
  2.999464E+00 4.807E+01
  2.999494E+00 3.812E+01
  2.999524E+00 3.371E+01
  2.999554E+00 3.079E+01
  2.999614E+00 2.673E+01
  2.999703E+00 2.255E+01
  2.999821E+00 1.870E+01
  2.999967E+00 1.538E+01
  3.000111E+00 1.309E+01
  3.000282E+00 1.127E+01
  3.000395E+00 1.079E+01
  3.000423E+00 1.090E+01
  3.000451E+00 1.126E+01
  3.000479E+00 1.227E+01
  3.000507E+00 1.622E+01
  3.000535E+00 2.612E+02
  3.000562E+00 3.829E+00
  3.000590E+00 5.822E+00
  3.000618E+00 6.629E+00
  3.000700E+00 8.134E+00
  3.000728E+00 8.895E+00
  3.000755E+00 1.006E+01
  3.000783E+00 1.197E+01
  3.000810E+00 1.529E+01
  3.000837E+00 2.150E+01
  3.000864E+00 3.453E+01
  3.000891E+00 6.737E+01
  3.000918E+00 1.838E+02
  3.000945E+00 1.143E+03
  3.000972E+00 2.675E+03
  3.000999E+00 3.581E+02
  3.001026E+00 1.423E+02
  3.001053E+00 8.194E+01
  3.001079E+00 5.641E+01
  3.001106E+00 4.308E+01
  3.001132E+00 3.516E+01
  3.001159E+00 3.004E+01
  3.001185E+00 2.652E+01
  3.001212E+00 2.400E+01
  3.001238E+00 2.212E+01
  3.001291E+00 1.960E+01
  3.001369E+00 1.756E+01
  3.001447E+00 1.666E+01
  3.001550E+00 1.657E+01
  3.001653E+00 1.758E+01
  3.001729E+00 1.923E+01
  3.001805E+00 2.205E+01
  3.001855E+00 2.495E+01
  3.001905E+00 2.918E+01
  3.001930E+00 3.204E+01
  3.001955E+00 3.562E+01
  3.001980E+00 4.014E+01
  3.002004E+00 4.599E+01
  3.002029E+00 5.371E+01
  3.002054E+00 6.418E+01
  3.002078E+00 7.882E+01
  3.002103E+00 1.001E+02
  3.002127E+00 1.323E+02
  3.002152E+00 1.833E+02
  3.002176E+00 2.664E+02
  3.002201E+00 3.966E+02
  3.002225E+00 5.468E+02
  3.002249E+00 5.742E+02
  3.002274E+00 4.316E+02
  3.002298E+00 2.776E+02
  3.002322E+00 1.776E+02
  3.002346E+00 1.188E+02
  3.002370E+00 8.358E+01
  3.002394E+00 6.156E+01
  3.002418E+00 4.715E+01
  3.002442E+00 3.731E+01
  3.002466E+00 3.036E+01
  3.002490E+00 2.531E+01
  3.002513E+00 2.154E+01
  3.002537E+00 1.867E+01
  3.002561E+00 1.645E+01
  3.002584E+00 1.470E+01
  3.002608E+00 1.330E+01
  3.002655E+00 1.127E+01
  3.002702E+00 9.917E+00
  3.002748E+00 8.999E+00
  3.002818E+00 8.151E+00
  3.002910E+00 7.641E+00
  3.003024E+00 7.643E+00
  3.003137E+00 8.212E+00
  3.003227E+00 9.123E+00
  3.003294E+00 1.017E+01
  3.003360E+00 1.169E+01
  3.003426E+00 1.393E+01
  3.003470E+00 1.607E+01
  3.003514E+00 1.903E+01
  3.003557E+00 2.330E+01
  3.003579E+00 2.620E+01
  3.003600E+00 2.983E+01
  3.003622E+00 3.448E+01
  3.003643E+00 4.059E+01
  3.003665E+00 4.885E+01
  3.003686E+00 6.043E+01
  3.003708E+00 7.743E+01
  3.003729E+00 1.038E+02
  3.003750E+00 1.479E+02
  3.003772E+00 2.286E+02
  3.003793E+00 3.925E+02
  3.003814E+00 7.269E+02
  3.003835E+00 1.041E+03
  3.003857E+00 7.038E+02
  3.003878E+00 3.460E+02
  3.003899E+00 1.811E+02
  3.003920E+00 1.053E+02
  3.003941E+00 6.662E+01
  3.003962E+00 4.484E+01
  3.003982E+00 3.160E+01
  3.004003E+00 2.307E+01
  3.004024E+00 1.730E+01
  3.004045E+00 1.326E+01
  3.004066E+00 1.035E+01
  3.004086E+00 8.183E+00
  3.004107E+00 6.547E+00
  3.004127E+00 5.288E+00
  3.004148E+00 4.304E+00
  3.004169E+00 3.524E+00
  3.004189E+00 2.900E+00
  3.004209E+00 2.395E+00
  3.004230E+00 1.982E+00
  3.004250E+00 1.641E+00
  3.004271E+00 1.357E+00
  3.004291E+00 1.116E+00
  3.004331E+00 7.083E-01
  3.004351E+00 4.345E-01
  3.004372E+00 1.179E+00
  3.004392E+00 6.039E-01
  3.004412E+00 4.619E-01
  3.004432E+00 3.694E-01
  3.004452E+00 2.986E-01
  3.004472E+00 2.416E-01
  3.004492E+00 1.947E-01
  3.004512E+00 1.559E-01
  3.004531E+00 1.236E-01
  3.004551E+00 9.684E-02
  3.004571E+00 7.467E-02
  3.004591E+00 5.644E-02
  3.004610E+00 4.159E-02
  3.004630E+00 2.964E-02
  3.004650E+00 2.021E-02
  3.004669E+00 1.296E-02
  3.004689E+00 7.607E-03
  3.004708E+00 3.908E-03
  3.004728E+00 1.652E-03
  3.004747E+00 6.590E-04
  3.004766E+00 7.741E-04
  3.004786E+00 1.863E-03
  3.004805E+00 3.810E-03
  3.004824E+00 6.516E-03
  3.004844E+00 9.898E-03
  3.004863E+00 1.389E-02
  3.004882E+00 1.842E-02
  3.004901E+00 2.347E-02
  3.004939E+00 3.499E-02
  3.004977E+00 4.853E-02
  3.005015E+00 6.490E-02
  3.005034E+00 7.501E-02
  3.005053E+00 8.783E-02
  3.005072E+00 1.073E-01
  3.005091E+00 1.542E-01
  3.005109E+00 1.040E+01
  3.005128E+00 4.366E-02
  3.005147E+00 7.830E-02
  3.005203E+00 1.412E-01
  3.005221E+00 1.685E-01
  3.005240E+00 2.058E-01
  3.005258E+00 2.613E-01
  3.005277E+00 3.507E-01
  3.005295E+00 5.084E-01
  3.005313E+00 8.199E-01
  3.005332E+00 1.543E+00
  3.005350E+00 3.732E+00
  3.005368E+00 1.535E+01
  3.005387E+00 2.142E+02
  3.005405E+00 2.309E+01
  3.005423E+00 7.088E+00
  3.005441E+00 3.745E+00
  3.005459E+00 2.500E+00
  3.005477E+00 1.897E+00
  3.005495E+00 1.559E+00
  3.005513E+00 1.350E+00
  3.005531E+00 1.215E+00
  3.005549E+00 1.123E+00
  3.005585E+00 1.018E+00
  3.005621E+00 9.708E-01
  3.005674E+00 9.614E-01
  3.005745E+00 1.021E+00
  3.005815E+00 1.150E+00
  3.005867E+00 1.302E+00
  3.005919E+00 1.526E+00
  3.005953E+00 1.734E+00
  3.005988E+00 2.014E+00
  3.006022E+00 2.403E+00
  3.006039E+00 2.658E+00
  3.006056E+00 2.969E+00
  3.006073E+00 3.353E+00
  3.006090E+00 3.837E+00
  3.006107E+00 4.458E+00
  3.006124E+00 5.273E+00
  3.006141E+00 6.372E+00
  3.006157E+00 7.900E+00
  3.006174E+00 1.011E+01
  3.006191E+00 1.342E+01
  3.006208E+00 1.865E+01
  3.006225E+00 2.723E+01
  3.006241E+00 4.127E+01
  3.006258E+00 6.056E+01
  3.006275E+00 7.208E+01
  3.006291E+00 6.040E+01
  3.006308E+00 4.048E+01
  3.006324E+00 2.608E+01
  3.006341E+00 1.743E+01
  3.006357E+00 1.226E+01
  3.006374E+00 9.043E+00
  3.006390E+00 6.952E+00
  3.006407E+00 5.532E+00
  3.006423E+00 4.533E+00
  3.006439E+00 3.809E+00
  3.006456E+00 3.270E+00
  3.006472E+00 2.860E+00
  3.006488E+00 2.544E+00
  3.006504E+00 2.296E+00
  3.006537E+00 1.943E+00
  3.006569E+00 1.715E+00
  3.006617E+00 1.514E+00
  3.006665E+00 1.416E+00
  3.006729E+00 1.384E+00
  3.006807E+00 1.456E+00
  3.006870E+00 1.593E+00
  3.006932E+00 1.816E+00
  3.006994E+00 2.161E+00
  3.007040E+00 2.544E+00
  3.007085E+00 3.102E+00
  3.007116E+00 3.630E+00
  3.007146E+00 4.356E+00
  3.007161E+00 4.827E+00
  3.007176E+00 5.399E+00
  3.007191E+00 6.101E+00
  3.007206E+00 6.981E+00
  3.007221E+00 8.104E+00
  3.007236E+00 9.572E+00
  3.007251E+00 1.155E+01
  3.007266E+00 1.430E+01
  3.007281E+00 1.830E+01
  3.007296E+00 2.444E+01
  3.007311E+00 3.455E+01
  3.007325E+00 5.270E+01
  3.007340E+00 8.884E+01
  3.007355E+00 1.644E+02
  3.007370E+00 2.640E+02
  3.007384E+00 2.109E+02
  3.007399E+00 1.067E+02
  3.007414E+00 5.509E+01
  3.007428E+00 3.160E+01
  3.007443E+00 1.981E+01
  3.007458E+00 1.327E+01
  3.007472E+00 9.332E+00
  3.007487E+00 6.812E+00
  3.007501E+00 5.117E+00
  3.007516E+00 3.932E+00
  3.007530E+00 3.076E+00
  3.007545E+00 2.443E+00
  3.007559E+00 1.963E+00
  3.007573E+00 1.593E+00
  3.007588E+00 1.303E+00
  3.007602E+00 1.073E+00
  3.007616E+00 8.883E-01
  3.007631E+00 7.382E-01
  3.007645E+00 6.152E-01
  3.007659E+00 5.134E-01
  3.007673E+00 4.284E-01
  3.007702E+00 2.940E-01
  3.007716E+00 2.359E-01
  3.007730E+00 1.566E-01
  3.007744E+00 2.750E-01
  3.007758E+00 1.787E-01
  3.007772E+00 1.422E-01
  3.007786E+00 1.159E-01
  3.007800E+00 9.499E-02
  3.007814E+00 7.771E-02
  3.007828E+00 6.327E-02
  3.007842E+00 5.114E-02
  3.007856E+00 4.095E-02
  3.007870E+00 3.240E-02
  3.007884E+00 2.526E-02
  3.007898E+00 1.933E-02
  3.007911E+00 1.445E-02
  3.007925E+00 1.049E-02
  3.007939E+00 7.338E-03
  3.007953E+00 4.887E-03
  3.007966E+00 3.055E-03
  3.007980E+00 1.769E-03
  3.007994E+00 9.683E-04
  3.008007E+00 5.968E-04
  3.008021E+00 6.078E-04
  3.008035E+00 9.606E-04
  3.008048E+00 1.620E-03
  3.008062E+00 2.556E-03
  3.008075E+00 3.744E-03
  3.008089E+00 5.162E-03
  3.008116E+00 8.632E-03
  3.008143E+00 1.290E-02
  3.008170E+00 1.802E-02
  3.008196E+00 2.435E-02
  3.008210E+00 2.829E-02
  3.008223E+00 3.329E-02
  3.008236E+00 4.074E-02
  3.008249E+00 5.784E-02
  3.008263E+00 9.959E-01
  3.008276E+00 1.788E-02
  3.008289E+00 3.229E-02
  3.008315E+00 5.079E-02
  3.008328E+00 6.136E-02
  3.008342E+00 7.508E-02
  3.008355E+00 9.450E-02
  3.008368E+00 1.242E-01
  3.008381E+00 1.735E-01
  3.008394E+00 2.636E-01
  3.008407E+00 4.510E-01
  3.008420E+00 9.242E-01
  3.008433E+00 2.619E+00
  3.008446E+00 1.681E+01
  3.008458E+00 3.832E+01
  3.008471E+00 5.366E+00
  3.008484E+00 2.188E+00
  3.008497E+00 1.290E+00
  3.008510E+00 9.105E-01
  3.008523E+00 7.138E-01
  3.008536E+00 5.990E-01
  3.008548E+00 5.266E-01
  3.008561E+00 4.789E-01
  3.008586E+00 4.244E-01
  3.008612E+00 3.998E-01
  3.008650E+00 3.921E-01
  3.008700E+00 4.141E-01
  3.008750E+00 4.652E-01
  3.008787E+00 5.254E-01
  3.008824E+00 6.122E-01
  3.008861E+00 7.403E-01
  3.008885E+00 8.623E-01
  3.008910E+00 1.031E+00
  3.008922E+00 1.141E+00
  3.008934E+00 1.275E+00
  3.008946E+00 1.440E+00
  3.008958E+00 1.646E+00
  3.008970E+00 1.910E+00
  3.008982E+00 2.255E+00
  3.008994E+00 2.717E+00
  3.009006E+00 3.355E+00
  3.009018E+00 4.269E+00
  3.009030E+00 5.630E+00
  3.009042E+00 7.756E+00
  3.009054E+00 1.123E+01
  3.009066E+00 1.698E+01
  3.009078E+00 2.556E+01
  3.009090E+00 3.291E+01
  3.009102E+00 3.016E+01
  3.009114E+00 2.097E+01
  3.009126E+00 1.351E+01
  3.009137E+00 8.937E+00
  3.009149E+00 6.221E+00
  3.009161E+00 4.550E+00
  3.009173E+00 3.474E+00
  3.009184E+00 2.751E+00
  3.009196E+00 2.245E+00
  3.009208E+00 1.881E+00
  3.009220E+00 1.612E+00
  3.009231E+00 1.408E+00
  3.009254E+00 1.129E+00
  3.009278E+00 9.557E-01
  3.009301E+00 8.446E-01
  3.009324E+00 7.731E-01
  3.009358E+00 7.132E-01
  3.009404E+00 6.895E-01
  3.009449E+00 7.093E-01
  3.009506E+00 7.855E-01
  3.009562E+00 9.271E-01
  3.009606E+00 1.110E+00
  3.009639E+00 1.313E+00
  3.009672E+00 1.607E+00
  3.009694E+00 1.884E+00
  3.009716E+00 2.265E+00
  3.009727E+00 2.512E+00
  3.009738E+00 2.810E+00
  3.009749E+00 3.176E+00
  3.009759E+00 3.634E+00
  3.009770E+00 4.216E+00
  3.009781E+00 4.974E+00
  3.009792E+00 5.990E+00
  3.009803E+00 7.397E+00
  3.009813E+00 9.430E+00
  3.009824E+00 1.252E+01
  3.009835E+00 1.755E+01
  3.009846E+00 2.646E+01
  3.009856E+00 4.390E+01
  3.009867E+00 8.048E+01
  3.009878E+00 1.369E+02
  3.009888E+00 1.241E+02
  3.009899E+00 6.483E+01
  3.009910E+00 3.308E+01
  3.009920E+00 1.872E+01
  3.009931E+00 1.162E+01
  3.009941E+00 7.727E+00
  3.009952E+00 5.408E+00
  3.009962E+00 3.934E+00
  3.009973E+00 2.949E+00
  3.009983E+00 2.263E+00
  3.009994E+00 1.769E+00
  3.010004E+00 1.405E+00
  3.010015E+00 1.129E+00
  3.010025E+00 9.167E-01
  3.010036E+00 7.507E-01
  3.010046E+00 6.189E-01
  3.010056E+00 5.131E-01
  3.010077E+00 3.568E-01
  3.010098E+00 2.501E-01
  3.010108E+00 2.091E-01
  3.010118E+00 1.739E-01
  3.010129E+00 1.420E-01
  3.010129E+00 0.000E+00
  3.017000E+00 0.000E+00
  3.017000E+00 4.008E+00
  3.020300E+00 2.714E+00
  3.024428E+00 1.884E+00
  3.028500E+00 1.379E+00
  3.032527E+00 1.056E+00
  3.036510E+00 8.369E-01
  3.040449E+00 6.813E-01
  3.044345E+00 5.669E-01
  3.048199E+00 4.802E-01
  3.052011E+00 4.128E-01
  3.055782E+00 3.595E-01
  3.059512E+00 3.164E-01
  3.066854E+00 2.519E-01
  3.074040E+00 2.064E-01
  3.081074E+00 1.730E-01
  3.091352E+00 1.373E-01
  3.101313E+00 1.125E-01
  3.110970E+00 9.444E-02
  3.123394E+00 7.712E-02
  3.138236E+00 6.219E-02
  3.155103E+00 5.010E-02
  3.173576E+00 4.066E-02
  3.195592E+00 3.271E-02
  3.220131E+00 2.653E-02
  3.246188E+00 2.199E-02
  3.271172E+00 1.918E-02
  3.287319E+00 1.856E-02
  3.294915E+00 1.913E-02
  3.300778E+00 2.069E-02
  3.303641E+00 2.236E-02
  3.305056E+00 2.364E-02
  3.306459E+00 2.545E-02
  3.307852E+00 2.809E-02
  3.309234E+00 3.207E-02
  3.310606E+00 3.803E-02
  3.311967E+00 4.556E-02
  3.313317E+00 5.001E-02
  3.314657E+00 4.668E-02
  3.315987E+00 4.080E-02
  3.317307E+00 3.725E-02
  3.318616E+00 3.628E-02
  3.319916E+00 3.721E-02
  3.321206E+00 3.963E-02
  3.322486E+00 4.344E-02
  3.323757E+00 4.875E-02
  3.325018E+00 5.586E-02
  3.326270E+00 6.523E-02
  3.327512E+00 7.741E-02
  3.328745E+00 9.296E-02
  3.329969E+00 1.121E-01
  3.332389E+00 1.566E-01
  3.333586E+00 1.743E-01
  3.334774E+00 1.818E-01
  3.335954E+00 1.768E-01
  3.337125E+00 1.620E-01
  3.340586E+00 1.054E-01
  3.341723E+00 9.064E-02
  3.342852E+00 7.857E-02
  3.343972E+00 6.880E-02
  3.345085E+00 6.090E-02
  3.346190E+00 5.448E-02
  3.348375E+00 4.489E-02
  3.350530E+00 3.823E-02
  3.353705E+00 3.156E-02
  3.356813E+00 2.723E-02
  3.360857E+00 2.349E-02
  3.365756E+00 2.069E-02
  3.371418E+00 1.900E-02
  3.375962E+00 1.882E-02
  3.379490E+00 1.979E-02
  3.382075E+00 2.156E-02
  3.384609E+00 2.459E-02
  3.387911E+00 3.063E-02
  3.390332E+00 3.540E-02
  3.391920E+00 3.695E-02
  3.392706E+00 3.658E-02
  3.393488E+00 3.530E-02
  3.397320E+00 2.400E-02
  3.398820E+00 2.079E-02
  3.401033E+00 1.766E-02
  3.403206E+00 1.573E-02
  3.406738E+00 1.379E-02
  3.412168E+00 1.209E-02
  3.420449E+00 1.063E-02
  3.429807E+00 9.735E-03
  3.436282E+00 9.685E-03
  3.439862E+00 1.017E-02
  3.442335E+00 1.112E-02
  3.443787E+00 1.229E-02
  3.444742E+00 1.363E-02
  3.445215E+00 1.460E-02
  3.445686E+00 1.589E-02
  3.446155E+00 1.763E-02
  3.446621E+00 2.001E-02
  3.447084E+00 2.321E-02
  3.448003E+00 3.129E-02
  3.448459E+00 3.328E-02
  3.448913E+00 3.156E-02
  3.449813E+00 2.325E-02
  3.450259E+00 2.016E-02
  3.450703E+00 1.814E-02
  3.451145E+00 1.692E-02
  3.451584E+00 1.627E-02
  3.452456E+00 1.606E-02
  3.453318E+00 1.682E-02
  3.454172E+00 1.836E-02
  3.455016E+00 2.076E-02
  3.455852E+00 2.433E-02
  3.456267E+00 2.674E-02
  3.456679E+00 2.971E-02
  3.457090E+00 3.341E-02
  3.457498E+00 3.809E-02
  3.457904E+00 4.405E-02
  3.458308E+00 5.171E-02
  3.458710E+00 6.154E-02
  3.459110E+00 7.394E-02
  3.459904E+00 1.046E-01
  3.460298E+00 1.180E-01
  3.460690E+00 1.244E-01
  3.461079E+00 1.219E-01
  3.461853E+00 1.031E-01
  3.462237E+00 9.594E-02
  3.462619E+00 9.832E-02
  3.462999E+00 2.164E-01
  3.463378E+00 7.302E-02
  3.463754E+00 5.970E-02
  3.464128E+00 6.055E-02
  3.464872E+00 6.586E-02
  3.465608E+00 7.535E-02
  3.466336E+00 8.981E-02
  3.467057E+00 1.106E-01
  3.467772E+00 1.400E-01
  3.468126E+00 1.587E-01
  3.468479E+00 1.807E-01
  3.468830E+00 2.063E-01
  3.469527E+00 2.696E-01
  3.470560E+00 3.896E-01
  3.471240E+00 4.714E-01
  3.471577E+00 5.217E-01
  3.471913E+00 9.587E-01
  3.472248E+00 4.266E-01
  3.472580E+00 4.345E-01
  3.472911E+00 4.192E-01
  3.474865E+00 2.529E-01
  3.475504E+00 2.099E-01
  3.476137E+00 1.760E-01
  3.477075E+00 1.383E-01
  3.478000E+00 1.118E-01
  3.478912E+00 9.274E-02
  3.480108E+00 7.470E-02
  3.481283E+00 6.206E-02
  3.482720E+00 5.095E-02
  3.484403E+00 4.183E-02
  3.486309E+00 3.468E-02
  3.488415E+00 2.941E-02
  3.490197E+00 2.675E-02
  3.491682E+00 2.610E-02
  3.492651E+00 2.696E-02
  3.493366E+00 2.872E-02
  3.494073E+00 3.197E-02
  3.494770E+00 3.743E-02
  3.495458E+00 4.586E-02
  3.496138E+00 5.754E-02
  3.497031E+00 7.416E-02
  3.497252E+00 7.638E-02
  3.497472E+00 7.686E-02
  3.497691E+00 7.535E-02
  3.498126E+00 6.743E-02
  3.498986E+00 4.698E-02
  3.499410E+00 3.921E-02
  3.499831E+00 3.332E-02
  3.500456E+00 2.705E-02
  3.501074E+00 2.275E-02
  3.501885E+00 1.877E-02
  3.502881E+00 1.498E-02
  3.503078E+00 1.397E-02
  3.503274E+00 1.166E-02
  3.503469E+00 2.116E-02
  3.503663E+00 1.568E-02
  3.503857E+00 1.454E-02
  3.504433E+00 1.292E-02
  3.505565E+00 1.101E-02
  3.507033E+00 9.392E-03
  3.508280E+00 8.620E-03
  3.509322E+00 8.523E-03
  3.510172E+00 9.020E-03
  3.510840E+00 1.001E-02
  3.511335E+00 1.130E-02
  3.511985E+00 1.400E-02
  3.512146E+00 1.443E-02
  3.512467E+00 1.475E-02
  3.512626E+00 1.571E-02
  3.512943E+00 1.877E-02
  3.513258E+00 2.290E-02
  3.513570E+00 2.840E-02
  3.513880E+00 3.594E-02
  3.514034E+00 4.077E-02
  3.514187E+00 4.650E-02
  3.514340E+00 5.329E-02
  3.514492E+00 6.130E-02
  3.514795E+00 8.130E-02
  3.515245E+00 1.165E-01
  3.515394E+00 1.260E-01
  3.515543E+00 1.325E-01
  3.515838E+00 1.371E-01
  3.515985E+00 1.382E-01
  3.516131E+00 1.431E-01
  3.516277E+00 1.647E-01
  3.516422E+00 3.211E-01
  3.516567E+00 6.289E-01
  3.516711E+00 1.792E+00
  3.516854E+00 1.536E-01
  3.516997E+00 1.293E-01
  3.517140E+00 1.294E-01
  3.517282E+00 1.361E-01
  3.517424E+00 1.469E-01
  3.517565E+00 1.618E-01
  3.517705E+00 1.816E-01
  3.517845E+00 2.079E-01
  3.517985E+00 2.434E-01
  3.518124E+00 2.929E-01
  3.518262E+00 3.655E-01
  3.518400E+00 4.804E-01
  3.518538E+00 6.827E-01
  3.518675E+00 1.091E+00
  3.518811E+00 1.875E+00
  3.518947E+00 1.557E+00
  3.519083E+00 3.868E-01
  3.519218E+00 8.116E-02
  3.519352E+00 3.282E-02
  3.519487E+00 4.779E-02
  3.519620E+00 8.283E-02
  3.519753E+00 1.267E-01
  3.520018E+00 2.279E-01
  3.520150E+00 2.794E-01
  3.520281E+00 3.216E-01
  3.520412E+00 3.341E-01
  3.520542E+00 2.772E-01
  3.520672E+00 1.324E-01
  3.520802E+00 7.354E-02
  3.520931E+00 2.465E-01
  3.521059E+00 4.701E-01
  3.521187E+00 6.378E-01
  3.521315E+00 7.450E-01
  3.521442E+00 8.041E-01
  3.521569E+00 8.268E-01
  3.521695E+00 8.225E-01
  3.521946E+00 7.645E-01
  3.522690E+00 5.108E-01
  3.523056E+00 4.140E-01
  3.523418E+00 3.409E-01
  3.523776E+00 2.859E-01
  3.524249E+00 2.325E-01
  3.524715E+00 1.944E-01
  3.525288E+00 1.612E-01
  3.525852E+00 1.389E-01
  3.526407E+00 1.252E-01
  3.526952E+00 1.199E-01
  3.527382E+00 1.231E-01
  3.527806E+00 1.344E-01
  3.528329E+00 1.586E-01
  3.528843E+00 1.921E-01
  3.529046E+00 2.122E-01
  3.529147E+00 3.005E-01
  3.529248E+00 3.441E-01
  3.529348E+00 2.536E-01
  3.529747E+00 2.119E-01
  3.530238E+00 1.445E-01
  3.530529E+00 1.154E-01
  3.530817E+00 9.492E-02
  3.531103E+00 8.014E-02
  3.531479E+00 6.595E-02
  3.531943E+00 5.334E-02
  3.532490E+00 4.235E-02
  3.533116E+00 3.265E-02
  3.533814E+00 2.402E-02
  3.534496E+00 1.705E-02
  3.534580E+00 1.598E-02
  3.534663E+00 1.389E-02
  3.534747E+00 1.979E-02
  3.534830E+00 1.659E-02
  3.534913E+00 1.561E-02
  3.535324E+00 1.305E-02
  3.535406E+00 1.237E-02
  3.535487E+00 1.230E-02
  3.535568E+00 1.929E-02
  3.535649E+00 9.525E-02
  3.535729E+00 1.261E-01
  3.535810E+00 4.135E-02
  3.535890E+00 2.729E-02
  3.535970E+00 2.374E-02
  3.536049E+00 2.320E-02
  3.536128E+00 2.405E-02
  3.536208E+00 2.581E-02
  3.536286E+00 2.835E-02
  3.536365E+00 3.172E-02
  3.536443E+00 3.602E-02
  3.536522E+00 4.143E-02
  3.536600E+00 4.823E-02
  3.536677E+00 5.674E-02
  3.536755E+00 6.741E-02
  3.536832E+00 8.076E-02
  3.536909E+00 9.737E-02
  3.536986E+00 1.177E-01
  3.537139E+00 1.691E-01
  3.537291E+00 2.233E-01
  3.537366E+00 2.433E-01
  3.537442E+00 2.556E-01
  3.537667E+00 2.668E-01
  3.537741E+00 2.749E-01
  3.537815E+00 2.935E-01
  3.537890E+00 3.340E-01
  3.537963E+00 4.372E-01
  3.538037E+00 8.992E-01
  3.538111E+00 1.370E+01
  3.538184E+00 8.791E-01
  3.538257E+00 4.908E-01
  3.538330E+00 4.664E-01
  3.538402E+00 5.076E-01
  3.538475E+00 5.823E-01
  3.538547E+00 6.886E-01
  3.538619E+00 8.341E-01
  3.538691E+00 1.033E+00
  3.538762E+00 1.309E+00
  3.538834E+00 1.694E+00
  3.538905E+00 2.227E+00
  3.538976E+00 2.900E+00
  3.539046E+00 3.503E+00
  3.539117E+00 3.488E+00
  3.539187E+00 2.621E+00
  3.539257E+00 1.551E+00
  3.539327E+00 7.905E-01
  3.539397E+00 3.575E-01
  3.539467E+00 1.404E-01
  3.539536E+00 5.545E-02
  3.539605E+00 5.626E-02
  3.539674E+00 1.195E-01
  3.539743E+00 2.334E-01
  3.539811E+00 3.903E-01
  3.539880E+00 5.814E-01
  3.540016E+00 1.005E+00
  3.540084E+00 1.194E+00
  3.540151E+00 1.338E+00
  3.540219E+00 1.424E+00
  3.540286E+00 1.450E+00
  3.540353E+00 1.426E+00
  3.540486E+00 1.281E+00
  3.540817E+00 7.996E-01
  3.541013E+00 5.555E-01
  3.541207E+00 3.483E-01
  3.541272E+00 2.924E-01
  3.541336E+00 2.576E-01
  3.541400E+00 2.816E-01
  3.541464E+00 4.876E-01
  3.541528E+00 1.291E+00
  3.541591E+00 3.403E+00
  3.541654E+00 4.458E+00
  3.541718E+00 3.328E+00
  3.541781E+00 2.378E+00
  3.541843E+00 1.822E+00
  3.541906E+00 1.485E+00
  3.541969E+00 1.264E+00
  3.542031E+00 1.110E+00
  3.542093E+00 9.974E-01
  3.542155E+00 9.114E-01
  3.542279E+00 7.899E-01
  3.542462E+00 6.797E-01
  3.542645E+00 6.185E-01
  3.542826E+00 5.902E-01
  3.543005E+00 5.900E-01
  3.543183E+00 6.183E-01
  3.543418E+00 6.997E-01
  3.543823E+00 8.683E-01
  3.544052E+00 9.494E-01
  3.544165E+00 1.022E+00
  3.544221E+00 1.076E+00
  3.544277E+00 1.161E+00
  3.544333E+00 1.462E+00
  3.544389E+00 5.946E+00
  3.544445E+00 1.442E+00
  3.544501E+00 1.373E+00
  3.544612E+00 1.345E+00
  3.544722E+00 1.249E+00
  3.544995E+00 8.830E-01
  3.545157E+00 7.126E-01
  3.545318E+00 5.914E-01
  3.545477E+00 5.052E-01
  3.545688E+00 4.250E-01
  3.545948E+00 3.587E-01
  3.546256E+00 3.090E-01
  3.546510E+00 2.863E-01
  3.546710E+00 2.831E-01
  3.546858E+00 2.972E-01
  3.546957E+00 3.246E-01
  3.547006E+00 3.499E-01
  3.547055E+00 3.900E-01
  3.547104E+00 4.561E-01
  3.547153E+00 5.549E-01
  3.547201E+00 6.037E-01
  3.547250E+00 5.560E-01
  3.547298E+00 6.331E-01
  3.547346E+00 9.426E-01
  3.547394E+00 1.342E+00
  3.547442E+00 5.391E-01
  3.547490E+00 1.108E-01
  3.547538E+00 3.107E-02
  3.547586E+00 2.297E-02
  3.547633E+00 3.173E-02
  3.547680E+00 4.616E-02
  3.547728E+00 6.472E-02
  3.547775E+00 8.898E-02
  3.547822E+00 1.214E-01
  3.547869E+00 1.577E-01
  3.547916E+00 1.624E-01
  3.548009E+00 4.709E-02
  3.548055E+00 2.023E-02
  3.548101E+00 1.096E-02
  3.548148E+00 9.287E-03
  3.548194E+00 1.100E-02
  3.548240E+00 1.448E-02
  3.548286E+00 1.918E-02
  3.548331E+00 2.496E-02
  3.548377E+00 3.190E-02
  3.548423E+00 4.021E-02
  3.548468E+00 5.019E-02
  3.548513E+00 6.227E-02
  3.548558E+00 7.700E-02
  3.548603E+00 9.507E-02
  3.548648E+00 1.174E-01
  3.548693E+00 1.453E-01
  3.548738E+00 1.802E-01
  3.548783E+00 2.245E-01
  3.548827E+00 2.807E-01
  3.548872E+00 3.521E-01
  3.548916E+00 4.425E-01
  3.548960E+00 5.548E-01
  3.549004E+00 6.891E-01
  3.549092E+00 9.919E-01
  3.549136E+00 1.127E+00
  3.549179E+00 1.228E+00
  3.549310E+00 1.400E+00
  3.549353E+00 1.479E+00
  3.549396E+00 1.610E+00
  3.549439E+00 1.836E+00
  3.549482E+00 2.266E+00
  3.549525E+00 3.301E+00
  3.549567E+00 7.799E+00
  3.549610E+00 1.373E+02
  3.549652E+00 1.080E+01
  3.549695E+00 5.077E+00
  3.549737E+00 4.573E+00
  3.549779E+00 5.001E+00
  3.549821E+00 5.917E+00
  3.549863E+00 7.305E+00
  3.549905E+00 9.273E+00
  3.549947E+00 1.196E+01
  3.550030E+00 1.904E+01
  3.550072E+00 2.129E+01
  3.550113E+00 2.017E+01
  3.550154E+00 1.596E+01
  3.550196E+00 1.104E+01
  3.550237E+00 7.026E+00
  3.550278E+00 4.217E+00
  3.550319E+00 2.374E+00
  3.550359E+00 1.225E+00
  3.550400E+00 5.793E-01
  3.550441E+00 3.344E-01
  3.550481E+00 4.487E-01
  3.550521E+00 9.231E-01
  3.550562E+00 1.779E+00
  3.550602E+00 3.026E+00
  3.550642E+00 4.615E+00
  3.550722E+00 8.101E+00
  3.550762E+00 9.446E+00
  3.550802E+00 1.024E+01
  3.550841E+00 1.046E+01
  3.550881E+00 1.023E+01
  3.550959E+00 9.019E+00
  3.551116E+00 6.215E+00
  3.551232E+00 4.557E+00
  3.551348E+00 3.245E+00
  3.551386E+00 2.882E+00
  3.551425E+00 2.582E+00
  3.551463E+00 2.395E+00
  3.551501E+00 2.450E+00
  3.551539E+00 3.071E+00
  3.551577E+00 5.128E+00
  3.551614E+00 1.100E+01
  3.551652E+00 2.511E+01
  3.551690E+00 4.064E+01
  3.551727E+00 3.752E+01
  3.551765E+00 2.803E+01
  3.551802E+00 2.131E+01
  3.551839E+00 1.714E+01
  3.551877E+00 1.448E+01
  3.551914E+00 1.271E+01
  3.551951E+00 1.148E+01
  3.551988E+00 1.060E+01
  3.552061E+00 9.516E+00
  3.552135E+00 8.996E+00
  3.552244E+00 8.924E+00
  3.552352E+00 9.570E+00
  3.552460E+00 1.094E+01
  3.552603E+00 1.370E+01
  3.552744E+00 1.634E+01
  3.552954E+00 1.892E+01
  3.553023E+00 2.059E+01
  3.553092E+00 2.348E+01
  3.553126E+00 2.575E+01
  3.553160E+00 2.998E+01
  3.553194E+00 8.238E+01
  3.553229E+00 4.212E+01
  3.553263E+00 3.373E+01
  3.553364E+00 3.415E+01
  3.553432E+00 3.252E+01
  3.553632E+00 2.462E+01
  3.553731E+00 2.199E+01
  3.553862E+00 2.002E+01
  3.553992E+00 1.941E+01
  3.554121E+00 1.996E+01
  3.554249E+00 2.184E+01
  3.554344E+00 2.456E+01
  3.554407E+00 2.744E+01
  3.554469E+00 3.181E+01
  3.554501E+00 3.490E+01
  3.554532E+00 3.895E+01
  3.554563E+00 4.443E+01
  3.554594E+00 5.213E+01
  3.554625E+00 6.338E+01
  3.554656E+00 7.994E+01
  3.554687E+00 1.018E+02
  3.554717E+00 1.191E+02
  3.554748E+00 1.154E+02
  3.554779E+00 1.015E+02
  3.554809E+00 9.599E+01
  3.554840E+00 1.033E+02
  3.554870E+00 1.254E+02
  3.554901E+00 1.702E+02
  3.554931E+00 2.580E+02
  3.554961E+00 4.225E+02
  3.554992E+00 5.669E+02
  3.555022E+00 3.799E+02
  3.555052E+00 1.699E+02
  3.555082E+00 7.616E+01
  3.555112E+00 3.670E+01
  3.555142E+00 1.897E+01
  3.555171E+00 1.097E+01
  3.555201E+00 8.282E+00
  3.555231E+00 9.596E+00
  3.555260E+00 1.560E+01
  3.555290E+00 2.965E+01
  3.555319E+00 6.073E+01
  3.555349E+00 1.280E+02
  3.555378E+00 2.311E+02
  3.555407E+00 2.487E+02
  3.555437E+00 1.746E+02
  3.555466E+00 1.151E+02
  3.555495E+00 8.068E+01
  3.555524E+00 6.083E+01
  3.555553E+00 4.874E+01
  3.555582E+00 4.100E+01
  3.555611E+00 3.586E+01
  3.555640E+00 3.240E+01
  3.555668E+00 3.006E+01
  3.555697E+00 2.853E+01
  3.555754E+00 2.719E+01
  3.555811E+00 2.760E+01
  3.555868E+00 2.953E+01
  3.555924E+00 3.319E+01
  3.555980E+00 3.912E+01
  3.556008E+00 4.321E+01
  3.556036E+00 4.819E+01
  3.556092E+00 6.095E+01
  3.556148E+00 7.496E+01
  3.556175E+00 8.004E+01
  3.556203E+00 8.244E+01
  3.556230E+00 8.204E+01
  3.556313E+00 7.552E+01
  3.556340E+00 7.574E+01
  3.556367E+00 7.894E+01
  3.556394E+00 8.713E+01
  3.556422E+00 1.059E+02
  3.556449E+00 1.575E+02
  3.556476E+00 4.153E+02
  3.556503E+00 6.985E+03
  3.556529E+00 4.269E+02
  3.556556E+00 1.931E+02
  3.556583E+00 1.611E+02
  3.556610E+00 1.653E+02
  3.556637E+00 1.856E+02
  3.556663E+00 2.182E+02
  3.556690E+00 2.618E+02
  3.556716E+00 3.105E+02
  3.556743E+00 3.467E+02
  3.556769E+00 3.420E+02
  3.556796E+00 2.862E+02
  3.556822E+00 2.069E+02
  3.556848E+00 1.362E+02
  3.556874E+00 8.505E+01
  3.556900E+00 5.125E+01
  3.556927E+00 2.972E+01
  3.556953E+00 1.638E+01
  3.556979E+00 8.615E+00
  3.557005E+00 4.888E+00
  3.557030E+00 4.401E+00
  3.557056E+00 6.827E+00
  3.557082E+00 1.211E+01
  3.557108E+00 2.024E+01
  3.557133E+00 3.086E+01
  3.557185E+00 5.410E+01
  3.557210E+00 6.217E+01
  3.557235E+00 6.550E+01
  3.557261E+00 6.423E+01
  3.557286E+00 5.976E+01
  3.557362E+00 4.106E+01
  3.557412E+00 3.058E+01
  3.557437E+00 2.634E+01
  3.557462E+00 2.268E+01
  3.557487E+00 1.953E+01
  3.557512E+00 1.681E+01
  3.557537E+00 1.447E+01
  3.557586E+00 1.077E+01
  3.557611E+00 9.388E+00
  3.557636E+00 8.398E+00
  3.557660E+00 7.962E+00
  3.557685E+00 8.467E+00
  3.557709E+00 1.080E+01
  3.557734E+00 1.708E+01
  3.557758E+00 3.204E+01
  3.557783E+00 6.202E+01
  3.557807E+00 9.314E+01
  3.557831E+00 8.976E+01
  3.557855E+00 6.850E+01
  3.557879E+00 5.119E+01
  3.557904E+00 3.983E+01
  3.557928E+00 3.242E+01
  3.557952E+00 2.740E+01
  3.557976E+00 2.387E+01
  3.557999E+00 2.130E+01
  3.558023E+00 1.941E+01
  3.558047E+00 1.798E+01
  3.558095E+00 1.612E+01
  3.558142E+00 1.518E+01
  3.558212E+00 1.495E+01
  3.558306E+00 1.604E+01
  3.558375E+00 1.689E+01
  3.558445E+00 1.671E+01
  3.558582E+00 1.435E+01
  3.558627E+00 1.415E+01
  3.558672E+00 1.464E+01
  3.558695E+00 1.522E+01
  3.558717E+00 1.618E+01
  3.558740E+00 1.853E+01
  3.558762E+00 6.434E+01
  3.558784E+00 2.206E+01
  3.558807E+00 1.734E+01
  3.558873E+00 1.538E+01
  3.559006E+00 9.332E+00
  3.559049E+00 7.798E+00
  3.559114E+00 6.108E+00
  3.559179E+00 4.956E+00
  3.559244E+00 4.163E+00
  3.559308E+00 3.616E+00
  3.559372E+00 3.251E+00
  3.559435E+00 3.042E+00
  3.559498E+00 3.006E+00
  3.559540E+00 3.120E+00
  3.559561E+00 3.241E+00
  3.559581E+00 3.427E+00
  3.559602E+00 3.703E+00
  3.559623E+00 4.108E+00
  3.559644E+00 4.687E+00
  3.559685E+00 6.237E+00
  3.559705E+00 6.487E+00
  3.559726E+00 5.822E+00
  3.559746E+00 4.805E+00
  3.559767E+00 4.078E+00
  3.559787E+00 3.770E+00
  3.559808E+00 3.829E+00
  3.559828E+00 4.250E+00
  3.559848E+00 5.142E+00
  3.559868E+00 6.800E+00
  3.559889E+00 9.708E+00
  3.559909E+00 1.317E+01
  3.559929E+00 1.159E+01
  3.559949E+00 6.006E+00
  3.559969E+00 2.702E+00
  3.559989E+00 1.272E+00
  3.560009E+00 6.392E-01
  3.560029E+00 3.387E-01
  3.560049E+00 1.879E-01
  3.560069E+00 1.104E-01
  3.560089E+00 7.208E-02
  3.560109E+00 5.728E-02
  3.560128E+00 5.989E-02
  3.560148E+00 8.086E-02
  3.560168E+00 1.292E-01
  3.560187E+00 2.137E-01
  3.560207E+00 2.602E-01
  3.560246E+00 8.065E-02
  3.560266E+00 3.856E-02
  3.560285E+00 1.997E-02
  3.560304E+00 1.185E-02
  3.560324E+00 8.757E-03
  3.560343E+00 8.404E-03
  3.560363E+00 9.767E-03
  3.560382E+00 1.239E-02
  3.560401E+00 1.609E-02
  3.560420E+00 2.084E-02
  3.560439E+00 2.671E-02
  3.560459E+00 3.385E-02
  3.560478E+00 4.247E-02
  3.560497E+00 5.288E-02
  3.560516E+00 6.545E-02
  3.560535E+00 8.070E-02
  3.560554E+00 9.931E-02
  3.560573E+00 1.222E-01
  3.560592E+00 1.505E-01
  3.560610E+00 1.858E-01
  3.560629E+00 2.303E-01
  3.560648E+00 2.865E-01
  3.560667E+00 3.577E-01
  3.560686E+00 4.470E-01
  3.560704E+00 5.561E-01
  3.560760E+00 9.494E-01
  3.560797E+00 1.141E+00
  3.560834E+00 1.274E+00
  3.560852E+00 1.362E+00
  3.560871E+00 1.497E+00
  3.560889E+00 1.716E+00
  3.560908E+00 2.098E+00
  3.560926E+00 2.880E+00
  3.560944E+00 5.101E+00
  3.560962E+00 1.906E+01
  3.560980E+00 1.354E+02
  3.560999E+00 1.222E+01
  3.561017E+00 6.699E+00
  3.561035E+00 6.059E+00
  3.561053E+00 6.612E+00
  3.561071E+00 7.846E+00
  3.561089E+00 9.653E+00
  3.561107E+00 1.182E+01
  3.561125E+00 1.366E+01
  3.561143E+00 1.392E+01
  3.561160E+00 1.205E+01
  3.561196E+00 6.227E+00
  3.561214E+00 4.096E+00
  3.561231E+00 2.624E+00
  3.561249E+00 1.639E+00
  3.561267E+00 9.947E-01
  3.561284E+00 5.910E-01
  3.561302E+00 3.712E-01
  3.561320E+00 3.091E-01
  3.561337E+00 4.010E-01
  3.561355E+00 6.597E-01
  3.561372E+00 1.106E+00
  3.561389E+00 1.751E+00
  3.561407E+00 2.560E+00
  3.561424E+00 3.424E+00
  3.561442E+00 4.158E+00
  3.561459E+00 4.593E+00
  3.561476E+00 4.675E+00
  3.561493E+00 4.473E+00
  3.561511E+00 4.108E+00
  3.561562E+00 2.861E+00
  3.561596E+00 2.200E+00
  3.561630E+00 1.696E+00
  3.561664E+00 1.316E+00
  3.561681E+00 1.165E+00
  3.561698E+00 1.039E+00
  3.561715E+00 9.428E-01
  3.561732E+00 8.851E-01
  3.561748E+00 8.874E-01
  3.561765E+00 9.952E-01
  3.561782E+00 1.308E+00
  3.561799E+00 2.045E+00
  3.561815E+00 3.660E+00
  3.561832E+00 6.692E+00
  3.561849E+00 1.000E+01
  3.561865E+00 1.032E+01
  3.561898E+00 6.539E+00
  3.561915E+00 5.221E+00
  3.561931E+00 4.338E+00
  3.561948E+00 3.738E+00
  3.561964E+00 3.320E+00
  3.561980E+00 3.025E+00
  3.562013E+00 2.667E+00
  3.562046E+00 2.508E+00
  3.562078E+00 2.483E+00
  3.562126E+00 2.634E+00
  3.562223E+00 3.215E+00
  3.562254E+00 3.281E+00
  3.562302E+00 3.157E+00
  3.562365E+00 2.899E+00
  3.562396E+00 2.890E+00
  3.562427E+00 3.026E+00
  3.562443E+00 3.162E+00
  3.562458E+00 3.363E+00
  3.562474E+00 3.706E+00
  3.562489E+00 4.915E+00
  3.562505E+00 5.128E+01
  3.562520E+00 4.132E+00
  3.562536E+00 3.819E+00
  3.562566E+00 3.627E+00
  3.562597E+00 3.266E+00
  3.562673E+00 2.205E+00
  3.562703E+00 1.886E+00
  3.562749E+00 1.533E+00
  3.562794E+00 1.293E+00
  3.562838E+00 1.131E+00
  3.562883E+00 1.027E+00
  3.562927E+00 9.717E-01
  3.562971E+00 9.690E-01
  3.563000E+00 1.008E+00
  3.563029E+00 1.099E+00
  3.563044E+00 1.177E+00
  3.563058E+00 1.288E+00
  3.563073E+00 1.443E+00
  3.563087E+00 1.657E+00
  3.563116E+00 2.192E+00
  3.563131E+00 2.292E+00
  3.563145E+00 2.112E+00
  3.563159E+00 1.791E+00
  3.563174E+00 1.528E+00
  3.563188E+00 1.390E+00
  3.563202E+00 1.372E+00
  3.563216E+00 1.470E+00
  3.563231E+00 1.705E+00
  3.563245E+00 2.145E+00
  3.563259E+00 2.933E+00
  3.563273E+00 4.217E+00
  3.563287E+00 5.281E+00
  3.563301E+00 4.062E+00
  3.563315E+00 2.090E+00
  3.563329E+00 1.009E+00
  3.563343E+00 5.151E-01
  3.563357E+00 2.809E-01
  3.563371E+00 1.618E-01
  3.563385E+00 9.754E-02
  3.563399E+00 6.152E-02
  3.563413E+00 4.106E-02
  3.563427E+00 2.992E-02
  3.563441E+00 2.516E-02
  3.563455E+00 2.606E-02
  3.563469E+00 3.426E-02
  3.563482E+00 5.416E-02
  3.563496E+00 7.951E-02
  3.563510E+00 6.876E-02
  3.563524E+00 4.001E-02
  3.563537E+00 2.326E-02
  3.563551E+00 1.518E-02
  3.563565E+00 1.119E-02
  3.563578E+00 9.206E-03
  3.563592E+00 8.308E-03
  3.563606E+00 8.076E-03
  3.563619E+00 8.308E-03
  3.563633E+00 8.909E-03
  3.563646E+00 9.842E-03
  3.563660E+00 1.111E-02
  3.563673E+00 1.273E-02
  3.563687E+00 1.475E-02
  3.563700E+00 1.724E-02
  3.563713E+00 2.028E-02
  3.563727E+00 2.400E-02
  3.563740E+00 2.857E-02
  3.563753E+00 3.417E-02
  3.563767E+00 4.111E-02
  3.563780E+00 4.974E-02
  3.563793E+00 6.059E-02
  3.563807E+00 7.432E-02
  3.563820E+00 9.181E-02
  3.563833E+00 1.141E-01
  3.563846E+00 1.425E-01
  3.563859E+00 1.777E-01
  3.563873E+00 2.197E-01
  3.563899E+00 3.128E-01
  3.563912E+00 3.545E-01
  3.563951E+00 4.480E-01
  3.563964E+00 4.859E-01
  3.563977E+00 5.408E-01
  3.563990E+00 6.266E-01
  3.564003E+00 7.726E-01
  3.564016E+00 1.061E+00
  3.564029E+00 1.823E+00
  3.564042E+00 5.694E+00
  3.564054E+00 1.008E+02
  3.564067E+00 6.975E+00
  3.564080E+00 3.117E+00
  3.564093E+00 2.612E+00
  3.564106E+00 2.767E+00
  3.564118E+00 3.248E+00
  3.564131E+00 3.967E+00
  3.564144E+00 4.783E+00
  3.564156E+00 5.331E+00
  3.564169E+00 5.141E+00
  3.564182E+00 4.211E+00
  3.564194E+00 3.053E+00
  3.564207E+00 2.072E+00
  3.564219E+00 1.365E+00
  3.564232E+00 8.839E-01
  3.564245E+00 5.635E-01
  3.564257E+00 3.545E-01
  3.564270E+00 2.260E-01
  3.564282E+00 1.611E-01
  3.564295E+00 1.534E-01
  3.564307E+00 2.044E-01
  3.564319E+00 3.217E-01
  3.564332E+00 5.154E-01
  3.564344E+00 7.897E-01
  3.564369E+00 1.480E+00
  3.564381E+00 1.763E+00
  3.564393E+00 1.910E+00
  3.564406E+00 1.911E+00
  3.564418E+00 1.803E+00
  3.564467E+00 1.130E+00
  3.564491E+00 8.715E-01
  3.564515E+00 6.779E-01
  3.564539E+00 5.353E-01
  3.564564E+00 4.382E-01
  3.564576E+00 4.104E-01
  3.564588E+00 4.036E-01
  3.564600E+00 4.309E-01
  3.564611E+00 5.195E-01
  3.564623E+00 7.268E-01
  3.564635E+00 1.172E+00
  3.564647E+00 2.061E+00
  3.564659E+00 3.456E+00
  3.564671E+00 4.504E+00
  3.564683E+00 4.284E+00
  3.564706E+00 2.774E+00
  3.564718E+00 2.274E+00
  3.564730E+00 1.933E+00
  3.564742E+00 1.699E+00
  3.564753E+00 1.537E+00
  3.564765E+00 1.424E+00
  3.564788E+00 1.297E+00
  3.564812E+00 1.258E+00
  3.564835E+00 1.284E+00
  3.564870E+00 1.414E+00
  3.564927E+00 1.702E+00
  3.564950E+00 1.740E+00
  3.564984E+00 1.671E+00
  3.565029E+00 1.526E+00
  3.565052E+00 1.518E+00
  3.565074E+00 1.586E+00
  3.565097E+00 1.759E+00
  3.565108E+00 1.916E+00
  3.565119E+00 2.285E+00
  3.565130E+00 1.012E+01
  3.565141E+00 2.617E+00
  3.565152E+00 2.088E+00
  3.565185E+00 1.923E+00
  3.565251E+00 1.262E+00
  3.565284E+00 1.011E+00
  3.565317E+00 8.379E-01
  3.565349E+00 7.215E-01
  3.565392E+00 6.282E-01
  3.565424E+00 5.950E-01
  3.565456E+00 5.942E-01
  3.565477E+00 6.177E-01
  3.565498E+00 6.722E-01
  3.565509E+00 7.174E-01
  3.565520E+00 7.804E-01
  3.565530E+00 8.680E-01
  3.565541E+00 9.877E-01
  3.565562E+00 1.317E+00
  3.565572E+00 1.441E+00
  3.565582E+00 1.421E+00
  3.565593E+00 1.260E+00
  3.565603E+00 1.073E+00
  3.565614E+00 9.428E-01
  3.565624E+00 8.862E-01
  3.565634E+00 8.997E-01
  3.565645E+00 9.861E-01
  3.565655E+00 1.167E+00
  3.565665E+00 1.496E+00
  3.565676E+00 2.077E+00
  3.565686E+00 2.971E+00
  3.565696E+00 3.507E+00
  3.565706E+00 2.522E+00
  3.565717E+00 1.304E+00
  3.565727E+00 6.526E-01
  3.565737E+00 3.472E-01
  3.565747E+00 1.973E-01
  3.565757E+00 1.185E-01
  3.565768E+00 7.464E-02
  3.565778E+00 4.909E-02
  3.565788E+00 3.385E-02
  3.565798E+00 2.482E-02
  3.565808E+00 1.992E-02
  3.565818E+00 1.840E-02
  3.565828E+00 2.078E-02
  3.565838E+00 2.942E-02
  3.565848E+00 4.449E-02
  3.565866E+00 3.413E-02
  3.575856E+00 4.051E-01
  3.575866E+00 4.401E-01
  3.600809E+00 1.245E-01
  3.625752E+00 6.612E-02
  3.650696E+00 4.189E-02
  3.675639E+00 3.021E-02
  3.700582E+00 2.412E-02
  3.725525E+00 2.066E-02
  3.750469E+00 1.857E-02
  3.775412E+00 1.726E-02
  3.825299E+00 1.584E-02
  3.900129E+00 1.507E-02
  4.274278E+00 1.535E-02
  4.274278E+00 0.000E+00
  4.648428E+00 0.000E+00
  4.274278E+00 0.000E+00
  4.648428E+00 0.000E+00
  4.648428E+00 1.384E-02
  4.648428E+00 1.384E-02
  5.621217E+00 9.014E-03
  5.995367E+00 7.721E-03
  6.020310E+00 7.649E-03
  6.141931E+00 7.204E-03
  6.266003E+00 6.784E-03
  6.392583E+00 6.389E-03
  6.521725E+00 6.017E-03
  6.653473E+00 5.667E-03
  6.787880E+00 5.337E-03
  6.925002E+00 5.026E-03
  7.064898E+00 4.733E-03
  7.207618E+00 4.457E-03
  7.353226E+00 4.198E-03
  7.501767E+00 3.953E-03
  7.653312E+00 3.723E-03
  7.807922E+00 3.506E-03
  7.965651E+00 3.302E-03
  8.126565E+00 3.110E-03
  8.290735E+00 2.929E-03
  8.458219E+00 2.758E-03
  8.629088E+00 2.598E-03
  8.803404E+00 2.446E-03
  8.981250E+00 2.304E-03
  9.162679E+00 2.170E-03
  9.347775E+00 2.043E-03
  9.536617E+00 1.924E-03
  9.729270E+00 1.812E-03
  9.925810E+00 1.707E-03
  1.012633E+01 1.607E-03
  1.033090E+01 1.514E-03
  1.053959E+01 1.426E-03
  1.075251E+01 1.343E-03
  1.096972E+01 1.264E-03
  1.119132E+01 1.191E-03
  1.141740E+01 1.121E-03
  1.164805E+01 1.056E-03
  1.188336E+01 9.946E-04
  1.212342E+01 9.367E-04
  1.236832E+01 8.821E-04
  1.261818E+01 8.308E-04
  1.287309E+01 7.824E-04
  1.313314E+01 7.368E-04
  1.339845E+01 6.939E-04
  1.366911E+01 6.535E-04
  1.394525E+01 6.154E-04
  1.422696E+01 5.796E-04
  1.451436E+01 5.458E-04
  1.480758E+01 5.141E-04
  1.510671E+01 4.841E-04
  1.541188E+01 4.559E-04
  1.572322E+01 4.294E-04
  1.604085E+01 4.044E-04
  1.636490E+01 3.808E-04
  1.669548E+01 3.586E-04
  1.703276E+01 3.378E-04
  1.737683E+01 3.181E-04
  1.772787E+01 2.996E-04
  1.808600E+01 2.821E-04
  1.845137E+01 2.657E-04
  1.882410E+01 2.502E-04
  1.920438E+01 2.356E-04
  1.959232E+01 2.219E-04
  1.998813E+01 2.090E-04
  2.039189E+01 1.968E-04
  2.080386E+01 1.854E-04
  2.122411E+01 1.746E-04
  2.165288E+01 1.644E-04
  2.209027E+01 1.548E-04
  2.253654E+01 1.458E-04
  2.299181E+01 1.373E-04
      35   2   2   111    7  -1.55743E-02    2309
  1.554874E-02 1.116E+02
  6.684339E-02 4.254E+00
  1.168242E-01 1.079E+00
  1.655449E-01 4.398E-01
  2.130476E-01 2.245E-01
  2.593724E-01 1.304E-01
  3.045581E-01 8.219E-02
  3.486416E-01 5.490E-02
  3.916585E-01 3.843E-02
  4.336430E-01 2.801E-02
  4.746278E-01 2.116E-02
  5.146444E-01 1.648E-02
  5.537231E-01 1.315E-02
  5.918929E-01 1.069E-02
  6.291819E-01 8.805E-03
  6.656169E-01 7.321E-03
  7.012238E-01 6.130E-03
  7.360274E-01 5.163E-03
  7.700519E-01 4.374E-03
  8.033202E-01 3.729E-03
  8.358547E-01 3.203E-03
  8.676766E-01 2.773E-03
  8.988068E-01 2.423E-03
  9.292651E-01 2.137E-03
  9.882420E-01 1.707E-03
  1.044753E+00 1.407E-03
  1.125190E+00 1.094E-03
  1.200801E+00 8.672E-04
  1.294758E+00 6.390E-04
  1.360518E+00 5.100E-04
  1.422580E+00 4.114E-04
  1.481215E+00 3.379E-04
  1.554490E+00 2.693E-04
  1.622639E+00 2.243E-04
  1.701322E+00 1.891E-04
  1.787247E+00 1.648E-04
  1.877253E+00 1.505E-04
  1.968511E+00 1.469E-04
  2.049219E+00 1.550E-04
  2.120943E+00 1.732E-04
  2.184968E+00 2.002E-04
  2.242358E+00 2.367E-04
  2.287832E+00 2.798E-04
  2.323691E+00 3.306E-04
  2.351587E+00 3.906E-04
  2.372707E+00 4.596E-04
  2.387892E+00 5.340E-04
  2.397719E+00 6.022E-04
  2.407316E+00 6.956E-04
  2.412032E+00 7.569E-04
  2.416692E+00 8.326E-04
  2.421299E+00 9.284E-04
  2.425853E+00 1.054E-03
  2.430355E+00 1.224E-03
  2.434805E+00 1.466E-03
  2.439205E+00 1.834E-03
  2.443555E+00 2.439E-03
  2.447856E+00 3.550E-03
  2.452108E+00 5.892E-03
  2.456313E+00 1.132E-02
  2.460471E+00 1.731E-02
  2.464583E+00 9.813E-03
  2.468649E+00 4.158E-03
  2.472671E+00 2.102E-03
  2.476648E+00 1.281E-03
  2.480582E+00 9.069E-04
  2.484473E+00 7.208E-04
  2.488321E+00 6.249E-04
  2.492128E+00 5.768E-04
  2.495894E+00 5.564E-04
  2.499619E+00 5.531E-04
  2.506951E+00 5.778E-04
  2.517658E+00 6.612E-04
  2.528031E+00 7.861E-04
  2.538083E+00 9.564E-04
  2.547828E+00 1.190E-03
  2.554159E+00 1.397E-03
  2.560363E+00 1.665E-03
  2.566442E+00 2.021E-03
  2.572401E+00 2.513E-03
  2.575336E+00 2.832E-03
  2.578242E+00 3.221E-03
  2.581119E+00 3.701E-03
  2.583968E+00 4.304E-03
  2.586789E+00 5.078E-03
  2.589582E+00 6.096E-03
  2.592348E+00 7.474E-03
  2.595087E+00 9.410E-03
  2.597800E+00 1.226E-02
  2.600487E+00 1.669E-02
  2.603148E+00 2.418E-02
  2.605783E+00 3.825E-02
  2.608393E+00 6.917E-02
  2.610978E+00 1.532E-01
  2.613539E+00 3.827E-01
  2.616075E+00 3.343E-01
  2.618588E+00 1.254E-01
  2.621077E+00 5.581E-02
  2.623542E+00 3.013E-02
  2.625985E+00 1.844E-02
  2.628405E+00 1.228E-02
  2.630802E+00 8.664E-03
  2.633177E+00 6.384E-03
  2.635530E+00 4.861E-03
  2.637862E+00 3.799E-03
  2.640172E+00 3.031E-03
  2.642461E+00 2.460E-03
  2.644729E+00 2.026E-03
  2.646977E+00 1.688E-03
  2.649204E+00 1.422E-03
  2.651411E+00 1.209E-03
  2.653598E+00 1.037E-03
  2.655765E+00 8.957E-04
  2.657913E+00 7.791E-04
  2.660042E+00 6.819E-04
  2.662152E+00 6.004E-04
  2.666316E+00 4.735E-04
  2.670407E+00 3.817E-04
  2.674426E+00 3.144E-04
  2.678376E+00 2.649E-04
  2.682257E+00 2.284E-04
  2.687954E+00 1.916E-04
  2.693507E+00 1.700E-04
  2.698920E+00 1.592E-04
  2.705927E+00 1.571E-04
  2.712704E+00 1.651E-04
  2.720867E+00 1.861E-04
  2.730234E+00 2.243E-04
  2.739162E+00 2.755E-04
  2.747677E+00 3.412E-04
  2.755805E+00 4.259E-04
  2.762298E+00 5.196E-04
  2.767320E+00 6.223E-04
  2.770988E+00 7.322E-04
  2.773389E+00 8.379E-04
  2.774576E+00 9.087E-04
  2.775754E+00 1.000E-03
  2.776924E+00 1.123E-03
  2.778086E+00 1.303E-03
  2.779238E+00 1.597E-03
  2.780383E+00 2.172E-03
  2.781519E+00 3.740E-03
  2.782647E+00 1.408E-02
  2.783767E+00 1.865E-02
  2.784878E+00 9.727E-04
  2.785982E+00 3.235E-04
  2.787078E+00 2.942E-04
  2.788166E+00 3.437E-04
  2.791384E+00 5.165E-04
  2.803596E+00 1.069E-03
  2.808391E+00 1.345E-03
  2.812111E+00 1.628E-03
  2.815732E+00 2.007E-03
  2.818385E+00 2.395E-03
  2.820985E+00 2.934E-03
  2.822690E+00 3.428E-03
  2.824372E+00 4.098E-03
  2.825205E+00 4.529E-03
  2.826033E+00 5.049E-03
  2.826855E+00 5.687E-03
  2.827672E+00 6.486E-03
  2.828484E+00 7.505E-03
  2.829290E+00 8.839E-03
  2.830091E+00 1.064E-02
  2.830887E+00 1.315E-02
  2.831678E+00 1.680E-02
  2.832464E+00 2.237E-02
  2.833245E+00 3.137E-02
  2.834021E+00 4.668E-02
  2.834792E+00 7.290E-02
  2.835558E+00 1.093E-01
  2.836319E+00 1.237E-01
  2.837075E+00 9.203E-02
  2.837827E+00 5.644E-02
  2.838573E+00 3.479E-02
  2.839315E+00 2.281E-02
  2.840053E+00 1.594E-02
  2.840786E+00 1.178E-02
  2.841514E+00 9.124E-03
  2.842238E+00 7.357E-03
  2.842957E+00 6.138E-03
  2.843671E+00 5.275E-03
  2.844382E+00 4.652E-03
  2.845088E+00 4.196E-03
  2.845789E+00 3.859E-03
  2.847179E+00 3.430E-03
  2.848552E+00 3.210E-03
  2.850581E+00 3.117E-03
  2.853228E+00 3.265E-03
  2.855813E+00 3.633E-03
  2.858336E+00 4.208E-03
  2.860800E+00 5.034E-03
  2.862610E+00 5.880E-03
  2.864388E+00 7.010E-03
  2.866136E+00 8.566E-03
  2.867284E+00 9.957E-03
  2.868419E+00 1.177E-02
  2.869542E+00 1.421E-02
  2.870651E+00 1.761E-02
  2.871201E+00 1.986E-02
  2.871748E+00 2.261E-02
  2.872291E+00 2.606E-02
  2.872832E+00 3.045E-02
  2.873370E+00 3.618E-02
  2.873904E+00 4.388E-02
  2.874436E+00 5.459E-02
  2.874964E+00 7.016E-02
  2.875490E+00 9.408E-02
  2.876013E+00 1.336E-01
  2.876532E+00 2.058E-01
  2.877049E+00 3.563E-01
  2.877563E+00 7.228E-01
  2.878074E+00 1.527E+00
  2.878582E+00 1.437E+00
  2.879088E+00 6.277E-01
  2.879591E+00 2.902E-01
  2.880090E+00 1.570E-01
  2.880588E+00 9.527E-02
  2.881082E+00 6.258E-02
  2.881574E+00 4.349E-02
  2.882063E+00 3.149E-02
  2.882549E+00 2.354E-02
  2.883033E+00 1.802E-02
  2.883514E+00 1.407E-02
  2.883992E+00 1.116E-02
  2.884468E+00 8.966E-03
  2.884941E+00 7.279E-03
  2.885412E+00 5.961E-03
  2.885880E+00 4.918E-03
  2.886346E+00 4.082E-03
  2.886809E+00 3.407E-03
  2.887270E+00 2.856E-03
  2.887728E+00 2.404E-03
  2.888183E+00 2.030E-03
  2.888637E+00 1.721E-03
  2.889088E+00 1.463E-03
  2.889536E+00 1.249E-03
  2.889982E+00 1.070E-03
  2.890426E+00 9.202E-04
  2.890867E+00 7.959E-04
  2.891306E+00 6.929E-04
  2.891743E+00 6.081E-04
  2.892178E+00 5.388E-04
  2.892610E+00 4.831E-04
  2.893040E+00 4.391E-04
  2.893467E+00 4.054E-04
  2.893893E+00 3.809E-04
  2.894316E+00 3.644E-04
  2.895156E+00 3.528E-04
  2.895987E+00 3.654E-04
  2.896809E+00 3.993E-04
  2.897623E+00 4.532E-04
  2.898429E+00 5.279E-04
  2.899227E+00 6.277E-04
  2.900016E+00 7.644E-04
  2.900408E+00 8.550E-04
  2.900797E+00 9.705E-04
  2.901185E+00 1.128E-03
  2.901571E+00 1.365E-03
  2.901955E+00 1.783E-03
  2.902336E+00 2.762E-03
  2.902716E+00 7.078E-03
  2.903094E+00 1.413E+00
  2.903471E+00 3.278E-03
  2.903845E+00 1.020E-03
  2.904217E+00 7.869E-04
  2.904588E+00 7.902E-04
  2.905323E+00 9.158E-04
  2.907841E+00 1.470E-03
  2.909931E+00 2.013E-03
  2.911960E+00 2.676E-03
  2.913607E+00 3.371E-03
  2.915215E+00 4.270E-03
  2.916475E+00 5.220E-03
  2.917710E+00 6.505E-03
  2.918622E+00 7.835E-03
  2.919223E+00 9.011E-03
  2.919818E+00 1.058E-02
  2.920113E+00 1.160E-02
  2.920407E+00 1.288E-02
  2.920700E+00 1.459E-02
  2.920992E+00 1.718E-02
  2.921282E+00 2.217E-02
  2.921570E+00 3.902E-02
  2.921858E+00 3.279E-03
  2.922144E+00 8.422E-03
  2.922429E+00 1.306E-02
  2.922995E+00 2.027E-02
  2.923275E+00 2.423E-02
  2.923555E+00 2.894E-02
  2.923834E+00 3.480E-02
  2.924111E+00 4.240E-02
  2.924386E+00 5.259E-02
  2.924661E+00 6.681E-02
  2.924934E+00 8.748E-02
  2.925207E+00 1.190E-01
  2.925478E+00 1.697E-01
  2.925747E+00 2.550E-01
  2.926016E+00 3.993E-01
  2.926283E+00 6.015E-01
  2.926549E+00 7.081E-01
  2.926814E+00 5.667E-01
  2.927078E+00 3.673E-01
  2.927340E+00 2.336E-01
  2.927602E+00 1.557E-01
  2.927862E+00 1.098E-01
  2.928121E+00 8.128E-02
  2.928379E+00 6.273E-02
  2.928636E+00 5.012E-02
  2.928891E+00 4.123E-02
  2.929146E+00 3.478E-02
  2.929399E+00 2.999E-02
  2.929652E+00 2.635E-02
  2.929903E+00 2.355E-02
  2.930153E+00 2.136E-02
  2.930650E+00 1.828E-02
  2.931142E+00 1.635E-02
  2.931873E+00 1.477E-02
  2.932595E+00 1.417E-02
  2.933542E+00 1.438E-02
  2.934474E+00 1.546E-02
  2.935389E+00 1.735E-02
  2.936289E+00 2.019E-02
  2.937174E+00 2.432E-02
  2.937829E+00 2.866E-02
  2.938474E+00 3.461E-02
  2.939112E+00 4.305E-02
  2.939533E+00 5.083E-02
  2.939951E+00 6.126E-02
  2.940365E+00 7.577E-02
  2.940571E+00 8.527E-02
  2.940775E+00 9.687E-02
  2.940979E+00 1.113E-01
  2.941183E+00 1.294E-01
  2.941385E+00 1.529E-01
  2.941587E+00 1.840E-01
  2.941787E+00 2.264E-01
  2.941987E+00 2.865E-01
  2.942186E+00 3.757E-01
  2.942385E+00 5.164E-01
  2.942582E+00 7.560E-01
  2.942779E+00 1.207E+00
  2.942975E+00 2.162E+00
  2.943364E+00 6.329E+00
  2.943751E+00 1.979E+00
  2.943943E+00 1.041E+00
  2.944134E+00 6.147E-01
  2.944324E+00 3.961E-01
  2.944514E+00 2.720E-01
  2.944703E+00 1.957E-01
  2.944891E+00 1.459E-01
  2.945079E+00 1.118E-01
  2.945265E+00 8.757E-02
  2.945451E+00 6.982E-02
  2.945637E+00 5.648E-02
  2.945821E+00 4.623E-02
  2.946005E+00 3.822E-02
  2.946188E+00 3.187E-02
  2.946370E+00 2.675E-02
  2.946552E+00 2.259E-02
  2.946733E+00 1.917E-02
  2.946913E+00 1.633E-02
  2.947092E+00 1.396E-02
  2.947271E+00 1.197E-02
  2.947449E+00 1.028E-02
  2.947626E+00 8.839E-03
  2.947803E+00 7.610E-03
  2.947979E+00 6.555E-03
  2.948154E+00 5.646E-03
  2.948329E+00 4.862E-03
  2.948503E+00 4.182E-03
  2.948676E+00 3.593E-03
  2.948849E+00 3.082E-03
  2.949021E+00 2.638E-03
  2.949192E+00 2.253E-03
  2.949363E+00 1.918E-03
  2.949533E+00 1.628E-03
  2.949702E+00 1.377E-03
  2.949871E+00 1.162E-03
  2.950039E+00 9.766E-04
  2.950206E+00 8.191E-04
  2.950373E+00 6.863E-04
  2.950539E+00 5.757E-04
  2.950704E+00 4.852E-04
  2.950869E+00 4.133E-04
  2.951033E+00 3.587E-04
  2.951197E+00 3.208E-04
  2.951360E+00 3.004E-04
  2.951522E+00 3.008E-04
  2.951684E+00 3.345E-04
  2.951845E+00 4.560E-04
  2.952005E+00 1.138E-03
  2.952165E+00 1.577E-01
  2.952324E+00 9.263E-04
  2.952483E+00 4.893E-04
  2.952641E+00 4.413E-04
  2.952799E+00 4.588E-04
  2.952956E+00 4.996E-04
  2.953268E+00 6.148E-04
  2.953731E+00 8.377E-04
  2.954342E+00 1.202E-03
  2.955092E+00 1.741E-03
  2.956408E+00 2.869E-03
  2.956552E+00 3.012E-03
  2.956695E+00 3.067E-03
  2.957262E+00 3.543E-03
  2.957681E+00 3.723E-03
  2.957959E+00 3.690E-03
  2.958234E+00 3.512E-03
  2.958371E+00 3.533E-03
  2.958508E+00 4.424E-03
  2.958644E+00 1.188E-02
  2.958779E+00 1.613E-01
  2.958914E+00 1.741E-01
  2.959049E+00 4.843E-02
  2.959183E+00 2.989E-02
  2.959317E+00 2.361E-02
  2.959450E+00 2.077E-02
  2.959582E+00 1.935E-02
  2.959715E+00 1.863E-02
  2.959977E+00 1.830E-02
  2.960368E+00 1.923E-02
  2.960755E+00 2.119E-02
  2.961138E+00 2.411E-02
  2.961517E+00 2.817E-02
  2.961892E+00 3.386E-02
  2.962139E+00 3.900E-02
  2.962386E+00 4.574E-02
  2.962630E+00 5.484E-02
  2.962873E+00 6.763E-02
  2.962993E+00 7.608E-02
  2.963113E+00 8.648E-02
  2.963233E+00 9.949E-02
  2.963353E+00 1.161E-01
  2.963472E+00 1.377E-01
  2.963591E+00 1.666E-01
  2.963709E+00 2.064E-01
  2.963827E+00 2.632E-01
  2.963944E+00 3.476E-01
  2.964061E+00 4.793E-01
  2.964178E+00 6.944E-01
  2.964294E+00 1.055E+00
  2.964525E+00 2.168E+00
  2.964640E+00 2.081E+00
  2.964755E+00 1.471E+00
  2.964869E+00 9.443E-01
  2.964983E+00 6.198E-01
  2.965097E+00 4.283E-01
  2.965210E+00 3.116E-01
  2.965323E+00 2.370E-01
  2.965435E+00 1.871E-01
  2.965547E+00 1.524E-01
  2.965659E+00 1.276E-01
  2.965770E+00 1.093E-01
  2.965881E+00 9.560E-02
  2.965991E+00 8.510E-02
  2.966102E+00 7.697E-02
  2.966321E+00 6.562E-02
  2.966539E+00 5.857E-02
  2.966862E+00 5.288E-02
  2.967183E+00 5.085E-02
  2.967606E+00 5.185E-02
  2.968023E+00 5.618E-02
  2.968435E+00 6.380E-02
  2.968841E+00 7.553E-02
  2.969143E+00 8.808E-02
  2.969441E+00 1.054E-01
  2.969737E+00 1.301E-01
  2.969932E+00 1.529E-01
  2.970127E+00 1.835E-01
  2.970320E+00 2.260E-01
  2.970416E+00 2.538E-01
  2.970511E+00 2.877E-01
  2.970607E+00 3.298E-01
  2.970702E+00 3.830E-01
  2.970797E+00 4.516E-01
  2.970891E+00 5.425E-01
  2.970986E+00 6.665E-01
  2.971080E+00 8.424E-01
  2.971173E+00 1.104E+00
  2.971267E+00 1.517E+00
  2.971360E+00 2.222E+00
  2.971452E+00 3.556E+00
  2.971545E+00 6.395E+00
  2.971637E+00 1.259E+01
  2.971729E+00 1.823E+01
  2.971820E+00 1.140E+01
  2.971912E+00 5.442E+00
  2.972003E+00 2.861E+00
  2.972094E+00 1.687E+00
  2.972184E+00 1.085E+00
  2.972274E+00 7.428E-01
  2.972364E+00 5.325E-01
  2.972454E+00 3.952E-01
  2.972543E+00 3.014E-01
  2.972632E+00 2.348E-01
  2.972721E+00 1.860E-01
  2.972809E+00 1.494E-01
  2.972898E+00 1.214E-01
  2.972986E+00 9.956E-02
  2.973073E+00 8.224E-02
  2.973161E+00 6.835E-02
  2.973248E+00 5.707E-02
  2.973335E+00 4.782E-02
  2.973421E+00 4.018E-02
  2.973508E+00 3.380E-02
  2.973594E+00 2.845E-02
  2.973680E+00 2.393E-02
  2.973765E+00 2.009E-02
  2.973850E+00 1.681E-02
  2.973935E+00 1.398E-02
  2.974020E+00 1.152E-02
  2.974105E+00 9.363E-03
  2.974273E+00 5.638E-03
  2.974357E+00 3.845E-03
  2.974440E+00 1.757E-03
  2.974524E+00 1.606E-03
  2.974606E+00 2.105E-02
  2.974689E+00 7.187E-03
  2.974772E+00 4.543E-03
  2.974854E+00 3.249E-03
  2.974936E+00 2.420E-03
  2.975018E+00 1.832E-03
  2.975099E+00 1.395E-03
  2.975180E+00 1.067E-03
  2.975261E+00 8.243E-04
  2.975342E+00 6.506E-04
  2.975423E+00 5.350E-04
  2.975503E+00 4.694E-04
  2.975583E+00 4.476E-04
  2.975663E+00 4.645E-04
  2.975742E+00 5.159E-04
  2.975822E+00 5.985E-04
  2.975901E+00 7.092E-04
  2.975980E+00 8.456E-04
  2.976058E+00 1.005E-03
  2.976215E+00 1.388E-03
  2.976370E+00 1.844E-03
  2.976602E+00 2.646E-03
  2.976908E+00 3.911E-03
  2.977059E+00 4.690E-03
  2.977135E+00 5.269E-03
  2.977210E+00 9.130E-03
  2.977285E+00 4.627E-03
  2.977359E+00 5.346E-03
  2.977582E+00 6.472E-03
  2.978023E+00 8.185E-03
  2.978095E+00 8.707E-03
  2.978168E+00 9.721E-03
  2.978240E+00 1.204E-02
  2.978312E+00 1.819E-02
  2.978383E+00 3.803E-02
  2.978455E+00 1.319E-01
  2.978526E+00 1.448E+00
  2.978597E+00 1.257E+00
  2.978668E+00 2.851E-01
  2.978739E+00 1.505E-01
  2.978810E+00 1.063E-01
  2.978880E+00 8.632E-02
  2.978950E+00 7.571E-02
  2.979020E+00 6.966E-02
  2.979090E+00 6.615E-02
  2.979229E+00 6.334E-02
  2.979436E+00 6.472E-02
  2.979641E+00 7.007E-02
  2.979844E+00 7.878E-02
  2.980045E+00 9.134E-02
  2.980245E+00 1.092E-01
  2.980378E+00 1.254E-01
  2.980509E+00 1.466E-01
  2.980640E+00 1.753E-01
  2.980770E+00 2.153E-01
  2.980835E+00 2.416E-01
  2.980900E+00 2.739E-01
  2.980964E+00 3.141E-01
  2.981028E+00 3.649E-01
  2.981092E+00 4.307E-01
  2.981156E+00 5.178E-01
  2.981220E+00 6.363E-01
  2.981283E+00 8.031E-01
  2.981347E+00 1.047E+00
  2.981410E+00 1.419E+00
  2.981473E+00 2.012E+00
  2.981536E+00 2.992E+00
  2.981598E+00 4.564E+00
  2.981661E+00 6.502E+00
  2.981723E+00 7.152E+00
  2.981785E+00 5.623E+00
  2.981847E+00 3.735E+00
  2.981909E+00 2.449E+00
  2.981971E+00 1.675E+00
  2.982032E+00 1.204E+00
  2.982094E+00 9.058E-01
  2.982155E+00 7.085E-01
  2.982216E+00 5.727E-01
  2.982276E+00 4.760E-01
  2.982337E+00 4.053E-01
  2.982398E+00 3.524E-01
  2.982458E+00 3.120E-01
  2.982518E+00 2.808E-01
  2.982578E+00 2.564E-01
  2.982697E+00 2.220E-01
  2.982816E+00 2.005E-01
  2.982993E+00 1.832E-01
  2.983169E+00 1.775E-01
  2.983401E+00 1.820E-01
  2.983630E+00 1.978E-01
  2.983857E+00 2.250E-01
  2.984081E+00 2.667E-01
  2.984248E+00 3.113E-01
  2.984414E+00 3.729E-01
  2.984578E+00 4.608E-01
  2.984687E+00 5.419E-01
  2.984795E+00 6.507E-01
  2.984903E+00 8.018E-01
  2.984956E+00 9.007E-01
  2.985010E+00 1.021E+00
  2.985063E+00 1.171E+00
  2.985116E+00 1.360E+00
  2.985169E+00 1.604E+00
  2.985222E+00 1.926E+00
  2.985275E+00 2.365E+00
  2.985327E+00 2.986E+00
  2.985380E+00 3.907E+00
  2.985432E+00 5.355E+00
  2.985484E+00 7.811E+00
  2.985537E+00 1.240E+01
  2.985589E+00 2.197E+01
  2.985640E+00 4.219E+01
  2.985692E+00 6.095E+01
  2.985795E+00 1.962E+01
  2.985846E+00 1.040E+01
  2.985897E+00 6.157E+00
  2.985948E+00 3.966E+00
  2.985999E+00 2.718E+00
  2.986050E+00 1.950E+00
  2.986101E+00 1.448E+00
  2.986151E+00 1.105E+00
  2.986201E+00 8.615E-01
  2.986252E+00 6.832E-01
  2.986302E+00 5.492E-01
  2.986352E+00 4.466E-01
  2.986402E+00 3.664E-01
  2.986451E+00 3.028E-01
  2.986501E+00 2.517E-01
  2.986550E+00 2.102E-01
  2.986600E+00 1.760E-01
  2.986649E+00 1.477E-01
  2.986698E+00 1.240E-01
  2.986747E+00 1.039E-01
  2.986796E+00 8.670E-02
  2.986844E+00 7.176E-02
  2.986942E+00 4.585E-02
  2.986990E+00 3.216E-02
  2.987038E+00 9.426E-03
  2.987086E+00 1.413E-01
  2.987134E+00 4.858E-02
  2.987182E+00 3.400E-02
  2.987230E+00 2.618E-02
  2.987277E+00 2.072E-02
  2.987325E+00 1.651E-02
  2.987372E+00 1.313E-02
  2.987419E+00 1.037E-02
  2.987467E+00 8.089E-03
  2.987514E+00 6.214E-03
  2.987560E+00 4.679E-03
  2.987607E+00 3.437E-03
  2.987654E+00 2.450E-03
  2.987700E+00 1.688E-03
  2.987747E+00 1.125E-03
  2.987793E+00 7.406E-04
  2.987839E+00 5.168E-04
  2.987886E+00 4.382E-04
  2.987931E+00 4.914E-04
  2.987977E+00 6.650E-04
  2.988023E+00 9.490E-04
  2.988069E+00 1.335E-03
  2.988114E+00 1.815E-03
  2.988160E+00 2.383E-03
  2.988205E+00 3.033E-03
  2.988295E+00 4.563E-03
  2.988385E+00 6.386E-03
  2.988474E+00 8.513E-03
  2.988563E+00 1.105E-02
  2.988607E+00 1.258E-02
  2.988652E+00 1.452E-02
  2.988696E+00 1.753E-02
  2.988740E+00 2.677E-02
  2.988784E+00 6.657E-04
  2.988827E+00 1.059E-02
  2.988871E+00 1.403E-02
  2.988958E+00 1.803E-02
  2.989088E+00 2.353E-02
  2.989131E+00 2.606E-02
  2.989174E+00 2.962E-02
  2.989216E+00 3.525E-02
  2.989259E+00 4.527E-02
  2.989302E+00 6.540E-02
  2.989344E+00 1.121E-01
  2.989386E+00 2.458E-01
  2.989429E+00 8.106E-01
  2.989471E+00 7.482E+00
  2.989513E+00 7.578E+00
  2.989555E+00 1.513E+00
  2.989597E+00 7.348E-01
  2.989639E+00 4.884E-01
  2.989680E+00 3.784E-01
  2.989722E+00 3.202E-01
  2.989763E+00 2.865E-01
  2.989805E+00 2.661E-01
  2.989846E+00 2.537E-01
  2.989928E+00 2.433E-01
  2.990051E+00 2.480E-01
  2.990173E+00 2.679E-01
  2.990294E+00 3.006E-01
  2.990414E+00 3.481E-01
  2.990533E+00 4.157E-01
  2.990651E+00 5.138E-01
  2.990729E+00 6.058E-01
  2.990808E+00 7.310E-01
  2.990885E+00 9.083E-01
  2.990924E+00 1.026E+00
  2.990963E+00 1.172E+00
  2.991001E+00 1.354E+00
  2.991039E+00 1.588E+00
  2.991078E+00 1.894E+00
  2.991116E+00 2.305E+00
  2.991154E+00 2.874E+00
  2.991192E+00 3.689E+00
  2.991230E+00 4.905E+00
  2.991268E+00 6.804E+00
  2.991306E+00 9.901E+00
  2.991344E+00 1.503E+01
  2.991381E+00 2.271E+01
  2.991419E+00 2.954E+01
  2.991456E+00 2.768E+01
  2.991494E+00 1.967E+01
  2.991531E+00 1.287E+01
  2.991568E+00 8.613E+00
  2.991605E+00 6.050E+00
  2.991642E+00 4.461E+00
  2.991679E+00 3.433E+00
  2.991716E+00 2.738E+00
  2.991753E+00 2.252E+00
  2.991790E+00 1.900E+00
  2.991826E+00 1.640E+00
  2.991863E+00 1.444E+00
  2.991899E+00 1.293E+00
  2.991935E+00 1.175E+00
  2.992008E+00 1.011E+00
  2.992080E+00 9.090E-01
  2.992187E+00 8.273E-01
  2.992294E+00 8.001E-01
  2.992436E+00 8.207E-01
  2.992576E+00 8.938E-01
  2.992714E+00 1.020E+00
  2.992852E+00 1.213E+00
  2.992954E+00 1.419E+00
  2.993056E+00 1.703E+00
  2.993156E+00 2.106E+00
  2.993223E+00 2.475E+00
  2.993290E+00 2.966E+00
  2.993356E+00 3.640E+00
  2.993389E+00 4.077E+00
  2.993422E+00 4.607E+00
  2.993455E+00 5.256E+00
  2.993488E+00 6.067E+00
  2.993521E+00 7.098E+00
  2.993553E+00 8.438E+00
  2.993586E+00 1.023E+01
  2.993619E+00 1.270E+01
  2.993651E+00 1.624E+01
  2.993683E+00 2.157E+01
  2.993716E+00 3.014E+01
  2.993748E+00 4.506E+01
  2.993780E+00 7.379E+01
  2.993812E+00 1.348E+02
  2.993844E+00 2.507E+02
  2.993876E+00 2.883E+02
  2.993908E+00 1.639E+02
  2.993940E+00 8.222E+01
  2.993972E+00 4.554E+01
  2.994003E+00 2.790E+01
  2.994035E+00 1.844E+01
  2.994066E+00 1.289E+01
  2.994098E+00 9.398E+00
  2.994129E+00 7.074E+00
  2.994161E+00 5.460E+00
  2.994192E+00 4.299E+00
  2.994223E+00 3.439E+00
  2.994254E+00 2.788E+00
  2.994285E+00 2.284E+00
  2.994316E+00 1.887E+00
  2.994347E+00 1.570E+00
  2.994378E+00 1.314E+00
  2.994409E+00 1.104E+00
  2.994440E+00 9.298E-01
  2.994470E+00 7.845E-01
  2.994501E+00 6.618E-01
  2.994531E+00 5.568E-01
  2.994592E+00 3.829E-01
  2.994622E+00 3.020E-01
  2.994653E+00 1.946E-01
  2.994683E+00 2.368E+00
  2.994713E+00 3.244E-01
  2.994743E+00 2.360E-01
  2.994773E+00 1.878E-01
  2.994803E+00 1.528E-01
  2.994833E+00 1.248E-01
  2.994863E+00 1.018E-01
  2.994892E+00 8.245E-02
  2.994922E+00 6.612E-02
  2.994952E+00 5.233E-02
  2.994981E+00 4.070E-02
  2.995011E+00 3.097E-02
  2.995040E+00 2.289E-02
  2.995070E+00 1.628E-02
  2.995099E+00 1.100E-02
  2.995128E+00 6.906E-03
  2.995157E+00 3.890E-03
  2.995186E+00 1.857E-03
  2.995215E+00 7.247E-04
  2.995244E+00 4.231E-04
  2.995273E+00 8.914E-04
  2.995302E+00 2.077E-03
  2.995331E+00 3.936E-03
  2.995360E+00 6.430E-03
  2.995388E+00 9.529E-03
  2.995417E+00 1.321E-02
  2.995445E+00 1.745E-02
  2.995474E+00 2.224E-02
  2.995531E+00 3.350E-02
  2.995587E+00 4.721E-02
  2.995644E+00 6.429E-02
  2.995672E+00 7.499E-02
  2.995700E+00 8.869E-02
  2.995728E+00 1.097E-01
  2.995756E+00 1.638E-01
  2.995783E+00 2.966E+00
  2.995811E+00 4.690E-02
  2.995839E+00 7.961E-02
  2.995867E+00 9.967E-02
  2.995922E+00 1.349E-01
  2.995949E+00 1.556E-01
  2.995977E+00 1.821E-01
  2.996004E+00 2.192E-01
  2.996031E+00 2.767E-01
  2.996059E+00 3.747E-01
  2.996086E+00 5.611E-01
  2.996113E+00 9.670E-01
  2.996140E+00 2.043E+00
  2.996167E+00 6.078E+00
  2.996194E+00 4.140E+01
  2.996221E+00 1.062E+02
  2.996248E+00 1.557E+01
  2.996274E+00 6.752E+00
  2.996301E+00 4.225E+00
  2.996328E+00 3.150E+00
  2.996355E+00 2.596E+00
  2.996381E+00 2.280E+00
  2.996408E+00 2.089E+00
  2.996434E+00 1.974E+00
  2.996487E+00 1.873E+00
  2.996566E+00 1.903E+00
  2.996644E+00 2.064E+00
  2.996722E+00 2.336E+00
  2.996799E+00 2.731E+00
  2.996876E+00 3.291E+00
  2.996927E+00 3.795E+00
  2.996978E+00 4.446E+00
  2.997028E+00 5.310E+00
  2.997078E+00 6.486E+00
  2.997104E+00 7.242E+00
  2.997129E+00 8.151E+00
  2.997154E+00 9.255E+00
  2.997179E+00 1.062E+01
  2.997203E+00 1.233E+01
  2.997228E+00 1.450E+01
  2.997253E+00 1.734E+01
  2.997278E+00 2.114E+01
  2.997302E+00 2.635E+01
  2.997327E+00 3.375E+01
  2.997352E+00 4.468E+01
  2.997376E+00 6.156E+01
  2.997401E+00 8.888E+01
  2.997425E+00 1.346E+02
  2.997450E+00 2.088E+02
  2.997474E+00 2.998E+02
  2.997498E+00 3.278E+02
  2.997522E+00 2.565E+02
  2.997547E+00 1.717E+02
  2.997571E+00 1.144E+02
  2.997595E+00 7.959E+01
  2.997619E+00 5.828E+01
  2.997643E+00 4.467E+01
  2.997667E+00 3.559E+01
  2.997691E+00 2.930E+01
  2.997715E+00 2.480E+01
  2.997738E+00 2.151E+01
  2.997762E+00 1.904E+01
  2.997786E+00 1.717E+01
  2.997833E+00 1.463E+01
  2.997880E+00 1.313E+01
  2.997927E+00 1.228E+01
  2.997997E+00 1.184E+01
  2.998067E+00 1.210E+01
  2.998136E+00 1.293E+01
  2.998228E+00 1.494E+01
  2.998296E+00 1.724E+01
  2.998364E+00 2.041E+01
  2.998431E+00 2.478E+01
  2.998498E+00 3.090E+01
  2.998543E+00 3.638E+01
  2.998587E+00 4.345E+01
  2.998631E+00 5.274E+01
  2.998675E+00 6.526E+01
  2.998697E+00 7.319E+01
  2.998719E+00 8.260E+01
  2.998741E+00 9.386E+01
  2.998762E+00 1.075E+02
  2.998784E+00 1.242E+02
  2.998806E+00 1.449E+02
  2.998827E+00 1.710E+02
  2.998849E+00 2.046E+02
  2.998871E+00 2.486E+02
  2.998892E+00 3.078E+02
  2.998914E+00 3.898E+02
  2.998935E+00 5.077E+02
  2.998957E+00 6.853E+02
  2.998978E+00 9.688E+02
  2.998999E+00 1.456E+03
  2.999021E+00 2.377E+03
  2.999042E+00 4.311E+03
  2.999063E+00 8.442E+03
  2.999084E+00 1.279E+04
  2.999105E+00 9.164E+03
  2.999126E+00 4.777E+03
  2.999147E+00 2.653E+03
  2.999168E+00 1.640E+03
  2.999189E+00 1.103E+03
  2.999210E+00 7.905E+02
  2.999231E+00 5.940E+02
  2.999252E+00 4.628E+02
  2.999273E+00 3.711E+02
  2.999294E+00 3.045E+02
  2.999314E+00 2.546E+02
  2.999335E+00 2.163E+02
  2.999356E+00 1.862E+02
  2.999376E+00 1.621E+02
  2.999417E+00 1.262E+02
  2.999458E+00 1.012E+02
  2.999499E+00 8.270E+01
  2.999580E+00 5.350E+01
  2.999600E+00 3.817E+01
  2.999620E+00 1.005E+02
  2.999640E+00 6.084E+01
  2.999661E+00 5.310E+01
  2.999681E+00 4.852E+01
  2.999720E+00 4.218E+01
  2.999780E+00 3.557E+01
  2.999859E+00 2.939E+01
  2.999957E+00 2.406E+01
  3.000054E+00 2.035E+01
  3.000169E+00 1.737E+01
  3.000245E+00 1.636E+01
  3.000283E+00 1.652E+01
  3.000302E+00 1.709E+01
  3.000321E+00 1.860E+01
  3.000339E+00 2.413E+01
  3.000358E+00 1.519E+03
  3.000377E+00 4.931E+00
  3.000396E+00 8.469E+00
  3.000414E+00 9.906E+00
  3.000470E+00 1.276E+01
  3.000489E+00 1.427E+01
  3.000507E+00 1.664E+01
  3.000525E+00 2.061E+01
  3.000544E+00 2.777E+01
  3.000562E+00 4.200E+01
  3.000581E+00 7.483E+01
  3.000599E+00 1.730E+02
  3.000617E+00 6.850E+02
  3.000635E+00 9.249E+03
  3.000654E+00 9.667E+02
  3.000672E+00 2.880E+02
  3.000690E+00 1.477E+02
  3.000708E+00 9.568E+01
  3.000726E+00 7.039E+01
  3.000744E+00 5.604E+01
  3.000762E+00 4.704E+01
  3.000780E+00 4.099E+01
  3.000798E+00 3.671E+01
  3.000816E+00 3.357E+01
  3.000852E+00 2.938E+01
  3.000887E+00 2.684E+01
  3.000940E+00 2.474E+01
  3.001011E+00 2.385E+01
  3.001081E+00 2.451E+01
  3.001150E+00 2.682E+01
  3.001202E+00 3.012E+01
  3.001236E+00 3.347E+01
  3.001271E+00 3.828E+01
  3.001305E+00 4.538E+01
  3.001322E+00 5.024E+01
  3.001339E+00 5.636E+01
  3.001356E+00 6.421E+01
  3.001372E+00 7.450E+01
  3.001389E+00 8.833E+01
  3.001406E+00 1.075E+02
  3.001423E+00 1.350E+02
  3.001440E+00 1.761E+02
  3.001457E+00 2.403E+02
  3.001473E+00 3.446E+02
  3.001490E+00 5.131E+02
  3.001507E+00 7.400E+02
  3.001523E+00 8.657E+02
  3.001540E+00 7.132E+02
  3.001556E+00 4.701E+02
  3.001573E+00 2.978E+02
  3.001590E+00 1.958E+02
  3.001606E+00 1.355E+02
  3.001623E+00 9.839E+01
  3.001639E+00 7.445E+01
  3.001655E+00 5.833E+01
  3.001672E+00 4.707E+01
  3.001688E+00 3.895E+01
  3.001704E+00 3.295E+01
  3.001721E+00 2.840E+01
  3.001737E+00 2.490E+01
  3.001753E+00 2.216E+01
  3.001769E+00 1.999E+01
  3.001802E+00 1.683E+01
  3.001834E+00 1.474E+01
  3.001882E+00 1.279E+01
  3.001930E+00 1.173E+01
  3.001993E+00 1.113E+01
  3.002072E+00 1.126E+01
  3.002150E+00 1.222E+01
  3.002212E+00 1.368E+01
  3.002258E+00 1.536E+01
  3.002304E+00 1.780E+01
  3.002349E+00 2.144E+01
  3.002380E+00 2.497E+01
  3.002410E+00 2.991E+01
  3.002425E+00 3.318E+01
  3.002440E+00 3.720E+01
  3.002455E+00 4.222E+01
  3.002470E+00 4.862E+01
  3.002485E+00 5.698E+01
  3.002500E+00 6.820E+01
  3.002515E+00 8.380E+01
  3.002530E+00 1.064E+02
  3.002545E+00 1.411E+02
  3.002559E+00 1.979E+02
  3.002574E+00 2.997E+02
  3.002589E+00 5.014E+02
  3.002604E+00 9.209E+02
  3.002618E+00 1.468E+03
  3.002633E+00 1.164E+03
  3.002648E+00 5.852E+02
  3.002662E+00 2.999E+02
  3.002677E+00 1.708E+02
  3.002692E+00 1.063E+02
  3.002706E+00 7.073E+01
  3.002721E+00 4.940E+01
  3.002735E+00 3.581E+01
  3.002750E+00 2.672E+01
  3.002764E+00 2.039E+01
  3.002779E+00 1.585E+01
  3.002793E+00 1.250E+01
  3.002808E+00 9.980E+00
  3.002822E+00 8.047E+00
  3.002836E+00 6.541E+00
  3.002851E+00 5.352E+00
  3.002865E+00 4.402E+00
  3.002879E+00 3.636E+00
  3.002894E+00 3.011E+00
  3.002908E+00 2.498E+00
  3.002922E+00 2.073E+00
  3.002936E+00 1.715E+00
  3.002950E+00 1.409E+00
  3.002965E+00 1.130E+00
  3.002979E+00 7.692E-01
  3.002993E+00 1.227E+00
  3.003007E+00 8.142E-01
  3.003021E+00 6.469E-01
  3.003035E+00 5.251E-01
  3.003049E+00 4.276E-01
  3.003063E+00 3.474E-01
  3.003077E+00 2.807E-01
  3.003091E+00 2.251E-01
  3.003105E+00 1.786E-01
  3.003119E+00 1.399E-01
  3.003132E+00 1.078E-01
  3.003146E+00 8.137E-02
  3.003160E+00 5.982E-02
  3.003174E+00 4.248E-02
  3.003188E+00 2.880E-02
  3.003201E+00 1.828E-02
  3.003215E+00 1.052E-02
  3.003229E+00 5.162E-03
  3.003243E+00 1.907E-03
  3.003256E+00 4.897E-04
  3.003270E+00 6.829E-04
  3.003283E+00 2.291E-03
  3.003297E+00 5.144E-03
  3.003311E+00 9.097E-03
  3.003324E+00 1.403E-02
  3.003338E+00 1.983E-02
  3.003365E+00 3.376E-02
  3.003391E+00 5.047E-02
  3.003405E+00 5.987E-02
  3.003432E+00 8.123E-02
  3.003445E+00 9.373E-02
  3.003458E+00 1.083E-01
  3.003472E+00 1.268E-01
  3.003485E+00 1.548E-01
  3.003498E+00 2.208E-01
  3.003511E+00 3.980E+00
  3.003525E+00 5.647E-02
  3.003538E+00 1.093E-01
  3.003551E+00 1.413E-01
  3.003564E+00 1.703E-01
  3.003577E+00 2.028E-01
  3.003590E+00 2.440E-01
  3.003603E+00 3.018E-01
  3.003616E+00 3.901E-01
  3.003629E+00 5.375E-01
  3.003642E+00 8.094E-01
  3.003655E+00 1.380E+00
  3.003668E+00 2.836E+00
  3.003681E+00 8.100E+00
  3.003694E+00 5.258E+01
  3.003707E+00 1.215E+02
  3.003720E+00 1.724E+01
  3.003733E+00 7.118E+00
  3.003746E+00 4.244E+00
  3.003759E+00 3.024E+00
  3.003771E+00 2.390E+00
  3.003784E+00 2.018E+00
  3.003797E+00 1.783E+00
  3.003810E+00 1.628E+00
  3.003822E+00 1.522E+00
  3.003848E+00 1.400E+00
  3.003886E+00 1.340E+00
  3.003924E+00 1.361E+00
  3.003974E+00 1.476E+00
  3.004023E+00 1.687E+00
  3.004060E+00 1.930E+00
  3.004085E+00 2.151E+00
  3.004122E+00 2.618E+00
  3.004146E+00 3.070E+00
  3.004170E+00 3.708E+00
  3.004183E+00 4.130E+00
  3.004195E+00 4.651E+00
  3.004207E+00 5.303E+00
  3.004219E+00 6.136E+00
  3.004231E+00 7.222E+00
  3.004243E+00 8.676E+00
  3.004255E+00 1.068E+01
  3.004267E+00 1.355E+01
  3.004279E+00 1.781E+01
  3.004291E+00 2.446E+01
  3.004303E+00 3.529E+01
  3.004315E+00 5.319E+01
  3.004327E+00 7.982E+01
  3.004339E+00 1.024E+02
  3.004351E+00 9.355E+01
  3.004362E+00 6.481E+01
  3.004374E+00 4.161E+01
  3.004386E+00 2.743E+01
  3.004398E+00 1.903E+01
  3.004410E+00 1.387E+01
  3.004421E+00 1.055E+01
  3.004433E+00 8.325E+00
  3.004445E+00 6.771E+00
  3.004457E+00 5.653E+00
  3.004468E+00 4.827E+00
  3.004480E+00 4.203E+00
  3.004503E+00 3.348E+00
  3.004526E+00 2.816E+00
  3.004550E+00 2.474E+00
  3.004573E+00 2.252E+00
  3.004607E+00 2.060E+00
  3.004653E+00 1.972E+00
  3.004698E+00 2.009E+00
  3.004755E+00 2.200E+00
  3.004799E+00 2.477E+00
  3.004833E+00 2.782E+00
  3.004866E+00 3.206E+00
  3.004899E+00 3.808E+00
  3.004932E+00 4.697E+00
  3.004954E+00 5.550E+00
  3.004976E+00 6.742E+00
  3.004987E+00 7.527E+00
  3.005008E+00 9.694E+00
  3.005019E+00 1.122E+01
  3.005030E+00 1.322E+01
  3.005041E+00 1.588E+01
  3.005051E+00 1.958E+01
  3.005062E+00 2.490E+01
  3.005073E+00 3.301E+01
  3.005084E+00 4.617E+01
  3.005094E+00 6.945E+01
  3.005105E+00 1.150E+02
  3.005116E+00 2.105E+02
  3.005126E+00 3.573E+02
  3.005137E+00 3.232E+02
  3.005148E+00 1.685E+02
  3.005158E+00 8.582E+01
  3.005169E+00 4.847E+01
  3.005179E+00 3.002E+01
  3.005190E+00 1.992E+01
  3.005201E+00 1.392E+01
  3.005211E+00 1.011E+01
  3.005222E+00 7.560E+00
  3.005232E+00 5.789E+00
  3.005243E+00 4.518E+00
  3.005253E+00 3.579E+00
  3.005264E+00 2.871E+00
  3.005274E+00 2.327E+00
  3.005284E+00 1.901E+00
  3.005295E+00 1.565E+00
  3.005305E+00 1.294E+00
  3.005326E+00 8.967E-01
  3.005336E+00 7.491E-01
  3.005357E+00 5.230E-01
  3.005367E+00 4.347E-01
  3.005367E+00 0.000E+00
  3.012248E+00 0.000E+00
  3.012248E+00 5.236E+00
  3.015559E+00 3.140E+00
  3.019676E+00 1.952E+00
  3.023748E+00 1.334E+00
  3.027776E+00 9.720E-01
  3.031758E+00 7.417E-01
  3.035698E+00 5.861E-01
  3.039594E+00 4.760E-01
  3.043448E+00 3.953E-01
  3.047260E+00 3.342E-01
  3.051031E+00 2.870E-01
  3.054761E+00 2.495E-01
  3.058452E+00 2.194E-01
  3.062102E+00 1.947E-01
  3.069288E+00 1.571E-01
  3.076323E+00 1.301E-01
  3.083211E+00 1.100E-01
  3.093276E+00 8.816E-02
  3.103033E+00 7.278E-02
  3.115584E+00 5.840E-02
  3.127637E+00 4.835E-02
  3.142043E+00 3.951E-02
  3.158421E+00 3.221E-02
  3.176371E+00 2.641E-02
  3.197779E+00 2.145E-02
  3.221660E+00 1.754E-02
  3.247043E+00 1.466E-02
  3.269757E+00 1.303E-02
  3.284111E+00 1.276E-02
  3.291647E+00 1.326E-02
  3.296027E+00 1.411E-02
  3.298890E+00 1.519E-02
  3.300304E+00 1.603E-02
  3.301708E+00 1.721E-02
  3.303101E+00 1.892E-02
  3.304483E+00 2.150E-02
  3.305854E+00 2.534E-02
  3.307215E+00 3.018E-02
  3.308566E+00 3.300E-02
  3.309906E+00 3.081E-02
  3.311236E+00 2.703E-02
  3.312555E+00 2.477E-02
  3.313865E+00 2.419E-02
  3.315165E+00 2.484E-02
  3.316455E+00 2.645E-02
  3.317735E+00 2.896E-02
  3.319006E+00 3.246E-02
  3.320267E+00 3.713E-02
  3.321518E+00 4.326E-02
  3.322761E+00 5.122E-02
  3.323994E+00 6.138E-02
  3.325217E+00 7.389E-02
  3.327638E+00 1.028E-01
  3.328835E+00 1.142E-01
  3.330023E+00 1.189E-01
  3.331202E+00 1.155E-01
  3.332373E+00 1.057E-01
  3.335835E+00 6.867E-02
  3.336972E+00 5.904E-02
  3.338100E+00 5.118E-02
  3.339221E+00 4.482E-02
  3.340334E+00 3.968E-02
  3.341438E+00 3.551E-02
  3.343624E+00 2.928E-02
  3.345779E+00 2.496E-02
  3.348954E+00 2.064E-02
  3.352062E+00 1.784E-02
  3.356106E+00 1.543E-02
  3.361005E+00 1.362E-02
  3.366666E+00 1.255E-02
  3.371211E+00 1.245E-02
  3.374739E+00 1.311E-02
  3.377324E+00 1.429E-02
  3.379858E+00 1.630E-02
  3.383160E+00 2.027E-02
  3.385581E+00 2.338E-02
  3.387169E+00 2.435E-02
  3.387955E+00 2.408E-02
  3.388736E+00 2.321E-02
  3.392569E+00 1.576E-02
  3.394068E+00 1.367E-02
  3.396282E+00 1.163E-02
  3.399170E+00 1.006E-02
  3.403369E+00 8.778E-03
  3.409385E+00 7.747E-03
  3.418717E+00 6.854E-03
  3.427807E+00 6.461E-03
  3.433082E+00 6.594E-03
  3.436108E+00 7.002E-03
  3.438071E+00 7.618E-03
  3.439515E+00 8.518E-03
  3.440464E+00 9.582E-03
  3.440935E+00 1.037E-02
  3.441404E+00 1.144E-02
  3.441869E+00 1.289E-02
  3.442333E+00 1.485E-02
  3.443252E+00 1.976E-02
  3.443708E+00 2.096E-02
  3.444162E+00 1.992E-02
  3.445061E+00 1.489E-02
  3.445508E+00 1.303E-02
  3.445952E+00 1.183E-02
  3.446393E+00 1.111E-02
  3.446833E+00 1.074E-02
  3.447704E+00 1.067E-02
  3.448567E+00 1.120E-02
  3.449420E+00 1.221E-02
  3.450265E+00 1.377E-02
  3.451101E+00 1.607E-02
  3.451515E+00 1.761E-02
  3.451928E+00 1.952E-02
  3.452338E+00 2.188E-02
  3.452747E+00 2.486E-02
  3.453153E+00 2.866E-02
  3.453557E+00 3.352E-02
  3.453959E+00 3.975E-02
  3.454359E+00 4.759E-02
  3.455153E+00 6.693E-02
  3.455546E+00 7.530E-02
  3.455938E+00 7.923E-02
  3.456328E+00 7.755E-02
  3.457102E+00 6.560E-02
  3.457486E+00 6.112E-02
  3.457868E+00 6.271E-02
  3.458248E+00 1.372E-01
  3.458626E+00 4.575E-02
  3.459003E+00 3.794E-02
  3.459750E+00 4.005E-02
  3.460489E+00 4.478E-02
  3.461221E+00 5.232E-02
  3.461946E+00 6.335E-02
  3.462664E+00 7.898E-02
  3.463020E+00 8.899E-02
  3.463375E+00 1.008E-01
  3.463728E+00 1.146E-01
  3.464428E+00 1.493E-01
  3.465122E+00 1.938E-01
  3.466488E+00 2.959E-01
  3.466826E+00 3.269E-01
  3.467162E+00 5.913E-01
  3.467496E+00 2.672E-01
  3.467829E+00 2.718E-01
  3.468160E+00 2.619E-01
  3.470114E+00 1.571E-01
  3.470753E+00 1.302E-01
  3.471386E+00 1.090E-01
  3.472324E+00 8.547E-02
  3.473249E+00 6.898E-02
  3.474161E+00 5.710E-02
  3.475357E+00 4.590E-02
  3.476531E+00 3.806E-02
  3.477969E+00 3.119E-02
  3.479652E+00 2.555E-02
  3.481558E+00 2.115E-02
  3.483664E+00 1.791E-02
  3.485696E+00 1.614E-02
  3.487175E+00 1.596E-02
  3.488139E+00 1.672E-02
  3.488851E+00 1.808E-02
  3.489555E+00 2.049E-02
  3.490249E+00 2.440E-02
  3.490934E+00 3.022E-02
  3.492279E+00 4.502E-02
  3.492500E+00 4.629E-02
  3.492720E+00 4.649E-02
  3.492939E+00 4.550E-02
  3.493375E+00 4.061E-02
  3.494234E+00 2.822E-02
  3.494659E+00 2.355E-02
  3.495080E+00 2.002E-02
  3.495705E+00 1.627E-02
  3.496322E+00 1.371E-02
  3.497134E+00 1.135E-02
  3.498130E+00 9.114E-03
  3.498327E+00 8.518E-03
  3.498523E+00 7.107E-03
  3.498718E+00 1.261E-02
  3.498912E+00 9.521E-03
  3.499106E+00 8.865E-03
  3.499682E+00 7.934E-03
  3.500814E+00 6.861E-03
  3.502281E+00 6.008E-03
  3.503528E+00 5.685E-03
  3.504570E+00 5.786E-03
  3.505420E+00 6.262E-03
  3.506089E+00 7.047E-03
  3.506583E+00 8.017E-03
  3.507072E+00 9.506E-03
  3.507395E+00 1.046E-02
  3.507716E+00 1.069E-02
  3.507875E+00 1.127E-02
  3.508192E+00 1.327E-02
  3.508506E+00 1.603E-02
  3.508818E+00 1.970E-02
  3.509128E+00 2.470E-02
  3.509282E+00 2.789E-02
  3.509436E+00 3.166E-02
  3.509589E+00 3.611E-02
  3.509741E+00 4.135E-02
  3.510044E+00 5.434E-02
  3.510494E+00 7.682E-02
  3.510643E+00 8.271E-02
  3.510792E+00 8.664E-02
  3.511087E+00 8.888E-02
  3.511234E+00 8.913E-02
  3.511380E+00 9.173E-02
  3.511526E+00 1.044E-01
  3.511671E+00 1.978E-01
  3.511815E+00 3.711E-01
  3.511960E+00 9.181E-01
  3.512103E+00 9.232E-02
  3.512246E+00 7.978E-02
  3.512389E+00 8.029E-02
  3.512531E+00 8.438E-02
  3.512672E+00 9.086E-02
  3.512813E+00 9.975E-02
  3.512954E+00 1.115E-01
  3.513094E+00 1.270E-01
  3.513233E+00 1.479E-01
  3.513372E+00 1.768E-01
  3.513511E+00 2.190E-01
  3.513649E+00 2.853E-01
  3.513786E+00 4.010E-01
  3.513923E+00 6.312E-01
  3.514060E+00 1.063E+00
  3.514196E+00 8.554E-01
  3.514332E+00 2.021E-01
  3.514467E+00 4.051E-02
  3.514601E+00 1.999E-02
  3.514735E+00 3.318E-02
  3.514869E+00 5.684E-02
  3.515002E+00 8.517E-02
  3.515267E+00 1.496E-01
  3.515399E+00 1.824E-01
  3.515530E+00 2.099E-01
  3.515661E+00 2.194E-01
  3.515791E+00 1.854E-01
  3.515921E+00 9.161E-02
  3.516050E+00 4.110E-02
  3.516179E+00 1.342E-01
  3.516308E+00 2.656E-01
  3.516436E+00 3.664E-01
  3.516564E+00 4.315E-01
  3.516691E+00 4.676E-01
  3.516818E+00 4.817E-01
  3.516944E+00 4.796E-01
  3.517195E+00 4.455E-01
  3.517939E+00 2.954E-01
  3.518304E+00 2.383E-01
  3.518667E+00 1.953E-01
  3.519025E+00 1.630E-01
  3.519497E+00 1.316E-01
  3.519963E+00 1.093E-01
  3.520537E+00 8.986E-02
  3.521101E+00 7.673E-02
  3.521655E+00 6.846E-02
  3.522201E+00 6.484E-02
  3.522631E+00 6.594E-02
  3.523055E+00 7.131E-02
  3.523681E+00 8.595E-02
  3.524193E+00 1.025E-01
  3.524295E+00 1.070E-01
  3.524396E+00 1.409E-01
  3.524497E+00 1.692E-01
  3.524597E+00 1.280E-01
  3.524996E+00 1.060E-01
  3.525389E+00 7.785E-02
  3.525681E+00 6.154E-02
  3.525970E+00 5.001E-02
  3.526257E+00 4.179E-02
  3.526634E+00 3.401E-02
  3.527100E+00 2.720E-02
  3.527649E+00 2.136E-02
  3.528276E+00 1.630E-02
  3.528977E+00 1.188E-02
  3.529744E+00 7.964E-03
  3.529828E+00 7.426E-03
  3.529912E+00 7.264E-03
  3.529996E+00 1.154E-02
  3.530079E+00 8.417E-03
  3.530162E+00 7.728E-03
  3.530327E+00 7.057E-03
  3.530573E+00 6.455E-03
  3.530655E+00 6.456E-03
  3.530736E+00 7.419E-03
  3.530817E+00 1.369E-02
  3.530898E+00 6.639E-02
  3.530978E+00 8.445E-02
  3.531058E+00 2.771E-02
  3.531139E+00 1.833E-02
  3.531218E+00 1.587E-02
  3.531298E+00 1.538E-02
  3.531377E+00 1.579E-02
  3.531456E+00 1.678E-02
  3.531535E+00 1.825E-02
  3.531614E+00 2.020E-02
  3.531692E+00 2.270E-02
  3.531770E+00 2.585E-02
  3.531848E+00 2.977E-02
  3.531926E+00 3.466E-02
  3.532003E+00 4.075E-02
  3.532081E+00 4.832E-02
  3.532158E+00 5.767E-02
  3.532234E+00 6.902E-02
  3.532311E+00 8.238E-02
  3.532539E+00 1.259E-01
  3.532615E+00 1.359E-01
  3.532690E+00 1.413E-01
  3.532915E+00 1.430E-01
  3.532990E+00 1.456E-01
  3.533064E+00 1.533E-01
  3.533138E+00 1.711E-01
  3.533212E+00 2.173E-01
  3.533286E+00 4.204E-01
  3.533359E+00 5.863E+00
  3.533433E+00 3.884E-01
  3.533506E+00 2.317E-01
  3.533578E+00 2.263E-01
  3.533651E+00 2.485E-01
  3.533723E+00 2.855E-01
  3.533796E+00 3.370E-01
  3.533868E+00 4.067E-01
  3.533939E+00 5.013E-01
  3.534011E+00 6.316E-01
  3.534082E+00 8.127E-01
  3.534153E+00 1.061E+00
  3.534224E+00 1.371E+00
  3.534295E+00 1.642E+00
  3.534366E+00 1.618E+00
  3.534436E+00 1.200E+00
  3.534506E+00 6.985E-01
  3.534576E+00 3.479E-01
  3.534646E+00 1.520E-01
  3.534715E+00 5.702E-02
  3.534785E+00 2.322E-02
  3.534854E+00 2.902E-02
  3.534923E+00 6.356E-02
  3.534992E+00 1.213E-01
  3.535060E+00 1.986E-01
  3.535129E+00 2.912E-01
  3.535265E+00 4.922E-01
  3.535332E+00 5.798E-01
  3.535400E+00 6.448E-01
  3.535467E+00 6.816E-01
  3.535535E+00 6.903E-01
  3.535602E+00 6.753E-01
  3.535735E+00 6.010E-01
  3.536066E+00 3.678E-01
  3.536262E+00 2.529E-01
  3.536391E+00 1.865E-01
  3.536456E+00 1.562E-01
  3.536520E+00 1.296E-01
  3.536585E+00 1.116E-01
  3.536649E+00 1.174E-01
  3.536713E+00 1.975E-01
  3.536776E+00 5.238E-01
  3.536840E+00 1.398E+00
  3.536903E+00 1.848E+00
  3.536966E+00 1.387E+00
  3.537029E+00 9.937E-01
  3.537092E+00 7.619E-01
  3.537155E+00 6.204E-01
  3.537217E+00 5.274E-01
  3.537280E+00 4.622E-01
  3.537342E+00 4.141E-01
  3.537404E+00 3.773E-01
  3.537527E+00 3.247E-01
  3.537711E+00 2.759E-01
  3.537894E+00 2.473E-01
  3.538074E+00 2.319E-01
  3.538313E+00 2.282E-01
  3.538550E+00 2.432E-01
  3.539072E+00 3.072E-01
  3.539300E+00 3.292E-01
  3.539414E+00 3.494E-01
  3.539470E+00 3.647E-01
  3.539526E+00 3.880E-01
  3.539582E+00 4.704E-01
  3.539638E+00 1.846E+00
  3.539694E+00 4.826E-01
  3.539750E+00 4.577E-01
  3.539860E+00 4.429E-01
  3.539971E+00 4.071E-01
  3.540244E+00 2.826E-01
  3.540406E+00 2.260E-01
  3.540566E+00 1.857E-01
  3.540726E+00 1.569E-01
  3.540937E+00 1.297E-01
  3.541197E+00 1.066E-01
  3.541505E+00 8.807E-02
  3.541809E+00 7.620E-02
  3.542008E+00 7.207E-02
  3.542157E+00 7.233E-02
  3.542255E+00 7.587E-02
  3.542304E+00 7.964E-02
  3.542401E+00 9.262E-02
  3.542498E+00 9.184E-02
  3.542547E+00 1.102E-01
  3.542595E+00 1.564E-01
  3.542643E+00 1.970E-01
  3.542691E+00 6.704E-02
  3.542739E+00 1.440E-02
  3.542787E+00 9.029E-03
  3.542834E+00 1.135E-02
  3.542882E+00 1.492E-02
  3.542929E+00 1.884E-02
  3.542976E+00 2.329E-02
  3.543024E+00 2.874E-02
  3.543117E+00 4.230E-02
  3.543164E+00 4.036E-02
  3.543211E+00 2.514E-02
  3.543257E+00 1.250E-02
  3.543304E+00 7.542E-03
  3.543350E+00 6.482E-03
  3.543396E+00 6.979E-03
  3.543443E+00 8.149E-03
  3.543488E+00 9.695E-03
  3.543534E+00 1.154E-02
  3.543580E+00 1.369E-02
  3.543626E+00 1.620E-02
  3.543671E+00 1.916E-02
  3.543717E+00 2.266E-02
  3.543762E+00 2.684E-02
  3.543807E+00 3.188E-02
  3.543852E+00 3.800E-02
  3.543897E+00 4.549E-02
  3.543942E+00 5.472E-02
  3.543987E+00 6.618E-02
  3.544031E+00 8.050E-02
  3.544076E+00 9.848E-02
  3.544120E+00 1.211E-01
  3.544165E+00 1.493E-01
  3.544209E+00 1.837E-01
  3.544341E+00 3.113E-01
  3.544384E+00 3.473E-01
  3.544428E+00 3.718E-01
  3.544515E+00 3.926E-01
  3.544602E+00 4.143E-01
  3.544645E+00 4.413E-01
  3.544688E+00 4.913E-01
  3.544731E+00 5.875E-01
  3.544773E+00 8.161E-01
  3.544816E+00 1.780E+00
  3.544859E+00 2.851E+01
  3.544901E+00 2.275E+00
  3.544944E+00 1.149E+00
  3.544986E+00 1.077E+00
  3.545028E+00 1.196E+00
  3.545070E+00 1.421E+00
  3.545112E+00 1.750E+00
  3.545154E+00 2.208E+00
  3.545196E+00 2.828E+00
  3.545279E+00 4.418E+00
  3.545320E+00 4.885E+00
  3.545362E+00 4.572E+00
  3.545403E+00 3.570E+00
  3.545444E+00 2.430E+00
  3.545485E+00 1.518E+00
  3.545526E+00 8.901E-01
  3.545567E+00 4.852E-01
  3.545608E+00 2.385E-01
  3.545649E+00 1.055E-01
  3.545689E+00 6.152E-02
  3.545730E+00 9.603E-02
  3.545770E+00 2.077E-01
  3.545810E+00 3.993E-01
  3.545851E+00 6.705E-01
  3.545891E+00 1.008E+00
  3.545971E+00 1.723E+00
  3.546011E+00 1.983E+00
  3.546050E+00 2.124E+00
  3.546090E+00 2.144E+00
  3.546129E+00 2.071E+00
  3.546208E+00 1.785E+00
  3.546326E+00 1.312E+00
  3.546442E+00 9.334E-01
  3.546558E+00 6.446E-01
  3.546635E+00 4.914E-01
  3.546673E+00 4.301E-01
  3.546711E+00 3.878E-01
  3.546750E+00 3.842E-01
  3.546787E+00 4.691E-01
  3.546825E+00 7.770E-01
  3.546863E+00 1.674E+00
  3.546901E+00 3.840E+00
  3.546939E+00 6.212E+00
  3.546976E+00 5.710E+00
  3.547014E+00 4.233E+00
  3.547051E+00 3.186E+00
  3.547088E+00 2.533E+00
  3.547125E+00 2.113E+00
  3.547163E+00 1.830E+00
  3.547200E+00 1.629E+00
  3.547236E+00 1.482E+00
  3.547310E+00 1.288E+00
  3.547383E+00 1.176E+00
  3.547456E+00 1.117E+00
  3.547565E+00 1.103E+00
  3.547673E+00 1.164E+00
  3.547816E+00 1.339E+00
  3.547958E+00 1.516E+00
  3.548098E+00 1.573E+00
  3.548237E+00 1.631E+00
  3.548306E+00 1.738E+00
  3.548375E+00 1.949E+00
  3.548409E+00 2.192E+00
  3.548443E+00 5.547E+00
  3.548477E+00 3.018E+00
  3.548511E+00 2.384E+00
  3.548613E+00 2.246E+00
  3.548714E+00 1.916E+00
  3.548847E+00 1.437E+00
  3.548947E+00 1.176E+00
  3.549045E+00 9.915E-01
  3.549176E+00 8.270E-01
  3.549305E+00 7.216E-01
  3.549465E+00 6.446E-01
  3.549592E+00 6.206E-01
  3.549687E+00 6.316E-01
  3.549749E+00 6.627E-01
  3.549812E+00 7.309E-01
  3.549843E+00 7.903E-01
  3.549874E+00 8.775E-01
  3.549905E+00 1.001E+00
  3.549935E+00 1.145E+00
  3.549966E+00 1.209E+00
  3.549997E+00 1.085E+00
  3.550028E+00 9.146E-01
  3.550058E+00 8.387E-01
  3.550089E+00 8.638E-01
  3.550119E+00 9.824E-01
  3.550150E+00 1.223E+00
  3.550180E+00 1.672E+00
  3.550210E+00 2.428E+00
  3.550240E+00 2.842E+00
  3.550270E+00 1.631E+00
  3.550300E+00 6.126E-01
  3.550330E+00 2.266E-01
  3.550360E+00 9.019E-02
  3.550390E+00 4.158E-02
  3.550420E+00 2.686E-02
  3.550450E+00 2.714E-02
  3.550479E+00 3.573E-02
  3.550509E+00 5.108E-02
  3.550539E+00 7.498E-02
  3.550568E+00 1.124E-01
  3.550598E+00 1.673E-01
  3.550627E+00 2.045E-01
  3.550656E+00 1.408E-01
  3.550685E+00 5.863E-02
  3.550715E+00 2.122E-02
  3.550744E+00 8.602E-03
  3.550773E+00 6.043E-03
  3.550802E+00 7.859E-03
  3.550831E+00 1.198E-02
  3.550859E+00 1.768E-02
  3.550888E+00 2.478E-02
  3.550917E+00 3.334E-02
  3.550946E+00 4.360E-02
  3.550974E+00 5.588E-02
  3.551003E+00 7.065E-02
  3.551031E+00 8.849E-02
  3.551060E+00 1.101E-01
  3.551088E+00 1.366E-01
  3.551116E+00 1.691E-01
  3.551145E+00 2.094E-01
  3.551173E+00 2.596E-01
  3.551201E+00 3.228E-01
  3.551229E+00 4.026E-01
  3.551257E+00 5.042E-01
  3.551285E+00 6.333E-01
  3.551313E+00 7.962E-01
  3.551341E+00 9.970E-01
  3.551369E+00 1.234E+00
  3.551424E+00 1.744E+00
  3.551452E+00 1.956E+00
  3.551479E+00 2.110E+00
  3.551561E+00 2.423E+00
  3.551589E+00 2.599E+00
  3.551616E+00 2.885E+00
  3.551643E+00 3.370E+00
  3.551670E+00 4.285E+00
  3.551697E+00 6.531E+00
  3.551724E+00 1.708E+01
  3.551751E+00 2.855E+02
  3.551778E+00 1.922E+01
  3.551805E+00 1.006E+01
  3.551832E+00 9.463E+00
  3.551859E+00 1.067E+01
  3.551885E+00 1.297E+01
  3.551912E+00 1.637E+01
  3.551939E+00 2.096E+01
  3.551965E+00 2.644E+01
  3.551992E+00 3.132E+01
  3.552018E+00 3.269E+01
  3.552044E+00 2.887E+01
  3.552097E+00 1.518E+01
  3.552123E+00 9.918E+00
  3.552149E+00 6.216E+00
  3.552175E+00 3.714E+00
  3.552201E+00 2.075E+00
  3.552227E+00 1.077E+00
  3.552253E+00 5.986E-01
  3.552279E+00 6.026E-01
  3.552305E+00 1.114E+00
  3.552331E+00 2.201E+00
  3.552356E+00 3.942E+00
  3.552382E+00 6.351E+00
  3.552408E+00 9.265E+00
  3.552433E+00 1.226E+01
  3.552459E+00 1.474E+01
  3.552484E+00 1.624E+01
  3.552510E+00 1.664E+01
  3.552535E+00 1.617E+01
  3.552586E+00 1.391E+01
  3.552661E+00 1.019E+01
  3.552711E+00 8.174E+00
  3.552761E+00 6.529E+00
  3.552810E+00 5.180E+00
  3.552860E+00 4.133E+00
  3.552885E+00 3.785E+00
  3.552909E+00 3.669E+00
  3.552934E+00 4.012E+00
  3.552958E+00 5.344E+00
  3.552983E+00 8.957E+00
  3.553007E+00 1.789E+01
  3.553031E+00 3.672E+01
  3.553056E+00 5.808E+01
  3.553080E+00 5.863E+01
  3.553104E+00 4.669E+01
  3.553128E+00 3.631E+01
  3.553152E+00 2.936E+01
  3.553176E+00 2.479E+01
  3.553200E+00 2.172E+01
  3.553224E+00 1.959E+01
  3.553248E+00 1.810E+01
  3.553296E+00 1.633E+01
  3.553343E+00 1.562E+01
  3.553391E+00 1.567E+01
  3.553461E+00 1.698E+01
  3.553531E+00 1.966E+01
  3.553647E+00 2.545E+01
  3.553716E+00 2.758E+01
  3.553831E+00 2.951E+01
  3.553876E+00 3.147E+01
  3.553921E+00 3.514E+01
  3.553944E+00 3.788E+01
  3.553966E+00 4.169E+01
  3.553988E+00 4.906E+01
  3.554011E+00 1.688E+02
  3.554033E+00 6.528E+01
  3.554056E+00 5.365E+01
  3.554122E+00 5.367E+01
  3.554188E+00 4.880E+01
  3.554276E+00 4.051E+01
  3.554363E+00 3.499E+01
  3.554450E+00 3.232E+01
  3.554535E+00 3.189E+01
  3.554620E+00 3.362E+01
  3.554684E+00 3.673E+01
  3.554747E+00 4.244E+01
  3.554789E+00 4.886E+01
  3.554809E+00 5.342E+01
  3.554830E+00 5.937E+01
  3.554851E+00 6.732E+01
  3.554872E+00 7.822E+01
  3.554892E+00 9.328E+01
  3.554934E+00 1.355E+02
  3.554954E+00 1.487E+02
  3.554975E+00 1.431E+02
  3.554995E+00 1.293E+02
  3.555016E+00 1.218E+02
  3.555036E+00 1.254E+02
  3.555056E+00 1.412E+02
  3.555077E+00 1.728E+02
  3.555097E+00 2.293E+02
  3.555117E+00 3.313E+02
  3.555137E+00 5.153E+02
  3.555158E+00 7.601E+02
  3.555178E+00 7.262E+02
  3.555198E+00 4.074E+02
  3.555218E+00 1.978E+02
  3.555238E+00 1.001E+02
  3.555258E+00 5.385E+01
  3.555278E+00 3.054E+01
  3.555298E+00 1.847E+01
  3.555318E+00 1.276E+01
  3.555337E+00 1.157E+01
  3.555357E+00 1.497E+01
  3.555377E+00 2.525E+01
  3.555397E+00 4.920E+01
  3.555416E+00 1.046E+02
  3.555436E+00 2.240E+02
  3.555456E+00 3.550E+02
  3.555475E+00 3.062E+02
  3.555495E+00 2.006E+02
  3.555514E+00 1.344E+02
  3.555534E+00 9.746E+01
  3.555553E+00 7.584E+01
  3.555573E+00 6.245E+01
  3.555592E+00 5.376E+01
  3.555611E+00 4.790E+01
  3.555631E+00 4.394E+01
  3.555650E+00 4.128E+01
  3.555688E+00 3.861E+01
  3.555726E+00 3.842E+01
  3.555765E+00 4.023E+01
  3.555803E+00 4.407E+01
  3.555840E+00 5.045E+01
  3.555878E+00 6.034E+01
  3.555897E+00 6.704E+01
  3.555916E+00 7.513E+01
  3.555990E+00 1.160E+02
  3.556009E+00 1.226E+02
  3.556027E+00 1.249E+02
  3.556064E+00 1.197E+02
  3.556101E+00 1.147E+02
  3.556120E+00 1.165E+02
  3.556138E+00 1.234E+02
  3.556156E+00 1.389E+02
  3.556175E+00 1.739E+02
  3.556193E+00 2.752E+02
  3.556211E+00 8.970E+02
  3.556229E+00 5.721E+03
  3.556247E+00 5.141E+02
  3.556265E+00 2.907E+02
  3.556283E+00 2.653E+02
  3.556302E+00 2.860E+02
  3.556320E+00 3.312E+02
  3.556338E+00 3.950E+02
  3.556355E+00 4.674E+02
  3.556373E+00 5.206E+02
  3.556391E+00 5.111E+02
  3.556409E+00 4.257E+02
  3.556427E+00 3.072E+02
  3.556445E+00 2.028E+02
  3.556462E+00 1.277E+02
  3.556480E+00 7.795E+01
  3.556498E+00 4.605E+01
  3.556516E+00 2.604E+01
  3.556533E+00 1.406E+01
  3.556551E+00 7.848E+00
  3.556568E+00 6.223E+00
  3.556586E+00 8.715E+00
  3.556603E+00 1.532E+01
  3.556621E+00 2.622E+01
  3.556638E+00 4.131E+01
  3.556656E+00 5.947E+01
  3.556673E+00 7.787E+01
  3.556690E+00 9.236E+01
  3.556708E+00 9.951E+01
  3.556725E+00 9.872E+01
  3.556742E+00 9.206E+01
  3.556794E+00 6.196E+01
  3.556811E+00 5.304E+01
  3.556828E+00 4.529E+01
  3.556845E+00 3.866E+01
  3.556862E+00 3.301E+01
  3.556879E+00 2.819E+01
  3.556896E+00 2.409E+01
  3.556913E+00 2.061E+01
  3.556930E+00 1.765E+01
  3.556947E+00 1.521E+01
  3.556964E+00 1.330E+01
  3.556980E+00 1.201E+01
  3.556997E+00 1.163E+01
  3.557014E+00 1.275E+01
  3.557031E+00 1.665E+01
  3.557047E+00 2.622E+01
  3.557064E+00 4.733E+01
  3.557081E+00 8.677E+01
  3.557097E+00 1.291E+02
  3.557114E+00 1.318E+02
  3.557130E+00 1.058E+02
  3.557147E+00 8.082E+01
  3.557163E+00 6.330E+01
  3.557180E+00 5.152E+01
  3.557196E+00 4.345E+01
  3.557213E+00 3.776E+01
  3.557229E+00 3.364E+01
  3.557245E+00 3.059E+01
  3.557278E+00 2.665E+01
  3.557311E+00 2.458E+01
  3.557343E+00 2.376E+01
  3.557391E+00 2.417E+01
  3.557471E+00 2.614E+01
  3.557519E+00 2.548E+01
  3.557614E+00 2.105E+01
  3.557645E+00 2.046E+01
  3.557676E+00 2.084E+01
  3.557692E+00 2.146E+01
  3.557707E+00 2.246E+01
  3.557723E+00 2.428E+01
  3.557738E+00 3.120E+01
  3.557754E+00 3.195E+02
  3.557769E+00 2.681E+01
  3.557784E+00 2.443E+01
  3.557831E+00 2.134E+01
  3.557892E+00 1.535E+01
  3.557922E+00 1.278E+01
  3.557952E+00 1.072E+01
  3.557982E+00 9.127E+00
  3.558027E+00 7.380E+00
  3.558072E+00 6.183E+00
  3.558117E+00 5.363E+00
  3.558161E+00 4.824E+00
  3.558205E+00 4.530E+00
  3.558249E+00 4.518E+00
  3.558278E+00 4.745E+00
  3.558293E+00 4.972E+00
  3.558307E+00 5.309E+00
  3.558322E+00 5.795E+00
  3.558351E+00 7.295E+00
  3.558365E+00 8.060E+00
  3.558379E+00 8.222E+00
  3.558394E+00 7.462E+00
  3.558408E+00 6.309E+00
  3.558422E+00 5.416E+00
  3.558437E+00 4.972E+00
  3.558451E+00 4.942E+00
  3.558465E+00 5.299E+00
  3.558479E+00 6.113E+00
  3.558494E+00 7.606E+00
  3.558508E+00 1.023E+01
  3.558522E+00 1.440E+01
  3.558536E+00 1.757E+01
  3.558550E+00 1.310E+01
  3.558564E+00 6.493E+00
  3.558578E+00 2.999E+00
  3.558592E+00 1.453E+00
  3.558606E+00 7.448E-01
  3.558620E+00 3.990E-01
  3.558634E+00 2.221E-01
  3.558648E+00 1.299E-01
  3.558662E+00 8.357E-02
  3.558676E+00 6.473E-02
  3.558690E+00 6.552E-02
  3.558704E+00 8.541E-02
  3.558717E+00 1.318E-01
  3.558745E+00 3.008E-01
  3.558759E+00 2.228E-01
  3.558772E+00 1.011E-01
  3.558786E+00 4.111E-02
  3.558800E+00 1.686E-02
  3.558813E+00 7.803E-03
  3.558827E+00 5.659E-03
  3.558841E+00 7.128E-03
  3.558854E+00 1.084E-02
  3.558868E+00 1.622E-02
  3.558881E+00 2.310E-02
  3.558895E+00 3.146E-02
  3.558908E+00 4.146E-02
  3.558922E+00 5.331E-02
  3.558935E+00 6.736E-02
  3.558949E+00 8.401E-02
  3.558962E+00 1.038E-01
  3.558976E+00 1.275E-01
  3.558989E+00 1.559E-01
  3.559002E+00 1.902E-01
  3.559016E+00 2.321E-01
  3.559029E+00 2.834E-01
  3.559042E+00 3.471E-01
  3.559055E+00 4.265E-01
  3.559069E+00 5.262E-01
  3.559082E+00 6.514E-01
  3.559095E+00 8.072E-01
  3.559108E+00 9.965E-01
  3.559134E+00 1.449E+00
  3.559161E+00 1.852E+00
  3.559187E+00 2.083E+00
  3.559213E+00 2.306E+00
  3.559226E+00 2.504E+00
  3.559239E+00 2.826E+00
  3.559252E+00 3.376E+00
  3.559264E+00 4.441E+00
  3.559277E+00 7.166E+00
  3.559290E+00 2.051E+01
  3.559303E+00 3.376E+02
  3.559316E+00 2.378E+01
  3.559329E+00 1.142E+01
  3.559341E+00 1.014E+01
  3.559354E+00 1.111E+01
  3.559367E+00 1.328E+01
  3.559380E+00 1.636E+01
  3.559392E+00 1.978E+01
  3.559405E+00 2.202E+01
  3.559418E+00 2.116E+01
  3.559430E+00 1.722E+01
  3.559443E+00 1.237E+01
  3.559456E+00 8.296E+00
  3.559468E+00 5.375E+00
  3.559481E+00 3.400E+00
  3.559493E+00 2.094E+00
  3.559506E+00 1.248E+00
  3.559518E+00 7.330E-01
  3.559531E+00 4.774E-01
  3.559543E+00 4.528E-01
  3.559556E+00 6.629E-01
  3.559568E+00 1.135E+00
  3.559580E+00 1.907E+00
  3.559593E+00 2.993E+00
  3.559618E+00 5.691E+00
  3.559630E+00 6.779E+00
  3.559642E+00 7.327E+00
  3.559654E+00 7.299E+00
  3.559667E+00 6.852E+00
  3.559703E+00 4.788E+00
  3.559728E+00 3.622E+00
  3.559740E+00 3.149E+00
  3.559752E+00 2.740E+00
  3.559764E+00 2.388E+00
  3.559776E+00 2.085E+00
  3.559788E+00 1.825E+00
  3.559800E+00 1.607E+00
  3.559812E+00 1.433E+00
  3.559824E+00 1.312E+00
  3.559836E+00 1.264E+00
  3.559848E+00 1.334E+00
  3.559860E+00 1.615E+00
  3.559872E+00 2.305E+00
  3.559884E+00 3.818E+00
  3.559896E+00 6.865E+00
  3.559908E+00 1.168E+01
  3.559920E+00 1.532E+01
  3.559931E+00 1.458E+01
  3.559943E+00 1.181E+01
  3.559955E+00 9.349E+00
  3.559967E+00 7.599E+00
  3.559979E+00 6.397E+00
  3.559990E+00 5.562E+00
  3.560002E+00 4.973E+00
  3.560025E+00 4.250E+00
  3.560049E+00 3.899E+00
  3.560072E+00 3.785E+00
  3.560107E+00 3.929E+00
  3.560176E+00 4.673E+00
  3.560199E+00 4.733E+00
  3.560233E+00 4.497E+00
  3.560278E+00 4.053E+00
  3.560300E+00 3.996E+00
  3.560323E+00 4.131E+00
  3.560345E+00 4.514E+00
  3.560357E+00 4.871E+00
  3.560368E+00 5.715E+00
  3.560379E+00 2.436E+01
  3.560390E+00 6.709E+00
  3.560401E+00 5.327E+00
  3.560434E+00 4.817E+00
  3.560500E+00 3.094E+00
  3.560533E+00 2.453E+00
  3.560565E+00 2.010E+00
  3.560598E+00 1.708E+00
  3.560630E+00 1.506E+00
  3.560673E+00 1.351E+00
  3.560705E+00 1.316E+00
  3.560737E+00 1.372E+00
  3.560758E+00 1.496E+00
  3.560779E+00 1.748E+00
  3.560800E+00 2.208E+00
  3.560810E+00 2.489E+00
  3.560821E+00 2.671E+00
  3.560831E+00 2.597E+00
  3.560842E+00 2.291E+00
  3.560852E+00 1.959E+00
  3.560862E+00 1.738E+00
  3.560873E+00 1.650E+00
  3.560883E+00 1.688E+00
  3.560893E+00 1.855E+00
  3.560904E+00 2.190E+00
  3.560914E+00 2.789E+00
  3.560924E+00 3.827E+00
  3.560935E+00 5.389E+00
  3.560945E+00 6.239E+00
  3.560955E+00 4.380E+00
  3.560965E+00 2.199E+00
  3.560976E+00 1.063E+00
  3.560986E+00 5.428E-01
  3.560996E+00 2.937E-01
  3.561006E+00 1.666E-01
  3.561016E+00 9.829E-02
  3.561026E+00 6.044E-02
  3.561037E+00 3.947E-02
  3.561047E+00 2.864E-02
  3.561057E+00 2.477E-02
  3.561067E+00 2.704E-02
  3.561077E+00 3.704E-02
  3.561087E+00 5.914E-02
  3.561097E+00 8.905E-02
  3.561114E+00 5.193E-02
  3.571104E+00 4.768E-01
  3.571114E+00 4.854E-01
  3.596058E+00 9.806E-02
  3.621001E+00 4.823E-02
  3.645944E+00 2.969E-02
  3.670888E+00 2.109E-02
  3.695831E+00 1.666E-02
  3.720774E+00 1.416E-02
  3.745717E+00 1.264E-02
  3.770661E+00 1.168E-02
  3.820547E+00 1.062E-02
  3.895377E+00 1.003E-02
  4.294470E+00 1.010E-02
  4.294470E+00 0.000E+00
  4.718507E+00 0.000E+00
  4.294470E+00 0.000E+00
  4.718507E+00 0.000E+00
  4.718507E+00 8.901E-03
  4.718507E+00 8.901E-03
  5.616466E+00 5.952E-03
  5.990615E+00 5.101E-03
  6.015559E+00 5.053E-03
  6.137083E+00 4.759E-03
  6.261057E+00 4.482E-03
  6.387538E+00 4.221E-03
  6.516578E+00 3.975E-03
  6.648222E+00 3.743E-03
  6.782523E+00 3.525E-03
  6.919537E+00 3.320E-03
  7.059321E+00 3.127E-03
  7.201929E+00 2.945E-03
  7.347423E+00 2.773E-03
  7.495847E+00 2.612E-03
  7.647272E+00 2.460E-03
  7.801761E+00 2.316E-03
  7.959364E+00 2.181E-03
  8.120152E+00 2.054E-03
  8.284192E+00 1.935E-03
  8.451543E+00 1.822E-03
  8.622278E+00 1.716E-03
  8.796456E+00 1.616E-03
  8.974162E+00 1.522E-03
  9.155447E+00 1.433E-03
  9.340399E+00 1.350E-03
  9.529091E+00 1.271E-03
  9.721592E+00 1.197E-03
  9.917976E+00 1.127E-03
  1.011834E+01 1.062E-03
  1.032274E+01 1.000E-03
  1.053127E+01 9.417E-04
  1.074402E+01 8.869E-04
  1.096106E+01 8.353E-04
  1.118249E+01 7.866E-04
  1.140839E+01 7.408E-04
  1.163886E+01 6.977E-04
  1.187398E+01 6.570E-04
  1.211385E+01 6.188E-04
  1.235856E+01 5.827E-04
  1.260823E+01 5.488E-04
  1.286293E+01 5.168E-04
  1.312277E+01 4.867E-04
  1.338787E+01 4.584E-04
  1.365832E+01 4.317E-04
  1.393424E+01 4.066E-04
  1.421573E+01 3.829E-04
  1.450291E+01 3.606E-04
  1.479589E+01 3.396E-04
  1.509479E+01 3.198E-04
  1.539972E+01 3.012E-04
  1.571081E+01 2.836E-04
  1.602818E+01 2.671E-04
  1.635197E+01 2.516E-04
  1.668230E+01 2.369E-04
  1.701932E+01 2.231E-04
  1.736311E+01 2.101E-04
  1.771388E+01 1.979E-04
  1.807172E+01 1.864E-04
  1.843680E+01 1.755E-04
  1.880923E+01 1.653E-04
  1.918922E+01 1.557E-04
  1.957686E+01 1.466E-04
  1.997235E+01 1.381E-04
  2.037581E+01 1.300E-04
  2.078745E+01 1.225E-04
  2.120737E+01 1.153E-04
  2.163579E+01 1.086E-04
  2.207285E+01 1.023E-04
  2.251875E+01 9.633E-05
  2.297365E+01 9.072E-05
  2.343776E+01 8.543E-05
      36   2   2   111    8  -1.23100E-02    2290
  1.228893E-02 1.500E+02
  6.358361E-02 3.363E+00
  1.135644E-01 8.123E-01
  1.622851E-01 3.248E-01
  2.097878E-01 1.641E-01
  2.561126E-01 9.472E-02
  3.012982E-01 5.944E-02
  3.453818E-01 3.959E-02
  3.883987E-01 2.765E-02
  4.303832E-01 2.012E-02
  4.713680E-01 1.518E-02
  5.113846E-01 1.180E-02
  5.504633E-01 9.408E-03
  5.886331E-01 7.640E-03
  6.259221E-01 6.289E-03
  6.623571E-01 5.226E-03
  6.979639E-01 4.374E-03
  7.327676E-01 3.682E-03
  7.667921E-01 3.119E-03
  8.000604E-01 2.658E-03
  8.325948E-01 2.282E-03
  8.644168E-01 1.976E-03
  8.955470E-01 1.726E-03
  9.260052E-01 1.522E-03
  9.849822E-01 1.215E-03
  1.041493E+00 1.002E-03
  1.121930E+00 7.781E-04
  1.197541E+00 6.164E-04
  1.291498E+00 4.542E-04
  1.357259E+00 3.625E-04
  1.419320E+00 2.924E-04
  1.477955E+00 2.401E-04
  1.551230E+00 1.913E-04
  1.619379E+00 1.593E-04
  1.698062E+00 1.342E-04
  1.783987E+00 1.168E-04
  1.873993E+00 1.065E-04
  1.954457E+00 1.036E-04
  2.026680E+00 1.070E-04
  2.100520E+00 1.178E-04
  2.166362E+00 1.349E-04
  2.225322E+00 1.584E-04
  2.271998E+00 1.857E-04
  2.308779E+00 2.174E-04
  2.337375E+00 2.535E-04
  2.359015E+00 2.937E-04
  2.374569E+00 3.350E-04
  2.389575E+00 3.933E-04
  2.399286E+00 4.482E-04
  2.408772E+00 5.257E-04
  2.413432E+00 5.780E-04
  2.418039E+00 6.443E-04
  2.422593E+00 7.310E-04
  2.427095E+00 8.486E-04
  2.431545E+00 1.016E-03
  2.435945E+00 1.270E-03
  2.440295E+00 1.688E-03
  2.444596E+00 2.454E-03
  2.448848E+00 4.069E-03
  2.453053E+00 7.808E-03
  2.457211E+00 1.192E-02
  2.461323E+00 6.750E-03
  2.465390E+00 2.856E-03
  2.469411E+00 1.442E-03
  2.473388E+00 8.786E-04
  2.477322E+00 6.220E-04
  2.481213E+00 4.947E-04
  2.485062E+00 4.293E-04
  2.488868E+00 3.967E-04
  2.492634E+00 3.830E-04
  2.496359E+00 3.811E-04
  2.503691E+00 3.986E-04
  2.514398E+00 4.567E-04
  2.524771E+00 5.433E-04
  2.534823E+00 6.610E-04
  2.544568E+00 8.224E-04
  2.550899E+00 9.655E-04
  2.557103E+00 1.150E-03
  2.563183E+00 1.396E-03
  2.569141E+00 1.735E-03
  2.572076E+00 1.956E-03
  2.574982E+00 2.224E-03
  2.577859E+00 2.555E-03
  2.580708E+00 2.971E-03
  2.583529E+00 3.505E-03
  2.586322E+00 4.207E-03
  2.589088E+00 5.157E-03
  2.591828E+00 6.492E-03
  2.594540E+00 8.455E-03
  2.597227E+00 1.151E-02
  2.599888E+00 1.667E-02
  2.602523E+00 2.638E-02
  2.605133E+00 4.769E-02
  2.607718E+00 1.056E-01
  2.610279E+00 2.638E-01
  2.612816E+00 2.304E-01
  2.615328E+00 8.638E-02
  2.617817E+00 3.845E-02
  2.620283E+00 2.076E-02
  2.622725E+00 1.270E-02
  2.625145E+00 8.455E-03
  2.627542E+00 5.967E-03
  2.629917E+00 4.396E-03
  2.632270E+00 3.347E-03
  2.634602E+00 2.616E-03
  2.636912E+00 2.087E-03
  2.639201E+00 1.694E-03
  2.641469E+00 1.395E-03
  2.643717E+00 1.162E-03
  2.645944E+00 9.793E-04
  2.648151E+00 8.328E-04
  2.650338E+00 7.141E-04
  2.652505E+00 6.169E-04
  2.654654E+00 5.367E-04
  2.656782E+00 4.699E-04
  2.658892E+00 4.138E-04
  2.663056E+00 3.266E-04
  2.667147E+00 2.635E-04
  2.671166E+00 2.174E-04
  2.675116E+00 1.834E-04
  2.678997E+00 1.584E-04
  2.684695E+00 1.332E-04
  2.690247E+00 1.185E-04
  2.695660E+00 1.113E-04
  2.702667E+00 1.100E-04
  2.709444E+00 1.157E-04
  2.717607E+00 1.304E-04
  2.726974E+00 1.569E-04
  2.735902E+00 1.924E-04
  2.744417E+00 2.377E-04
  2.752545E+00 2.962E-04
  2.759039E+00 3.608E-04
  2.764060E+00 4.316E-04
  2.767728E+00 5.075E-04
  2.770129E+00 5.805E-04
  2.771316E+00 6.294E-04
  2.772495E+00 6.921E-04
  2.773664E+00 7.772E-04
  2.774826E+00 9.017E-04
  2.775979E+00 1.105E-03
  2.777123E+00 1.503E-03
  2.778259E+00 2.589E-03
  2.779387E+00 9.747E-03
  2.780507E+00 1.291E-02
  2.781619E+00 6.729E-04
  2.782722E+00 2.231E-04
  2.783818E+00 2.025E-04
  2.784906E+00 2.366E-04
  2.788124E+00 3.554E-04
  2.800336E+00 7.334E-04
  2.805131E+00 9.214E-04
  2.808851E+00 1.114E-03
  2.812472E+00 1.370E-03
  2.815125E+00 1.633E-03
  2.817725E+00 1.997E-03
  2.819430E+00 2.331E-03
  2.821113E+00 2.783E-03
  2.822773E+00 3.424E-03
  2.823595E+00 3.854E-03
  2.824412E+00 4.392E-03
  2.825224E+00 5.078E-03
  2.826030E+00 5.975E-03
  2.826832E+00 7.184E-03
  2.827628E+00 8.871E-03
  2.828418E+00 1.132E-02
  2.829204E+00 1.506E-02
  2.829985E+00 2.110E-02
  2.830761E+00 3.136E-02
  2.831532E+00 4.894E-02
  2.832298E+00 7.332E-02
  2.833059E+00 8.284E-02
  2.833815E+00 6.159E-02
  2.834567E+00 3.774E-02
  2.835313E+00 2.325E-02
  2.836056E+00 1.523E-02
  2.836793E+00 1.064E-02
  2.837526E+00 7.859E-03
  2.838254E+00 6.088E-03
  2.838978E+00 4.909E-03
  2.839697E+00 4.098E-03
  2.840412E+00 3.523E-03
  2.841122E+00 3.109E-03
  2.841828E+00 2.806E-03
  2.842529E+00 2.583E-03
  2.843920E+00 2.299E-03
  2.845293E+00 2.156E-03
  2.847321E+00 2.098E-03
  2.849969E+00 2.201E-03
  2.852553E+00 2.451E-03
  2.855076E+00 2.840E-03
  2.857540E+00 3.397E-03
  2.859350E+00 3.967E-03
  2.861129E+00 4.726E-03
  2.862876E+00 5.771E-03
  2.864025E+00 6.704E-03
  2.865160E+00 7.921E-03
  2.866282E+00 9.556E-03
  2.867391E+00 1.184E-02
  2.867941E+00 1.334E-02
  2.868488E+00 1.519E-02
  2.869032E+00 1.750E-02
  2.869572E+00 2.044E-02
  2.870110E+00 2.427E-02
  2.870644E+00 2.943E-02
  2.871176E+00 3.660E-02
  2.871704E+00 4.701E-02
  2.872230E+00 6.302E-02
  2.872753E+00 8.948E-02
  2.873272E+00 1.377E-01
  2.873789E+00 2.384E-01
  2.874303E+00 4.833E-01
  2.874814E+00 1.021E+00
  2.875323E+00 9.600E-01
  2.875828E+00 4.191E-01
  2.876331E+00 1.937E-01
  2.876831E+00 1.047E-01
  2.877328E+00 6.353E-02
  2.877822E+00 4.171E-02
  2.878314E+00 2.897E-02
  2.878803E+00 2.097E-02
  2.879289E+00 1.566E-02
  2.879773E+00 1.199E-02
  2.880254E+00 9.356E-03
  2.880732E+00 7.417E-03
  2.881208E+00 5.955E-03
  2.881681E+00 4.832E-03
  2.882152E+00 3.956E-03
  2.882620E+00 3.262E-03
  2.883086E+00 2.707E-03
  2.883549E+00 2.258E-03
  2.884010E+00 1.893E-03
  2.884468E+00 1.593E-03
  2.884924E+00 1.346E-03
  2.885377E+00 1.141E-03
  2.885828E+00 9.705E-04
  2.886276E+00 8.287E-04
  2.886722E+00 7.105E-04
  2.887166E+00 6.122E-04
  2.887608E+00 5.304E-04
  2.888047E+00 4.628E-04
  2.888483E+00 4.073E-04
  2.888918E+00 3.621E-04
  2.889350E+00 3.259E-04
  2.889780E+00 2.975E-04
  2.890208E+00 2.760E-04
  2.890633E+00 2.605E-04
  2.891477E+00 2.450E-04
  2.892313E+00 2.471E-04
  2.893139E+00 2.642E-04
  2.893958E+00 2.948E-04
  2.894767E+00 3.387E-04
  2.895569E+00 3.976E-04
  2.896362E+00 4.761E-04
  2.896756E+00 5.262E-04
  2.897148E+00 5.872E-04
  2.897538E+00 6.649E-04
  2.897925E+00 7.705E-04
  2.898311E+00 9.293E-04
  2.898695E+00 1.209E-03
  2.899077E+00 1.863E-03
  2.899457E+00 4.739E-03
  2.899835E+00 9.378E-01
  2.900211E+00 2.175E-03
  2.900585E+00 6.870E-04
  2.900957E+00 5.360E-04
  2.901328E+00 5.403E-04
  2.902063E+00 6.261E-04
  2.904934E+00 1.054E-03
  2.907013E+00 1.426E-03
  2.909033E+00 1.883E-03
  2.910672E+00 2.365E-03
  2.912273E+00 2.995E-03
  2.913526E+00 3.667E-03
  2.914451E+00 4.330E-03
  2.915362E+00 5.210E-03
  2.915963E+00 5.990E-03
  2.916558E+00 7.035E-03
  2.916853E+00 7.719E-03
  2.917148E+00 8.583E-03
  2.917440E+00 9.750E-03
  2.917732E+00 1.153E-02
  2.918022E+00 1.503E-02
  2.918311E+00 2.730E-02
  2.918598E+00 2.404E-03
  2.918884E+00 5.226E-03
  2.919169E+00 8.293E-03
  2.919735E+00 1.303E-02
  2.920016E+00 1.561E-02
  2.920295E+00 1.865E-02
  2.920574E+00 2.244E-02
  2.920851E+00 2.734E-02
  2.921127E+00 3.391E-02
  2.921401E+00 4.306E-02
  2.921675E+00 5.635E-02
  2.921947E+00 7.662E-02
  2.922218E+00 1.092E-01
  2.922487E+00 1.639E-01
  2.922756E+00 2.565E-01
  2.923023E+00 3.860E-01
  2.923289E+00 4.540E-01
  2.923554E+00 3.631E-01
  2.923818E+00 2.351E-01
  2.924081E+00 1.494E-01
  2.924342E+00 9.956E-02
  2.924602E+00 7.013E-02
  2.924861E+00 5.190E-02
  2.925119E+00 4.004E-02
  2.925376E+00 3.198E-02
  2.925632E+00 2.630E-02
  2.925886E+00 2.218E-02
  2.926140E+00 1.912E-02
  2.926392E+00 1.680E-02
  2.926643E+00 1.502E-02
  2.926893E+00 1.363E-02
  2.927390E+00 1.167E-02
  2.927883E+00 1.045E-02
  2.928614E+00 9.447E-03
  2.929335E+00 9.078E-03
  2.930282E+00 9.223E-03
  2.931214E+00 9.919E-03
  2.932129E+00 1.113E-02
  2.933030E+00 1.295E-02
  2.933915E+00 1.559E-02
  2.934569E+00 1.836E-02
  2.935215E+00 2.214E-02
  2.935853E+00 2.751E-02
  2.936274E+00 3.246E-02
  2.936691E+00 3.908E-02
  2.937105E+00 4.829E-02
  2.937311E+00 5.432E-02
  2.937516E+00 6.167E-02
  2.937720E+00 7.080E-02
  2.937923E+00 8.233E-02
  2.938125E+00 9.720E-02
  2.938327E+00 1.169E-01
  2.938528E+00 1.437E-01
  2.938727E+00 1.818E-01
  2.938927E+00 2.383E-01
  2.939125E+00 3.273E-01
  2.939322E+00 4.788E-01
  2.939519E+00 7.640E-01
  2.939715E+00 1.367E+00
  2.940104E+00 3.997E+00
  2.940491E+00 1.248E+00
  2.940683E+00 6.561E-01
  2.940874E+00 3.871E-01
  2.941064E+00 2.492E-01
  2.941254E+00 1.710E-01
  2.941443E+00 1.229E-01
  2.941631E+00 9.154E-02
  2.941819E+00 7.009E-02
  2.942006E+00 5.486E-02
  2.942191E+00 4.370E-02
  2.942377E+00 3.531E-02
  2.942561E+00 2.888E-02
  2.942745E+00 2.386E-02
  2.942928E+00 1.987E-02
  2.943110E+00 1.666E-02
  2.943292E+00 1.406E-02
  2.943473E+00 1.191E-02
  2.943653E+00 1.014E-02
  2.943832E+00 8.657E-03
  2.944011E+00 7.411E-03
  2.944189E+00 6.357E-03
  2.944367E+00 5.462E-03
  2.944543E+00 4.697E-03
  2.944719E+00 4.041E-03
  2.944895E+00 3.477E-03
  2.945069E+00 2.990E-03
  2.945243E+00 2.570E-03
  2.945416E+00 2.206E-03
  2.945589E+00 1.890E-03
  2.945761E+00 1.617E-03
  2.945932E+00 1.380E-03
  2.946103E+00 1.176E-03
  2.946273E+00 9.985E-04
  2.946442E+00 8.461E-04
  2.946611E+00 7.153E-04
  2.946779E+00 6.038E-04
  2.946946E+00 5.095E-04
  2.947113E+00 4.306E-04
  2.947279E+00 3.656E-04
  2.947444E+00 3.132E-04
  2.947609E+00 2.724E-04
  2.947773E+00 2.426E-04
  2.947937E+00 2.235E-04
  2.948100E+00 2.156E-04
  2.948262E+00 2.218E-04
  2.948424E+00 2.508E-04
  2.948585E+00 3.414E-04
  2.948746E+00 8.236E-04
  2.948905E+00 1.071E-01
  2.949065E+00 6.291E-04
  2.949223E+00 3.446E-04
  2.949381E+00 3.167E-04
  2.949539E+00 3.310E-04
  2.949696E+00 3.599E-04
  2.950008E+00 4.383E-04
  2.950472E+00 5.867E-04
  2.951082E+00 8.255E-04
  2.951980E+00 1.252E-03
  2.953148E+00 1.907E-03
  2.953292E+00 1.999E-03
  2.953435E+00 2.038E-03
  2.954002E+00 2.351E-03
  2.954422E+00 2.477E-03
  2.954699E+00 2.458E-03
  2.955112E+00 2.232E-03
  2.955248E+00 2.496E-03
  2.955384E+00 5.779E-03
  2.955520E+00 7.928E-02
  2.955655E+00 9.177E-02
  2.955789E+00 2.684E-02
  2.955923E+00 1.709E-02
  2.956057E+00 1.377E-02
  2.956190E+00 1.228E-02
  2.956323E+00 1.154E-02
  2.956455E+00 1.119E-02
  2.956718E+00 1.109E-02
  2.957109E+00 1.173E-02
  2.957495E+00 1.296E-02
  2.957878E+00 1.476E-02
  2.958257E+00 1.724E-02
  2.958632E+00 2.071E-02
  2.959003E+00 2.573E-02
  2.959248E+00 3.046E-02
  2.959492E+00 3.696E-02
  2.959613E+00 4.117E-02
  2.959733E+00 4.628E-02
  2.959854E+00 5.257E-02
  2.959974E+00 6.042E-02
  2.960093E+00 7.043E-02
  2.960212E+00 8.346E-02
  2.960331E+00 1.009E-01
  2.960449E+00 1.249E-01
  2.960567E+00 1.591E-01
  2.960684E+00 2.099E-01
  2.960801E+00 2.891E-01
  2.960918E+00 4.184E-01
  2.961034E+00 6.349E-01
  2.961266E+00 1.302E+00
  2.961381E+00 1.248E+00
  2.961495E+00 8.810E-01
  2.961610E+00 5.651E-01
  2.961723E+00 3.705E-01
  2.961837E+00 2.558E-01
  2.961950E+00 1.859E-01
  2.962063E+00 1.412E-01
  2.962175E+00 1.114E-01
  2.962287E+00 9.069E-02
  2.962399E+00 7.585E-02
  2.962510E+00 6.495E-02
  2.962621E+00 5.675E-02
  2.962732E+00 5.049E-02
  2.962842E+00 4.565E-02
  2.963061E+00 3.888E-02
  2.963279E+00 3.468E-02
  2.963603E+00 3.129E-02
  2.963923E+00 3.006E-02
  2.964346E+00 3.062E-02
  2.964763E+00 3.314E-02
  2.965175E+00 3.758E-02
  2.965582E+00 4.440E-02
  2.965883E+00 5.170E-02
  2.966181E+00 6.178E-02
  2.966477E+00 7.612E-02
  2.966673E+00 8.934E-02
  2.966867E+00 1.071E-01
  2.967060E+00 1.317E-01
  2.967156E+00 1.478E-01
  2.967252E+00 1.674E-01
  2.967347E+00 1.918E-01
  2.967442E+00 2.225E-01
  2.967537E+00 2.622E-01
  2.967632E+00 3.147E-01
  2.967726E+00 3.864E-01
  2.967820E+00 4.880E-01
  2.967913E+00 6.389E-01
  2.968007E+00 8.772E-01
  2.968100E+00 1.284E+00
  2.968193E+00 2.053E+00
  2.968285E+00 3.689E+00
  2.968377E+00 7.258E+00
  2.968469E+00 1.050E+01
  2.968561E+00 6.561E+00
  2.968652E+00 3.129E+00
  2.968743E+00 1.643E+00
  2.968834E+00 9.685E-01
  2.968924E+00 6.223E-01
  2.969014E+00 4.256E-01
  2.969104E+00 3.048E-01
  2.969194E+00 2.260E-01
  2.969283E+00 1.722E-01
  2.969372E+00 1.340E-01
  2.969461E+00 1.061E-01
  2.969550E+00 8.514E-02
  2.969638E+00 6.911E-02
  2.969726E+00 5.661E-02
  2.969813E+00 4.672E-02
  2.969901E+00 3.879E-02
  2.969988E+00 3.236E-02
  2.970075E+00 2.710E-02
  2.970162E+00 2.275E-02
  2.970248E+00 1.912E-02
  2.970334E+00 1.609E-02
  2.970420E+00 1.353E-02
  2.970505E+00 1.135E-02
  2.970591E+00 9.496E-03
  2.970676E+00 7.901E-03
  2.970760E+00 6.521E-03
  2.970845E+00 5.313E-03
  2.970929E+00 4.236E-03
  2.971097E+00 2.260E-03
  2.971180E+00 1.117E-03
  2.971264E+00 6.111E-04
  2.971347E+00 1.060E-02
  2.971429E+00 3.768E-03
  2.971512E+00 2.422E-03
  2.971594E+00 1.751E-03
  2.971676E+00 1.319E-03
  2.971758E+00 1.011E-03
  2.971839E+00 7.828E-04
  2.971921E+00 6.133E-04
  2.972002E+00 4.895E-04
  2.972082E+00 4.033E-04
  2.972163E+00 3.487E-04
  2.972243E+00 3.215E-04
  2.972323E+00 3.183E-04
  2.972403E+00 3.363E-04
  2.972483E+00 3.733E-04
  2.972562E+00 4.274E-04
  2.972641E+00 4.969E-04
  2.972720E+00 5.804E-04
  2.972877E+00 7.849E-04
  2.973033E+00 1.033E-03
  2.973265E+00 1.473E-03
  2.973572E+00 2.166E-03
  2.973799E+00 2.800E-03
  2.973875E+00 3.123E-03
  2.973950E+00 5.234E-03
  2.974025E+00 2.783E-03
  2.974100E+00 3.182E-03
  2.974249E+00 3.624E-03
  2.974544E+00 4.250E-03
  2.974763E+00 4.604E-03
  2.974835E+00 4.785E-03
  2.974908E+00 5.150E-03
  2.974980E+00 6.048E-03
  2.975052E+00 8.593E-03
  2.975124E+00 1.723E-02
  2.975195E+00 5.962E-02
  2.975267E+00 6.709E-01
  2.975338E+00 6.006E-01
  2.975409E+00 1.399E-01
  2.975479E+00 7.546E-02
  2.975550E+00 5.417E-02
  2.975620E+00 4.450E-02
  2.975690E+00 3.939E-02
  2.975760E+00 3.649E-02
  2.975830E+00 3.483E-02
  2.975969E+00 3.360E-02
  2.976176E+00 3.452E-02
  2.976381E+00 3.746E-02
  2.976584E+00 4.214E-02
  2.976786E+00 4.881E-02
  2.976986E+00 5.827E-02
  2.977184E+00 7.202E-02
  2.977315E+00 8.495E-02
  2.977445E+00 1.027E-01
  2.977510E+00 1.141E-01
  2.977575E+00 1.279E-01
  2.977640E+00 1.449E-01
  2.977704E+00 1.659E-01
  2.977768E+00 1.926E-01
  2.977833E+00 2.270E-01
  2.977896E+00 2.726E-01
  2.977960E+00 3.346E-01
  2.978024E+00 4.217E-01
  2.978087E+00 5.489E-01
  2.978150E+00 7.428E-01
  2.978213E+00 1.052E+00
  2.978276E+00 1.563E+00
  2.978339E+00 2.380E+00
  2.978401E+00 3.385E+00
  2.978463E+00 3.718E+00
  2.978526E+00 2.919E+00
  2.978588E+00 1.936E+00
  2.978649E+00 1.267E+00
  2.978711E+00 8.653E-01
  2.978772E+00 6.211E-01
  2.978834E+00 4.666E-01
  2.978895E+00 3.644E-01
  2.978956E+00 2.941E-01
  2.979017E+00 2.441E-01
  2.979077E+00 2.076E-01
  2.979138E+00 1.802E-01
  2.979198E+00 1.594E-01
  2.979258E+00 1.433E-01
  2.979378E+00 1.207E-01
  2.979497E+00 1.066E-01
  2.979675E+00 9.487E-02
  2.979851E+00 9.003E-02
  2.980083E+00 9.039E-02
  2.980313E+00 9.658E-02
  2.980541E+00 1.083E-01
  2.980766E+00 1.265E-01
  2.980933E+00 1.460E-01
  2.981099E+00 1.728E-01
  2.981264E+00 2.104E-01
  2.981373E+00 2.446E-01
  2.981481E+00 2.898E-01
  2.981589E+00 3.514E-01
  2.981643E+00 3.910E-01
  2.981696E+00 4.387E-01
  2.981750E+00 4.968E-01
  2.981803E+00 5.689E-01
  2.981856E+00 6.598E-01
  2.981909E+00 7.770E-01
  2.981962E+00 9.319E-01
  2.982015E+00 1.143E+00
  2.982068E+00 1.441E+00
  2.982120E+00 1.883E+00
  2.982172E+00 2.577E+00
  2.982225E+00 3.753E+00
  2.982277E+00 5.951E+00
  2.982329E+00 1.053E+01
  2.982380E+00 2.019E+01
  2.982432E+00 2.912E+01
  2.982535E+00 9.348E+00
  2.982586E+00 4.950E+00
  2.982638E+00 2.925E+00
  2.982689E+00 1.881E+00
  2.982739E+00 1.287E+00
  2.982790E+00 9.220E-01
  2.982841E+00 6.838E-01
  2.982891E+00 5.211E-01
  2.982942E+00 4.056E-01
  2.982992E+00 3.211E-01
  2.983042E+00 2.578E-01
  2.983092E+00 2.093E-01
  2.983142E+00 1.714E-01
  2.983191E+00 1.415E-01
  2.983241E+00 1.174E-01
  2.983291E+00 9.793E-02
  2.983340E+00 8.191E-02
  2.983389E+00 6.865E-02
  2.983438E+00 5.756E-02
  2.983487E+00 4.820E-02
  2.983536E+00 4.022E-02
  2.983633E+00 2.719E-02
  2.983682E+00 2.146E-02
  2.983730E+00 1.534E-02
  2.983778E+00 5.239E-03
  2.983826E+00 5.818E-02
  2.983874E+00 2.110E-02
  2.983922E+00 1.494E-02
  2.983970E+00 1.156E-02
  2.984018E+00 9.158E-03
  2.984065E+00 7.300E-03
  2.984112E+00 5.806E-03
  2.984160E+00 4.584E-03
  2.984207E+00 3.580E-03
  2.984254E+00 2.756E-03
  2.984301E+00 2.085E-03
  2.984347E+00 1.546E-03
  2.984394E+00 1.122E-03
  2.984441E+00 7.985E-04
  2.984487E+00 5.649E-04
  2.984533E+00 4.113E-04
  2.984580E+00 3.293E-04
  2.984626E+00 3.120E-04
  2.984672E+00 3.533E-04
  2.984718E+00 4.477E-04
  2.984763E+00 5.906E-04
  2.984809E+00 7.781E-04
  2.984854E+00 1.007E-03
  2.984900E+00 1.273E-03
  2.984945E+00 1.575E-03
  2.985035E+00 2.276E-03
  2.985125E+00 3.101E-03
  2.985214E+00 4.051E-03
  2.985303E+00 5.169E-03
  2.985348E+00 5.842E-03
  2.985392E+00 6.684E-03
  2.985436E+00 7.992E-03
  2.985480E+00 1.199E-02
  2.985524E+00 5.413E-04
  2.985568E+00 4.925E-03
  2.985611E+00 6.396E-03
  2.985655E+00 7.306E-03
  2.985828E+00 1.008E-02
  2.985871E+00 1.094E-02
  2.985914E+00 1.213E-02
  2.985956E+00 1.399E-02
  2.985999E+00 1.735E-02
  2.986042E+00 2.422E-02
  2.986084E+00 4.052E-02
  2.986127E+00 8.815E-02
  2.986169E+00 2.930E-01
  2.986211E+00 2.750E+00
  2.986253E+00 2.840E+00
  2.986295E+00 5.773E-01
  2.986337E+00 2.847E-01
  2.986379E+00 1.916E-01
  2.986420E+00 1.499E-01
  2.986462E+00 1.278E-01
  2.986504E+00 1.150E-01
  2.986545E+00 1.073E-01
  2.986586E+00 1.026E-01
  2.986668E+00 9.881E-02
  2.986791E+00 1.009E-01
  2.986913E+00 1.089E-01
  2.987034E+00 1.218E-01
  2.987154E+00 1.405E-01
  2.987273E+00 1.669E-01
  2.987391E+00 2.052E-01
  2.987470E+00 2.410E-01
  2.987548E+00 2.897E-01
  2.987587E+00 3.209E-01
  2.987664E+00 4.039E-01
  2.987703E+00 4.602E-01
  2.987741E+00 5.307E-01
  2.987780E+00 6.209E-01
  2.987818E+00 7.388E-01
  2.987856E+00 8.969E-01
  2.987894E+00 1.115E+00
  2.987932E+00 1.428E+00
  2.987970E+00 1.894E+00
  2.988008E+00 2.620E+00
  2.988046E+00 3.802E+00
  2.988084E+00 5.756E+00
  2.988122E+00 8.673E+00
  2.988159E+00 1.125E+01
  2.988197E+00 1.051E+01
  2.988234E+00 7.449E+00
  2.988271E+00 4.861E+00
  2.988308E+00 3.243E+00
  2.988345E+00 2.271E+00
  2.988382E+00 1.670E+00
  2.988419E+00 1.281E+00
  2.988456E+00 1.019E+00
  2.988493E+00 8.352E-01
  2.988530E+00 7.028E-01
  2.988566E+00 6.049E-01
  2.988603E+00 5.309E-01
  2.988639E+00 4.740E-01
  2.988712E+00 3.951E-01
  2.988784E+00 3.459E-01
  2.988856E+00 3.152E-01
  2.988963E+00 2.910E-01
  2.989070E+00 2.839E-01
  2.989211E+00 2.929E-01
  2.989351E+00 3.196E-01
  2.989489E+00 3.645E-01
  2.989626E+00 4.329E-01
  2.989728E+00 5.062E-01
  2.989829E+00 6.076E-01
  2.989897E+00 6.981E-01
  2.989964E+00 8.152E-01
  2.990030E+00 9.707E-01
  2.990096E+00 1.184E+00
  2.990130E+00 1.322E+00
  2.990162E+00 1.488E+00
  2.990195E+00 1.693E+00
  2.990228E+00 1.947E+00
  2.990261E+00 2.270E+00
  2.990294E+00 2.690E+00
  2.990326E+00 3.249E+00
  2.990359E+00 4.019E+00
  2.990391E+00 5.122E+00
  2.990424E+00 6.782E+00
  2.990456E+00 9.442E+00
  2.990488E+00 1.407E+01
  2.990520E+00 2.295E+01
  2.990552E+00 4.177E+01
  2.990584E+00 7.742E+01
  2.990616E+00 8.869E+01
  2.990648E+00 5.023E+01
  2.990680E+00 2.511E+01
  2.990712E+00 1.385E+01
  2.990744E+00 8.455E+00
  2.990775E+00 5.568E+00
  2.990807E+00 3.877E+00
  2.990838E+00 2.815E+00
  2.990870E+00 2.111E+00
  2.990901E+00 1.623E+00
  2.990932E+00 1.273E+00
  2.990963E+00 1.014E+00
  2.990994E+00 8.188E-01
  2.991025E+00 6.681E-01
  2.991056E+00 5.498E-01
  2.991087E+00 4.556E-01
  2.991118E+00 3.797E-01
  2.991149E+00 3.177E-01
  2.991180E+00 2.666E-01
  2.991210E+00 2.241E-01
  2.991241E+00 1.884E-01
  2.991272E+00 1.579E-01
  2.991302E+00 1.317E-01
  2.991363E+00 8.564E-02
  2.991393E+00 5.662E-02
  2.991423E+00 5.718E-01
  2.991453E+00 8.612E-02
  2.991483E+00 6.311E-02
  2.991513E+00 5.022E-02
  2.991543E+00 4.073E-02
  2.991573E+00 3.316E-02
  2.991603E+00 2.691E-02
  2.991633E+00 2.169E-02
  2.991662E+00 1.731E-02
  2.991692E+00 1.363E-02
  2.991721E+00 1.055E-02
  2.991751E+00 7.990E-03
  2.991780E+00 5.885E-03
  2.991810E+00 4.183E-03
  2.991839E+00 2.838E-03
  2.991868E+00 1.812E-03
  2.991897E+00 1.072E-03
  2.991926E+00 5.903E-04
  2.991956E+00 3.428E-04
  2.991985E+00 3.080E-04
  2.992013E+00 4.677E-04
  2.992042E+00 8.058E-04
  2.992071E+00 1.308E-03
  2.992100E+00 1.964E-03
  2.992128E+00 2.761E-03
  2.992157E+00 3.692E-03
  2.992186E+00 4.750E-03
  2.992243E+00 7.231E-03
  2.992299E+00 1.020E-02
  2.992356E+00 1.375E-02
  2.992384E+00 1.583E-02
  2.992412E+00 1.827E-02
  2.992440E+00 2.137E-02
  2.992468E+00 2.615E-02
  2.992496E+00 3.853E-02
  2.992524E+00 6.826E-01
  2.992551E+00 1.095E-02
  2.992579E+00 1.822E-02
  2.992607E+00 2.246E-02
  2.992689E+00 3.315E-02
  2.992717E+00 3.788E-02
  2.992744E+00 4.442E-02
  2.992771E+00 5.449E-02
  2.992799E+00 7.177E-02
  2.992826E+00 1.050E-01
  2.992853E+00 1.780E-01
  2.992880E+00 3.737E-01
  2.992907E+00 1.115E+00
  2.992934E+00 7.656E+00
  2.992961E+00 1.984E+01
  2.992988E+00 2.937E+00
  2.993015E+00 1.284E+00
  2.993041E+00 8.086E-01
  2.993068E+00 6.054E-01
  2.993095E+00 5.001E-01
  2.993121E+00 4.395E-01
  2.993148E+00 4.026E-01
  2.993174E+00 3.797E-01
  2.993227E+00 3.582E-01
  2.993306E+00 3.589E-01
  2.993384E+00 3.827E-01
  2.993488E+00 4.428E-01
  2.993565E+00 5.116E-01
  2.993642E+00 6.088E-01
  2.993718E+00 7.488E-01
  2.993768E+00 8.791E-01
  2.993819E+00 1.055E+00
  2.993869E+00 1.302E+00
  2.993894E+00 1.465E+00
  2.993919E+00 1.665E+00
  2.993944E+00 1.915E+00
  2.993968E+00 2.232E+00
  2.993993E+00 2.643E+00
  2.994018E+00 3.189E+00
  2.994043E+00 3.935E+00
  2.994067E+00 4.989E+00
  2.994092E+00 6.537E+00
  2.994116E+00 8.913E+00
  2.994141E+00 1.273E+01
  2.994165E+00 1.908E+01
  2.994190E+00 2.926E+01
  2.994214E+00 4.154E+01
  2.994238E+00 4.492E+01
  2.994263E+00 3.475E+01
  2.994287E+00 2.300E+01
  2.994311E+00 1.513E+01
  2.994335E+00 1.041E+01
  2.994359E+00 7.530E+00
  2.994383E+00 5.701E+00
  2.994407E+00 4.486E+00
  2.994431E+00 3.648E+00
  2.994455E+00 3.049E+00
  2.994479E+00 2.611E+00
  2.994502E+00 2.282E+00
  2.994526E+00 2.031E+00
  2.994573E+00 1.685E+00
  2.994620E+00 1.472E+00
  2.994667E+00 1.340E+00
  2.994737E+00 1.237E+00
  2.994807E+00 1.210E+00
  2.994899E+00 1.254E+00
  2.994991E+00 1.377E+00
  2.995081E+00 1.581E+00
  2.995171E+00 1.891E+00
  2.995238E+00 2.223E+00
  2.995305E+00 2.682E+00
  2.995371E+00 3.338E+00
  2.995415E+00 3.944E+00
  2.995459E+00 4.758E+00
  2.995503E+00 5.891E+00
  2.995546E+00 7.539E+00
  2.995568E+00 8.663E+00
  2.995589E+00 1.008E+01
  2.995611E+00 1.191E+01
  2.995632E+00 1.433E+01
  2.995654E+00 1.762E+01
  2.995675E+00 2.228E+01
  2.995697E+00 2.916E+01
  2.995718E+00 3.995E+01
  2.995739E+00 5.814E+01
  2.995761E+00 9.182E+01
  2.995782E+00 1.610E+02
  2.995824E+00 4.453E+02
  2.995845E+00 3.076E+02
  2.995867E+00 1.544E+02
  2.995888E+00 8.251E+01
  2.995909E+00 4.901E+01
  2.995930E+00 3.165E+01
  2.995950E+00 2.175E+01
  2.995971E+00 1.565E+01
  2.995992E+00 1.166E+01
  2.996013E+00 8.929E+00
  2.996034E+00 6.986E+00
  2.996054E+00 5.562E+00
  2.996075E+00 4.490E+00
  2.996096E+00 3.667E+00
  2.996116E+00 3.023E+00
  2.996137E+00 2.511E+00
  2.996157E+00 2.098E+00
  2.996178E+00 1.762E+00
  2.996198E+00 1.485E+00
  2.996219E+00 1.255E+00
  2.996239E+00 1.061E+00
  2.996259E+00 8.967E-01
  2.996300E+00 6.289E-01
  2.996320E+00 5.082E-01
  2.996340E+00 3.413E-01
  2.996361E+00 7.469E-01
  2.996381E+00 4.238E-01
  2.996401E+00 3.354E-01
  2.996421E+00 2.748E-01
  2.996441E+00 2.269E-01
  2.996461E+00 1.871E-01
  2.996481E+00 1.536E-01
  2.996500E+00 1.250E-01
  2.996520E+00 1.007E-01
  2.996540E+00 8.006E-02
  2.996560E+00 6.253E-02
  2.996580E+00 4.778E-02
  2.996599E+00 3.548E-02
  2.996619E+00 2.537E-02
  2.996639E+00 1.724E-02
  2.996658E+00 1.088E-02
  2.996678E+00 6.142E-03
  2.996697E+00 2.874E-03
  2.996717E+00 9.578E-04
  2.996736E+00 2.875E-04
  2.996755E+00 7.721E-04
  2.996775E+00 2.333E-03
  2.996794E+00 4.904E-03
  2.996813E+00 8.427E-03
  2.996833E+00 1.286E-02
  2.996852E+00 1.816E-02
  2.996871E+00 2.430E-02
  2.996890E+00 3.128E-02
  2.996909E+00 3.909E-02
  2.996947E+00 5.735E-02
  2.996985E+00 7.984E-02
  2.997004E+00 9.335E-02
  2.997023E+00 1.094E-01
  2.997042E+00 1.298E-01
  2.997061E+00 1.611E-01
  2.997080E+00 2.369E-01
  2.997098E+00 1.694E+01
  2.997117E+00 5.788E-02
  2.997136E+00 1.126E-01
  2.997154E+00 1.456E-01
  2.997192E+00 2.055E-01
  2.997210E+00 2.427E-01
  2.997229E+00 2.927E-01
  2.997247E+00 3.666E-01
  2.997266E+00 4.868E-01
  2.997284E+00 7.036E-01
  2.997302E+00 1.145E+00
  2.997321E+00 2.206E+00
  2.997339E+00 5.538E+00
  2.997357E+00 2.388E+01
  2.997376E+00 3.514E+02
  2.997394E+00 3.999E+01
  2.997412E+00 1.294E+01
  2.997430E+00 7.189E+00
  2.997448E+00 5.028E+00
  2.997466E+00 3.983E+00
  2.997484E+00 3.406E+00
  2.997502E+00 3.062E+00
  2.997520E+00 2.853E+00
  2.997538E+00 2.726E+00
  2.997574E+00 2.624E+00
  2.997628E+00 2.693E+00
  2.997681E+00 2.934E+00
  2.997734E+00 3.325E+00
  2.997786E+00 3.886E+00
  2.997838E+00 4.676E+00
  2.997873E+00 5.381E+00
  2.997908E+00 6.290E+00
  2.997942E+00 7.487E+00
  2.997977E+00 9.110E+00
  2.998011E+00 1.139E+01
  2.998028E+00 1.289E+01
  2.998045E+00 1.474E+01
  2.998062E+00 1.704E+01
  2.998079E+00 1.996E+01
  2.998096E+00 2.374E+01
  2.998113E+00 2.874E+01
  2.998130E+00 3.555E+01
  2.998146E+00 4.512E+01
  2.998163E+00 5.907E+01
  2.998180E+00 8.033E+01
  2.998197E+00 1.143E+02
  2.998213E+00 1.708E+02
  2.998230E+00 2.649E+02
  2.998247E+00 3.980E+02
  2.998263E+00 4.850E+02
  2.998280E+00 4.161E+02
  2.998297E+00 2.855E+02
  2.998313E+00 1.883E+02
  2.998330E+00 1.289E+02
  2.998346E+00 9.282E+01
  2.998363E+00 7.014E+01
  2.998379E+00 5.524E+01
  2.998396E+00 4.503E+01
  2.998412E+00 3.781E+01
  2.998428E+00 3.256E+01
  2.998445E+00 2.865E+01
  2.998461E+00 2.570E+01
  2.998477E+00 2.344E+01
  2.998493E+00 2.171E+01
  2.998526E+00 1.935E+01
  2.998558E+00 1.801E+01
  2.998606E+00 1.725E+01
  2.998654E+00 1.755E+01
  2.998702E+00 1.869E+01
  2.998765E+00 2.152E+01
  2.998828E+00 2.610E+01
  2.998875E+00 3.109E+01
  2.998921E+00 3.800E+01
  2.998952E+00 4.409E+01
  2.998983E+00 5.181E+01
  2.999013E+00 6.176E+01
  2.999044E+00 7.482E+01
  2.999074E+00 9.234E+01
  2.999090E+00 1.034E+02
  2.999105E+00 1.165E+02
  2.999120E+00 1.322E+02
  2.999135E+00 1.511E+02
  2.999150E+00 1.742E+02
  2.999165E+00 2.028E+02
  2.999180E+00 2.387E+02
  2.999195E+00 2.846E+02
  2.999210E+00 3.445E+02
  2.999225E+00 4.246E+02
  2.999240E+00 5.347E+02
  2.999255E+00 6.918E+02
  2.999270E+00 9.256E+02
  2.999285E+00 1.293E+03
  2.999300E+00 1.914E+03
  2.999314E+00 3.060E+03
  2.999329E+00 5.410E+03
  2.999344E+00 1.051E+04
  2.999359E+00 1.773E+04
  2.999373E+00 1.489E+04
  2.999388E+00 7.935E+03
  2.999403E+00 4.316E+03
  2.999417E+00 2.612E+03
  2.999432E+00 1.729E+03
  2.999447E+00 1.225E+03
  2.999461E+00 9.119E+02
  2.999476E+00 7.056E+02
  2.999490E+00 5.627E+02
  2.999505E+00 4.597E+02
  2.999519E+00 3.830E+02
  2.999533E+00 3.244E+02
  2.999548E+00 2.786E+02
  2.999562E+00 2.421E+02
  2.999591E+00 1.881E+02
  2.999605E+00 1.678E+02
  2.999634E+00 1.360E+02
  2.999662E+00 1.123E+02
  2.999705E+00 8.289E+01
  2.999719E+00 6.407E+01
  2.999733E+00 1.078E+02
  2.999747E+00 8.194E+01
  2.999761E+00 7.389E+01
  2.999789E+00 6.389E+01
  2.999831E+00 5.364E+01
  2.999886E+00 4.406E+01
  2.999955E+00 3.581E+01
  3.000024E+00 3.013E+01
  3.000091E+00 2.608E+01
  3.000158E+00 2.366E+01
  3.000185E+00 2.344E+01
  3.000198E+00 2.370E+01
  3.000212E+00 2.452E+01
  3.000225E+00 2.667E+01
  3.000238E+00 3.426E+01
  3.000252E+00 5.702E+02
  3.000265E+00 6.508E+00
  3.000278E+00 1.199E+01
  3.000291E+00 1.423E+01
  3.000317E+00 1.716E+01
  3.000330E+00 1.896E+01
  3.000344E+00 2.159E+01
  3.000357E+00 2.577E+01
  3.000370E+00 3.295E+01
  3.000383E+00 4.634E+01
  3.000396E+00 7.434E+01
  3.000409E+00 1.448E+02
  3.000422E+00 3.946E+02
  3.000435E+00 2.457E+03
  3.000447E+00 5.461E+03
  3.000460E+00 7.469E+02
  3.000473E+00 2.975E+02
  3.000486E+00 1.712E+02
  3.000499E+00 1.177E+02
  3.000512E+00 8.978E+01
  3.000524E+00 7.317E+01
  3.000537E+00 6.242E+01
  3.000550E+00 5.502E+01
  3.000563E+00 4.969E+01
  3.000575E+00 4.573E+01
  3.000601E+00 4.036E+01
  3.000626E+00 3.707E+01
  3.000664E+00 3.433E+01
  3.000714E+00 3.315E+01
  3.000763E+00 3.405E+01
  3.000813E+00 3.717E+01
  3.000850E+00 4.160E+01
  3.000886E+00 4.902E+01
  3.000911E+00 5.676E+01
  3.000935E+00 6.835E+01
  3.000947E+00 7.640E+01
  3.000959E+00 8.668E+01
  3.000971E+00 1.001E+02
  3.000983E+00 1.180E+02
  3.000995E+00 1.425E+02
  3.001007E+00 1.775E+02
  3.001019E+00 2.291E+02
  3.001031E+00 3.090E+02
  3.001043E+00 4.380E+02
  3.001055E+00 6.488E+02
  3.001067E+00 9.569E+02
  3.001079E+00 1.207E+03
  3.001091E+00 1.084E+03
  3.001103E+00 7.388E+02
  3.001114E+00 4.666E+02
  3.001126E+00 3.027E+02
  3.001138E+00 2.066E+02
  3.001150E+00 1.482E+02
  3.001162E+00 1.111E+02
  3.001173E+00 8.628E+01
  3.001185E+00 6.913E+01
  3.001197E+00 5.686E+01
  3.001208E+00 4.785E+01
  3.001220E+00 4.106E+01
  3.001232E+00 3.586E+01
  3.001243E+00 3.180E+01
  3.001255E+00 2.859E+01
  3.001278E+00 2.395E+01
  3.001301E+00 2.089E+01
  3.001324E+00 1.882E+01
  3.001359E+00 1.690E+01
  3.001404E+00 1.572E+01
  3.001450E+00 1.553E+01
  3.001506E+00 1.636E+01
  3.001551E+00 1.789E+01
  3.001595E+00 2.045E+01
  3.001628E+00 2.338E+01
  3.001661E+00 2.771E+01
  3.001683E+00 3.181E+01
  3.001705E+00 3.744E+01
  3.001727E+00 4.550E+01
  3.001738E+00 5.091E+01
  3.001759E+00 6.622E+01
  3.001770E+00 7.736E+01
  3.001781E+00 9.225E+01
  3.001792E+00 1.128E+02
  3.001802E+00 1.424E+02
  3.001813E+00 1.873E+02
  3.001824E+00 2.601E+02
  3.001835E+00 3.883E+02
  3.001845E+00 6.382E+02
  3.001856E+00 1.159E+03
  3.001867E+00 1.954E+03
  3.001877E+00 1.754E+03
  3.001888E+00 9.083E+02
  3.001898E+00 4.593E+02
  3.001909E+00 2.576E+02
  3.001920E+00 1.584E+02
  3.001930E+00 1.044E+02
  3.001941E+00 7.244E+01
  3.001951E+00 5.224E+01
  3.001962E+00 3.881E+01
  3.001972E+00 2.952E+01
  3.001983E+00 2.289E+01
  3.001993E+00 1.801E+01
  3.002004E+00 1.435E+01
  3.002014E+00 1.156E+01
  3.002025E+00 9.383E+00
  3.002035E+00 7.671E+00
  3.002045E+00 6.307E+00
  3.002056E+00 5.208E+00
  3.002066E+00 4.314E+00
  3.002076E+00 3.582E+00
  3.002097E+00 2.472E+00
  3.002097E+00 0.000E+00
  3.012299E+00 0.000E+00
  3.012299E+00 3.542E+00
  3.016417E+00 1.976E+00
  3.020489E+00 1.262E+00
  3.024516E+00 8.780E-01
  3.028499E+00 6.477E-01
  3.032438E+00 4.989E-01
  3.036334E+00 3.971E-01
  3.040188E+00 3.244E-01
  3.044000E+00 2.706E-01
  3.047771E+00 2.297E-01
  3.051501E+00 1.978E-01
  3.055192E+00 1.725E-01
  3.058843E+00 1.520E-01
  3.066029E+00 1.212E-01
  3.073063E+00 9.938E-02
  3.079951E+00 8.338E-02
  3.090016E+00 6.624E-02
  3.099773E+00 5.431E-02
  3.109234E+00 4.564E-02
  3.121409E+00 3.730E-02
  3.135958E+00 3.010E-02
  3.152497E+00 2.427E-02
  3.170620E+00 1.970E-02
  3.192228E+00 1.584E-02
  3.216326E+00 1.284E-02
  3.241930E+00 1.064E-02
  3.264836E+00 9.385E-03
  3.279307E+00 9.099E-03
  3.288387E+00 9.452E-03
  3.292767E+00 1.004E-02
  3.295630E+00 1.078E-02
  3.297045E+00 1.136E-02
  3.298448E+00 1.217E-02
  3.299841E+00 1.335E-02
  3.301223E+00 1.512E-02
  3.302595E+00 1.775E-02
  3.303956E+00 2.105E-02
  3.305306E+00 2.296E-02
  3.306646E+00 2.144E-02
  3.307976E+00 1.886E-02
  3.309296E+00 1.733E-02
  3.310605E+00 1.695E-02
  3.311905E+00 1.742E-02
  3.313195E+00 1.854E-02
  3.314475E+00 2.029E-02
  3.315746E+00 2.272E-02
  3.317007E+00 2.595E-02
  3.318258E+00 3.020E-02
  3.319501E+00 3.570E-02
  3.320734E+00 4.271E-02
  3.321958E+00 5.134E-02
  3.324378E+00 7.122E-02
  3.325575E+00 7.903E-02
  3.326763E+00 8.222E-02
  3.327943E+00 7.980E-02
  3.329113E+00 7.299E-02
  3.331429E+00 5.528E-02
  3.332575E+00 4.736E-02
  3.333712E+00 4.071E-02
  3.334841E+00 3.529E-02
  3.335961E+00 3.091E-02
  3.337074E+00 2.737E-02
  3.338179E+00 2.450E-02
  3.340364E+00 2.021E-02
  3.342519E+00 1.724E-02
  3.345694E+00 1.428E-02
  3.348802E+00 1.235E-02
  3.352846E+00 1.070E-02
  3.357745E+00 9.467E-03
  3.363407E+00 8.735E-03
  3.367951E+00 8.680E-03
  3.371479E+00 9.146E-03
  3.374064E+00 9.972E-03
  3.376598E+00 1.138E-02
  3.379900E+00 1.414E-02
  3.382321E+00 1.628E-02
  3.383909E+00 1.693E-02
  3.384695E+00 1.673E-02
  3.385477E+00 1.611E-02
  3.389309E+00 1.094E-02
  3.390809E+00 9.490E-03
  3.393022E+00 8.086E-03
  3.395910E+00 7.007E-03
  3.400109E+00 6.123E-03
  3.406126E+00 5.418E-03
  3.415457E+00 4.809E-03
  3.424548E+00 4.548E-03
  3.429822E+00 4.644E-03
  3.432848E+00 4.922E-03
  3.434811E+00 5.338E-03
  3.436255E+00 5.939E-03
  3.437204E+00 6.648E-03
  3.437675E+00 7.173E-03
  3.438144E+00 7.879E-03
  3.438610E+00 8.839E-03
  3.439073E+00 1.013E-02
  3.439992E+00 1.336E-02
  3.440448E+00 1.415E-02
  3.440902E+00 1.346E-02
  3.441802E+00 1.016E-02
  3.442248E+00 8.948E-03
  3.442692E+00 8.166E-03
  3.443134E+00 7.708E-03
  3.443573E+00 7.477E-03
  3.444444E+00 7.455E-03
  3.445307E+00 7.831E-03
  3.446160E+00 8.535E-03
  3.447005E+00 9.606E-03
  3.447841E+00 1.118E-02
  3.448256E+00 1.223E-02
  3.448668E+00 1.352E-02
  3.449078E+00 1.513E-02
  3.449487E+00 1.715E-02
  3.449893E+00 1.973E-02
  3.450297E+00 2.302E-02
  3.450699E+00 2.723E-02
  3.451099E+00 3.252E-02
  3.451893E+00 4.554E-02
  3.452287E+00 5.115E-02
  3.452679E+00 5.375E-02
  3.453068E+00 5.257E-02
  3.453842E+00 4.449E-02
  3.454226E+00 4.148E-02
  3.454608E+00 4.259E-02
  3.454988E+00 9.275E-02
  3.455367E+00 3.069E-02
  3.455743E+00 2.572E-02
  3.456490E+00 2.725E-02
  3.457229E+00 3.048E-02
  3.457962E+00 3.560E-02
  3.458687E+00 4.306E-02
  3.459404E+00 5.361E-02
  3.459761E+00 6.036E-02
  3.460115E+00 6.829E-02
  3.460468E+00 7.759E-02
  3.461168E+00 1.009E-01
  3.461862E+00 1.308E-01
  3.463229E+00 1.990E-01
  3.463566E+00 2.196E-01
  3.463902E+00 3.927E-01
  3.464237E+00 1.795E-01
  3.464569E+00 1.824E-01
  3.464900E+00 1.756E-01
  3.466854E+00 1.049E-01
  3.467493E+00 8.687E-02
  3.468126E+00 7.265E-02
  3.469064E+00 5.691E-02
  3.469989E+00 4.587E-02
  3.470901E+00 3.793E-02
  3.472097E+00 3.045E-02
  3.473272E+00 2.523E-02
  3.474709E+00 2.065E-02
  3.476392E+00 1.690E-02
  3.478298E+00 1.398E-02
  3.480404E+00 1.184E-02
  3.482186E+00 1.076E-02
  3.483671E+00 1.052E-02
  3.484640E+00 1.089E-02
  3.485355E+00 1.162E-02
  3.486061E+00 1.297E-02
  3.486759E+00 1.521E-02
  3.487447E+00 1.864E-02
  3.488127E+00 2.333E-02
  3.488798E+00 2.845E-02
  3.489240E+00 3.057E-02
  3.489460E+00 3.067E-02
  3.489679E+00 2.998E-02
  3.490115E+00 2.672E-02
  3.490975E+00 1.854E-02
  3.491399E+00 1.548E-02
  3.491820E+00 1.316E-02
  3.492445E+00 1.071E-02
  3.493063E+00 9.043E-03
  3.493874E+00 7.507E-03
  3.494870E+00 6.061E-03
  3.495067E+00 5.675E-03
  3.495263E+00 4.743E-03
  3.495458E+00 8.274E-03
  3.495652E+00 6.325E-03
  3.495846E+00 5.906E-03
  3.496422E+00 5.314E-03
  3.497554E+00 4.644E-03
  3.499022E+00 4.140E-03
  3.500269E+00 3.993E-03
  3.501311E+00 4.133E-03
  3.502161E+00 4.527E-03
  3.502829E+00 5.129E-03
  3.503324E+00 5.857E-03
  3.503812E+00 6.984E-03
  3.504135E+00 7.755E-03
  3.504456E+00 7.893E-03
  3.504615E+00 8.266E-03
  3.504932E+00 9.637E-03
  3.505247E+00 1.156E-02
  3.505559E+00 1.413E-02
  3.505868E+00 1.762E-02
  3.506022E+00 1.984E-02
  3.506176E+00 2.246E-02
  3.506329E+00 2.555E-02
  3.506633E+00 3.338E-02
  3.507234E+00 5.347E-02
  3.507383E+00 5.743E-02
  3.507532E+00 6.001E-02
  3.507827E+00 6.126E-02
  3.507974E+00 6.126E-02
  3.508120E+00 6.283E-02
  3.508266E+00 7.109E-02
  3.508411E+00 1.326E-01
  3.508556E+00 2.425E-01
  3.508700E+00 5.385E-01
  3.508843E+00 6.076E-02
  3.508986E+00 5.340E-02
  3.509129E+00 5.390E-02
  3.509271E+00 5.664E-02
  3.509413E+00 6.091E-02
  3.509554E+00 6.673E-02
  3.509694E+00 7.440E-02
  3.509834E+00 8.450E-02
  3.509974E+00 9.804E-02
  3.510113E+00 1.167E-01
  3.510251E+00 1.439E-01
  3.510389E+00 1.864E-01
  3.510527E+00 2.600E-01
  3.510664E+00 4.054E-01
  3.510800E+00 6.731E-01
  3.510936E+00 5.302E-01
  3.511072E+00 1.209E-01
  3.511207E+00 2.366E-02
  3.511341E+00 1.365E-02
  3.511475E+00 2.407E-02
  3.511609E+00 4.073E-02
  3.511742E+00 6.023E-02
  3.512007E+00 1.042E-01
  3.512139E+00 1.267E-01
  3.512270E+00 1.458E-01
  3.512401E+00 1.529E-01
  3.512531E+00 1.307E-01
  3.512661E+00 6.608E-02
  3.512791E+00 2.629E-02
  3.512920E+00 8.293E-02
  3.513048E+00 1.682E-01
  3.513176E+00 2.347E-01
  3.513304E+00 2.779E-01
  3.513431E+00 3.020E-01
  3.513558E+00 3.115E-01
  3.513684E+00 3.103E-01
  3.513935E+00 2.882E-01
  3.514679E+00 1.903E-01
  3.515045E+00 1.531E-01
  3.515407E+00 1.251E-01
  3.515765E+00 1.041E-01
  3.516238E+00 8.372E-02
  3.516704E+00 6.929E-02
  3.517277E+00 5.666E-02
  3.517841E+00 4.814E-02
  3.518396E+00 4.272E-02
  3.518941E+00 4.023E-02
  3.519371E+00 4.071E-02
  3.519795E+00 4.382E-02
  3.520421E+00 5.239E-02
  3.521035E+00 6.394E-02
  3.521136E+00 8.029E-02
  3.521237E+00 9.915E-02
  3.521337E+00 7.636E-02
  3.521736E+00 6.293E-02
  3.522130E+00 4.607E-02
  3.522421E+00 3.638E-02
  3.522711E+00 2.955E-02
  3.522997E+00 2.468E-02
  3.523375E+00 2.006E-02
  3.523840E+00 1.602E-02
  3.524389E+00 1.255E-02
  3.525016E+00 9.561E-03
  3.525630E+00 7.267E-03
  3.526316E+00 5.240E-03
  3.526569E+00 4.490E-03
  3.526652E+00 5.098E-03
  3.526736E+00 7.700E-03
  3.526819E+00 5.244E-03
  3.526902E+00 4.783E-03
  3.527067E+00 4.395E-03
  3.527232E+00 4.201E-03
  3.527313E+00 4.177E-03
  3.527395E+00 4.338E-03
  3.527476E+00 5.277E-03
  3.527557E+00 9.949E-03
  3.527638E+00 4.644E-02
  3.527718E+00 5.801E-02
  3.527799E+00 1.916E-02
  3.527879E+00 1.275E-02
  3.527959E+00 1.106E-02
  3.528038E+00 1.071E-02
  3.528117E+00 1.097E-02
  3.528197E+00 1.161E-02
  3.528275E+00 1.258E-02
  3.528354E+00 1.387E-02
  3.528432E+00 1.552E-02
  3.528511E+00 1.758E-02
  3.528588E+00 2.014E-02
  3.528666E+00 2.333E-02
  3.528744E+00 2.728E-02
  3.528821E+00 3.217E-02
  3.528898E+00 3.819E-02
  3.528975E+00 4.546E-02
  3.529127E+00 6.337E-02
  3.529279E+00 8.120E-02
  3.529355E+00 8.715E-02
  3.529431E+00 9.016E-02
  3.529655E+00 8.967E-02
  3.529730E+00 9.072E-02
  3.529804E+00 9.477E-02
  3.529878E+00 1.047E-01
  3.529952E+00 1.307E-01
  3.530026E+00 2.441E-01
  3.530100E+00 3.217E+00
  3.530173E+00 2.181E-01
  3.530246E+00 1.356E-01
  3.530319E+00 1.345E-01
  3.530391E+00 1.484E-01
  3.530464E+00 1.705E-01
  3.530536E+00 2.010E-01
  3.530608E+00 2.420E-01
  3.530680E+00 2.974E-01
  3.530751E+00 3.734E-01
  3.530823E+00 4.786E-01
  3.530894E+00 6.221E-01
  3.530965E+00 8.001E-01
  3.531035E+00 9.528E-01
  3.531106E+00 9.326E-01
  3.531176E+00 6.861E-01
  3.531246E+00 3.950E-01
  3.531316E+00 1.937E-01
  3.531386E+00 8.275E-02
  3.531456E+00 3.015E-02
  3.531525E+00 1.286E-02
  3.531594E+00 1.837E-02
  3.531663E+00 4.041E-02
  3.531732E+00 7.581E-02
  3.531800E+00 1.224E-01
  3.531869E+00 1.775E-01
  3.532005E+00 2.959E-01
  3.532073E+00 3.468E-01
  3.532140E+00 3.841E-01
  3.532208E+00 4.045E-01
  3.532275E+00 4.082E-01
  3.532342E+00 3.981E-01
  3.532475E+00 3.525E-01
  3.532740E+00 2.391E-01
  3.532937E+00 1.672E-01
  3.533131E+00 1.074E-01
  3.533196E+00 8.970E-02
  3.533261E+00 7.399E-02
  3.533325E+00 6.285E-02
  3.533389E+00 6.446E-02
  3.533453E+00 1.062E-01
  3.533516E+00 2.816E-01
  3.533580E+00 7.572E-01
  3.533643E+00 1.008E+00
  3.533707E+00 7.594E-01
  3.533770E+00 5.454E-01
  3.533832E+00 4.187E-01
  3.533895E+00 3.410E-01
  3.533958E+00 2.898E-01
  3.534020E+00 2.538E-01
  3.534082E+00 2.272E-01
  3.534144E+00 2.067E-01
  3.534267E+00 1.773E-01
  3.534451E+00 1.498E-01
  3.534634E+00 1.333E-01
  3.534815E+00 1.239E-01
  3.535054E+00 1.203E-01
  3.535290E+00 1.263E-01
  3.535812E+00 1.554E-01
  3.536097E+00 1.687E-01
  3.536210E+00 1.804E-01
  3.536266E+00 1.903E-01
  3.536322E+00 2.250E-01
  3.536378E+00 8.575E-01
  3.536434E+00 2.370E-01
  3.536490E+00 2.244E-01
  3.536600E+00 2.158E-01
  3.536711E+00 1.974E-01
  3.536984E+00 1.360E-01
  3.537146E+00 1.084E-01
  3.537307E+00 8.874E-02
  3.537466E+00 7.465E-02
  3.537677E+00 6.131E-02
  3.537937E+00 4.980E-02
  3.538245E+00 4.032E-02
  3.538549E+00 3.380E-02
  3.538798E+00 3.033E-02
  3.538946E+00 2.946E-02
  3.539142E+00 3.027E-02
  3.539190E+00 2.956E-02
  3.539239E+00 3.146E-02
  3.539287E+00 3.788E-02
  3.539335E+00 4.970E-02
  3.539383E+00 5.455E-02
  3.539431E+00 1.681E-02
  3.539479E+00 6.044E-03
  3.539527E+00 6.483E-03
  3.539717E+00 1.315E-02
  3.539764E+00 1.531E-02
  3.539858E+00 2.032E-02
  3.539904E+00 1.871E-02
  3.539951E+00 1.181E-02
  3.539998E+00 6.641E-03
  3.540044E+00 4.878E-03
  3.540090E+00 4.726E-03
  3.540137E+00 5.190E-03
  3.540183E+00 5.918E-03
  3.540229E+00 6.806E-03
  3.540275E+00 7.834E-03
  3.540366E+00 1.039E-02
  3.540411E+00 1.200E-02
  3.540457E+00 1.390E-02
  3.540502E+00 1.616E-02
  3.540547E+00 1.887E-02
  3.540592E+00 2.215E-02
  3.540637E+00 2.614E-02
  3.540682E+00 3.103E-02
  3.540727E+00 3.709E-02
  3.540772E+00 4.461E-02
  3.540816E+00 5.402E-02
  3.540860E+00 6.577E-02
  3.540905E+00 8.033E-02
  3.540949E+00 9.799E-02
  3.541081E+00 1.619E-01
  3.541125E+00 1.791E-01
  3.541168E+00 1.901E-01
  3.541255E+00 1.972E-01
  3.541342E+00 2.042E-01
  3.541385E+00 2.153E-01
  3.541428E+00 2.367E-01
  3.541471E+00 2.786E-01
  3.541514E+00 3.773E-01
  3.541556E+00 7.859E-01
  3.541599E+00 1.184E+01
  3.541641E+00 9.593E-01
  3.541684E+00 5.090E-01
  3.541726E+00 4.893E-01
  3.541768E+00 5.488E-01
  3.541810E+00 6.535E-01
  3.541852E+00 8.047E-01
  3.541894E+00 1.014E+00
  3.541936E+00 1.294E+00
  3.542019E+00 2.006E+00
  3.542061E+00 2.207E+00
  3.542102E+00 2.055E+00
  3.542143E+00 1.594E+00
  3.542184E+00 1.077E+00
  3.542226E+00 6.664E-01
  3.542267E+00 3.856E-01
  3.542307E+00 2.064E-01
  3.542348E+00 9.863E-02
  3.542389E+00 4.209E-02
  3.542429E+00 2.557E-02
  3.542470E+00 4.425E-02
  3.542510E+00 9.741E-02
  3.542551E+00 1.860E-01
  3.542591E+00 3.096E-01
  3.542631E+00 4.620E-01
  3.542671E+00 6.270E-01
  3.542711E+00 7.793E-01
  3.542751E+00 8.924E-01
  3.542790E+00 9.508E-01
  3.542830E+00 9.554E-01
  3.542870E+00 9.191E-01
  3.542988E+00 7.106E-01
  3.543105E+00 5.087E-01
  3.543221E+00 3.549E-01
  3.543298E+00 2.734E-01
  3.543375E+00 2.057E-01
  3.543413E+00 1.783E-01
  3.543452E+00 1.586E-01
  3.543490E+00 1.545E-01
  3.543528E+00 1.858E-01
  3.543566E+00 3.065E-01
  3.543603E+00 6.638E-01
  3.543641E+00 1.532E+00
  3.543679E+00 2.490E+00
  3.543716E+00 2.292E+00
  3.543754E+00 1.699E+00
  3.543791E+00 1.277E+00
  3.543828E+00 1.013E+00
  3.543866E+00 8.428E-01
  3.543903E+00 7.271E-01
  3.543940E+00 6.448E-01
  3.543977E+00 5.841E-01
  3.544050E+00 5.029E-01
  3.544124E+00 4.544E-01
  3.544233E+00 4.187E-01
  3.544341E+00 4.148E-01
  3.544449E+00 4.372E-01
  3.544698E+00 5.315E-01
  3.544838E+00 5.434E-01
  3.544977E+00 5.543E-01
  3.545046E+00 5.842E-01
  3.545115E+00 6.453E-01
  3.545149E+00 7.157E-01
  3.545183E+00 1.720E+00
  3.545217E+00 9.895E-01
  3.545251E+00 7.835E-01
  3.545353E+00 7.267E-01
  3.545454E+00 6.121E-01
  3.545588E+00 4.526E-01
  3.545687E+00 3.664E-01
  3.545786E+00 3.055E-01
  3.545884E+00 2.620E-01
  3.546013E+00 2.218E-01
  3.546174E+00 1.898E-01
  3.546332E+00 1.724E-01
  3.546427E+00 1.697E-01
  3.546521E+00 1.769E-01
  3.546583E+00 1.930E-01
  3.546614E+00 2.075E-01
  3.546676E+00 2.487E-01
  3.546706E+00 2.524E-01
  3.546768E+00 1.935E-01
  3.546798E+00 1.830E-01
  3.546829E+00 1.916E-01
  3.546859E+00 2.178E-01
  3.546890E+00 2.671E-01
  3.546920E+00 3.556E-01
  3.546950E+00 4.980E-01
  3.546980E+00 5.563E-01
  3.547011E+00 3.017E-01
  3.547041E+00 1.065E-01
  3.547071E+00 3.765E-02
  3.547101E+00 1.576E-02
  3.547130E+00 9.519E-03
  3.547160E+00 9.001E-03
  3.547190E+00 1.093E-02
  3.547220E+00 1.428E-02
  3.547249E+00 1.900E-02
  3.547279E+00 2.570E-02
  3.547308E+00 3.563E-02
  3.547338E+00 4.933E-02
  3.547367E+00 5.654E-02
  3.547396E+00 3.722E-02
  3.547426E+00 1.580E-02
  3.547455E+00 6.975E-03
  3.547484E+00 4.537E-03
  3.547513E+00 4.549E-03
  3.547542E+00 5.590E-03
  3.547571E+00 7.174E-03
  3.547600E+00 9.150E-03
  3.547628E+00 1.150E-02
  3.547657E+00 1.425E-02
  3.547686E+00 1.748E-02
  3.547714E+00 2.130E-02
  3.547743E+00 2.583E-02
  3.547772E+00 3.124E-02
  3.547800E+00 3.774E-02
  3.547828E+00 4.559E-02
  3.547857E+00 5.516E-02
  3.547885E+00 6.689E-02
  3.547913E+00 8.139E-02
  3.547941E+00 9.945E-02
  3.547969E+00 1.221E-01
  3.547997E+00 1.506E-01
  3.548025E+00 1.864E-01
  3.548053E+00 2.312E-01
  3.548081E+00 2.855E-01
  3.548164E+00 4.792E-01
  3.548192E+00 5.298E-01
  3.548219E+00 5.634E-01
  3.548302E+00 6.179E-01
  3.548329E+00 6.523E-01
  3.548356E+00 7.120E-01
  3.548383E+00 8.158E-01
  3.548410E+00 1.012E+00
  3.548438E+00 1.488E+00
  3.548465E+00 3.673E+00
  3.548492E+00 5.777E+01
  3.548518E+00 3.948E+00
  3.548545E+00 2.164E+00
  3.548572E+00 2.085E+00
  3.548599E+00 2.371E+00
  3.548626E+00 2.883E+00
  3.548652E+00 3.624E+00
  3.548679E+00 4.614E+00
  3.548705E+00 5.780E+00
  3.548732E+00 6.789E+00
  3.548758E+00 7.022E+00
  3.548785E+00 6.141E+00
  3.548837E+00 3.155E+00
  3.548863E+00 2.032E+00
  3.548889E+00 1.252E+00
  3.548916E+00 7.312E-01
  3.548942E+00 3.957E-01
  3.548968E+00 1.956E-01
  3.548993E+00 1.041E-01
  3.549019E+00 1.112E-01
  3.549045E+00 2.199E-01
  3.549071E+00 4.417E-01
  3.549097E+00 7.888E-01
  3.549122E+00 1.260E+00
  3.549173E+00 2.384E+00
  3.549199E+00 2.836E+00
  3.549224E+00 3.091E+00
  3.549250E+00 3.134E+00
  3.549275E+00 3.012E+00
  3.549401E+00 1.796E+00
  3.549451E+00 1.407E+00
  3.549501E+00 1.096E+00
  3.549551E+00 8.446E-01
  3.549575E+00 7.395E-01
  3.549600E+00 6.503E-01
  3.549625E+00 5.829E-01
  3.549649E+00 5.521E-01
  3.549674E+00 5.911E-01
  3.549698E+00 7.776E-01
  3.549723E+00 1.300E+00
  3.549747E+00 2.602E+00
  3.549771E+00 5.335E+00
  3.549796E+00 8.400E+00
  3.549820E+00 8.415E+00
  3.549844E+00 6.638E+00
  3.549868E+00 5.104E+00
  3.549892E+00 4.075E+00
  3.549916E+00 3.396E+00
  3.549940E+00 2.933E+00
  3.549964E+00 2.607E+00
  3.549988E+00 2.372E+00
  3.550012E+00 2.199E+00
  3.550060E+00 1.980E+00
  3.550107E+00 1.875E+00
  3.550178E+00 1.869E+00
  3.550248E+00 2.008E+00
  3.550387E+00 2.464E+00
  3.550457E+00 2.539E+00
  3.550571E+00 2.491E+00
  3.550616E+00 2.557E+00
  3.550661E+00 2.739E+00
  3.550684E+00 2.887E+00
  3.550706E+00 3.101E+00
  3.550729E+00 3.540E+00
  3.550751E+00 1.146E+01
  3.550773E+00 4.601E+00
  3.550796E+00 3.714E+00
  3.550862E+00 3.464E+00
  3.550929E+00 2.939E+00
  3.551016E+00 2.215E+00
  3.551082E+00 1.825E+00
  3.551147E+00 1.552E+00
  3.551233E+00 1.312E+00
  3.551318E+00 1.166E+00
  3.551403E+00 1.091E+00
  3.551487E+00 1.090E+00
  3.551529E+00 1.132E+00
  3.551570E+00 1.226E+00
  3.551591E+00 1.305E+00
  3.551612E+00 1.417E+00
  3.551633E+00 1.571E+00
  3.551674E+00 1.947E+00
  3.551694E+00 1.978E+00
  3.551715E+00 1.784E+00
  3.551735E+00 1.532E+00
  3.551756E+00 1.381E+00
  3.551776E+00 1.354E+00
  3.551797E+00 1.438E+00
  3.551817E+00 1.640E+00
  3.551837E+00 2.006E+00
  3.551857E+00 2.646E+00
  3.551878E+00 3.721E+00
  3.551898E+00 4.914E+00
  3.551918E+00 4.158E+00
  3.551938E+00 2.041E+00
  3.551958E+00 8.563E-01
  3.551978E+00 3.695E-01
  3.551998E+00 1.681E-01
  3.552018E+00 8.157E-02
  3.552038E+00 4.522E-02
  3.552058E+00 3.297E-02
  3.552078E+00 3.393E-02
  3.552097E+00 4.403E-02
  3.552117E+00 6.323E-02
  3.552137E+00 9.525E-02
  3.552157E+00 1.482E-01
  3.552176E+00 2.217E-01
  3.552196E+00 2.315E-01
  3.552215E+00 1.212E-01
  3.552235E+00 4.273E-02
  3.552255E+00 1.326E-02
  3.552274E+00 4.841E-03
  3.552293E+00 4.912E-03
  3.552313E+00 8.965E-03
  3.552332E+00 1.540E-02
  3.552351E+00 2.369E-02
  3.552371E+00 3.380E-02
  3.552390E+00 4.590E-02
  3.552409E+00 6.034E-02
  3.552428E+00 7.757E-02
  3.552448E+00 9.822E-02
  3.552467E+00 1.230E-01
  3.552486E+00 1.530E-01
  3.552505E+00 1.894E-01
  3.552524E+00 2.339E-01
  3.552543E+00 2.886E-01
  3.552562E+00 3.563E-01
  3.552581E+00 4.407E-01
  3.552599E+00 5.469E-01
  3.552618E+00 6.812E-01
  3.552637E+00 8.518E-01
  3.552656E+00 1.068E+00
  3.552674E+00 1.339E+00
  3.552693E+00 1.670E+00
  3.552712E+00 2.052E+00
  3.552749E+00 2.833E+00
  3.552768E+00 3.139E+00
  3.552805E+00 3.521E+00
  3.552841E+00 3.902E+00
  3.552860E+00 4.246E+00
  3.552878E+00 4.800E+00
  3.552896E+00 5.741E+00
  3.552915E+00 7.565E+00
  3.552933E+00 1.240E+01
  3.552951E+00 4.097E+01
  3.552969E+00 2.684E+02
  3.552987E+00 2.666E+01
  3.553006E+00 1.694E+01
  3.553024E+00 1.701E+01
  3.553042E+00 1.986E+01
  3.553060E+00 2.467E+01
  3.553078E+00 3.140E+01
  3.553096E+00 3.951E+01
  3.553114E+00 4.668E+01
  3.553131E+00 4.851E+01
  3.553149E+00 4.268E+01
  3.553185E+00 2.256E+01
  3.553203E+00 1.490E+01
  3.553220E+00 9.508E+00
  3.553238E+00 5.839E+00
  3.553256E+00 3.397E+00
  3.553273E+00 1.855E+00
  3.553291E+00 1.032E+00
  3.553308E+00 8.643E-01
  3.553326E+00 1.382E+00
  3.553344E+00 2.691E+00
  3.553361E+00 4.941E+00
  3.553378E+00 8.238E+00
  3.553396E+00 1.248E+01
  3.553413E+00 1.714E+01
  3.553431E+00 2.129E+01
  3.553448E+00 2.401E+01
  3.553465E+00 2.491E+01
  3.553482E+00 2.427E+01
  3.553500E+00 2.269E+01
  3.553568E+00 1.477E+01
  3.553602E+00 1.166E+01
  3.553636E+00 9.196E+00
  3.553670E+00 7.240E+00
  3.553687E+00 6.447E+00
  3.553704E+00 5.812E+00
  3.553721E+00 5.407E+00
  3.553737E+00 5.395E+00
  3.553754E+00 6.126E+00
  3.553771E+00 8.383E+00
  3.553788E+00 1.394E+01
  3.553804E+00 2.661E+01
  3.553821E+00 5.138E+01
  3.553837E+00 8.015E+01
  3.553854E+00 8.553E+01
  3.553871E+00 7.160E+01
  3.553887E+00 5.693E+01
  3.553904E+00 4.634E+01
  3.553920E+00 3.917E+01
  3.553936E+00 3.428E+01
  3.553953E+00 3.089E+01
  3.553969E+00 2.852E+01
  3.554002E+00 2.577E+01
  3.554034E+00 2.478E+01
  3.554067E+00 2.508E+01
  3.554099E+00 2.649E+01
  3.554147E+00 3.049E+01
  3.554227E+00 3.905E+01
  3.554275E+00 4.171E+01
  3.554354E+00 4.329E+01
  3.554385E+00 4.558E+01
  3.554416E+00 5.023E+01
  3.554432E+00 5.376E+01
  3.554447E+00 5.844E+01
  3.554463E+00 6.547E+01
  3.554478E+00 8.639E+01
  3.554494E+00 9.129E+02
  3.554509E+00 8.330E+01
  3.554525E+00 7.904E+01
  3.554555E+00 7.943E+01
  3.554586E+00 7.622E+01
  3.554677E+00 5.874E+01
  3.554722E+00 5.281E+01
  3.554782E+00 4.866E+01
  3.554842E+00 4.802E+01
  3.554886E+00 4.977E+01
  3.554931E+00 5.389E+01
  3.554975E+00 6.173E+01
  3.555004E+00 7.060E+01
  3.555033E+00 8.500E+01
  3.555047E+00 9.573E+01
  3.555062E+00 1.101E+02
  3.555076E+00 1.294E+02
  3.555105E+00 1.792E+02
  3.555120E+00 1.940E+02
  3.555134E+00 1.890E+02
  3.555148E+00 1.737E+02
  3.555163E+00 1.638E+02
  3.555177E+00 1.658E+02
  3.555191E+00 1.815E+02
  3.555205E+00 2.138E+02
  3.555220E+00 2.704E+02
  3.555234E+00 3.682E+02
  3.555248E+00 5.416E+02
  3.555276E+00 1.112E+03
  3.555290E+00 9.076E+02
  3.555304E+00 4.926E+02
  3.555318E+00 2.490E+02
  3.555332E+00 1.321E+02
  3.555346E+00 7.413E+01
  3.555360E+00 4.364E+01
  3.555374E+00 2.712E+01
  3.555388E+00 1.865E+01
  3.555402E+00 1.582E+01
  3.555416E+00 1.840E+01
  3.555430E+00 2.856E+01
  3.555444E+00 5.301E+01
  3.555458E+00 1.098E+02
  3.555471E+00 2.404E+02
  3.555485E+00 4.485E+02
  3.555499E+00 4.683E+02
  3.555513E+00 3.177E+02
  3.555526E+00 2.081E+02
  3.555540E+00 1.472E+02
  3.555554E+00 1.122E+02
  3.555567E+00 9.104E+01
  3.555581E+00 7.751E+01
  3.555594E+00 6.833E+01
  3.555608E+00 6.217E+01
  3.555635E+00 5.522E+01
  3.555662E+00 5.270E+01
  3.555689E+00 5.315E+01
  3.555716E+00 5.614E+01
  3.555742E+00 6.183E+01
  3.555756E+00 6.590E+01
  3.555782E+00 7.723E+01
  3.555796E+00 8.494E+01
  3.555809E+00 9.436E+01
  3.555822E+00 1.057E+02
  3.555848E+00 1.343E+02
  3.555875E+00 1.643E+02
  3.555888E+00 1.744E+02
  3.555901E+00 1.785E+02
  3.555927E+00 1.722E+02
  3.555953E+00 1.651E+02
  3.555966E+00 1.673E+02
  3.555979E+00 1.764E+02
  3.555992E+00 1.967E+02
  3.556005E+00 2.404E+02
  3.556018E+00 3.564E+02
  3.556030E+00 9.208E+02
  3.556043E+00 1.378E+04
  3.556056E+00 9.449E+02
  3.556069E+00 4.578E+02
  3.556082E+00 4.046E+02
  3.556094E+00 4.345E+02
  3.556107E+00 5.044E+02
  3.556133E+00 7.016E+02
  3.556145E+00 7.534E+02
  3.556158E+00 6.977E+02
  3.556171E+00 5.470E+02
  3.556183E+00 3.785E+02
  3.556196E+00 2.443E+02
  3.556208E+00 1.520E+02
  3.556221E+00 9.211E+01
  3.556233E+00 5.400E+01
  3.556246E+00 3.031E+01
  3.556258E+00 1.646E+01
  3.556271E+00 9.851E+00
  3.556283E+00 9.213E+00
  3.556296E+00 1.415E+01
  3.556308E+00 2.486E+01
  3.556321E+00 4.171E+01
  3.556333E+00 6.452E+01
  3.556345E+00 9.135E+01
  3.556358E+00 1.175E+02
  3.556370E+00 1.367E+02
  3.556382E+00 1.442E+02
  3.556395E+00 1.402E+02
  3.556407E+00 1.284E+02
  3.556431E+00 9.765E+01
  3.556456E+00 7.076E+01
  3.556468E+00 6.001E+01
  3.556480E+00 5.089E+01
  3.556492E+00 4.319E+01
  3.556504E+00 3.669E+01
  3.556516E+00 3.120E+01
  3.556528E+00 2.657E+01
  3.556540E+00 2.274E+01
  3.556552E+00 1.967E+01
  3.556564E+00 1.744E+01
  3.556576E+00 1.630E+01
  3.556588E+00 1.677E+01
  3.556600E+00 2.001E+01
  3.556612E+00 2.844E+01
  3.556624E+00 4.710E+01
  3.556636E+00 8.453E+01
  3.556648E+00 1.429E+02
  3.556660E+00 1.855E+02
  3.556672E+00 1.741E+02
  3.556683E+00 1.388E+02
  3.556695E+00 1.080E+02
  3.556707E+00 8.624E+01
  3.556719E+00 7.125E+01
  3.556731E+00 6.078E+01
  3.556742E+00 5.328E+01
  3.556754E+00 4.780E+01
  3.556777E+00 4.076E+01
  3.556801E+00 3.700E+01
  3.556824E+00 3.537E+01
  3.556858E+00 3.557E+01
  3.556916E+00 3.797E+01
  3.556950E+00 3.665E+01
  3.557018E+00 2.953E+01
  3.557041E+00 2.843E+01
  3.557063E+00 2.866E+01
  3.557086E+00 3.048E+01
  3.557097E+00 3.239E+01
  3.557108E+00 3.724E+01
  3.557119E+00 1.525E+02
  3.557130E+00 4.371E+01
  3.557141E+00 3.437E+01
  3.557174E+00 2.999E+01
  3.557229E+00 1.990E+01
  3.557251E+00 1.661E+01
  3.557273E+00 1.401E+01
  3.557295E+00 1.199E+01
  3.557316E+00 1.043E+01
  3.557349E+00 8.720E+00
  3.557381E+00 7.550E+00
  3.557413E+00 6.784E+00
  3.557445E+00 6.376E+00
  3.557477E+00 6.380E+00
  3.557498E+00 6.732E+00
  3.557519E+00 7.572E+00
  3.557540E+00 9.147E+00
  3.557550E+00 1.007E+01
  3.557561E+00 1.058E+01
  3.557571E+00 1.012E+01
  3.557592E+00 7.573E+00
  3.557603E+00 6.744E+00
  3.557613E+00 6.432E+00
  3.557623E+00 6.585E+00
  3.557634E+00 7.214E+00
  3.557644E+00 8.455E+00
  3.557654E+00 1.064E+01
  3.557665E+00 1.439E+01
  3.557675E+00 1.989E+01
  3.557685E+00 2.253E+01
  3.557706E+00 7.516E+00
  3.557716E+00 3.510E+00
  3.557726E+00 1.720E+00
  3.557736E+00 8.870E-01
  3.557746E+00 4.761E-01
  3.557756E+00 2.647E-01
  3.557767E+00 1.545E-01
  3.557777E+00 9.969E-02
  3.557787E+00 7.798E-02
  3.557797E+00 7.973E-02
  3.557807E+00 1.037E-01
  3.557817E+00 1.576E-01
  3.557827E+00 2.570E-01
  3.557837E+00 3.701E-01
  3.557855E+00 1.723E-01
  3.567845E+00 5.524E-01
  3.567855E+00 5.367E-01
  3.592798E+00 7.832E-02
  3.617741E+00 3.613E-02
  3.642684E+00 2.173E-02
  3.667628E+00 1.526E-02
  3.692571E+00 1.197E-02
  3.717514E+00 1.011E-02
  3.742458E+00 8.981E-03
  3.767401E+00 8.261E-03
  3.817288E+00 7.468E-03
  3.892118E+00 7.012E-03
  4.291210E+00 7.029E-03
  4.291210E+00 0.000E+00
  4.740190E+00 0.000E+00
  4.291210E+00 0.000E+00
  4.740190E+00 0.000E+00
  4.740190E+00 6.140E-03
  4.740190E+00 6.140E-03
  5.613206E+00 4.140E-03
  5.987356E+00 3.548E-03
  6.012299E+00 3.515E-03
  6.133757E+00 3.310E-03
  6.257664E+00 3.118E-03
  6.384076E+00 2.936E-03
  6.513046E+00 2.765E-03
  6.644619E+00 2.604E-03
  6.778847E+00 2.452E-03
  6.915786E+00 2.310E-03
  7.055495E+00 2.175E-03
  7.198026E+00 2.048E-03
  7.343440E+00 1.929E-03
  7.491784E+00 1.817E-03
  7.643127E+00 1.711E-03
  7.797532E+00 1.611E-03
  7.955050E+00 1.517E-03
  8.115750E+00 1.429E-03
  8.279702E+00 1.346E-03
  8.446962E+00 1.267E-03
  8.617605E+00 1.194E-03
  8.791688E+00 1.124E-03
  8.969297E+00 1.059E-03
  9.150485E+00 9.970E-04
  9.335336E+00 9.390E-04
  9.523926E+00 8.843E-04
  9.716322E+00 8.328E-04
  9.912601E+00 7.843E-04
  1.011285E+01 7.386E-04
  1.031715E+01 6.956E-04
  1.052556E+01 6.551E-04
  1.073820E+01 6.170E-04
  1.095512E+01 5.810E-04
  1.117643E+01 5.472E-04
  1.140221E+01 5.153E-04
  1.163255E+01 4.853E-04
  1.186754E+01 4.571E-04
  1.210728E+01 4.304E-04
  1.235186E+01 4.054E-04
  1.260139E+01 3.818E-04
  1.285595E+01 3.595E-04
  1.311566E+01 3.386E-04
  1.338062E+01 3.189E-04
  1.365092E+01 3.003E-04
  1.392669E+01 2.828E-04
  1.420802E+01 2.663E-04
  1.449504E+01 2.508E-04
  1.478787E+01 2.362E-04
  1.508660E+01 2.225E-04
  1.539137E+01 2.095E-04
  1.570230E+01 1.973E-04
  1.601950E+01 1.858E-04
  1.634311E+01 1.750E-04
  1.667326E+01 1.648E-04
  1.701009E+01 1.552E-04
  1.735371E+01 1.462E-04
  1.770428E+01 1.377E-04
  1.806192E+01 1.296E-04
  1.842680E+01 1.221E-04
  1.879904E+01 1.150E-04
  1.917882E+01 1.083E-04
  1.956625E+01 1.020E-04
  1.996152E+01 9.604E-05
  2.036476E+01 9.045E-05
  2.077617E+01 8.518E-05
  2.119586E+01 8.022E-05
  2.162405E+01 7.555E-05
  2.206088E+01 7.115E-05
  2.250656E+01 6.701E-05
  2.296120E+01 6.310E-05
  2.342506E+01 5.943E-05
