   9993.0819333333329        3.2354193195712201E-010   1.9403792142802352E-009  0.16674159853703480              160
   9881.0961766644687        3.8469113601003099E-010   2.0238958308842787E-009  0.19007457307817671              186
   9771.5925032594532        4.0182078139703777E-010   2.1099417610438207E-009  0.19044164574393316              190
   9664.4892972275957        3.7618451761135904E-010   2.1985601898953287E-009  0.17110494374469176              174
   9559.7084821428580        4.7949040856889972E-010   2.2897943701829869E-009  0.20940326118916158              217
   9457.1753312302844        3.8608481175521574E-010   2.3836876152233647E-009  0.16196955057764037              171
   9356.8182896379531        4.8436459653311647E-010   2.4802832919349665E-009  0.19528599741332153              210
   9258.5688079061147        4.9234332840924506E-010   2.5796248139325394E-009  0.19085850227137741              209
   9162.3611858190707        4.4019566574705024E-010   2.6817556346859416E-009  0.16414458500750059              183
   9068.1324258923178        5.1815087529370204E-010   2.7867192407434004E-009  0.18593580139615259              211
   8975.8220958083839        5.2385042681488983E-010   2.8945591450190163E-009  0.18097762062189554              209
   8885.3721991701241        5.9084044798630122E-010   3.0053188801442802E-009  0.19659825514353937              231
   8796.7270539906094        6.1063699469604786E-010   3.1190419918834878E-009  0.19577709959823403              234
   8709.8331783846606        5.9093918489538576E-010   3.2357720326128506E-009  0.18262695237470386              222
   8624.6391829689292        5.7823878901285749E-010   3.3555525548631012E-009  0.17232297201688390              213
   8541.0956695156692        6.4773620533455344E-010   3.4784271049254410E-009  0.18621525930997984              234
   8459.1551354401799        7.5629338675764999E-010   3.6044392165206557E-009  0.20982276058124116              268
   8378.7718837339289        7.1622273376312864E-010   3.7336324045311672E-009  0.19183000792844920              249
   8299.9019379844958        7.8266304281250317E-010   3.8660501587958920E-009  0.20244513409424283              267
   8222.5029621503018        7.6461246946782803E-010   4.0017359379677028E-009  0.19107019586508237              256
   8146.5341847826085        7.9111035238013681E-010   4.1407331634332674E-009  0.19105562255651165              260
   8071.9563274098009        7.0352208983178504E-010   4.2830852132951326E-009  0.16425591712440857              227
   7998.7315368196369        8.0799228148185089E-010   4.4288354164158442E-009  0.18243899479464981              256
   7926.8233209941827        8.0343572721442232E-010   4.5780270465238720E-009  0.17549824827366992              250
   7856.1964884696017        8.4412064164258810E-010   4.7307033163812136E-009  0.17843449170012726              258
   7786.8170909090913        8.8254206660078518E-010   4.8869073720124222E-009  0.18059316443261242              265
   7718.6523686920700        9.6259780024246286E-010   5.0466822869949226E-009  0.19073873596581162              284
   7651.6706993363960        1.0071166991465069E-009   5.2100710568103288E-009  0.19330191242402678              292
   7585.8415485829955        8.7728754341209364E-010   5.3771165932566804E-009  0.16315204035417050              250
   7521.1354239839438        1.1137744863165797E-009   5.5478617189213033E-009  0.20075743461989823              312
   7457.5238308457710        9.0047543418442495E-010   5.7223491617141384E-009  0.15736114814683663              248
   7394.9792303897384        1.1520999694084929E-009   5.9006215494613213E-009  0.19525061211791667              312
   7333.4750000000004        1.3104343952127598E-009   6.0827214045588185E-009  0.21543554406924312              349
   7272.9853954391074        1.1490807596811341E-009   6.2686911386859234E-009  0.18330473367715011              301
   7213.4855149181903        1.1681151476490454E-009   6.4585730475783714E-009  0.18086272912668036              301
   7154.9512649164681        1.1439159780370915E-009   6.6524093058608960E-009  0.17195514067802176              290
   7097.3593276515148        1.3028645349595031E-009   6.8502419619390447E-009  0.19019248403171898              325
   7040.6871301080319        1.2505981216235478E-009   7.0521129329499543E-009  0.17733665548382146              307
   6984.9128145386767        1.3989564959405901E-009   7.2580639997719911E-009  0.19274513093085671              338
   6930.0152103559867        1.4590513855832902E-009   7.4681368020929539E-009  0.19537020066027572              347
   6875.9738073394492        1.4436361915899063E-009   7.6823728335366469E-009  0.18791540359611991              338
   6822.7687300864818        1.3100718970347376E-009   7.9008134368476678E-009  0.16581481229829431              302
   6770.3807136404694        1.5506935135019323E-009   8.1234997991341088E-009  0.19088983219612096              352
   6718.7910802330789        1.4001402864396028E-009   8.3504729471680046E-009  0.16767197442564605              313
   6667.9817170818505        1.5487277014826431E-009   8.5817737427433200E-009  0.18046708616528545              341
   6617.9350551876378        1.5814614372250965E-009   8.8174428780912060E-009  0.17935601728190045              343
   6568.6340490797547        1.6848523756730913E-009   9.0575208713523418E-009  0.18601694653578346              360
   6520.0621574597653        1.6292965438691210E-009   9.3020480621061910E-009  0.17515460390990625              343
   6472.2033246977544        1.7932800774124734E-009   9.5510646069568385E-009  0.18775708794873794              372
   6425.0419631375908        1.7854611950227382E-009   9.8046104751752335E-009  0.18210424570598022              365
   6378.5629361702131        1.7123119725985004E-009   1.0062725444397699E-008  0.17016383703003737              345
   6332.7515420363325        2.0644693819947822E-009   1.0325449096380356E-008  0.19993991183574703              410
   6287.5934983221478        1.9358860298617346E-009   1.0592820812809281E-008  0.18275453385568274              379
   6243.0749271137029        1.8237069672686197E-009   1.0864879771166234E-008  0.16785339605031482              352
   6199.1823407775018        2.0230256826481484E-009   1.1141664940649611E-008  0.18157301385605987              385
   6155.9026283367557        2.2061058482347547E-009   1.1423215078150500E-008  0.19312477556817031              414
   6113.2230424143554        2.3180686715776457E-009   1.1709568724283578E-008  0.19796362497709935              429
   6071.1311867152690        2.3229299322442261E-009   1.2000764199472573E-008  0.19356516748711031              424
   6029.6150040225266        2.3217026873675669E-009   1.2296839600090074E-008  0.18880482814060293              418
   5988.6627646823808        2.3085199371983251E-009   1.2597832794651593E-008  0.18324738665990287              410
   5948.2630555555552        2.4712521013203543E-009   1.2903781420063374E-008  0.19151379125795959              433
   5908.4047694126921        2.6088286187029874E-009   1.3214722877923994E-008  0.19741833731989913              451
   5869.0770947533283        2.3918284239185783E-009   1.3530694330879351E-008  0.17677056072872907              408
   5830.2695060287824        2.5960536535949632E-009   1.3851732699030848E-008  0.18741725024599984              437
   5791.9717542503868        2.6846735026315319E-009   1.4177874656396528E-008  0.18935655503346599              446
   5754.1738579654511        2.8115412152530822E-009   1.4509156627425006E-008  0.19377702560180143              461
   5716.8660945842867        2.7000691412113114E-009   1.4845614783561793E-008  0.18187654607615414              437
   5680.0389920424404        2.7727491469487277E-009   1.5187285039867906E-008  0.18257042912344287              443
   5643.6833207831323        2.9290459892471946E-009   1.5534203051690534E-008  0.18855463518152202              462
   5607.7900860456411        3.0116107168755374E-009   1.5886404211385401E-008  0.18957157811187941              469
   5572.3505204460971        3.1345822638567969E-009   1.6243923645090669E-008  0.19296952708861989              482
   5537.3560768378275        2.8516254471227410E-009   1.6606796209552208E-008  0.17171436387486286              433
   5502.7984214390599        3.1142907851677321E-009   1.6975056488999727E-008  0.18346276415550503              467
   5468.6694272163440        3.2005490432256528E-009   1.7348738792073967E-008  0.18448309595207416              474
   5434.9611675126907        3.2540449671305163E-009   1.7727877148804120E-008  0.18355525254472030              476
   5401.6659099099097        3.5780350594857878E-009   1.8112505307635937E-008  0.19754501095866328              517
   5368.7761103151861        3.4468628587236303E-009   1.8502656732509507E-008  0.18629015868123572              492
   5336.2844072623711        3.5740620535353842E-009   1.8898364599987187E-008  0.18912017675528428              504
   5304.1836164189672        3.4882584743468078E-009   1.9299661796430870E-008  0.18074194828594869              486
   5272.4667252901863        3.4577114318018628E-009   1.9706580915228732E-008  0.17545973330816780              476
   5241.1268881118885        3.7564796465868101E-009   2.0119154254070910E-008  0.18671160820921306              511
   5210.1574209245746        3.6673699047365134E-009   2.0537413812274179E-008  0.17857019088473111              493
   5179.5517968210088        3.9366501079091132E-009   2.0961391288155047E-008  0.18780480998575949              523
   5149.3036413603577        4.2343551027921746E-009   2.1391118076451189E-008  0.19794921834654558              556
   5119.4067281420766        3.8139537072778812E-009   2.1826625265791190E-008  0.17473858926123043              495
   5089.8549745331065        3.9986743517877362E-009   2.2267943636211704E-008  0.17957088526509329              513
   5060.6424375422012        4.4155642559430112E-009   2.2715103656722539E-008  0.19438891068569805              560
   5031.7633098355154        4.3068806792692840E-009   2.3168135482918963E-008  0.18589673227889197              540
   5003.2119158878504        4.1545015064661243E-009   2.3627068954640985E-008  0.17583651676989201              515
   4974.9827082641887        4.5852461259278506E-009   2.4091933593679487E-008  0.19032287749335275              562
   4947.0702640264026        4.2823354941432884E-009   2.4562758601529079E-008  0.17434261206624832              519
   4919.4692812602561        4.6893138197311029E-009   2.5039572857186960E-008  0.18727611075782216              562
   4892.1745757180161        4.9189697337508735E-009   2.5522404914998168E-008  0.19273143538523890              583
   4865.1810775722170        4.9225176667161602E-009   2.6011283002546351E-008  0.18924547728900087              577
   4838.4838282763076        4.7095947994844749E-009   2.6506235018590187E-008  0.17767875355294305              546
   4812.0779775280898        4.7527030241097201E-009   2.7007288531045173E-008  0.17597853330023991              545
   4785.9587803320564        4.7077439886474442E-009   2.7514470775010273E-008  0.17110065562021287              534
   4760.1215941568753        5.3115301950340202E-009   2.8027808650839533E-008  0.18950929276002892              596
   4734.5618761844598        5.0627468289057917E-009   2.8547328722257986E-008  0.17734572919806793              562
   4709.2751806471879        5.1081567092655185E-009   2.9073057214521980E-008  0.17570070706956806              561
   4684.2571562499998        5.5125793348926076E-009   2.9605020012623487E-008  0.18620420903421317              599
   4659.5035436742310        5.8782394594542831E-009   3.0143242659538100E-008  0.19501018937636613              632
   4635.0101731601735        5.5457478112328459E-009   3.0687750354516643E-008  0.18071535864200677              590
   4610.7729621654871        5.8416714624278550E-009   3.1238567951419683E-008  0.18700189687031962              615
   4586.7879130966949        5.8645322603955250E-009   3.1795719957095358E-008  0.18444407826930895              611
   4563.0511111111109        6.1681643529417931E-009   3.2359230529799851E-008  0.19061529745775277              636
   4539.5587219866748        5.7226219806185350E-009   3.2929123477660109E-008  0.17378604032691292              584
   4516.3069900572464        6.1381043596364824E-009   3.3505422257178873E-008  0.18319734377683694              620
   4493.2922362110312        6.6212219644503678E-009   3.4088149971781794E-008  0.19423823146552166              662
   4470.5108559498958        6.0422176410748415E-009   3.4677329370405823E-008  0.17424114690421821              598
   4447.9593175074187        6.2057096865629956E-009   3.5272982846129370E-008  0.17593379368096085              608
   4425.6341600236201        6.5365370153144348E-009   3.5875132434843492E-008  0.18220244976617467              634
   4403.5319917743827        6.9043167116036559E-009   3.6483799813963864E-008  0.18924335586780319              663
   4381.6494884536687        6.6368741313394462E-009   3.7099006301183438E-008  0.17889627763770410              631
   4359.9833915066902        6.9791926728251087E-009   3.7720772853265552E-008  0.18502252591627130              657
   4338.5305065123011        7.1449370410929409E-009   3.8349120064876980E-008  0.18631293310004299              666
   4317.2877016129032        7.5079391015202593E-009   3.8984068167460864E-008  0.19258993364337920              693
   4296.2519059902552        7.8004479347867887E-009   3.9625637028149314E-008  0.19685356551480790              713
   4275.4201083856242        7.4679017077376157E-009   4.0273846148715207E-008  0.18542807359797825              676
   4254.7893556627878        7.2058609611011713E-009   4.0928714664562982E-008  0.17605881396857476              646
   4234.3567514124297        7.5008214378507457E-009   4.1590261343758532E-008  0.18035042809309967              666
   4214.1194545965700        7.9482767401632418E-009   4.2258504586097171E-008  0.18808703284730485              699
   4194.0746782316728        8.4491882102669845E-009   4.2933462422210071E-008  0.19679727032441957              736
   4174.2196881091622        8.1009520149476157E-009   4.3615152512708910E-008  0.18573710163198673              699
   4154.5518015521066        8.8535345572616523E-009   4.4303592147367970E-008  0.19983784899003121              757
   4135.0683862068963        1.1058025853989217E-008   4.4998798244343594E-008  0.24574047053310419              939
   4115.7668588687538        1.5275802774449311E-008   4.5700787349431294E-008  0.33425688397115561             1285
   4096.6446843399835        4.0206020289581760E-009   4.6409575635359530E-008   8.6633027212920100E-002         335
   4077.6993743199127        2.3552914457768109E-009   4.7125178901120041E-008   4.9979469589256705E-002         194
   4058.9284863254807        8.9599186369716127E-009   4.7847612571334828E-008  0.18725947138142976              731
   4040.3296226415096        8.9683778933250836E-009   4.8576891695659273E-008  0.18462230867946783              725
   4021.9004292997047        9.7623328784972003E-009   4.9313030948221061E-008  0.19796659606560588              782
   4003.6385950854701        9.6626248349364957E-009   5.0056044627094717E-008  0.19303612394708144              767
   3985.5418505716566        9.4581822039551124E-009   5.0805946653811664E-008  0.18616289680423703              744
   3967.6079671784014        9.9543682318016726E-009   5.1562750572905209E-008  0.19305347603066808              776
   3949.8347562582344        8.7498041083169480E-009   5.2326469551490488E-008  0.16721564025463123              676
   3932.2200682056664        9.8339689752924267E-009   5.3097116378878915E-008  0.18520721361064729              753
   3914.7617915904934        9.7769346350487124E-009   5.3874703466227063E-008  0.18147542364066413              742
   3897.4578523140926        1.0435572754741358E-008   5.4659242846219423E-008  0.19092055087739196              785
   3880.3062127879884        1.0125685671859669E-008   5.5450746172785228E-008  0.18260684248157644              755
   3863.3048711340207        1.0445009160754265E-008   5.6249224720848386E-008  0.18569161108602614              772
   3846.4518604054401        1.0195522492655262E-008   5.7054689386111274E-008  0.17869736216874649              747
   3829.7452478283085        1.1000603098963220E-008   5.7867150684870911E-008  0.19010099804065997              799
   3813.1831340625795        1.1082482461426003E-008   5.8686618753868341E-008  0.18884172741159158              798
   3796.7636524822697        1.1206560722230808E-008   5.9513103350170330E-008  0.18830408920691469              800
   3780.4849684741489        1.0950051443486994E-008   6.0346613851083197E-008  0.18145262417719640              775
   3764.3452787543947        1.1143903383183191E-008   6.1187159254098845E-008  0.18212813797915739              782
   3748.3428107026757        1.1397354831178975E-008   6.2034748176872217E-008  0.18372533404476904              793
   3732.4758217131475        1.1581431992127633E-008   6.2889388857230462E-008  0.18415558176943714              799
   3716.7425985618647        1.1606600069168309E-008   6.3751089153213137E-008  0.18206120433917827              794
   3701.1414567901234        1.1056034456097413E-008   6.4619856543143227E-008  0.17109345404869306              750
   3685.6707401032704        1.0762545108335349E-008   6.5495698125729146E-008  0.16432445819074981              724
   3670.3288197845250        1.2291740781105809E-008   6.6378620620196875E-008  0.18517620080471855              820
   3655.1140941233843        1.2681469253795410E-008   6.7268630366452181E-008  0.18851980759399908              839
   3640.0249878581835        1.1674264476649053E-008   6.8165733325273120E-008  0.17126294851024076              766
   3625.0599516324064        1.2431617039933170E-008   6.9069935078531758E-008  0.17998593781503569              809
   3610.2174614643545        1.2921377480973377E-008   6.9981240829445374E-008  0.18464058836088207              834
   3595.4960182297914        1.2746237978060990E-008   7.0899655402856849E-008  0.17977856035598433              816
   3580.8941471571907        1.4204732487764526E-008   7.1825183245544090E-008  0.19776813432140827              902
   3566.4103973352367        1.3764674667956355E-008   7.2757828426557368E-008  0.18918479242203584              867
   3552.0433412322277        1.2915954616221339E-008   7.3697594637585984E-008  0.17525612171925847              807
   3537.7915742270475        1.4924051341665848E-008   7.4644485193352147E-008  0.19993508298714863              925
   3523.6537141513868        1.3938109328670534E-008   7.5598503032033050E-008  0.18437017625553503              857
   3509.6284008428938        1.4394007758771160E-008   7.6559650715710752E-008  0.18801036347749919              878
   3495.7142957089554        1.4393147699835632E-008   7.7527930430848816E-008  0.18565112753362645              871
   3481.9100813008131        1.4207688162843787E-008   7.8503343988796549E-008  0.18098194855077013              853
   3468.2144608977324        1.5008424940109603E-008   7.9485892826319610E-008  0.18881872501455968              894
   3454.6261581009448        1.4686797236803118E-008   8.0475578006157602E-008  0.18250005281949458              868
   3441.1439164370981        1.4682735228960882E-008   8.1472400217607487E-008  0.18021729063761777              861
   3427.7664989709583        1.5485021737929121E-008   8.2476359777133521E-008  0.18775103289927603              901
   3414.4926879271070        1.6315786621645398E-008   8.3487456629002761E-008  0.19542799937179361              942
   3401.3212843203992        1.5761658913459927E-008   8.4505690345945795E-008  0.18651594761175869              903
   3388.2511075949369        1.5619649206551083E-008   8.5531060129843460E-008  0.18261961424117881              888
   3375.2809952713351        1.6378027321367614E-008   8.6563564812438084E-008  0.18920232036255397              924
   3362.4098026020638        1.5699906899560340E-008   8.7603202856069596E-008  0.17921612895084429              879
   3349.6364022346370        1.7403661474752550E-008   8.8649972354436312E-008  0.19631885958373474              967
   3336.9596838824577        1.6194182444652862E-008   8.9703871033379837E-008  0.18052936019479940              893
   3324.3785540031049        1.6134267305920299E-008   9.0764896251694264E-008  0.17775889107149317              883
   3311.8919354838708        1.7894659451100326E-008   9.1833045001958807E-008  0.19486078732027923              972
   3299.4987673343608        1.7120452866003649E-008   9.2908313911394320E-008  0.18427256017509094              923
   3287.1980043859649        1.7061944956727039E-008   9.3990699242742892E-008  0.18152801387999470              913
   3274.9886169980336        1.6906987641836555E-008   9.5080196895170503E-008  0.17781818079822811              898
   3262.8695907705701        1.7905318460960663E-008   9.6176802405192793E-008  0.18617086462830787              944
   3250.8399262632834        1.7388403538315272E-008   9.7280510947622774E-008  0.17874498570096367              910
   3238.8986387208297        1.8017337880774740E-008   9.8391317336541525E-008  0.18311918539669034              936
   3227.0447578040903        1.8091774005612981E-008   9.9509216026290391E-008  0.18181003456838735              933
   3215.2773273273274        1.9767562680300283E-008   1.0063420111248551E-007  0.19642986640500845             1012
   3203.5954050010687        1.8908520630766027E-008   1.0176626633305354E-007  0.18580342300152330              961
   3191.9980621805794        1.8312861944202875E-008   1.0290540506928888E-007  0.17795821251441896              924
   3180.4843836197751        2.0082646045228001E-008   1.0405161034693179E-007  0.19300658565752016             1006
   3169.0534672304439        1.9684892478900900E-008   1.0520487483726796E-007  0.18711007935088281              979
   3157.7044238466401        2.0454454929625368E-008   1.0636519085824774E-007  0.19230403071325183             1010
   3146.4363769941224        1.8133153597822047E-008   1.0753255037562680E-007  0.16862943856981269              889
   3135.2484626647147        1.9331038443474051E-008   1.0870694500412593E-007  0.17782707850671683              941
   3124.1398290954567        2.0441158490416173E-008   1.0988836600861147E-007  0.18601749423423303              988
   3113.1096365524404        2.1482228013330125E-008   1.1107680430529525E-007  0.19339976647407045             1031
   3102.1570571192051        2.1718122314591840E-008   1.1227225046295352E-007  0.19344158707995410             1035
   3091.2812744895855        2.2589683551362366E-008   1.1347469470416531E-007  0.19907243293542140             1069
   3080.4814837648992        2.1343872399785566E-008   1.1468412690657042E-007  0.18611008319550407             1003
   3069.7568912553756        2.1086117424388999E-008   1.1590053660414488E-007  0.18193287142757636              984
   3059.1067142857141        2.2204224439146882E-008   1.1712391298849570E-007  0.18957891580456207             1029
   3048.5301810046776        2.1663251843459842E-008   1.1835424491017391E-007  0.18303738796949257              997
   3038.0265301986219        2.2404039032865877E-008   1.1959152088000498E-007  0.18733802252875023             1024
   3027.5950111088669        2.3439889192611866E-008   1.2083572907043776E-007  0.19398144384057342             1064
   3017.2348832528182        2.2713873600398364E-008   1.2208685731691059E-007  0.18604683665038696             1024
   3006.9454162487464        2.2467584291404304E-008   1.2334489311923453E-007  0.18215252957157646             1006
   2996.7258896441422        2.4105171952277110E-008   1.2460982364299430E-007  0.19344519755792408             1072
   2986.5755927475593        2.3273172029019820E-008   1.2588163572096521E-007  0.18488139191810440             1028
   2976.4938244638602        2.4730292596339843E-008   1.2716031585454773E-007  0.19448121397109125             1085
   2966.4798931327923        2.2556940189348838E-008   1.2844585021521762E-007  0.17561439432689749              983
   2956.5331163708088        2.4880533911903948E-008   1.2973822464599255E-007  0.19177489116868748             1077
   2946.6528209160606        2.6629133543229436E-008   1.3103742466291492E-007  0.20321777241678182             1145
   2936.8383424764888        2.4419328292279234E-008   1.3234343545655002E-007  0.18451484358131537             1043
   2927.0890255809413        2.4770817599269456E-008   1.3365624189349955E-007  0.18533229161872911             1051
   2917.4042234332424        2.4389864536425802E-008   1.3497582851793141E-007  0.18069801685407422             1028
   2907.7832977691560        2.5363543595711536E-008   1.3630217955312322E-007  0.18608318428118897             1062
   2898.2256187161638        2.5603227422294030E-008   1.3763527890302135E-007  0.18602227296923066             1065
   2888.7305646560030        2.5118446066006035E-008   1.3897511015381495E-007  0.18074060915084311             1038
   2879.2975220898961        2.5137153578661375E-008   1.4032165657552347E-007  0.17913951553965682             1032
   2869.9258855064140        2.6821647302710402E-008   1.4167490112359893E-007  0.18931827084397163             1094
   2860.6150572519082        2.5861393968192469E-008   1.4303482644054219E-007  0.18080487537028425             1048
   2851.3644474034622        2.6476540139832337E-008   1.4440141485753257E-007  0.18335374460114726             1066
   2842.1734736442927        2.7098022984461991E-008   1.4577464839607161E-007  0.18588981885818931             1084
   2833.0415611415610        2.6669167682719612E-008   1.4715450876963919E-007  0.18123241962275488             1060
   2823.9681424265259        2.7828358817713313E-008   1.4854097738536354E-007  0.18734465941689282             1099
   2814.9526572769955        2.7140441345790122E-008   1.4993403534570405E-007  0.18101587997156349             1065
   2805.9945526020219        2.8775885581806449E-008   1.5133366345014657E-007  0.19014860888031043             1122
   2797.0932823287926        2.7875286727159797E-008   1.5273984219691085E-007  0.18250173842148681             1080
   2788.2483072916666        2.8442038041246451E-008   1.5415255178467078E-007  0.18450578801300635             1095
   2779.4590951233081        2.8805174385955143E-008   1.5557177211428624E-007  0.18515681858270705             1102
   2770.7251201478743        2.8355764758260725E-008   1.5699748279054730E-007  0.18061286241188068             1078
   2762.0458632762115        2.7872510518992850E-008   1.5842966312392946E-007  0.17592987303892677             1053
   2753.4208119030127        2.9911904323686414E-008   1.5986829213236021E-007  0.18710342072661518             1123
   2744.8494598058965        3.0554647523877114E-008   1.6131334854299788E-007  0.18941177404009321             1140
   2736.3313070463673        2.8749436330841522E-008   1.6276481079401979E-007  0.17663176819726820             1066
   2727.8658598726115        3.0257868742368722E-008   1.6422265703642266E-007  0.18424905118699841             1115
   2719.4526306240928        3.0773040438160581E-008   1.6568686513583317E-007  0.18573011453220670             1127
   2711.0911376379090        3.0496095035015956E-008   1.6715741267432807E-007  0.18243938182048403             1110
   2702.7809051568697        3.2259576388220322E-008   1.6863427695226593E-007  0.19129904650020710             1167
   2694.5214632392594        3.2123893527613811E-008   1.7011743499012789E-007  0.18883363442129256             1155
   2686.3123476702508        2.9913978471924260E-008   1.7160686353036800E-007  0.17431691166962329             1069
   2678.1530998749331        3.2461455953269677E-008   1.7310253903927415E-007  0.18752732417116483             1153
   2670.0432668329177        3.2120769792273004E-008   1.7460443770883745E-007  0.18396307799367714             1134
   2661.9824009944946        3.2486578951033257E-008   1.7611253545863109E-007  0.18446488699076374             1140
   2653.9700601983004        3.2969722374493271E-008   1.7762680793769850E-007  0.18561231132440997             1150
   2646.0058075904676        3.2533965495547921E-008   1.7914723052645001E-007  0.18160462430785096             1128
   2638.0892115452307        3.3193768202627140E-008   1.8067377833856752E-007  0.18372211235005448             1144
   2630.2198455869452        3.2020787995390101E-008   1.8220642622291921E-007  0.17573907056502214             1097
   2622.3972883135061        3.4443757746370234E-008   1.8374514876548068E-007  0.18745397077302875             1173
   2614.6211233211234        3.5476026010235369E-008   1.8528992029126513E-007  0.19146225522936752             1201
   2606.8909391304346        3.4765591657329642E-008   1.8684071486626144E-007  0.18607074845659030             1170
   2599.2063291139239        3.4463333587153689E-008   1.8839750629937879E-007  0.18292882036553434             1153
   2591.5668914246198        3.6140080028642515E-008   1.8996026814440025E-007  0.19025073180655999             1202
   2583.9722289260471        3.5354794380992748E-008   1.9152897370194303E-007  0.18459240760101289             1169
   2576.4219491234103        3.3737046028288380E-008   1.9310359602142482E-007  0.17470956897428910             1109
   2568.9156640959727        3.5525648477548722E-008   1.9468410790303920E-007  0.18247842035078679             1161
   2561.4529904306219        3.6471620391685824E-008   1.9627048189973523E-007  0.18582325797884039             1185
   2554.0335491565857        3.5693209413335003E-008   1.9786269031920547E-007  0.18039383451095456             1153
   2546.6569656812776        3.6055967085465282E-008   1.9946070522588013E-007  0.18076726964658801             1158
   2539.3228697272575        3.6859556292883616E-008   2.0106449844292598E-007  0.18332205127374360             1177
   2532.0308952702703        3.8048577213009489E-008   2.0267404155425299E-007  0.18773285873822387             1208
   2524.7806804783559        3.7063636960429910E-008   2.0428930590652598E-007  0.18142720097834508             1170
   2517.5718676519987        3.6479696879060575E-008   2.0591026261118154E-007  0.17716308267716044             1145
   2510.4041031652991        3.7104858133028114E-008   2.0753688254645130E-007  0.17878681455438764             1158
   2503.2770374081497        3.9153260595237458E-008   2.0916913635939021E-007  0.18718469309910576             1215
   2496.1903247293922        3.7658257888942547E-008   2.1080699446790870E-007  0.17863855980677762             1162
   2489.1436233809368        3.8132513948060918E-008   2.1245042706281182E-007  0.17948899644615393             1170
   2482.1365954628250        3.8217008007457000E-008   2.1409940410984233E-007  0.17850123481824362             1166
   2475.1689068692208        4.0179406028456584E-008   2.1575389535172723E-007  0.18622795181961901             1219
   2468.2402272353038        4.1532273657141497E-008   2.1741387031023010E-007  0.19102862939645326             1253
   2461.3502298850576        4.0798488790503698E-008   2.1907929828820769E-007  0.18622703792318904             1224
   2454.4985917799245        4.2467874822001317E-008   2.2075014837166979E-007  0.19237982459019481             1267
   2447.6849934683214        4.1491247299026579E-008   2.2242638943184304E-007  0.18653922947277138             1231
   2440.9091190359877        4.1484674444021387E-008   2.2410799012724010E-007  0.18511019808114806             1224
   2434.1706560571615        4.1987319576719657E-008   2.2579491890572977E-007  0.18595334111238138             1232
   2427.4692955465589        3.9032441872904669E-008   2.2748714400661241E-007  0.17158086907878234             1139
   2420.8047319121447        4.3244780278857312E-008   2.2918463346269904E-007  0.18868970238310334             1255
   2414.1766629086810        4.2096663059403841E-008   2.3088735510239102E-007  0.18232554589546640             1215
   2407.5847895920333        4.1909447329615521E-008   2.3259527655176567E-007  0.18018185042673593             1203
   2401.0288162742272        4.3504716147962303E-008   2.3430836523666244E-007  0.18567291058524735             1242
   2394.5084504792330        4.4375911344669407E-008   2.3602658838477357E-007  0.18801234067886974             1260
   2388.0234028994741        4.5396289421864370E-008   2.3774991302773442E-007  0.19094135027746034             1282
   2381.5733873530348        4.4894861635457112E-008   2.3947830600322007E-007  0.18746943046629638             1261
   2375.1581207415625        4.5853613267173714E-008   2.4121173395704015E-007  0.19009694310866423             1281
   2368.7773230088496        4.2322209864167236E-008   2.4295016334523840E-007  0.17420119946174431             1176
   2362.4307171000787        4.4576096444229280E-008   2.4469356043619301E-007  0.18217110562602268             1232
   2356.1180289217227        4.4815279677747372E-008   2.4644189131271779E-007  0.18184927667544909             1232
   2349.8389873020851        4.6993350012734209E-008   2.4819512187416706E-007  0.18934034503933345             1285
   2343.5933239524702        4.4302887283542919E-008   2.4995321783854034E-007  0.17724471669798941             1205
   2337.3807734289726        4.6091092993104098E-008   2.5171614474458762E-007  0.18310741664930552             1247
   2331.2010730948678        4.5815570217315223E-008   2.5348386795391857E-007  0.18074353443921781             1233
   2325.0539630836047        4.6282277343052244E-008   2.5525635265310960E-007  0.18131684818810101             1239
   2318.9391862623761        4.7840994301925188E-008   2.5703356385581321E-007  0.18612742080937844             1274
   2312.8564881962661        4.8432710308302994E-008   2.5881546640486751E-007  0.18713221037779573             1283
   2306.8056171129579        4.6865628469359423E-008   2.6060202497440836E-007  0.17983601038388602             1235
   2300.7863238679970        4.6271940694195897E-008   2.6239320407197698E-007  0.17634580460210036             1213
   2294.7983619105939        4.6437044266996764E-008   2.6418896804063408E-007  0.17577207939982728             1211
   2288.8414872499620        4.9916924888139898E-008   2.6598928106106790E-007  0.18766517466047655             1295
   2282.9154584221747        5.0253904089020685E-008   2.6779410715370844E-007  0.18765873761432680             1297
   2277.0200364575421        4.8138688558811092E-008   2.6960341018083509E-007  0.17855370793167014             1236
   2271.1549848484847        4.8583380044612558E-008   2.7141715384868903E-007  0.17899892971281048             1241
   2265.3200695179085        4.9857093597995230E-008   2.7323530170958341E-007  0.18246944405078150             1267
   2259.5150587880617        5.0390473126485238E-008   2.7505781716401162E-007  0.18319956744380902             1274
   2253.7397233498723        5.2835637309368716E-008   2.7688466346275681E-007  0.19082182685237650             1329
   2247.9938362327534        5.0948269892748087E-008   2.7871580370899968E-007  0.18279648737084864             1275
   2242.2771727748691        5.2051817498998438E-008   2.8055120086042519E-007  0.18553411049163296             1296
   2236.5895105938525        5.2115050501825950E-008   2.8239081773132827E-007  0.18454938060843448             1291
   2230.9306295579700        5.2582636440247100E-008   2.8423461699471940E-007  0.18499729904898951             1296
   2225.3003117577196        5.4153970706738278E-008   2.8608256118442592E-007  0.18929490313052458             1328
   2219.6983414778615        5.3771903202811265E-008   2.8793461269719511E-007  0.18675039690125828             1312
   2214.1245051698670        5.4825609257126561E-008   2.8979073379479406E-007  0.18919034621703792             1331
   2208.5785914247826        5.1955017792737473E-008   2.9165088660610801E-007  0.17814112755606273             1255
   2203.0603909465021        5.4795192695447882E-008   2.9351503312923545E-007  0.18668615406598751             1317
   2197.5696965254360        5.4734835765599620E-008   2.9538313523358498E-007  0.18530115377885759             1309
   2192.1063030125770        5.4125525964174138E-008   2.9725515466196546E-007  0.18208439825282410             1288
   2186.6700072939461        5.4437216333177950E-008   2.9913105303267738E-007  0.18198450405358341             1289
   2181.2606082654247        5.4665111511333289E-008   3.0101079184160048E-007  0.18160515500753030             1288
   2175.8779068079548        5.7324425624782114E-008   3.0289433246427774E-007  0.18925552405818868             1344
   2170.5217057631044        5.5593139147333832E-008   3.0478163615799987E-007  0.18240317838084624             1297
   2165.1918099089989        5.6125620140562769E-008   3.0667266406388419E-007  0.18301474737530249             1303
   2159.8880259365992        5.7656893517835942E-008   3.0856737720895194E-007  0.18685349708499011             1332
   2154.6101624263333        5.4938327120390189E-008   3.1046573650820303E-007  0.17695455781459035             1263
   2149.3580298250645        5.8616615335870627E-008   3.1236770276668638E-007  0.18765261202324920             1341
   2144.1314404234017        5.9649450589895686E-008   3.1427323668156840E-007  0.18980124181027352             1358
   2138.9302083333332        5.9542656891747322E-008   3.1618229884419765E-007  0.18831748997146622             1349
   2133.7541494661923        5.6106251786321672E-008   3.1809484974216622E-007  0.17638214460812224             1265
   2128.6030815109343        5.9453297162527135E-008   3.2001084976136809E-007  0.18578525449015690             1334
   2123.4768239127357        6.0636357084086416E-008   3.2193025918805239E-007  0.18835246253961571             1354
   2118.3751978518935        5.8183822147755927E-008   3.2385303821087445E-007  0.17966118974579443             1293
   2113.2980262230367        6.0679292611914426E-008   3.2577914692294306E-007  0.18625898307194896             1342
   2108.2451336146273        6.3832756551048270E-008   3.2770854532386265E-007  0.19478514509887021             1405
   2103.2163462887611        6.3042767495245612E-008   3.2964119332177264E-007  0.19124663049532065             1381
   2098.2114921612542        6.0866998801613655E-008   3.3157705073538215E-007  0.18356818925381260             1327
   2093.2304007820135        6.2631797783829565E-008   3.3351607729600016E-007  0.18779243954780320             1359
   2088.2729033156870        6.1540350103901673E-008   3.3545823264956146E-007  0.18345160176226821             1329
   2083.3388325225851        6.3832783333130508E-008   3.3740347635864974E-007  0.18918827992536205             1372
   2078.4280227398781        6.1143071811685375E-008   3.3935176790451359E-007  0.18017608156056444             1308
   2073.5403098630518        6.2887611478875151E-008   3.4130306668907964E-007  0.18425738769046726             1339
   2068.6755313276290        5.9361569386768211E-008   3.4325733203696084E-007  0.17293605655705657             1258
   2063.8335260911467        6.4239101396811794E-008   3.4521452319745831E-007  0.18608458532339281             1355
   2059.0141346153846        6.4635435594569430E-008   3.4717459934656222E-007  0.18617558921713626             1357
   2054.2171988488421        6.4841949169824699E-008   3.4913751958894202E-007  0.18572036957290222             1355
   2049.4425622094614        6.4038656274689865E-008   3.5110324295993706E-007  0.18239266528790521             1332
   2044.6900695675897        6.6848336249372024E-008   3.5307172842753760E-007  0.18933358540796219             1384
   2039.9595672291780        6.5217723873946701E-008   3.5504293489436519E-007  0.18368968218829851             1344
   2035.2509029192124        6.6104841092184847E-008   3.5701682119964197E-007  0.18515889775182151             1356
   2030.5639257653752        6.3373899637344991E-008   3.5899334612116110E-007  0.17653224028268244             1294
   2025.8984862819300        6.9717848870378903E-008   3.6097246837724416E-007  0.19313896481855330             1417
   2021.2544363538295        6.7122370535452661E-008   3.6295414662870127E-007  0.18493347206229394             1358
   2016.6316292210413        6.8175271560821418E-008   3.6493833948077854E-007  0.18681312480847806             1373
   2012.0299194630873        6.7988658958130640E-008   3.6692500548510318E-007  0.18529306518165581             1363
   2007.4491629837953        7.0103240061256959E-008   3.6891410314162247E-007  0.19002591515007769             1399
   2002.8892169962587        6.7805235246733441E-008   3.7090559090053549E-007  0.18280995733201699             1347
   1998.3499400079988        6.8518161262563055E-008   3.7289942716422105E-007  0.18374434571707821             1355
   1993.8311918063314        6.9692625820867918E-008   3.7489557028915680E-007  0.18589877113542319             1372
   1989.3328334439284        6.7354794927683524E-008   3.7689397858783421E-007  0.17871019107296948             1320
   1984.8547272245762        6.6633923911021692E-008   3.7889461033066734E-007  0.17586400570034291             1300
   1980.3967366891268        7.1516677494204375E-008   3.8089742374789272E-007  0.18775836494378503             1389
   1975.9587266016347        7.0907341884917482E-008   3.8290237703146692E-007  0.18518386444775273             1371
   1971.5405629356833        6.8420119697216120E-008   3.8490942833695380E-007  0.17775641400324552             1317
   1967.1421128608924        7.2222764236222390E-008   3.8691853578540734E-007  0.18666142238344086             1384
   1962.7632447296060        6.9662432593893866E-008   3.8892965746524725E-007  0.17911319246750562             1329
   1958.4038280637576        7.5869805425289391E-008   3.9094275143412821E-007  0.19406883782080572             1441
   1954.0637335419110        7.2769681329837558E-008   3.9295777572080240E-007  0.18518447992626216             1376
   1949.7428329864724        7.3730009375579960E-008   3.9497468832697331E-007  0.18667021344553547             1388
   1945.4409993510708        7.2135666927885151E-008   3.9699344722914631E-007  0.18170493097899457             1352
   1941.1581067081067        7.3740504098037075E-008   3.9901401038046831E-007  0.18480680422154586             1376
   1936.8940302364647        7.2935180522523033E-008   4.0103633571256397E-007  0.18186676375079910             1355
   1932.6486462093862        7.4175039433633644E-008   4.0306038113736118E-007  0.18402959681704642             1372
   1928.4218319825036        7.2002725034539457E-008   4.0508610454891302E-007  0.17774671662637920             1326
   1924.2134659820283        7.2536171576652136E-008   4.0711346382520958E-007  0.17817188086856020             1330
   1920.0234276930960        7.4989400308213008E-008   4.0914241682998360E-007  0.18328434604563221             1369
   1915.8515976482618        8.0652851681197425E-008   4.1117292141450966E-007  0.19615312069612206             1466
   1911.6978574161460        7.5699245095820546E-008   4.1320493541939442E-007  0.18320024425407064             1370
   1907.5620895902266        7.6305320496184836E-008   4.1523841667635944E-007  0.18376267086977621             1375
   1903.4441777777777        7.2399963905867695E-008   4.1727332301001830E-007  0.17350729105711232             1299
   1899.3440065889508        7.8870250457550639E-008   4.1930961223964429E-007  0.18809549830323141             1409
   1895.2614616259957        7.9210402091326624E-008   4.2134724218093005E-007  0.18799316611478617             1409
   1891.1964294726217        8.0115879587132731E-008   4.2338617064774284E-007  0.18922649141931733             1419
   1887.1487976834949        7.8758864213791096E-008   4.2542635545386734E-007  0.18512925493242413             1389
   1883.1184547738694        7.9153297004145908E-008   4.2746775441474307E-007  0.18516787801343446             1390
   1879.1052902093518        7.8462360435735057E-008   4.2951032534919584E-007  0.18267863612346091             1372
   1875.1091943957967        8.0060654340588924E-008   4.3155402608115752E-007  0.18551710678637676             1394
   1871.1300586693296        8.1035974928511717E-008   4.3359881444137945E-007  0.18689159709284078             1405
   1867.1677752864973        7.9353003333544694E-008   4.3564464826913919E-007  0.18215075899318930             1370
   1863.2222374145431        8.2190634359055844E-008   4.3769148541393683E-007  0.18778211845114123             1413
   1859.2933391218060        7.9384025536960777E-008   4.3973928373718451E-007  0.18052520771468214             1359
   1855.3809753682388        8.0305767681608968E-008   4.4178800111388717E-007  0.18177444267189863             1369
   1851.4850419960474        8.5474483493987120E-008   4.4383759543431741E-007  0.19258053930818106             1451
   1847.6054357204487        8.4236636004422245E-008   4.4588802460567738E-007  0.18891881224869675             1424
   1843.7420541205413        8.1857482220651148E-008   4.4793924655375620E-007  0.18274237600394680             1378
   1839.8947956302934        8.6912663238071091E-008   4.4999121922457876E-007  0.19314302040790549             1457
   1836.0635595296424        8.1225754713731319E-008   4.5204390058604291E-007  0.17968554516149401             1356
   1832.2482459357047        8.4030561418050135E-008   4.5409724862955390E-007  0.18504970393819997             1397
   1828.4487557940961        8.4017747042838652E-008   4.5615122137164338E-007  0.18418836365317165             1391
   1824.6649908703591        8.8672832577897177E-008   4.5820577685558560E-007  0.19352185646023515             1462
   1820.8968537414967        8.3010810268955513E-008   4.6026087315300317E-007  0.18035600050096040             1363
   1817.1442477876105        8.3231707848054849E-008   4.6231646836546282E-007  0.18003189058422181             1361
   1813.4070771836439        8.3820747012284031E-008   4.6437252062606186E-007  0.18050324532398651             1365
   1809.6852468912230        8.3980896024811153E-008   4.6642898810101282E-007  0.18005076478356383             1362
   1805.9786626506025        8.5873807559813981E-008   4.6848582899120943E-007  0.18330075798605489             1387
   1802.2872309727065        8.6039438359471341E-008   4.7054300153378974E-007  0.18285138250705199             1384
   1798.6108591312695        8.7327852494389909E-008   4.7260046400369182E-007  0.18478156317194755             1399
   1794.9494551550713        8.8687309699805546E-008   4.7465817471519384E-007  0.18684458505959586             1415
   1791.3029278202678        8.5146973011072543E-008   4.7671609202345462E-007  0.17861149316285987             1353
   1787.6711866428145        9.0864259912851972E-008   4.7877417432603494E-007  0.18978521563064796             1438
   1784.0541418709831        8.9202853824715327E-008   4.8083238006441903E-007  0.18551756812377002             1406
   1780.4517044779666        8.9946400734232007E-008   4.8289066772552267E-007  0.18626659562068398             1412
   1776.8637861545756        8.6024766042019494E-008   4.8494899584319130E-007  0.17738930646190199             1345
   1773.2902993020230        9.1509182584065323E-008   4.8700732299969205E-007  0.18790104021520676             1425
   1769.7311570247934        9.0394687554588019E-008   4.8906560782719541E-007  0.18483141342976572             1402
   1766.1862731236008        8.7197508054091391E-008   4.9112380900924665E-007  0.17754689643329769             1347
   1762.6555620884290        9.3526648251637628E-008   4.9318188528223046E-007  0.18963926097592909             1439
   1759.1389390916559        9.0703491423575180E-008   4.9523979543682461E-007  0.18315065198581318             1390
   1755.6363199812602        9.0476137765639966E-008   4.9729749831944579E-007  0.18193563826762182             1381
   1752.1476212741088        9.4849132212972346E-008   4.9935495283368402E-007  0.18994330921268132             1442
   1748.6727601493233        8.7301931756360821E-008   5.0141211794173027E-007  0.17411212978802856             1322
   1745.2116544417279        8.8510449205459108E-008   5.0346895266579569E-007  0.17580120628453652             1335
   1741.7642226353707        9.3786806971033041E-008   5.0552541608951629E-007  0.18552342569938299             1409
   1738.3303838571262        9.7231691085945850E-008   5.0758146735935470E-007  0.19155878876308205             1455
   1734.9100578703703        9.5133130805069364E-008   5.0963706568598853E-007  0.18666839052810452             1418
   1731.5031650687306        9.8673500065487664E-008   5.1169217034569096E-007  0.19283761953759315             1465
   1728.1096264699102        9.4192869121134714E-008   5.1374674068170237E-007  0.18334494734924844             1393
   1724.7293637095847        9.4358792318218160E-008   5.1580073610559041E-007  0.18293652124393597             1390
   1721.3622990353697        9.3978645346617085E-008   5.1785411609860337E-007  0.18147706549989617             1379
   1718.0083553008596        9.5714262960377725E-008   5.1990684021301261E-007  0.18409887225404140             1399
   1714.6674559597345        9.3134238406313918E-008   5.2195886807344667E-007  0.17843214111884514             1356
   1711.3395250599383        9.5358477062366277E-008   5.2401015937821417E-007  0.18197829823665596             1383
   1708.0244872379217        9.8082415564429895E-008   5.2606067390061826E-007  0.18644696406817765             1417
   1704.7222677129535        9.9852510437366690E-008   5.2811037149026352E-007  0.18907507943007254             1437
   1701.4327922814982        9.8774114250241192E-008   5.3015921207434829E-007  0.18631028566639213             1416
   1698.1559873116573        9.8455424165677931E-008   5.3220715565895370E-007  0.18499455168688042             1406
   1694.8917797376753        9.9467678363794997E-008   5.3425416233031836E-007  0.18618044626912270             1415
   1691.6400970545085        9.7521773324166194E-008   5.3630019225610762E-007  0.18184176461677479             1382
   1688.4008673124576        9.6125409454206909E-008   5.3834520568666692E-007  0.17855719422930050             1357
   1685.1740191118606        9.7560516282400216E-008   5.4038916295627544E-007  0.18053751438811541             1372
   1681.9594815978455        1.0314454785778987E-007   5.4243202448437855E-007  0.19015202495803291             1445
   1678.7571844551462        1.0339512217140915E-007   5.4447375077682069E-007  0.18989918618462603             1443
   1675.5670579029734        1.0314187276276772E-007   5.4651430242706382E-007  0.18872675848503112             1434
   1672.3890326899475        1.0064625978917297E-007   5.4855364011739590E-007  0.18347569394969956             1394
   1669.2230400890869        1.0457962449592608E-007   5.5059172462013189E-007  0.18994042194891031             1443
   1666.0690118928533        1.0090204673538931E-007   5.5262851679880407E-007  0.18258566771016779             1387
   1662.9268804082537        1.0340140371375256E-007   5.5466397760934348E-007  0.18642170374831771             1416
   1659.7965784519986        1.0261900370693592E-007   5.5669806810125017E-007  0.18433511734097119             1400
   1656.6780393457118        9.9032631069825196E-008   5.5873074941875413E-007  0.17724571481495968             1346
   1653.5711969111969        1.0221150444109114E-007   5.6076198280197063E-007  0.18227252840923500             1384
   1650.4759854657564        1.0074199003207172E-007   5.6279172958803907E-007  0.17900403423805533             1359
   1647.3923398175623        1.0193796768521140E-007   5.6481995121225749E-007  0.18047869496540403             1370
   1644.3201952610793        1.0239391807974122E-007   5.6684660920920507E-007  0.18063778880602049             1371
   1641.2594875725392        1.1222168603688402E-007   5.6887166521385675E-007  0.19727065505133984             1497
   1638.2101530054645        1.0210572878740374E-007   5.7089508096268572E-007  0.17885200309525434             1357
   1635.1721282862441        1.1464478599371984E-007   5.7291681829475854E-007  0.20010720986503933             1518
   1632.1453506097562        1.0521587952641501E-007   5.7493683915281883E-007  0.18300424039874147             1388
   1629.1297576350396        1.0591009811496843E-007   5.7695510558436414E-007  0.18356731241280597             1392
   1626.1252874810154        1.0622545775414929E-007   5.7897157974270899E-007  0.18347266337555837             1391
   1623.1318787222524        1.0914701490163767E-007   5.8098622388804186E-007  0.18786506532153280             1424
   1620.1494703847816        1.0324091328360206E-007   5.8299900038847074E-007  0.17708591818306610             1342
   1617.1780019419571        1.0508771844952822E-007   5.8500987172106054E-007  0.17963409427667787             1361
   1614.2174133103597        1.1027836851756512E-007   5.8701880047285875E-007  0.18786173190489480             1423
   1611.2676448457487        1.0624899112479413E-007   5.8902574934191376E-007  0.18038089377841343             1366
   1608.3286373390558        1.0929188942945642E-007   5.9103068113828019E-007  0.18491745507859006             1400
   1605.4003320124236        1.0788889164404082E-007   5.9303355878501971E-007  0.18192712713438797             1377
   1602.4826705152875        1.1189938635765585E-007   5.9503434531918837E-007  0.18805534039826016             1423
   1599.5755949204995        1.0394072084782911E-007   5.9703300389281342E-007  0.17409543554561988             1317
   1596.6790477204943        1.1144698732653457E-007   5.9902949777386620E-007  0.18604590882535443             1407
   1593.7929718234982        1.0747869016227151E-007   6.0102379034721771E-007  0.17882601635482673             1352
   1590.9173105497771        1.1417050111420543E-007   6.0301584511559128E-007  0.18933250600126475             1431
   1588.0520076279267        1.1298142800856341E-007   6.0500562570050228E-007  0.18674442552124787             1411
   1585.1970071912015        1.1338876223656744E-007   6.0699309584318839E-007  0.18680403947438060             1411
   1582.3522537738836        1.1452267738429892E-007   6.0897821940553173E-007  0.18805709914566879             1420
   1579.5176923076924        1.0902550180888904E-007   6.1096096037096899E-007  0.17844921178382644             1347
   1576.6932681182286        1.1502131140589578E-007   6.1294128284539608E-007  0.18765469813347183             1416
   1573.8789269214615        1.1380262125832150E-007   6.1491915105805770E-007  0.18506924213127460             1396
   1571.0746148202495        1.1519099249039272E-007   6.1689452936243452E-007  0.18672720701453380             1408
   1568.2802783008997        1.1051142676798492E-007   6.1886738223711159E-007  0.17857044972786076             1346
   1565.4958642297649        1.1799093888579752E-007   6.2083767428664762E-007  0.19005119014623426             1432
   1562.7213198498748        1.1758339900465556E-007   6.2280537024242548E-007  0.18879637945139507             1422
   1559.9565927776043        1.1484723678732887E-007   6.2477043496350065E-007  0.18382309782958647             1384
   1557.2016309993767        1.1292223828139925E-007   6.2673283343743329E-007  0.18017603715135863             1356
   1554.4563828684020        1.1365572472284503E-007   6.2869253078111951E-007  0.18078109593831723             1360
   1551.7207971014493        1.2412065019025303E-007   6.3064949224160218E-007  0.19681400162406273             1480
   1548.9948227756536        1.1706759212774808E-007   6.3260368319688297E-007  0.18505676656219144             1391
   1546.2784093253558        1.1967514289422370E-007   6.3455506915671877E-007  0.18859693777762102             1417
   1543.5715065389763        1.1907821233736421E-007   6.3650361576340978E-007  0.18708175317204470             1405
   1540.8740645559210        1.1626358547394703E-007   6.3844928879257991E-007  0.18210308557759058             1367
   1538.1860338635197        1.2281532293948679E-007   6.4039205415394455E-007  0.19178145972117741             1439
   1535.5073652939971        1.1450833175792073E-007   6.4233187789207423E-007  0.17826973204833005             1337
   1532.8380100214747        1.2186898576268563E-007   6.4426872618714290E-007  0.18915862404795036             1418
   1530.1779195590036        1.2298301961279705E-007   6.4620256535567214E-007  0.19031651405640393             1426
   1527.5270457556303        1.1761186266273957E-007   6.4813336185126090E-007  0.18146244212272183             1359
   1524.8853407934894        1.2323029973121120E-007   6.5006108226531326E-007  0.18956726235907242             1419
   1522.2527571849294        1.2644549530649531E-007   6.5198569332774791E-007  0.19393906430847432             1451
   1519.6292477696675        1.1936221028687108E-007   6.5390716190770563E-007  0.18253693680100450             1365
   1517.0147657119724        1.2030047082710882E-007   6.5582545501424396E-007  0.18343367111985001             1371
   1514.4092644978784        1.2520525844987698E-007   6.5774053979702556E-007  0.19035660853216455             1422
   1511.8126979324256        1.2059968186115385E-007   6.5965238354699235E-007  0.18282308207950645             1365
   1509.2250201369311        1.1844260581702033E-007   6.6156095369703577E-007  0.17903506117633047             1336
   1506.6461855462860        1.2249570898812689E-007   6.6346621782265654E-007  0.18462991136177154             1377
   1504.0761489062813        1.2827044679667851E-007   6.6536814364261189E-007  0.19278116636972059             1437
   1501.5148652709606        1.1957254739080560E-007   6.6726669901955773E-007  0.17919753460872306             1335
   1498.9622899999999        1.2384466173247333E-007   6.6916185196068178E-007  0.18507430058901522             1378
   1496.4183787561146        1.2047859088188022E-007   6.7105357061832468E-007  0.17953647243225065             1336
   1493.8830875024914        1.2595502613247379E-007   6.7294182329059396E-007  0.18717075053616203             1392
   1491.3563725002487        1.3282840136347415E-007   6.7482657842196814E-007  0.19683338743723389             1463
   1488.8381903059199        1.2407708876336836E-007   6.7670780460389378E-007  0.18335400880442929             1362
   1486.3284977689639        1.2824414598585325E-007   6.7858547057537209E-007  0.18898746222360926             1403
   1483.8272520293012        1.2803485687378053E-007   6.8045954522353590E-007  0.18815939576792937             1396
   1481.3344105148731        1.2138025933649605E-007   6.8232999758421809E-007  0.17789084426339385             1319
   1478.8499309392266        1.3120650143393864E-007   6.8419679684251431E-007  0.19176719627955116             1421
   1476.3737712991235        1.1932534785320600E-007   6.8605991233333059E-007  0.17392846558746361             1288
   1473.9058898721730        1.2716162727955709E-007   6.8791931354193007E-007  0.18484962520507331             1368
   1471.4462452144890        1.2450934593147610E-007   6.8977497010446107E-007  0.18050719630000508             1335
   1468.9947961583694        1.2735825465451455E-007   6.9162685180848709E-007  0.18414301631218377             1361
   1466.5515018099991        1.2994241692972638E-007   6.9347492859350096E-007  0.18737868028376212             1384
   1464.1163215471772        1.2557074576350338E-007   6.9531917055143170E-007  0.18059439618775058             1333
   1461.6892150170650        1.2390878394626345E-007   6.9715954792714191E-007  0.17773375451097284             1311
   1459.2701421339564        1.3181137650631771E-007   6.9899603111892142E-007  0.18857242478947983             1390
   1456.8590630770725        1.3139174688143688E-007   7.0082859067896613E-007  0.18748057460690054             1381
   1454.4559382883756        1.3144446109298381E-007   7.0265719731385082E-007  0.18706769331542542             1377
   1452.0607284704058        1.2469553779125147E-007   7.0448182188499337E-007  0.17700320138509976             1302
   1449.6733945841393        1.3567625513849976E-007   7.0630243540911189E-007  0.19209370991324975             1412
   1447.2938978468669        1.2918164916295990E-007   7.0811900905866981E-007  0.18242929156030721             1340
   1444.9221997300945        1.3308802948578489E-007   7.0993151416231559E-007  0.18746601162342011             1376
   1442.5582619574632        1.2799339502463061E-007   7.1173992220531250E-007  0.17983169277345792             1319
   1440.2020465026903        1.3211206728994543E-007   7.1354420482996097E-007  0.18514909993758272             1357
   1437.8535155875300        1.3615794081682361E-007   7.1534433383601024E-007  0.19033902188989346             1394
   1435.5126316797548        1.3062478867454532E-007   7.1714028118106503E-007  0.18214677393301368             1333
   1433.1793574911560        1.3537620642832996E-007   7.1893201898098137E-007  0.18830181832798742             1377
   1430.8536559755632        1.3058913292646426E-007   7.2071951951025467E-007  0.18119272392567159             1324
   1428.5354903268847        1.3239864268143077E-007   7.2250275520239938E-007  0.18325001770317276             1338
   1426.2248239771645        1.3590547534039742E-007   7.2428169865032362E-007  0.18764173607265383             1369
   1423.9216205946614        1.3266047390231211E-007   7.2605632260668627E-007  0.18271375067162102             1332
   1421.6258440819424        1.3738571122443953E-007   7.2782659998425903E-007  0.18876159682458821             1375
   1419.3374585739987        1.3051160879070696E-007   7.2959250385627036E-007  0.17888288065034413             1302
   1417.0564284363775        1.3535685621850021E-007   7.3135400745674380E-007  0.18507706915997987             1346
   1414.7827182633318        1.3347189913534901E-007   7.3311108418083179E-007  0.18206231226811781             1323
   1412.5162928759894        1.3511507978201793E-007   7.3486370758513460E-007  0.18386413478769426             1335
   1410.2571173205381        1.3077621114823556E-007   7.3661185138801877E-007  0.17753747906962156             1288
   1408.0051568664287        1.4239940307139059E-007   7.3835548946992085E-007  0.19286022126499225             1398
   1405.7603770045953        1.3447538037085550E-007   7.4009459587364873E-007  0.18170025983247898             1316
   1403.5227434456929        1.4003006113528522E-007   7.4182914480467250E-007  0.18876322414126215             1366
   1401.2922221183510        1.3224919400046134E-007   7.4355911063140490E-007  0.17785969146173175             1286
   1399.0687791674445        1.4143888126357505E-007   7.4528446788547773E-007  0.18977838309828951             1371
   1396.8523809523811        1.3899029480871647E-007   7.4700519126201163E-007  0.18606335864132664             1343
   1394.6429940454038        1.3870427522182765E-007   7.4872125561987284E-007  0.18525489183153104             1336
   1392.4405852299117        1.3893509795028105E-007   7.5043263598192364E-007  0.18513999963299532             1334
   1390.2451214987943        1.4491161272334294E-007   7.5213930753527118E-007  0.19266592142114231             1387
   1388.0565700527827        1.4096699448315124E-007   7.5384124563149906E-007  0.18699825102440770             1345
   1385.8748982988166        1.3604911067026287E-007   7.5553842578689928E-007  0.18006908189820608             1294
   1383.7000738484262        1.3900837620032907E-007   7.5723082368269207E-007  0.18357464045676350             1318
   1381.5320645161291        1.4145521310668422E-007   7.5891841516523680E-007  0.18639053985254217             1337
   1379.3708383178430        1.3340824944826008E-007   7.6060117624624465E-007  0.17539842642192965             1257
   1377.2163634693127        1.3914920437793760E-007   7.6227908310296959E-007  0.18254364767758052             1307
   1375.0686083845519        1.3862304854050440E-007   7.6395211207840216E-007  0.18145515451664584             1298
   1372.9275416742994        1.4526933322595712E-007   7.6562023968145512E-007  0.18974071699880615             1356
   1370.7931321444901        1.3905926345776292E-007   7.6728344258713710E-007  0.18123584550303984             1294
   1368.6653487947408        1.4800809918652528E-007   7.6894169763672114E-007  0.19248286266880307             1373
   1366.5441608168476        1.4522392131087823E-007   7.7059498183790742E-007  0.18845687388790405             1343
   1364.4295375933007        1.3634604371207102E-007   7.7224327236497575E-007  0.17655840923613964             1257
   1362.3214486958102        1.5004259468140627E-007   7.7388654655893419E-007  0.19388190084007359             1379
   1360.2198638838474        1.3981069431305325E-007   7.7552478192765675E-007  0.18027882225186609             1281
   1358.1247531031984        1.3630114690630453E-007   7.7715795614601588E-007  0.17538409769647351             1245
   1356.0360864845304        1.4243180245620494E-007   7.7878604705601011E-007  0.18288951502743253             1297
   1353.9538343419745        1.4264992368064466E-007   7.8040903266687869E-007  0.18278866300812724             1295
   1351.8779671717173        1.4574018073667088E-007   7.8202689115521500E-007  0.18636210900801964             1319
   1349.8084556506078        1.4463576971294007E-007   7.8363960086507059E-007  0.18456924529244648             1305
   1347.7452706347779        1.4474542287558186E-007   7.8524714030804843E-007  0.18433104107682452             1302
   1345.6883831582727        1.3492917094324457E-007   7.8684948816339941E-007  0.17148028050216485             1210
   1343.6377644316960        1.4540804558851969E-007   7.8844662327809847E-007  0.18442344896343327             1300
   1341.5933858408664        1.4484180005944677E-007   7.9003852466692499E-007  0.18333511029795807             1291
   1339.5552189454870        1.4325726329864002E-007   7.9162517151253170E-007  0.18096602843606294             1273
   1337.5232354778263        1.4459588952458738E-007   7.9320654316550420E-007  0.18229286025243635             1281
   1335.4974073414112        1.4763896130973746E-007   7.9478261914442266E-007  0.18576017863685754             1304
   1333.4777066097322        1.4286261996966415E-007   7.9635337913590240E-007  0.17939601151021650             1258
   1331.4641055249601        1.5081291955420006E-007   7.9791880299464467E-007  0.18900785266394113             1324
   1329.4565764966740        1.5309675061231300E-007   7.9947887074346532E-007  0.19149568076757625             1340
   1327.4550921006021        1.4347430891242070E-007   8.0103356257332740E-007  0.17911148248458930             1252
   1325.4596250773720        1.5172264773402227E-007   8.0258285884336267E-007  0.18904297053225935             1320
   1323.4701483312731        1.5483074408961295E-007   8.0412674008088801E-007  0.19254520011862603             1343
   1321.4866349290312        1.4095732308324152E-007   8.0566518698141250E-007  0.17495769379258724             1219
   1319.5090580985916        1.5089054702745323E-007   8.0719818040864347E-007  0.18693122790621877             1301
   1317.5373912279160        1.5692622933629796E-007   8.0872570139448012E-007  0.19404135303936942             1349
   1315.5716078637879        1.5331190114753056E-007   8.1024773113900416E-007  0.18921608201483348             1314
   1313.6116817106301        1.4429077332722498E-007   8.1176425101046406E-007  0.17774960297600614             1233
   1311.6575866293315        1.4718585452345043E-007   8.1327524254525267E-007  0.18097914066929272             1254
   1309.7092966360856        1.4962536342164015E-007   8.1478068744787592E-007  0.18363881928805800             1271
   1307.7667859012388        1.5219549563619805E-007   8.1628056759092019E-007  0.18644998016475012             1289
   1305.8300287481488        1.4660771674602629E-007   8.1777486501500902E-007  0.17927637913319278             1238
   1303.8989996520529        1.4811124665517661E-007   8.1926356192875658E-007  0.18078583442242291             1247
   1301.9736732389472        1.5605452951393604E-007   8.2074664070871525E-007  0.19013727473704048             1310
   1300.0540242844752        1.5257296480401214E-007   8.2222408389930944E-007  0.18556129380259848             1277
   1298.1400277128259        1.4846965921667930E-007   8.2369587421277850E-007  0.18024815209688227             1239
   1296.2316585956416        1.5311356473062109E-007   8.2516199452909981E-007  0.18555576449930822             1274
   1294.3288921509368        1.4958635453350774E-007   8.2662242789591097E-007  0.18096091938161613             1241
   1292.4317037420244        1.5389435372509604E-007   8.2807715752842605E-007  0.18584542796039291             1273
   1290.5400688764528        1.5434583180579152E-007   8.2952616680934708E-007  0.18606505494511466             1273
   1288.6539632049519        1.5540597576487345E-007   8.3096943928876863E-007  0.18701767889067772             1278
   1286.7733625203880        1.4768946162809692E-007   8.3240695868407567E-007  0.17742458792220364             1211
   1284.8982427567289        1.5448110540922107E-007   8.3383870887983544E-007  0.18526497242703968             1263
   1283.0285799880169        1.5529966995357885E-007   8.3526467392768672E-007  0.18592869398308107             1266
   1281.1643504273504        1.6694739423342229E-007   8.3668483804621880E-007  0.19953438456380879             1357
   1279.3055304258769        1.5163966503515481E-007   8.3809918562085077E-007  0.18093283902050628             1229
   1277.4520964717913        1.4799649192559232E-007   8.3950770120369793E-007  0.17628961796704529             1196
   1275.6040251893455        1.5798146247258353E-007   8.4091036951343738E-007  0.18786956160856219             1273
   1273.7612933378655        1.6117703473359679E-007   8.4230717543516948E-007  0.19135184815483294             1295
   1271.9238778107765        1.5615092351658929E-007   8.4369810402026693E-007  0.18507914474682557             1251
   1270.0917556346383        1.5747801627073252E-007   8.4508314048622942E-007  0.18634618148946330             1258
   1268.2649039681869        1.5416575203596918E-007   8.4646227021651793E-007  0.18212950235399727             1228
   1266.4433001013856        1.5108426380481183E-007   8.4783547876039927E-007  0.17819997816759053             1200
   1264.6269214544841        1.5492774697122074E-007   8.4920275183277323E-007  0.18243905432106916             1227
   1262.8157455770852        1.5841154193387090E-007   8.5056407531400324E-007  0.18624292576122500             1251
   1261.0097501472196        1.5213509749879167E-007   8.5191943524973320E-007  0.17857920738032523             1198
   1259.2089129704302        1.6084859089691684E-007   8.5326881785070739E-007  0.18850869448396954             1263
   1257.4132119788608        1.4891964767616896E-007   8.5461220949258044E-007  0.17425406052247824             1166
   1255.6226252303568        1.5600499758264320E-007   8.5594959671572087E-007  0.18225956082137834             1218
   1253.8371309075701        1.5734875946516962E-007   8.5728096622501538E-007  0.18354397877051362             1225
   1252.0567073170732        1.5728132311610566E-007   8.5860630488966382E-007  0.18318211993134301             1221
   1250.2813328884811        1.6095780333703015E-007   8.5992559974296555E-007  0.18717642943196591             1246
   1248.5109861735798        1.5830548317380340E-007   8.6123883798211095E-007  0.18381136125341760             1222
   1246.7456458454628        1.6473012252352461E-007   8.6254600696795910E-007  0.19098125919403139             1268
   1244.9852906976744        1.6233011258333061E-007   8.6384709422481169E-007  0.18791533092902324             1246
   1243.2298996433608        1.6344208926486452E-007   8.6514208744019040E-007  0.18891935976489377             1251
   1241.4794517144278        1.6337923951273381E-007   8.6643097446459471E-007  0.18856578807526234             1247
   1239.7339260607064        1.5779583047605894E-007   8.6771374331126995E-007  0.18185240431239055             1201
   1237.9933019491245        1.6627702790383476E-007   8.6899038215596006E-007  0.19134507276283361             1262
   1236.2575587628867        1.5802388980860588E-007   8.7026087933665973E-007  0.18158220547504866             1196
   1234.5266760006589        1.5594986157615423E-007   8.7152522335336452E-007  0.17893901105478796             1177
   1232.8006332757627        1.6263170250436688E-007   8.7278340286780788E-007  0.18633684138583367             1224
   1231.0794103153746        1.6615132386818884E-007   8.7403540670320540E-007  0.19009678852130132             1247
   1229.3629869597310        1.5592655267620578E-007   8.7528122384398445E-007  0.17814451907401946             1167
   1227.6513431613432        1.6453480028436672E-007   8.7652084343551216E-007  0.18771350563607214             1228
   1225.9444589842153        1.6432148654253217E-007   8.7775425478382222E-007  0.18720671035995387             1223
   1224.2423146030708        1.6706920295362513E-007   8.7898144735533605E-007  0.19007136436872474             1240
   1222.5448903025854        1.6348022579137997E-007   8.8020241077657210E-007  0.18573026361873632             1210
   1220.8521664766249        1.5065658505611583E-007   8.8141713483386269E-007  0.17092540989064492             1112
   1219.1641236274909        1.6425229283861702E-007   8.8262560947306236E-007  0.18609509068819965             1209
   1217.4807423651721        1.5435304348984874E-007   8.8382782479924297E-007  0.17464152989855150             1133
   1215.8020034066024        1.6584503166600453E-007   8.8502377107639797E-007  0.18739048270341688             1214
   1214.1278875749231        1.6808353826871377E-007   8.8621343872713609E-007  0.18966484926038960             1227
   1212.4583757987543        1.6291478559861853E-007   8.8739681833236722E-007  0.18358729965335543             1186
   1210.7934491114702        1.6088375935849494E-007   8.8857390063099363E-007  0.18105838945331193             1168
   1209.1330886504800        1.6919883358634967E-007   8.8974467651958896E-007  0.19016560374174324             1225
   1207.4772756565169        1.5886015197621259E-007   8.9090913705207296E-007  0.17831240624814396             1147
   1205.8259914729306        1.6735059219352196E-007   8.9206727343939175E-007  0.18759862308175124             1205
   1204.1792175449871        1.6753010485724880E-007   8.9321907704918121E-007  0.18755768787507041             1203
   1202.5369354191737        1.7106010255683880E-007   8.9436453940543780E-007  0.19126440620125368             1225
   1200.8991267425092        1.5038368118240694E-007   8.9550365218817531E-007  0.16793195741295122             1074
   1199.2657732618609        1.7101172907731877E-007   8.9663640723308574E-007  0.19072583680272454             1218
   1197.6368568232663        1.6274850832443481E-007   8.9776279653119442E-007  0.18128230413787236             1156
   1196.0123593712599        1.5627365649543450E-007   8.9888281222850725E-007  0.17385320352049161             1107
   1194.3922629482072        1.6533255151464626E-007   8.9999644662566108E-007  0.18370356031351495             1168
   1192.7765496936420        1.6464528305975007E-007   9.0110369217756033E-007  0.18271513532685327             1160
   1191.1652018436109        1.6566031134054338E-007   9.0220454149302471E-007  0.18361724389726336             1164
   1189.5582017300214        1.6268329054284112E-007   9.0329898733441636E-007  0.18009905117120767             1140
   1187.9555317799968        1.6755832678367453E-007   9.0438702261727855E-007  0.18527281196358167             1171
   1186.3571745152356        1.6829707899318859E-007   9.0546864040995909E-007  0.18586737461939110             1173
   1184.7631125513753        1.7191522716785100E-007   9.0654383393323761E-007  0.18963807455615178             1195
   1183.1733285973637        1.7122353732102563E-007   9.0761259655994644E-007  0.18865266741559220             1187
   1181.5878054548321        1.6777817923875203E-007   9.0867492181458900E-007  0.18464048606481340             1160
   1180.0065260174763        1.7315897112464547E-007   9.0973080337295261E-007  0.19034089038497395             1194
   1178.4294732704402        1.7260485816188363E-007   9.1078023506172066E-007  0.18951317948855878             1187
   1176.8566302897073        1.6650545842076270E-007   9.1182321085808177E-007  0.18260717257248893             1142
   1175.2879802414930        1.7499073262696864E-007   9.1285972488933016E-007  0.19169509603261717             1197
   1173.7235063816458        1.6636951287466428E-007   9.1388977143247216E-007  0.18204549178167206             1135
   1172.1631920550517        1.6108083901631458E-007   9.1491334491381751E-007  0.17606130669291745             1096
   1170.6070206950410        1.7005642625610473E-007   9.1593043990858321E-007  0.18566521959143278             1154
   1169.0549758228046        1.7774821418694308E-007   9.1694105114047301E-007  0.19384911818034908             1203
   1167.5070410468104        1.6755333493339602E-007   9.1794517348127882E-007  0.18253087414573482             1131
   1165.9632000622278        1.8656468560582184E-007   9.1894280195045413E-007  0.20302099892380537             1256
   1164.4234366503536        1.6054854462859123E-007   9.1993393171470610E-007  0.17452182063698596             1078
   1162.8877346780450        1.7739866572801602E-007   9.2091855808756725E-007  0.19263230626648717             1188
   1161.3560780971566        1.8071157203084467E-007   9.2189667652897888E-007  0.19602150287735004             1207
   1159.8284509439802        1.6977923692391306E-007   9.2286828264485499E-007  0.18396908867356618             1131
   1158.3048373386910        1.5863695276564531E-007   9.2383337218666233E-007  0.17171597989598542             1054
   1156.7852214847971        1.8018073397276157E-007   9.2479194105098144E-007  0.19483380636729475             1194
   1155.2695876685934        1.7218093774996465E-007   9.2574398527907489E-007  0.18599195942716168             1138
   1153.7579202586207        1.7066034526746733E-007   9.2668950105644615E-007  0.18416130221925556             1125
   1152.2502037051272        1.5604981633122410E-007   9.2762848471240194E-007  0.16822447661210527             1026
   1150.7464225395363        1.6987732441963242E-007   9.2856093271960588E-007  0.18294687880319174             1114
   1149.2465613739171        1.6665162784607649E-007   9.2948684169363313E-007  0.17929423028992841             1090
   1147.7506049004594        1.7061200702435994E-007   9.3040620839252056E-007  0.18337367644948260             1113
   1146.2585378909537        1.6629208627331883E-007   9.3131902971631806E-007  0.17855544766863810             1082
   1144.7703451962732        1.6672472418467328E-007   9.3222530270663018E-007  0.17884595462127387             1082
   1143.2860117458622        1.7534588162459916E-007   9.3312502454616054E-007  0.18791252727348223             1135
   1141.8055225472274        1.6464876378856326E-007   9.3401819255825422E-007  0.17628003940436546             1063
   1140.3288626854317        1.7377181654916523E-007   9.3490480420643442E-007  0.18587113443776360             1119
   1138.8560173225953        1.6768242648991792E-007   9.3578485709393873E-007  0.17918907879173462             1077
   1137.3869716973975        1.7919870948187052E-007   9.3665834896325102E-007  0.19131704711778663             1148
   1135.9217111245832        1.6197688294698635E-007   9.3752527769563324E-007  0.17277068341571905             1035
   1134.4602209944751        1.7745716888482171E-007   9.3838564131065367E-007  0.18910899855305258             1131
   1133.0024867724867        1.7350950647813621E-007   9.3923943796571461E-007  0.18473405125953610             1103
   1131.5484939986411        1.7837161777150542E-007   9.4008666595557452E-007  0.18973954660892370             1131
   1130.0982282870930        1.6744533790641147E-007   9.4092732371186690E-007  0.17795778025220468             1059
   1128.6516753256533        1.7056970502758420E-007   9.4176140980262588E-007  0.18111774728944580             1076
   1127.2088208753196        1.7736377574257507E-007   9.4258892293179927E-007  0.18816662431265191             1116
   1125.7696507698085        1.7128482152654559E-007   9.4340986193876198E-007  0.18155928662283152             1075
   1124.3341509150914        1.7507705707631446E-007   9.4422422579783547E-007  0.18541894212508755             1096
   1122.9023072889354        1.6799680720714882E-007   9.4503201361778923E-007  0.17776837692939132             1049
   1121.4741059404460        1.7147556399460657E-007   9.4583322464135804E-007  0.18129577131277752             1068
   1120.0495329896137        1.7255590070265833E-007   9.4662785824474108E-007  0.18228483262959894             1072
   1118.6285746268657        1.7928820920768507E-007   9.4741591393711622E-007  0.18923917845397850             1111
   1117.2112171126182        1.8621481798626065E-007   9.4819739136013019E-007  0.19638824118588544             1151
   1115.7974467768349        1.7517112417527888E-007   9.4897229028740950E-007  0.18459034680794090             1080
   1114.3872500185860        1.8146856863689100E-007   9.4974061062405356E-007  0.19107171643176551             1116
   1112.9806133056134        1.8730713359797776E-007   9.5050235240613674E-007  0.19706119940031877             1149
   1111.5775231738969        1.8843400664435917E-007   9.5125751580019694E-007  0.19808937486906336             1153
   1110.1779662272256        1.7711281061097305E-007   9.5200610110273319E-007  0.18604167599957472             1081
   1108.7819291367705        1.9020668175701358E-007   9.5274810873969643E-007  0.19964005177467176             1158
   1107.3893986406620        1.7108987643033189E-007   9.5348353926597889E-007  0.17943663354906175             1039
   1106.0003615435696        1.8026922378041066E-007   9.5421239336490123E-007  0.18891939051924861             1092
   1104.6148047162860        1.8585212250248478E-007   9.5493467184769897E-007  0.19462286581644409             1123
   1103.2327150953117        1.6856559289448665E-007   9.5565037565300978E-007  0.17638834995413813             1016
   1101.8540796824464        1.7497542619968566E-007   9.5635950584635323E-007  0.18295988603661859             1052
   1100.4788855443801        1.8324990238771585E-007   9.5706206361961396E-007  0.19147128420769674             1099
   1099.1071198122893        1.7250796149460063E-007   9.5775805029051985E-007  0.18011643070217290             1032
   1097.7387696814353        1.8349557758716132E-007   9.5844746730212239E-007  0.19145084508770446             1095
   1096.3738224107665        1.7286519000856828E-007   9.5913031622227216E-007  0.18023118139924157             1029
   1095.0122653225217        1.7076917317440059E-007   9.5980659874309196E-007  0.17792039917003089             1014
   1093.6540858018386        1.8284285134338285E-007   9.6047631668045842E-007  0.19036685045531734             1083
   1092.2992712963637        1.8702018333193735E-007   9.6113947197346524E-007  0.19458173218912450             1105
   1090.9478093158662        1.9206488297659978E-007   9.6179606668389649E-007  0.19969397841145856             1132
   1089.5996874318528        1.7893334801049031E-007   9.6244610299570082E-007  0.18591518782562891             1052
   1088.2548932771890        1.7664769968205396E-007   9.6308958321445874E-007  0.18341772433304204             1036
   1086.9134145457183        1.7657121772788434E-007   9.6372650976684254E-007  0.18321714297410246             1033
   1085.5752389918887        1.7580733521844514E-007   9.6435688520009059E-007  0.18230526262273491             1026
   1084.2403544303797        1.8276792515407416E-007   9.6498071218146685E-007  0.18940059925229286             1064
   1082.9087487357319        1.8201230550744073E-007   9.6559799349772454E-007  0.18849697983332611             1057
   1081.5804098419799        1.7676318564516436E-007   9.6620873205457378E-007  0.18294513367654014             1024
   1080.2553257422887        1.7546666066271797E-007   9.6681293087613266E-007  0.18148977434932406             1014
   1078.9334844885914        1.7589686540213743E-007   9.6741059310439854E-007  0.18182234787990939             1014
   1077.6148741912293        1.7528423831719511E-007   9.6800172199869386E-007  0.18107843646731822             1008
   1076.2994830185969        1.6525384085536149E-007   9.6858632093513439E-007  0.17061343659676609              948
   1074.9872991967873        1.7736538426364503E-007   9.6916439340608293E-007  0.18300856435749016             1015
   1073.6783110092401        1.8095119244321020E-007   9.6973594301960230E-007  0.18659841758546888             1033
   1072.3725067963944        1.7946056956449094E-007   9.7030097349890906E-007  0.18495350872147992             1022
   1071.0698749553412        1.8112952743677295E-007   9.7085948868183304E-007  0.18656616075586624             1029
   1069.7704039394805        1.7221784426262511E-007   9.7141149252026362E-007  0.17728619188539468              976
   1068.4740822581796        1.8218756393178544E-007   9.7195698907960660E-007  0.18744405974621131             1030
   1067.1808984764345        1.7376386883597458E-007   9.7249598253822913E-007  0.17867823822001636              980
   1065.8908412145347        1.7631761367594447E-007   9.7302847718691614E-007  0.18120498814761238              992
   1064.6038991477274        1.7620964445469218E-007   9.7355447742831345E-007  0.18099618310025919              989
   1063.3200610058877        1.7217040738217582E-007   9.7407398777638097E-007  0.17675290536728833              964
   1062.0393155731897        1.7921005675169959E-007   9.7458701285583813E-007  0.18388307497199177             1001
   1060.7616516877786        1.6761803408356616E-007   9.7509355740160777E-007  0.17189943755779530              934
   1059.4870582414476        1.7791577943302906E-007   9.7559362625826669E-007  0.18236668900287570              989
   1058.2155241793153        1.8808126617645360E-007   9.7608722437949161E-007  0.19268899487545157             1043
   1056.9470384995063        1.7389140152343039E-007   9.7657435682749554E-007  0.17806263323187688              962
   1055.6815902528347        1.8010674458653650E-007   9.7705502877248437E-007  0.18433633652427156              994
   1054.4191685424873        1.7091198835962067E-007   9.7752924549208766E-007  0.17484079289472682              941
   1053.1597625237125        1.7041068458863344E-007   9.7799701237080959E-007  0.17424458606016874              936
   1051.9033614035088        1.8140288376859611E-007   9.7845833489946945E-007  0.18539663601233888              994
   1050.6499544403168        1.8275063067935187E-007   9.7891321867463860E-007  0.18668726419567605              999
   1049.3995309437132        1.8795402138110295E-007   9.7936166939809137E-007  0.19191482294443701             1025
   1048.1520802741068        1.7700566829729306E-007   9.7980369287623290E-007  0.18065421633356929              963
   1046.9075918424362        1.8203283564863418E-007   9.8023929501955193E-007  0.18570244691629439              988
   1045.6660551098710        1.8468153188518707E-007   9.8066848184204678E-007  0.18832208366510259             1000
   1044.4274595875140        1.8234302512009658E-007   9.8109125946067938E-007  0.18585735359657907              985
   1043.1917948361056        1.7516734907363876E-007   9.8150763409480141E-007  0.17846763793659884              944
   1041.9590504657306        1.7297810465452963E-007   9.8191761206560293E-007  0.17616356253214122              930
   1040.7292161355274        1.8606493533760051E-007   9.8232119979553931E-007  0.18941353945769279              998
   1039.5022815533980        1.8164559036656368E-007   9.8271840380777877E-007  0.18483991921056342              972
   1038.2782364757220        1.9069081049507477E-007   9.8310923072563595E-007  0.19396706340995831             1018
   1037.0570707070708        1.9094869991492096E-007   9.8349368727200563E-007  0.19415345760334313             1017
   1035.8387740999240        1.9107923076396954E-007   9.8387178026880647E-007  0.19421151678094092             1016
   1034.6233365543899        2.1826821707611300E-007   9.8424351663641093E-007  0.22176241284477102             1159
   1033.4107480179248        2.0824209451019994E-007   9.8460890339308371E-007  0.21149726941587874             1104
   1032.2009984850572        2.2546573724065062E-007   9.8496794765442504E-007  0.22890667435175774             1193
   1030.9940779971112        2.6890451936814923E-007   9.8532065663279003E-007  0.27291066878380155             1420
   1029.7899766419346        2.7592188840498590E-007   9.8566703763674273E-007  0.27993417439071755             1454
   1028.5886845536265        3.2328896099363107E-007   9.8600709807047895E-007  0.32787691044646278             1699
   1027.3901919122686        3.6906984357392556E-007   9.8634084543326902E-007  0.37418083746882103             1934
   1026.1944889436572        3.8581732622826409E-007   9.8666828731888616E-007  0.39103043159181816             2016
   1025.0015659190371        1.9992577374826198E-007   9.8698943141505030E-007  0.20256121026709240             1043
   1023.8114131548391        1.3352254881660787E-007   9.8730428550285745E-007  0.13523951103747278              695
   1022.6240210124164        8.8216195846907553E-008   9.8761285745621769E-007   8.9322648222831896E-002         458
   1021.4393798977853        6.3141123134091621E-008   9.8791515524128593E-007   6.3913507955721344E-002         327
   1020.2574802613667        5.1119769745488427E-008   9.8821118691590440E-007   5.1729600334749763E-002         264
   1019.0783125977293        2.9318520148462388E-008   9.8850096062903211E-007   2.9659576789693318E-002         151
   1017.9018674453348        1.8109245821408320E-008   9.8878448462018355E-007   1.8314654106212566E-002          93
   1016.7281353862850        5.8582649564514491E-009   9.8906176721886028E-007   5.9230526855004071E-003          30
   1015.5571070460704        1.8189321641960696E-007   9.8933281684399065E-007  0.18385442524776771              929
   1014.3887730933207        1.8172371518667772E-007   9.8959764200336329E-007  0.18363394118319867              926
   1013.2231242395566        1.7781472927821975E-007   9.8985625129306372E-007  0.17963692106398052              904
   1012.0601512389441        1.6521172136319839E-007   9.9010865339690778E-007  0.16686221335040638              838
   1010.8998448880496        1.7863298640921092E-007   9.9035485708588206E-007  0.18037270694550664              904
   1009.7421960255979        1.8379616855540876E-007   9.9059487121757674E-007  0.18554120750645325              928
   1008.5871955322299        1.7965163201462541E-007   9.9082870473562254E-007  0.18131452102264325              905
   1007.4348343302642        1.7628253335258323E-007   9.9105636666912959E-007  0.17787336753110861              886
   1006.2851033834586        1.7748326425011812E-007   9.9127786613211968E-007  0.17904491799321862              890
   1005.1379936967746        1.8148634648955394E-007   9.9149321232297038E-007  0.18304345832519561              908
   1003.9934963161420        1.8170002045488701E-007   9.9170241452384778E-007  0.18322030660994990              907
   1002.8516023282264        1.7930301883363952E-007   9.9190548210014467E-007  0.18076623435330177              893
   1001.7123028601978        1.8272977575688323E-007   9.9210242449992044E-007  0.18418438585006994              908
   1000.5755890795007        1.7749754632567153E-007   9.9229325125333695E-007  0.17887609948115590              880
   999.44145219362576        1.7891141186031597E-007   9.9247797197210102E-007  0.18026738820692462              885
   998.30988344988350        1.8823243516762359E-007   9.9265659634890085E-007  0.18962492755295537              929
   997.18087413517833        1.7667734344226096E-007   9.9282913415684706E-007  0.17795342356900407              870
   996.05441557578581        1.8501512834013331E-007   9.9299559524891129E-007  0.18632019036676201              909
   994.93049913712991        1.9257326519078697E-007   9.9315598955737244E-007  0.19390032101262622              944
   993.80911622356291        1.7971834511266280E-007   9.9331032709324579E-007  0.18092869892793528              879
   992.69025827814573        1.8914012394671290E-007   9.9345861794573581E-007  0.19038550829405962              923
   991.57391678243039        1.7703802892088612E-007   9.9360087228167624E-007  0.17817821406933865              862
   990.46008325624427        1.8093575961079125E-007   9.9373710034496499E-007  0.18207608385354776              879
   989.34874925747476        1.8732533528697705E-007   9.9386731245601663E-007  0.18848123178944684              908
   988.23990638185649        1.8112934634226719E-007   9.9399151901120050E-007  0.18222423720722528              876
   987.13354626275930        1.8008495954751982E-007   9.9410973048228455E-007  0.18115199361357526              869
   986.02966057097751        1.7965761811555292E-007   9.9422195741588499E-007  0.18070172035076246              865
   984.92824101452129        1.7277400483240381E-007   9.9432821043290330E-007  0.17375953233508556              830
   983.82927933840904        1.7670686092045513E-007   9.9442850022798273E-007  0.17769689915357748              847
   982.73276732446072        1.8314095466580689E-007   9.9452283756894198E-007  0.18414957178206706              876
   981.63869679109359        1.8067941544748888E-007   9.9461123329623448E-007  0.18165832980661240              863
   980.54705959311832        2.0527702783764614E-007   9.9469369832238920E-007  0.20637210046053192              979
   979.45784762153687        2.1059785917588854E-007   9.9477024363145940E-007  0.21170502487799628             1003
   978.37105280334185        2.3734361159270673E-007   9.9484088027847611E-007  0.23857444572067590             1128
   977.28666710131699        2.6237898612087189E-007   9.9490561938889119E-007  0.26372248885480720             1245
   976.20468251383909        2.6928171677886021E-007   9.9496447215803293E-007  0.27064455497069190             1275
   975.12509107468122        3.2711159310958063E-007   9.9501744985055987E-007  0.32874960450061352             1545
   974.04788485281699        3.7512313470851889E-007   9.9506456379990287E-007  0.37698371377633766             1767
   972.97305595222645        3.9237533487120746E-007   9.9510582540772573E-007  0.39430513303491027             1843
   971.90059651170327        2.0513902623191310E-007   9.9514124614338248E-007  0.20614061272901571              962
   970.83049870466323        1.3758909159034024E-007   9.9517083754335639E-007  0.13825675592543268              644
   969.76275473895328        9.4435429975020664E-008   9.9519461121073338E-007   9.4891420141566540E-002         441
   968.69735685666274        7.5133351785417697E-008   9.9521257881464655E-007   7.5494777080596889E-002         350
   967.63429733393582        5.6397269572179235E-008   9.9522475208973469E-007   5.6667872712930840E-002         262
   966.57356848078416        3.7978536235932375E-008   9.9523114283560426E-007   3.8160518297010129E-002         176
   965.51516264090174        2.1206313601128905E-008   9.9523176291628110E-007   2.1307914790610213E-002          98
   964.45907219148114        1.1716174486564499E-008   9.9522662425967895E-007   1.1772368424407688E-002          54
   963.40528954302977        9.3770803719398568E-008   9.9521573885704841E-007   9.4221584384396165E-002         431
   962.35380713918846        1.8053869026195543E-007   9.9519911876244908E-007  0.18140961628508984              828
   961.30461745655100        1.8552187363705337E-007   9.9517677609220552E-007  0.18642102397681387              849
   960.25771300448434        1.8176571627328149E-007   9.9514872302436854E-007  0.18265181079756110              830
   959.21308632495038        1.8601029697017674E-007   9.9511497179818710E-007  0.18692342316391186              848
   958.17072999232937        2.0384726167885144E-007   9.9507553471356532E-007  0.20485606827579106              928
   957.13063661324304        2.1845907121066991E-007   9.9503042413053078E-007  0.21955014229998243              993
   956.09279882638089        2.2713166465206446E-007   9.9497965246870662E-007  0.22827769802981779             1031
   955.05720930232553        2.3836275524748695E-007   9.9492323220676963E-007  0.23957904241394704             1080
   954.02386074338085        2.6447412336128852E-007   9.9486117588192634E-007  0.26584022954442565             1196
   952.99274588340006        2.8040536713306568E-007   9.9479349608938263E-007  0.28187293969588956             1265
   951.96385748761588        3.4061505023000156E-007   9.9472020548181278E-007  0.34242297316662806             1533
   950.93718835247103        3.8894408076127702E-007   9.9464131676882843E-007  0.39103953777507738             1746
   949.91273130544994        3.7389105201880506E-007   9.9455684271645976E-007  0.37593733807872298             1674
   948.89047920491237        1.8698198731412072E-007   9.9446679614662205E-007  0.18802235332405456              836
   947.87042493992669        1.2751185337518415E-007   9.9437118993659456E-007  0.12823365627006436              569
   946.85256143010554        1.1107516095593910E-007   9.9427003701849560E-007  0.11171528540578243              495
   945.83688162544172        8.4177024710817272E-008   9.9416335037876114E-007   8.4671220960566590E-002         375
   944.82337850614556        8.6038409887509019E-008   9.9405114305762265E-007   8.6553303105574311E-002         383
   943.81204508248334        7.0411100296675738E-008   9.9393342814858467E-007   7.0840861472816735E-002         313
   942.80287439461597        8.7790369275871877E-008   9.9381021879791089E-007   8.8337156949403292E-002         390
   941.79585951244030        1.0805864162938148E-007   9.9368152820409981E-007  0.10874574857467460              479
   940.79099353542961        2.1511315062749952E-007   9.9354736961737445E-007  0.21651021099310228              947
   939.78826959247647        3.3715198576962560E-007   9.9340775633915587E-007  0.33938932288195234             1479
   938.78768084173612        4.0669804433688957E-007   9.9326270172156534E-007  0.40945667609584369             1779
   937.78922047047047        3.3251681376599656E-007   9.9311221916689348E-007  0.33482300121625708             1451
   936.79288169489405        1.7046056746121725E-007   9.9295632212710070E-007  0.17166975390826697              743
   935.79865776001998        1.2094866520245491E-007   9.9279502410329884E-007  0.12182642163390858              526
   934.80654193950738        8.6664389128587949E-008   9.9262833864524674E-007   8.7307994094616259E-002         376
   933.81652753550964        7.6249428703009236E-008   9.9245627935083674E-007   7.6829005256416741E-002         330
   932.82860787852383        5.0722974913540606E-008   9.9227885986559152E-007   5.1117661541646923E-002         219
   931.84277632724104        3.4141958492689805E-008   9.9209609388215444E-007   3.4413963227180426E-002         147
   930.85902626839720        2.0023096516044630E-008   9.9190799513979101E-007   2.0186445329763419E-002          86
   929.87735111662528        9.3365058231493252E-009   9.9171457742387647E-007   9.4145090086325683E-003          40
   928.89774431430874        1.1163276951050033E-007   9.9151585456540092E-007  0.11258798232674853              477
   927.92019933143490        1.8597793365927403E-007   9.9131184044046635E-007  0.18760790103812244              793
   926.94470966545055        1.9741543901876001E-007   9.9110254896978481E-007  0.19918770184171780              840
   925.97126884111685        1.7545701553261793E-007   9.9088799411818521E-007  0.17707048281351043              745
   924.99987041036718        1.7912983271334528E-007   9.9066818989410809E-007  0.18081718434150224              759
   924.03050795216370        1.7193776562728767E-007   9.9044315034911872E-007  0.17359680418475484              727
   923.06317507235667        1.9196924470948719E-007   9.9021288957740788E-007  0.19386663891177350              810
   922.09786540354332        1.8880895282410407E-007   9.8997742171530068E-007  0.19072046360103964              795
   921.13457260492839        1.8777610475691971E-007   9.8973676094076516E-007  0.18972328013605827              789
   920.17329036218541        1.7695960800238736E-007   9.8949092147291629E-007  0.17883904153357205              742
   919.21401238731835        1.8402081138491497E-007   9.8923991757154040E-007  0.18602242804421290              770
   918.25673241852485        1.8847596615672675E-007   9.8898376353659330E-007  0.19057538971392118              787
   917.30144422005992        1.8022924802047130E-007   9.8872247370772043E-007  0.18228497158015391              751
   916.34814158210054        1.9022384896921867E-007   9.8845606246377469E-007  0.19244542695714414              791
   915.39681832061069        1.8604071131997120E-007   9.8818454422232727E-007  0.18826514987276985              772
   914.44746827720837        1.8449530680754444E-007   9.8790793343919164E-007  0.18675354308094602              764
   913.50008531903222        1.8657209223108750E-007   9.8762624460793841E-007  0.18890961358074451              771
   912.55466333860954        1.8695887613607219E-007   9.8733949225941925E-007  0.18935622205107697              771
   911.61119625372498        1.7981333956638693E-007   9.8704769096128565E-007  0.18217289925602961              740
   910.66967800729037        1.7263703584498552E-007   9.8675085531751935E-007  0.17495504048935828              709
   909.73010256721489        1.9007360631185430E-007   9.8644899996795068E-007  0.19268467636748551              779
   908.79246392627624        1.8386450409131334E-007   9.8614213958778755E-007  0.18644827830617769              752
   907.85675610199257        1.7713856648911348E-007   9.8583028888714284E-007  0.17968464601455575              723
   906.92297313649567        1.8756942221189045E-007   9.8551346261056978E-007  0.19032659555459505              764
   905.99110909640376        1.7393261661973365E-007   9.8519167553658636E-007  0.17654698160639751              707
   905.06115807269657        1.9549102405665424E-007   9.8486494247720648E-007  0.19849526125373140              793
   904.13311418058993        1.7884767674557569E-007   9.8453327827748341E-007  0.18165731996229059              724
   903.20697155941195        1.7649176889240437E-007   9.8419669781503482E-007  0.17932570723334554              713
   902.28272437247938        1.8305456580037589E-007   9.8385521599958536E-007  0.18605843911128184              738
   901.36036680697532        1.9063732529119590E-007   9.8350884777250696E-007  0.19383386913392747              767
   900.43989307382708        1.8355555009078122E-007   9.8315760810635444E-007  0.18670002507972744              737
   899.52129740758517        1.7444710367922805E-007   9.8280151200440808E-007  0.17749983241625866              699
   898.60457406630303        1.8130519363000472E-007   9.8244057450022009E-007  0.18454571028098768              725
   897.68971733141689        1.9946654023589488E-007   9.8207481065715419E-007  0.20310727662633163              796
   896.77672150762783        1.8455600244625146E-007   9.8170423556793482E-007  0.18799552427262600              735
   895.86558092278267        1.7688015515588293E-007   9.8132886435419627E-007  0.18024554416045449              703
   894.95628992775687        1.8379486228092355E-007   9.8094871216602957E-007  0.18736439530573085              729
   894.04884289633787        1.9275761108297043E-007   9.8056379418153222E-007  0.19657834832037976              763
   893.14323422510870        1.9036412345334187E-007   9.8017412560636230E-007  0.19421459767220184              752
   892.23945833333335        1.8288660662581281E-007   9.7977972167329436E-007  0.18666094284281992              721
   891.33750966284117        1.8579862642490193E-007   9.7938059764177052E-007  0.18971034026228664              731
   890.43738267791377        1.8464634948614518E-007   9.7897676879746169E-007  0.18861157421841360              725
   889.53907186517119        1.8144668227892325E-007   9.7856825045182311E-007  0.18542056948521060              711
   888.64257173345982        1.9025154571519033E-007   9.7815505794165599E-007  0.19450039558711588              744
   887.74787681374005        1.8166716497391210E-007   9.7773720662867002E-007  0.18580367377070328              709
   886.85498165897525        1.8408712879746017E-007   9.7731471189904590E-007  0.18836013267390156              717
   885.96388084402156        1.8625846552293688E-007   9.7688758916299952E-007  0.19066519790933545              724
   885.07456896551719        1.8482849166951941E-007   9.7645585385435061E-007  0.18928504646671784              717
   884.18704064177427        1.7796738522047647E-007   9.7601952143008673E-007  0.18233998533114837              689
   883.30129051266942        1.8815950816458501E-007   9.7557860736994273E-007  0.19286965370411643              727
   882.41731323953616        1.7608859227528853E-007   9.7513312717595837E-007  0.18057902799923453              679
   881.53510350505758        1.7877990596649497E-007   9.7468309637206351E-007  0.18342362418302341              688
   880.65465601316021        1.8304317577717828E-007   9.7422853050364502E-007  0.18788525489245403              703
   879.77596548890710        1.8601794032376287E-007   9.7376944513712904E-007  0.19102872990389144              713
   878.89902667839340        1.8220668184030893E-007   9.7330585585955318E-007  0.18720393054596102              697
   878.02383434864100        1.8361784912421498E-007   9.7283777827814853E-007  0.18874457101080624              701
   877.15038328749483        1.8660830751977550E-007   9.7236522801992398E-007  0.19191174482840706              711
   876.27866830351923        1.8172013737192066E-007   9.7188822073124185E-007  0.18697637598199895              691
   875.40868422589494        1.7312235714872028E-007   9.7140677207741323E-007  0.17821819048933274              657
   874.54042590431743        1.8165114809797508E-007   9.7092089774227084E-007  0.18709160398172214              688
   873.67388820889437        1.7513331394889430E-007   9.7043061342776650E-007  0.18046969203731769              662
   872.80906603004541        1.8343283796870821E-007   9.6993593485355884E-007  0.18911850914813558              692
   871.94595427840147        1.8857699158394629E-007   9.6943687775660078E-007  0.19452219727842129              710
   871.08454788470476        1.9294204397917197E-007   9.6893345789073590E-007  0.19912827078877643              725
   870.22484179970968        1.7892418802342908E-007   9.6842569102629236E-007  0.18475778749096750              671
   869.36683099408424        1.9076626070188720E-007   9.6791359294967708E-007  0.19709017632507342              714
   868.51051045831161        1.8230830073150702E-007   9.6739717946297495E-007  0.18845237985158347              681
   867.65587520259317        1.7327941873090619E-007   9.6687646638354793E-007  0.17921567517206319              646
   866.80292025675124        1.8652121126744303E-007   9.6635146954363676E-007  0.19301591309787980              694
   865.95164067013286        1.7477000805023871E-007   9.6582220478996199E-007  0.18095463863169936              649
   865.10203151151381        1.7052650956617153E-007   9.6528868798333223E-007  0.17665855996140714              632
   864.25408786900368        1.8437879743097462E-007   9.6475093499824374E-007  0.19111543792524052              682
   863.40780484995105        1.8121897332161789E-007   9.6420896172249625E-007  0.18794574673718242              669
   862.56317758084936        1.7885993725204996E-007   9.6366278405679639E-007  0.18560428005644380              659
   861.72020120724346        1.8791220437278743E-007   9.6311241791436845E-007  0.19510931525492484              691
   860.87887089363653        1.8555493212980818E-007   9.6255787922057616E-007  0.19277275282402745              681
   860.03918182339783        1.8509841817915648E-007   9.6199918391252295E-007  0.19241016133334679              678
   859.20112919867017        1.7041501480554922E-007   9.6143634793868302E-007  0.17725043906538229              623
   858.36470824027947        1.6553991212358222E-007   9.6086938725850768E-007  0.17228138841626575              604
   857.52991418764304        1.9497066771014868E-007   9.6029831784205268E-007  0.20303135399453751              710
   856.69674229867974        1.6948683490352567E-007   9.5972315566959408E-007  0.17659971409700492              616
   855.86518784972020        1.7477850584672734E-007   9.5914391673125446E-007  0.18222344196517390              634
   855.03524613541731        1.7788008181862458E-007   9.5856061702662944E-007  0.18556998760328056              644
   854.20691246865738        1.7739499178715635E-007   9.5797327256440728E-007  0.18517739154902108              641
   853.38018218047250        1.7746158492752837E-007   9.5738189936200602E-007  0.18536133286600445              640
   852.55505061995223        1.8086128565042138E-007   9.5678651344519584E-007  0.18902992789810158              651
   851.73151315415646        1.7230374039907422E-007   9.5618713084773700E-007  0.18019876532568793              619
   850.90956516802908        1.7737801585833866E-007   9.5558376761100308E-007  0.18562267576163485              636
   850.08920206431128        1.6821974874443173E-007   9.5497643978363056E-007  0.17615067946864255              602
   849.27041926345612        1.7050408395097558E-007   9.5436516342114274E-007  0.17865707015097265              609
   848.45321220354333        1.7588193404713160E-007   9.5374995458559455E-007  0.18441094880424136              627
   847.63757634019453        1.7622058027265240E-007   9.5313082934521183E-007  0.18488603541836285              627
   846.82350714648885        1.7881230565957224E-007   9.5250780377402921E-007  0.18772791671740810              635
   846.01100011287951        1.6448489546201393E-007   9.5188089395154335E-007  0.17279987076869224              583
   845.20005074711025        1.7752115016554751E-007   9.5125011596234758E-007  0.18661879476982282              628
   844.39065457413244        1.7899451808839355E-007   9.5061548589578383E-007  0.18829329076174628              632
   843.58280713602346        1.6713574563314384E-007   9.4997701984558915E-007  0.17593661966718979              589
   842.77650399190372        1.8053373821182806E-007   9.4933473390955145E-007  0.19016868525220162              635
   841.97174071785651        1.7689113052234800E-007   9.4868864418915422E-007  0.18645857268960686              621
   841.16851290684622        1.7066507545051642E-007   9.4803876678923807E-007  0.18001908933377783              598
   840.36681616863825        1.6012521479573792E-007   9.4738511781764952E-007  0.16901808122613812              560
   839.56664612971883        1.7532770850525819E-007   9.4672771338490217E-007  0.18519338351086892              612
   838.76799843321578        1.7422660516393731E-007   9.4606656960383475E-007  0.18415892788273311              607
   837.97086873881938        1.7944701388371683E-007   9.4540170258926972E-007  0.18981033500600505              624
   837.17525272270314        1.6970397663891795E-007   9.4473312845768243E-007  0.17963165631331993              589
   836.38114607744672        1.7782046100329130E-007   9.4406086332685700E-007  0.18835698831604408              616
   835.58854451195714        1.7873640087365243E-007   9.4338492331555544E-007  0.18946285493463033              618
   834.79744375139228        1.6661538916351272E-007   9.4270532454318903E-007  0.17674175039188442              575
   834.00783953708344        1.7331795393837193E-007   9.4202208312948286E-007  0.18398502226465219              597
   833.21972762645919        1.9371561494367508E-007   9.4133521519414603E-007  0.20578813138709798              666
   832.43310379296940        1.6843744352352929E-007   9.4064473685655266E-007  0.17906595011248738              578
   831.64796382600980        1.5999668687173018E-007   9.3995066423540398E-007  0.17021817522931199              548
   830.86430353084643        1.6790405280857693E-007   9.3925301344841392E-007  0.17876339006049793              574
   830.08211872854133        1.6968596976080991E-007   9.3855180061198434E-007  0.18079552950637981              579
   829.30140525587831        1.9055896372736215E-007   9.3784704184088509E-007  0.20318767904126134              649
   828.52215896528855        1.6620714122163730E-007   9.3713875324793392E-007  0.17735595785106192              565
   827.74437572477768        1.7123523871289432E-007   9.3642695094367896E-007  0.18286022047991354              581
   826.96805141785285        1.7569078800544688E-007   9.3571165103608859E-007  0.18776167616477699              595
   826.19318194344930        1.5827053006084139E-007   9.3499286963022831E-007  0.16927458508152510              535
   825.41976321585901        1.5678894364537062E-007   9.3427062282796205E-007  0.16781962293835495              529
   824.64779116465866        1.6985115987478646E-007   9.3354492672763048E-007  0.18194213798597605              572
   823.87726173463784        1.7195400396318318E-007   9.3281579742374720E-007  0.18433864910745096              578
   823.10817088572844        1.7108327483581883E-007   9.3208325100669183E-007  0.18354934996529676              574
   822.34051459293391        1.7468756034503085E-007   9.3134730356240822E-007  0.18756435937147189              585
   821.57428884625926        1.7321853962415159E-007   9.3060797117209385E-007  0.18613481185421624              579
   820.80948965064067        1.6904559351430527E-007   9.2986526991190635E-007  0.18179579234131449              564
   820.04611302587671        1.6966075183224854E-007   9.2911921585265551E-007  0.18260385635932666              565
   819.28415500655876        1.7960346374966565E-007   9.2836982505951422E-007  0.19346111743577185              597
   818.52361164200295        1.6516865147379862E-007   9.2761711359171408E-007  0.17805692570102447              548
   817.76447899618108        1.6185189675742243E-007   9.2686109750225484E-007  0.17462368114660101              536
   817.00675314765351        1.7122793801885770E-007   9.2610179283760807E-007  0.18489105554391527              566
   816.25043018950123        1.7821324082240931E-007   9.2533921563743434E-007  0.19259233566540712              588
   815.49550622925847        1.6579025002421303E-007   9.2457338193428000E-007  0.17931540455703671              546
   814.74197738884664        1.6853071661284596E-007   9.2380430775329976E-007  0.18243118720967447              554
   813.98983980450714        1.6396599761557586E-007   9.2303200911196829E-007  0.17763847406908939              538
   813.23908962673613        1.8106215729517602E-007   9.2225650201979264E-007  0.19632516214159501              593
   812.48972302021787        1.6885456764957506E-007   9.2147780247803197E-007  0.18324322864369871              552
   811.74173616376038        1.6885943624026387E-007   9.2069592647941416E-007  0.18340413092295721              551
   810.99512525022999        1.7684609894518957E-007   9.1991089000786151E-007  0.19224264096240698              576
