   9993.0819333333329        4.4487015644104350E-010   1.9403792142802352E-009  0.22926969798842323               22
   9881.0961766644687        4.7569334022745877E-010   2.0238958308842787E-009  0.23503845058054162               23
   9771.5925032594532        4.0182078139703870E-010   2.1099417610438207E-009  0.19044164574393360               19
   9664.4892972275957        4.1077619739171469E-010   2.1985601898953287E-009  0.18683873167523848               19
   9559.7084821428580        4.8611930822653500E-010   2.2897943701829869E-009  0.21229823715030238               22
   9457.1753312302844        2.4835865083668894E-010   2.3836876152233647E-009  0.10419093896807295               11
   9356.8182896379531        4.3823463495853474E-010   2.4802832919349665E-009  0.17668733099300551               19
   9258.5688079061147        7.7738420275144183E-010   2.5796248139325394E-009  0.30135552990217573               33
   9162.3611858190707        6.0136019910799360E-010   2.6817556346859416E-009  0.22424123634904508               25
   9068.1324258923178        6.3847975154674324E-010   2.7867192407434004E-009  0.22911520551184730               26
   8975.8220958083839        6.7674457052641430E-010   2.8945591450190163E-009  0.23379884003785603               27
   8885.3721991701241        5.1155017141671119E-010   3.0053188801442802E-009  0.17021493951821595               20
   8796.7270539906094        6.0019875547047458E-010   3.1190419918834878E-009  0.19243048251108480               23
   8709.8331783846606        6.6547205506237214E-010   3.2357720326128506E-009  0.20566098240394604               25
   8624.6391829689292        5.4294721973038358E-010   3.3555525548631012E-009  0.16180560752759082               20
   8541.0956695156692        6.9202586040016424E-010   3.4784271049254410E-009  0.19894792661322641               25
   8459.1551354401799        5.3617814732818370E-010   3.6044392165206557E-009  0.14875494220311847               19
   8378.7718837339289        5.4651533901604148E-010   3.7336324045311672E-009  0.14637631127070408               19
   8299.9019379844958        8.5008345474017090E-010   3.8660501587958920E-009  0.21988422804243576               29
   8222.5029621503018        8.3629488848043642E-010   4.0017359379677028E-009  0.20898302672743371               28
   8146.5341847826085        7.3025570988935615E-010   4.1407331634332674E-009  0.17635903620601054               24
   8071.9563274098009        9.2976487642967302E-010   4.2830852132951326E-009  0.21707830456970320               30
   7998.7315368196369        8.5217935937538898E-010   4.4288354164158442E-009  0.19241612732248206               27
   7926.8233209941827        1.1248100181001912E-009   4.5780270465238720E-009  0.24569754758313789               35
   7856.1964884696017        9.1609992116249805E-010   4.7307033163812136E-009  0.19364983595362634               28
   7786.8170909090913        8.6589032949510882E-010   4.8869073720124222E-009  0.17718574623577044               26
   7718.6523686920700        8.8125150726422455E-010   5.0466822869949226E-009  0.17461996954616515               26
   7651.6706993363960        7.2429625623549944E-010   5.2100710568103288E-009  0.13901849866111476               21
   7585.8415485829955        7.0183003472967427E-010   5.3771165932566804E-009  0.13052163228333627               20
   7521.1354239839438        1.1066349062760855E-009   5.5478617189213033E-009  0.19947052798771880               31
   7457.5238308457710        1.5249987191833005E-009   5.7223491617141384E-009  0.26649871863577174               42
   7394.9792303897384        1.0708621510527623E-009   5.9006215494613213E-009  0.18148294075062707               29
   7333.4750000000004        1.7272201197646612E-009   6.0827214045588185E-009  0.28395515837206703               46
   7272.9853954391074        8.7803513198225915E-010   6.2686911386859234E-009  0.14006674001908437               23
   7213.4855149181903        1.3582734274988865E-009   6.4585730475783714E-009  0.21030549898451151               35
   7154.9512649164681        1.3411428708021046E-009   6.6524093058608960E-009  0.20160257872595616               34
   7097.3593276515148        1.3629967442653216E-009   6.8502419619390447E-009  0.19897059867933609               34
   7040.6871301080319        1.3850272356742836E-009   7.0521129329499543E-009  0.19639890183875938               34
   6984.9128145386767        9.9334189060869858E-010   7.2580639997719911E-009  0.13686044799824085               24
   6930.0152103559867        1.3034753012415504E-009   7.4681368020929539E-009  0.17453821961004382               31
   6875.9738073394492        1.3240450277895538E-009   7.6823728335366469E-009  0.17234844708519806               31
   6822.7687300864818        1.5616751090480277E-009   7.9008134368476678E-009  0.19766004115028413               36
   6770.3807136404694        1.1013448249303443E-009   8.1234997991341088E-009  0.13557516491201707               25
   6718.7910802330789        1.3419874949900303E-009   8.3504729471680046E-009  0.16070796270828644               30
   6667.9817170818505        1.6350204473130479E-009   8.5817737427433200E-009  0.19052243700733876               36
   6617.9350551876378        1.8903766450795538E-009   8.8174428780912060E-009  0.21439057459352448               41
   6568.6340490797547        1.9188596500721231E-009   9.0575208713523418E-009  0.21185263355464132               41
   6520.0621574597653        1.9475556355286792E-009   9.3020480621061910E-009  0.20936847697685504               41
   6472.2033246977544        1.7836387866736882E-009   9.5510646069568385E-009  0.18674764123933524               37
   6425.0419631375908        1.7120860774190560E-009   9.8046104751752335E-009  0.17462050958107611               35
   6378.5629361702131        2.1341859368618903E-009   1.0062725444397699E-008  0.21208826064613268               43
   6332.7515420363325        2.0141164702388007E-009   1.0325449096380356E-008  0.19506332862023992               40
   6287.5934983221478        1.7877575473657092E-009   1.0592820812809281E-008  0.16877067770313628               35
   6243.0749271137029        1.8651548528883532E-009   1.0864879771166234E-008  0.17166824596054853               36
   6199.1823407775018        1.7340220136984038E-009   1.1141664940649611E-008  0.15563401187662193               33
   6155.9026283367557        2.0782156541341773E-009   1.1423215078150500E-008  0.18192913640479710               39
   6113.2230424143554        2.7557459732041761E-009   1.1709568724283578E-008  0.23534137235039626               51
   6071.1311867152690        2.6297319987670315E-009   1.2000764199472573E-008  0.21913037828729329               48
   6029.6150040225266        2.4994406921421023E-009   1.2296839600090074E-008  0.20325878627576746               45
   5988.6627646823808        2.3648253015202220E-009   1.2597832794651593E-008  0.18771683511502138               42
   5948.2630555555552        2.0546206847005128E-009   1.2903781420063374E-008  0.15922624677336034               36
   5908.4047694126921        2.8344257719832702E-009   1.3214722877923994E-008  0.21448998954933460               49
   5869.0770947533283        2.6966693014768120E-009   1.3530694330879351E-008  0.19930014199807566               46
   5830.2695060287824        1.6633753386878374E-009   1.3851732699030848E-008  0.12008427933382063               28
   5791.9717542503868        2.6485568187396101E-009   1.4177874656396528E-008  0.18680915743211765               44
   5754.1738579654511        2.8664303062232959E-009   1.4509156627425006E-008  0.19756009117754020               47
   5716.8660945842867        2.4714591681567917E-009   1.4845614783561793E-008  0.16647738771272588               40
   5680.0389920424404        3.5676456292568022E-009   1.5187285039867906E-008  0.23491003295792706               57
   5643.6833207831323        2.9163661364798701E-009   1.5534203051690534E-008  0.18773838134956605               46
   5607.7900860456411        3.5317396466557207E-009   1.5886404211385401E-008  0.22231208520582704               55
   5572.3505204460971        1.8859519844781422E-009   1.6243923645090669E-008  0.11610199762593229               29
   5537.3560768378275        3.6880144350778840E-009   1.6606796209552208E-008  0.22207862302522524               56
   5502.7984214390599        3.8678557931419074E-009   1.6975056488999727E-008  0.22785525312674967               58
   5468.6694272163440        2.4307967416903521E-009   1.7348738792073967E-008  0.14011374376106800               36
   5434.9611675126907        3.6915636181732465E-009   1.7727877148804120E-008  0.20823495036585757               54
   5401.6659099099097        2.7683056553081323E-009   1.8112505307635937E-008  0.15283946689258165               40
   5368.7761103151861        3.6430257856428324E-009   1.8502656732509507E-008  0.19689203763057278               52
   5336.2844072623711        2.9783850446127982E-009   1.8898364599987187E-008  0.15760014729606908               42
   5304.1836164189672        3.0145443605466024E-009   1.9299661796430870E-008  0.15619674543230022               42
   5272.4667252901863        3.9952548056533821E-009   1.9706580915228732E-008  0.20273708680565453               55
   5241.1268881118885        3.7491284144016791E-009   2.0119154254070910E-008  0.18634622345733445               51
   5210.1574209245746        3.1243313590047147E-009   2.0537413812274179E-008  0.15212876302553047               42
   5179.5517968210088        3.9893394974986861E-009   2.0961391288155047E-008  0.19031844988996505               53
   5149.3036413603577        3.9601882256329342E-009   2.1391118076451189E-008  0.18513236248237913               52
   5119.4067281420766        3.0819827937598820E-009   2.1826625265791190E-008  0.14120290041311448               40
   5089.8549745331065        3.0399278697801276E-009   2.2267943636211704E-008  0.13651587768691201               39
   5060.6424375422012        4.1790161708031705E-009   2.2715103656722539E-008  0.18397521904181977               53
   5031.7633098355154        5.0246941258141203E-009   2.3168135482918963E-008  0.21687952099203872               63
   5003.2119158878504        3.7108168795619462E-009   2.3627068954640985E-008  0.15705785963912561               46
   4974.9827082641887        4.6505165334143259E-009   2.4091933593679487E-008  0.19303209994877241               57
   4947.0702640264026        6.3533686521971141E-009   2.4562758601529079E-008  0.25865859593643542               77
   4919.4692812602561        3.4210296549639440E-009   2.5039572857186960E-008  0.13662492065962004               41
   4892.1745757180161        4.6405374846705927E-009   2.5522404914998168E-008  0.18182210885399730               55
   4865.1810775722170        4.9481113460924557E-009   2.6011283002546351E-008  0.19022942257819672               58
   4838.4838282763076        5.1753789005323437E-009   2.6506235018590187E-008  0.19525137753070490               60
   4812.0779775280898        6.1915947653538899E-009   2.7007288531045173E-008  0.22925643787737462               71
   4785.9587803320564        4.7606399885198463E-009   2.7514470775010273E-008  0.17302313489684298               54
   4760.1215941568753        5.0798191462573205E-009   2.8027808650839533E-008  0.18124210884767697               57
   4734.5618761844598        5.3149833257195553E-009   2.8547328722257986E-008  0.18618145947839704               59
   4709.2751806471879        5.1901057473820315E-009   2.9073057214521980E-008  0.17851943499046863               57
   4684.2571562499998        5.3377228952215055E-009   2.9605020012623487E-008  0.18029789856401102               58
   4659.5035436742310        6.2316779079657120E-009   3.0143242659538100E-008  0.20673548557304428               67
   4635.0101731601735        6.4857050673739432E-009   3.0687750354516643E-008  0.21134508044573469               69
   4610.7729621654871        4.5593533365290161E-009   3.1238567951419683E-008  0.14595269999634569               48
   4586.7879130966949        6.1428815820836322E-009   3.1795719957095358E-008  0.19319837985655741               64
   4563.0511111111109        5.2371206770260003E-009   3.2359230529799851E-008  0.16184317708676965               54
   4539.5587219866748        4.9974952228003881E-009   3.2929123477660109E-008  0.15176520644987124               51
   4516.3069900572464        6.4351094092962490E-009   3.3505422257178873E-008  0.19206173137894009               65
   4493.2922362110312        6.2011444380048125E-009   3.4088149971781794E-008  0.18191495998281298               62
   4470.5108559498958        7.2749108721970612E-009   3.4677329370405823E-008  0.20978867185791950               72
   4447.9593175074187        5.9199204246817490E-009   3.5272982846129370E-008  0.16783157949828342               58
   4425.6341600236201        5.9797972695304973E-009   3.5875132434843492E-008  0.16668362912362819               58
   4403.5319917743827        6.6648004455901874E-009   3.6483799813963864E-008  0.18267835257223650               64
   4381.6494884536687        5.5745535493024926E-009   3.7099006301183438E-008  0.15026153272263434               53
   4359.9833915066902        6.6923765355856521E-009   3.7720772853265552E-008  0.17741886046765559               63
   4338.5305065123011        6.4368802172007823E-009   3.8349120064876980E-008  0.16784948927931631               60
   4317.2877016129032        6.2837008353271369E-009   3.8984068167460864E-008  0.16118638024986839               58
   4296.2519059902552        7.9864333694169609E-009   3.9625637028149314E-008  0.20154712878794978               73
   4275.4201083856242        8.6168096627740808E-009   4.0273846148715207E-008  0.21395546953612646               78
   4254.7893556627878        8.9236668248929970E-009   4.0928714664562982E-008  0.21802949098275279               80
   4234.3567514124297        7.8837462559991992E-009   4.1590261343758532E-008  0.18955750700475740               70
   4214.1194545965700        6.7088458894081024E-009   4.2258504586097171E-008  0.15875729525022705               59
   4194.0746782316728        8.8395039699803061E-009   4.2933462422210071E-008  0.20588844857309968               77
   4174.2196881091622        8.1125413597471669E-009   4.3615152512708910E-008  0.18600281994619355               70
   4154.5518015521066        8.8895199814744826E-009   4.4303592147367970E-008  0.20065009518652765               76
   4135.0683862068963        1.1436156171400301E-008   4.4998798244343594E-008  0.25414359088662641               97
   4115.7668588687538        1.5572971813613786E-008   4.5700787349431294E-008  0.34075937673768714              131
   4096.6446843399835        3.2395105424175119E-009   4.6409575635359530E-008   6.9802632281544152E-002          27
   4077.6993743199127        2.7925025180616520E-009   4.7125178901120041E-008   5.9257122904954780E-002          23
   4058.9284863254807        7.4768130896752736E-009   4.7847612571334828E-008  0.15626303357410523               61
   4040.3296226415096        9.1539305393937783E-009   4.8576891695659273E-008  0.18844208058317891               74
   4021.9004292997047        8.8634991607838023E-009   4.9313030948221061E-008  0.17973949259153271               71
   4003.6385950854701        9.0705213574370248E-009   5.0056044627094717E-008  0.18120731322281233               72
   3985.5418505716566        1.0042962286457601E-008   5.0805946653811664E-008  0.19767296838084089               79
   3967.6079671784014        7.3118426444934180E-009   5.1562750572905209E-008  0.14180474399159745               57
   3949.8347562582344        8.4132731810739008E-009   5.2326469551490488E-008  0.16078426947560528               65
   3932.2200682056664        1.0578373001310460E-008   5.3097116378878915E-008  0.19922688316682952               81
   3914.7617915904934        1.0541169417842159E-008   5.3874703466227063E-008  0.19566083411392141               80
   3897.4578523140926        9.3056062781132073E-009   5.4659242846219423E-008  0.17024762498620746               70
   3880.3062127879884        1.0058628150853864E-008   5.5450746172785228E-008  0.18139752564394809               75
   3863.3048711340207        1.1094439782148186E-008   5.6249224720848386E-008  0.19723720348515503               82
   3846.4518604054401        1.1874303304698766E-008   5.7054689386111274E-008  0.20812142581901966               87
   3829.7452478283085        1.2941885998780105E-008   5.7867150684870911E-008  0.22364823298900907               94
   3813.1831340625795        1.1665771012027237E-008   5.8686618753868341E-008  0.19878076569640990               84
   3796.7636524822697        1.0225986659035496E-008   5.9513103350170330E-008  0.17182748140130771               73
   3780.4849684741489        1.0172951018465221E-008   6.0346613851083197E-008  0.16857534117107087               72
   3764.3452787543947        1.1400412668217968E-008   6.1187159254098845E-008  0.18632034575872664               80
   3748.3428107026757        9.6295431738837682E-009   6.2034748176872217E-008  0.15522821413618396               67
   3732.4758217131475        9.4216906068621735E-009   6.2889388857230462E-008  0.14981367728427133               65
   3716.7425985618647        1.1255770847933872E-008   6.3751089153213137E-008  0.17655809488811794               77
   3701.1414567901234        1.1793103419837108E-008   6.4619856543143227E-008  0.18249968431860386               80
   3685.6707401032704        1.2338276850715803E-008   6.5495698125729146E-008  0.18838301146176911               83
   3670.3288197845250        1.4090532114926027E-008   6.6378620620196875E-008  0.21227515702004107               94
   3655.1140941233843        1.1789685361096949E-008   6.7268630366452181E-008  0.17526275318631479               78
   3640.0249878581835        9.6015491126485949E-009   6.8165733325273120E-008  0.14085594981912600               63
   3625.0599516324064        1.1217651964340067E-008   6.9069935078531758E-008  0.16241005513593895               73
   3610.2174614643545        1.2239674112672517E-008   6.9981240829445374E-008  0.17489935827949110               79
   3595.4960182297914        1.1871496156037073E-008   7.0899655402856849E-008  0.16744081601782679               76
   3580.8941471571907        1.4015756002339685E-008   7.1825183245544090E-008  0.19513707266746441               89
   3566.4103973352367        1.3018492765541118E-008   7.2757828426557368E-008  0.17892910009927168               82
   3552.0433412322277        1.5524753380092382E-008   7.3697594637585984E-008  0.21065481792773075               97
   3537.7915742270475        1.2423264360089402E-008   7.4644485193352147E-008  0.16643244745957228               77
   3523.6537141513868        1.5775923044119402E-008   7.5598503032033050E-008  0.20868036285632183               97
   3509.6284008428938        1.4262855068486164E-008   7.6559650715710752E-008  0.18629728499478765               87
   3495.7142957089554        1.5202865538287844E-008   7.7527930430848816E-008  0.19609533562679154               92
   3481.9100813008131        1.3658035514105306E-008   7.8503343988796549E-008  0.17398030224106742               82
   3468.2144608977324        1.4605514203462319E-008   7.9485892826319610E-008  0.18374976595376552               87
   3454.6261581009448        1.3536218651431370E-008   8.0475578006157602E-008  0.16820281365851941               80
   3441.1439164370981        1.4665682110227968E-008   8.1472400217607487E-008  0.18000797903408863               86
   3427.7664989709583        1.6499024271267386E-008   8.2476359777133521E-008  0.20004549565294613               96
   3414.4926879271070        1.7320367963530153E-008   8.3487456629002761E-008  0.20746072120147949              100
   3401.3212843203992        1.3265626549534349E-008   8.4505690345945795E-008  0.15697909212063818               76
   3388.2511075949369        1.5127137745083199E-008   8.5531060129843460E-008  0.17686133811645630               86
   3375.2809952713351        1.5952624014319092E-008   8.6563564812438084E-008  0.18428797437911085               90
   3362.4098026020638        1.5539156999564769E-008   8.7603202856069596E-008  0.17738115152131265               87
   3349.6364022346370        1.7997581669857903E-008   8.8649972354436312E-008  0.20301846906280790              100
   3336.9596838824577        1.4689012071857533E-008   8.9703871033379837E-008  0.16375003556303142               81
   3324.3785540031049        1.5714008927623328E-008   9.0764896251694264E-008  0.17312870478084200               86
   3311.8919354838708        1.7305534860117647E-008   9.1833045001958807E-008  0.18844561736734874               94
   3299.4987673343608        1.7621267846915979E-008   9.2908313911394320E-008  0.18966298176201105               95
   3287.1980043859649        1.9809048909233982E-008   9.3990699242742892E-008  0.21075541589572180              106
   3274.9886169980336        1.5438451966933112E-008   9.5080196895170503E-008  0.16237294905851515               82
   3262.8695907705701        1.5932698630515858E-008   9.6176802405192793E-008  0.16566051513535884               84
   3250.8399262632834        1.7770566253443046E-008   9.7280510947622774E-008  0.18267344692516033               93
   3238.8986387208297        2.0596743090201888E-008   9.8391317336541525E-008  0.20933496621202843              107
   3227.0447578040903        1.8809239855781984E-008   9.9509216026290391E-008  0.18902007881172103               97
   3215.2773273273274        1.7775179880507272E-008   1.0063420111248551E-007  0.17663159923770624               91
   3203.5954050010687        1.6921256755940498E-008   1.0176626633305354E-007  0.16627569592227928               86
   3191.9980621805794        2.1999217270633300E-008   1.0290540506928888E-007  0.21378096957900955              111
   3180.4843836197751        1.8964725390622958E-008   1.0405161034693179E-007  0.18226268029288772               95
   3169.0534672304439        1.8900713922540253E-008   1.0520487483726796E-007  0.17965625596509746               94
   3157.7044238466401        1.9239338795192281E-008   1.0636519085824774E-007  0.18088002888870319               95
   3146.4363769941224        2.1213138067193311E-008   1.0753255037562680E-007  0.19727178415366084              104
   3135.2484626647147        2.1159372578935469E-008   1.0870694500412593E-007  0.19464600516675704              103
   3124.1398290954567        1.8413594186710998E-008   1.0988836600861147E-007  0.16756636626363164               89
   3113.1096365524404        1.9169398421206448E-008   1.1107680430529525E-007  0.17257787115048109               92
   3102.1570571192051        2.2032877710455641E-008   1.1227225046295352E-007  0.19624508834198376              105
   3091.2812744895855        1.7961862505760701E-008   1.1347469470416531E-007  0.15828958652489220               85
   3080.4814837648992        2.3408035533164738E-008   1.1468412690657042E-007  0.20410876521939722              110
   3069.7568912553756        2.5500487535592468E-008   1.1590053660414488E-007  0.22002044410448837              119
   3059.1067142857141        1.6831190536962767E-008   1.1712391298849570E-007  0.14370413442911512               78
   3048.5301810046776        1.8686455953235257E-008   1.1835424491017391E-007  0.15788581108702543               86
   3038.0265301986219        1.8378313269147910E-008   1.1959152088000498E-007  0.15367572160561643               84
   3027.5950111088669        2.2690870177058678E-008   1.2083572907043776E-007  0.18778278868025597              103
   3017.2348832528182        2.5065114422314752E-008   1.2208685731691059E-007  0.20530559122552591              113
   3006.9454162487464        1.9206881203387480E-008   1.2334489311923453E-007  0.15571687418643795               86
   2996.7258896441422        2.5184508009841986E-008   1.2460982364299430E-007  0.20210692282171355              112
   2986.5755927475593        2.6261555986053657E-008   1.2588163572096521E-007  0.20862102589980783              116
   2976.4938244638602        2.0513606761941090E-008   1.2716031585454773E-007  0.16132082264883307               90
   2966.4798931327923        2.3176510265760332E-008   1.2844585021521762E-007  0.18043798399813538              101
   2956.5331163708088        2.0560515488945893E-008   1.2973822464599255E-007  0.15847692956372655               89
   2946.6528209160606        2.1628903227252147E-008   1.3103742466291492E-007  0.16505897672280317               93
   2936.8383424764888        2.5285594013098529E-008   1.3234343545655002E-007  0.19106043247154561              108
   2927.0890255809413        2.6161377293234359E-008   1.3365624189349955E-007  0.19573629276573826              111
   2917.4042234332424        2.4437315634745854E-008   1.3497582851793141E-007  0.18104956941604830              103
   2907.7832977691560        2.7465230823981649E-008   1.3630217955312322E-007  0.20150250651917995              115
   2898.2256187161638        2.5723430367938827E-008   1.3763527890302135E-007  0.18689561697378265              107
   2888.7305646560030        2.3714910544013576E-008   1.3897511015381495E-007  0.17064142289771439               98
   2879.2975220898961        3.2152173182008939E-008   1.4032165657552347E-007  0.22913193848095786              132
   2869.9258855064140        2.3781533714469254E-008   1.4167490112359893E-007  0.16785989279584498               97
   2860.6150572519082        2.5170440694233323E-008   1.4303482644054219E-007  0.17597421076115588              102
   2851.3644474034622        2.7817753242600819E-008   1.4440141485753257E-007  0.19264183297681678              112
   2842.1734736442927        2.7248012041571825E-008   1.4577464839607161E-007  0.18691872929467560              109
   2833.0415611415610        2.6669167682719837E-008   1.4715450876963919E-007  0.18123241962275641              106
   2823.9681424265259        2.5574742862502955E-008   1.4854097738536354E-007  0.17217298090178687              101
   2814.9526572769955        2.5993662133996403E-008   1.4993403534570405E-007  0.17336732166290741              102
   2805.9945526020219        2.7955182962717828E-008   1.5133366345014657E-007  0.18472547565021463              109
   2797.0932823287926        2.6326659686762288E-008   1.5273984219691085E-007  0.17236275295362813              102
   2788.2483072916666        3.3766803153991563E-008   1.5415255178467078E-007  0.21904796750402802              130
   2779.4590951233081        3.1105406097356614E-008   1.5557177211428624E-007  0.19994248104666404              119
   2770.7251201478743        3.2617020686682397E-008   1.5699748279054730E-007  0.20775505509344538              124
   2762.0458632762115        2.7793101657115599E-008   1.5842966312392946E-007  0.17542864832941557              105
   2753.4208119030127        3.3294639719152680E-008   1.5986829213236021E-007  0.20826293491386619              125
   2744.8494598058965        3.0822670747771173E-008   1.6131334854299788E-007  0.19107328082992106              115
   2736.3313070463673        3.2902732010907092E-008   1.6276481079401979E-007  0.20214892795559952              122
   2727.8658598726115        2.9036699151869871E-008   1.6422265703642266E-007  0.17681299082519333              107
   2719.4526306240928        3.0854956251217280E-008   1.6568686513583317E-007  0.18622451590185990              113
   2711.0911376379090        3.6540366123037543E-008   1.6715741267432807E-007  0.21859853857769951              133
   2702.7809051568697        2.8196030776336937E-008   1.6863427695226593E-007  0.16720225143977210              102
   2694.5214632392594        3.0872313260304604E-008   1.7011743499012789E-007  0.18147647983345247              111
   2686.3123476702508        3.3579770033965789E-008   1.7160686353036800E-007  0.19567847895561255              120
   2678.1530998749331        3.5473924111986417E-008   1.7310253903927415E-007  0.20493012008297556              126
   2670.0432668329177        3.5972996151840581E-008   1.7460443770883745E-007  0.20602566935800073              127
   2661.9824009944946        3.6476158822213240E-008   1.7611253545863109E-007  0.20711846960366717              128
   2653.9700601983004        3.9276973611353371E-008   1.7762680793769850E-007  0.22112075349082175              137
   2646.0058075904676        3.5764288310709143E-008   1.7914723052645001E-007  0.19963628913274639              124
   2638.0892115452307        3.2497395443131891E-008   1.8067377833856752E-007  0.17986780230075497              112
   2630.2198455869452        2.6562367434644760E-008   1.8220642622291921E-007  0.14578172672212567               91
   2622.3972883135061        3.3768389947422290E-008   1.8374514876548068E-007  0.18377840271865831              115
   2614.6211233211234        3.6332649452614645E-008   1.8528992029126513E-007  0.19608540710418465              123
   2606.8909391304346        3.1794173566960046E-008   1.8684071486626144E-007  0.17016726568252522              107
   2599.2063291139239        3.4971465999106995E-008   1.8839750629937879E-007  0.18562594954698880              117
   2591.5668914246198        3.3373950775202861E-008   1.8996026814440025E-007  0.17568911173484611              111
   2583.9722289260471        3.2058239558471217E-008   1.9152897370194303E-007  0.16738062622504404              106
   2576.4219491234103        3.1333775842324098E-008   1.9310359602142482E-007  0.16226407217630281              103
   2568.9156640959727        3.4271082079978574E-008   1.9468410790303920E-007  0.17603430731514563              112
   2561.4529904306219        3.5086622148964105E-008   1.9627048189973523E-007  0.17876667856192510              114
   2554.0335491565857        3.1266384655220159E-008   1.9786269031920547E-007  0.15802061826198316              101
   2546.6569656812776        4.0165973696244253E-008   1.9946070522588013E-007  0.20137286515034689              129
   2539.3228697272575        3.1629695714369593E-008   2.0106449844292598E-007  0.15731119098256907              101
   2532.0308952702703        3.3386996561085032E-008   2.0267404155425299E-007  0.16473247538288124              106
   2524.7806804783559        3.8013986626082505E-008   2.0428930590652598E-007  0.18607918049061303              120
   2517.5718676519987        3.7594796783661173E-008   2.0591026261118154E-007  0.18257854808650836              118
   2510.4041031652991        4.2936537045128106E-008   2.0753688254645130E-007  0.20688629663461369              134
   2503.2770374081497        4.0281132299627679E-008   2.0916913635939021E-007  0.19257684475216960              125
   2496.1903247293922        3.9537929969458305E-008   2.1080699446790870E-007  0.18755511442708411              122
   2489.1436233809368        3.8784351793327466E-008   2.1245042706281182E-007  0.18255718441959506              119
   2482.1365954628250        4.1953490780056301E-008   2.1409940410984233E-007  0.19595332810236282              128
   2475.1689068692208        4.2519633943158208E-008   2.1575389535172723E-007  0.19707469880829576              129
   2468.2402272353038        4.7399163072396974E-008   2.1741387031023010E-007  0.21801351958254833              143
   2461.3502298850576        3.6331987566707344E-008   2.1907929828820769E-007  0.16583943736624143              109
   2454.4985917799245        3.8211031805116348E-008   2.2075014837166979E-007  0.17309629047579023              114
   2447.6849934683214        4.7861552530153321E-008   2.2242638943184304E-007  0.21517928988735974              142
   2440.9091190359877        3.7959832824595378E-008   2.2410799012724010E-007  0.16938188059713183              112
   2434.1706560571615        4.1578352178245831E-008   2.2579491890572977E-007  0.18414210727038083              122
   2427.4692955465589        3.7010568237697616E-008   2.2748714400661241E-007  0.16269301018883872              108
   2420.8047319121447        3.9971271014721431E-008   2.2918463346269904E-007  0.17440641813896723              116
   2414.1766629086810        4.2269900355945296E-008   2.3088735510239102E-007  0.18307585678392813              122
   2407.5847895920333        4.4940305116546035E-008   2.3259527655176567E-007  0.19321245806358522              129
   2401.0288162742272        4.3084380726243620E-008   2.3430836523666244E-007  0.18387896942017573              123
   2394.5084504792330        4.1558393164056243E-008   2.3602658838477357E-007  0.17607504920719871              118
   2388.0234028994741        4.4263152712427110E-008   2.3774991302773442E-007  0.18617526353106867              125
   2381.5733873530348        3.7738741739560214E-008   2.3947830600322007E-007  0.15758730871869778              106
   2375.1581207415625        3.6511073795876738E-008   2.4121173395704015E-007  0.15136524744015714              102
   2368.7773230088496        4.6784755802226363E-008   2.4295016334523840E-007  0.19256935314648885              130
   2362.4307171000787        4.7760103333103616E-008   2.4469356043619301E-007  0.19518332745645620              132
   2356.1180289217227        4.3287486052370371E-008   2.4644189131271779E-007  0.17564986951606182              119
   2349.8389873020851        4.5347668494779417E-008   2.4819512187416706E-007  0.18270974929865996              124
   2343.5933239524702        5.1839893003980508E-008   2.4995321783854034E-007  0.20739838219433118              141
   2337.3807734289726        4.8050056849267355E-008   2.5171614474458762E-007  0.19088984895276775              130
   2331.2010730948678        4.3474628673365561E-008   2.5348386795391857E-007  0.17150846333648703              117
   2325.0539630836047        4.4451904792762821E-008   2.5525635265310960E-007  0.17414612537840513              119
   2318.9391862623761        4.8817341124414389E-008   2.5703356385581321E-007  0.18992593960141019              130
   2312.8564881962661        4.6431982602660821E-008   2.5881546640486751E-007  0.17940188524138209              123
   2306.8056171129579        4.8573282948000887E-008   2.6060202497440836E-007  0.18638873950718871              128
   2300.7863238679970        4.6920434504420354E-008   2.6239320407197698E-007  0.17881726270452350              123
   2294.7983619105939        4.8699460131368165E-008   2.6418896804063408E-007  0.18433570671988792              127
   2288.8414872499620        6.2058879590661629E-008   2.6598928106106790E-007  0.23331346038870515              161
   2282.9154584221747        5.2694918705527746E-008   2.6779410715370844E-007  0.19677400397493408              136
   2277.0200364575421        5.5304965819994276E-008   2.6960341018083509E-007  0.20513451882117795              142
   2271.1549848484847        5.9505832125553884E-008   2.7141715384868903E-007  0.21924123542584742              152
   2265.3200695179085        5.4697206078306756E-008   2.7323530170958341E-007  0.20018352583314206              139
   2259.5150587880617        4.6672494732538241E-008   2.7505781716401162E-007  0.16968248789929261              118
   2253.7397233498723        5.0092477810237776E-008   2.7688466346275681E-007  0.18091459882167008              126
   2247.9938362327534        5.3945226945263706E-008   2.7871580370899968E-007  0.19354922192207871              135
   2242.2771727748691        6.3458234296619715E-008   2.8055120086042519E-007  0.22619127667961869              158
   2236.5895105938525        5.4093081078581062E-008   2.8239081773132827E-007  0.19155396592974988              134
   2230.9306295579700        4.3818863700206803E-008   2.8423461699471940E-007  0.15416441587416105              108
   2225.3003117577196        5.2604384195552606E-008   2.8608256118442592E-007  0.18387833210721530              129
   2219.6983414778615        6.0657329832440781E-008   2.8793461269719511E-007  0.21066355748008225              148
   2214.1245051698670        4.8605724209925413E-008   2.8979073379479406E-007  0.16772697861465780              118
   2208.5785914247826        5.7543804567256091E-008   2.9165088660610801E-007  0.19730371896647941              139
   2203.0603909465021        5.0759404015526049E-008   2.9351503312923545E-007  0.17293630065338611              122
   2197.5696965254360        5.4358507635814332E-008   2.9538313523358498E-007  0.18402711987205486              130
   2192.1063030125770        5.5890488767354824E-008   2.9725515466196546E-007  0.18802193297846334              133
   2186.6700072939461        5.4057127157850383E-008   2.9913105303267738E-007  0.18071385972737886              128
   2181.2606082654247        4.5412786736900449E-008   3.0101079184160048E-007  0.15086763653576185              107
   2175.8779068079548        5.1609043903264784E-008   3.0289433246427774E-007  0.17038629770120037              121
   2170.5217057631044        5.8293499799826916E-008   3.0478163615799987E-007  0.19126316314414482              136
   2165.1918099089989        4.9104533353985314E-008   3.0667266406388419E-007  0.16012034689781204              114
   2159.8880259365992        5.5406023800924613E-008   3.0856737720895194E-007  0.17955891611771205              128
   2154.6101624263333        5.7417729056940931E-008   3.1046573650820303E-007  0.18494063049506224              132
   2149.3580298250645        5.6387348085961786E-008   3.1236770276668638E-007  0.18051593550335329              129
   2144.1314404234017        5.3587871663972291E-008   3.1427323668156840E-007  0.17051363402690639              122
   2138.9302083333332        5.0317738218379133E-008   3.1618229884419765E-007  0.15914154082096088              114
   2133.7541494661923        5.8989181720007282E-008   3.1809484974216622E-007  0.18544525875795012              133
   2128.6030815109343        6.8188564211895386E-008   3.2001084976136809E-007  0.21308203850820545              153
   2123.4768239127357        6.0009393273764848E-008   3.2193025918805239E-007  0.18640494815590153              134
   2118.3751978518935        6.5248679129348606E-008   3.2385303821087445E-007  0.20147619886419724              145
   2113.2980262230367        4.9284969409082100E-008   3.2577914692294306E-007  0.15128337671268915              109
   2108.2451336146273        6.5877222063361002E-008   3.2770854532386265E-007  0.20102381522659685              145
   2103.2163462887611        5.3410599543402667E-008   3.2964119332177264E-007  0.16202647188959476              117
   2098.2114921612542        5.8252515808629214E-008   3.3157705073538215E-007  0.17568319544261260              127
   2093.2304007820135        6.7286552438847097E-008   3.3351607729600016E-007  0.20174905205283206              146
   2088.2729033156870        6.5754173925915895E-008   3.3545823264956146E-007  0.19601299812071210              142
   2083.3388325225851        7.1183788993944535E-008   3.3740347635864974E-007  0.21097526842989106              153
   2078.4280227398781        6.5443654844312889E-008   3.3935176790451359E-007  0.19284901696085269              140
   2073.5403098630518        6.7161526822101119E-008   3.4130306668907964E-007  0.19677973442671684              143
   2068.6755313276290        5.5680963335761351E-008   3.4325733203696084E-007  0.16221347117434859              118
   2063.8335260911467        7.0165217761832881E-008   3.4521452319745831E-007  0.20325105998422688              148
   2059.0141346153846        5.9062594058414059E-008   3.4717459934656222E-007  0.17012360400092416              124
   2054.2171988488421        6.1252911392898490E-008   3.4913751958894202E-007  0.17544064431979342              128
   2049.4425622094614        6.1538648672375958E-008   3.5110324295993706E-007  0.17527223090730004              128
   2044.6900695675897        6.2308059076366988E-008   3.5307172842753760E-007  0.17647422339326366              129
   2039.9595672291780        5.1921848619884305E-008   3.5504293489436519E-007  0.14624104162312779              107
   2035.2509029192124        6.8249835935885581E-008   3.5701682119964197E-007  0.19116700357858102              140
   2030.5639257653752        7.2973037449494514E-008   3.5899334612116110E-007  0.20327128131468469              149
   2025.8984862819300        6.1993288339223411E-008   3.6097246837724416E-007  0.17173965820139953              126
   2021.2544363538295        7.9578068160589964E-008   3.6295414662870127E-007  0.21925102357901310              161
   2016.6316292210413        6.9019393641328416E-008   3.6493833948077854E-007  0.18912617879372934              139
   2012.0299194630873        5.8361504754963051E-008   3.6692500548510318E-007  0.15905567590795464              117
   2007.4491629837953        7.0153349596684831E-008   3.6891410314162247E-007  0.19016174496791644              140
   2002.8892169962587        6.2419073278360290E-008   3.7090559090053549E-007  0.16828830519057611              124
   1998.3499400079988        6.8265326719160275E-008   3.7289942716422105E-007  0.18306632230115208              135
   1993.8311918063314        7.5178634267410244E-008   3.7489557028915680E-007  0.20053220209944064              148
   1989.3328334439284        6.9906112917369954E-008   3.7689397858783421E-007  0.18547951649240399              137
   1984.8547272245762        7.2272179011186514E-008   3.7889461033066734E-007  0.19074480618268347              141
   1980.3967366891268        7.1053286495323506E-008   3.8089742374789272E-007  0.18654178806510399              138
   1975.9587266016347        7.0338428128001444E-008   3.8290237703146692E-007  0.18369807122461668              136
   1971.5405629356833        6.5458884448363014E-008   3.8490942833695380E-007  0.17006308401222017              126
   1967.1421128608924        7.8276117308046315E-008   3.8691853578540734E-007  0.20230645489535243              150
   1962.7632447296060        7.3908224196683533E-008   3.8892965746524725E-007  0.19002979787749302              141
   1958.4038280637576        7.0552074441284074E-008   3.9094275143412821E-007  0.18046651122823473              134
   1954.0637335419110        6.9808124531531821E-008   3.9295777572080240E-007  0.17764790225484858              132
   1949.7428329864724        6.5868308087695462E-008   3.9497468832697331E-007  0.16676589673809039              124
   1945.4409993510708        8.2699914007562454E-008   3.9699344722914631E-007  0.20831556436201756              155
   1941.1581067081067        6.5380388807854138E-008   3.9901401038046831E-007  0.16385487002201390              122
   1936.8940302364647        6.8898177910576796E-008   4.0103633571256397E-007  0.17180033771293582              128
   1932.6486462093862        6.8119934173746736E-008   4.0306038113736118E-007  0.16900677258708732              126
   1928.4218319825036        9.0682165013335906E-008   4.0508610454891302E-007  0.22385898700306145              167
   1924.2134659820283        7.4172325822743614E-008   4.0711346382520958E-007  0.18219079547462183              136
   1920.0234276930960        6.5732125909318972E-008   4.0914241682998360E-007  0.16065830186615318              120
   1915.8515976482618        6.2717770065871402E-008   4.1117292141450966E-007  0.15253380463409619              114
   1911.6978574161460        7.0726301987337603E-008   4.1320493541939442E-007  0.17116519171183636              128
   1907.5620895902266        8.1022376672314465E-008   4.1523841667635944E-007  0.19512254506900317              146
   1903.4441777777777        6.8554238340430373E-008   4.1727332301001830E-007  0.16429096843745378              123
   1899.3440065889508        7.7806705561389646E-008   4.1930961223964429E-007  0.18555907923456205              139
   1895.2614616259957        8.7699238653280698E-008   4.2134724218093005E-007  0.20814005616683712              156
   1891.1964294726217        7.1138835997032923E-008   4.2338617064774284E-007  0.16802352303618442              126
   1887.1487976834949        8.7320842972815766E-008   4.2542635545386734E-007  0.20525489747727846              154
   1883.1184547738694        7.9722745184033717E-008   4.2746775441474307E-007  0.18650002102072974              140
   1879.1052902093518        7.3201035975031460E-008   4.2951032534919584E-007  0.17042904827845137              128
   1875.1091943957967        8.2702541069189925E-008   4.3155402608115752E-007  0.19163890514518567              144
   1871.1300586693296        8.0170822171269744E-008   4.3359881444137945E-007  0.18489631313811739              139
   1867.1677752864973        8.2249098345719722E-008   4.3564464826913919E-007  0.18879859691265305              142
   1863.2222374145431        9.3067951149676232E-008   4.3769148541393683E-007  0.21263367977482889              160
   1859.2933391218060        8.6452066074101963E-008   4.3973928373718451E-007  0.19659846020436755              148
   1855.3809753682388        8.5057241152911357E-008   4.4178800111388717E-007  0.19252954117915191              145
   1851.4850419960474        8.3648357382125977E-008   4.4383759543431741E-007  0.18846613771028534              142
   1847.6054357204487        7.3352126857785224E-008   4.4588802460567738E-007  0.16450795448622876              124
   1843.7420541205413        8.1976288435777346E-008   4.4793924655375620E-007  0.18300760441614833              138
   1839.8947956302934        8.0529921325599847E-008   4.4999121922457876E-007  0.17895887271837960              135
   1836.0635595296424        8.0866348719424571E-008   4.5204390058604291E-007  0.17889047637759756              135
   1832.2482459357047        8.6617042549745923E-008   4.5409724862955390E-007  0.19074557886257285              144
   1828.4487557940961        7.4293191130621117E-008   4.5615122137164338E-007  0.16286965297872499              123
   1824.6649908703591        8.7338494467972114E-008   4.5820577685558560E-007  0.19060976286097525              144
   1820.8968537414967        8.7091312314460058E-008   4.6026087315300317E-007  0.18922162928567807              143
   1817.1442477876105        8.9897583054109733E-008   4.6231646836546282E-007  0.19445031532609255              147
   1813.4070771836439        9.3338853815878820E-008   4.6437252062606186E-007  0.20099995083697117              152
   1809.6852468912230        7.9541377292223801E-008   4.6642898810101282E-007  0.17053266268047176              129
   1805.9786626506025        8.7297814462394034E-008   4.6848582899120943E-007  0.18634035238669316              141
   1802.2872309727065        1.0506260897941468E-007   4.7054300153378974E-007  0.22327950609604408              169
   1798.6108591312695        1.0112303148028234E-007   4.7260046400369182E-007  0.21397150274378993              162
   1794.9494551550713        8.4613334342572720E-008   4.7465817471519384E-007  0.17826161825474243              135
   1791.3029278202678        9.0622055532850815E-008   4.7671609202345462E-007  0.19009648939728296              144
   1787.6711866428145        8.0248685736665443E-008   4.7877417432603494E-007  0.16761281213555559              127
   1784.0541418709831        1.0087662701372741E-007   4.8083238006441903E-007  0.20979582739459551              159
   1780.4517044779666        1.0128525295143932E-007   4.8289066772552267E-007  0.20974779535190841              159
   1776.8637861545756        9.4019632774551232E-008   4.8494899584319130E-007  0.19387530148624654              147
   1773.2902993020230        9.4398946244617080E-008   4.8700732299969205E-007  0.19383475727463911              147
   1769.7311570247934        9.4779023327566006E-008   4.8906560782719541E-007  0.19379613248342514              147
   1766.1862731236008        8.0270905706811954E-008   4.9112380900924665E-007  0.16344331965649145              124
   1762.6555620884290        9.0341932640569534E-008   4.9318188528223046E-007  0.18318177397953303              139
   1759.1389390916559        8.5483146593443365E-008   4.9523979543682461E-007  0.17260960726720928              131
   1755.6363199812602        9.4341519465984470E-008   4.9729749831944579E-007  0.18970841354480919              144
   1752.1476212741088        8.6166687377945157E-008   4.9935495283368402E-007  0.17255598825840418              131
   1748.6727601493233        1.0500005407913510E-007   5.0141211794173027E-007  0.20940868862554551              159
   1745.2116544417279        9.4808945590868344E-008   5.0346895266579569E-007  0.18831140448456377              143
   1741.7642226353707        8.2537715148391615E-008   5.0552541608951629E-007  0.16327114823792793              124
   1738.3303838571262        9.4892784427523468E-008   5.0758146735935470E-007  0.18695084539077902              142
   1734.9100578703703        8.8558344614030060E-008   5.0963706568598853E-007  0.17376747214182228              132
   1731.5031650687306        9.2274877194349223E-008   5.1169217034569096E-007  0.18033279096690069              137
   1728.1096264699102        8.3171018678390841E-008   5.1374674068170237E-007  0.16189108775275013              123
   1724.7293637095847        8.9606910690684106E-008   5.1580073610559041E-007  0.17372389067769869              132
   1721.3622990353697        9.2002299650424932E-008   5.1785411609860337E-007  0.17766065150461602              135
   1718.0083553008596        1.0057181311776882E-007   5.1990684021301261E-007  0.19344198871583076              147
   1714.6674559597345        9.4095801339714518E-008   5.2195886807344667E-007  0.18027436086491391              137
   1711.3395250599383        1.0894171638361691E-007   5.2401015937821417E-007  0.20790000810840420              158
   1708.0244872379217        9.6213519855018250E-008   5.2606067390061826E-007  0.18289434019391196              139
   1704.7222677129535        9.3112292265883596E-008   5.2811037149026352E-007  0.17631218262790785              134
   1701.4327922814982        9.9053137171854449E-008   5.3015921207434829E-007  0.18683658590839211              142
   1698.1559873116573        1.1134006004511496E-007   5.3220715565895370E-007  0.20920436499441455              159
   1694.8917797376753        1.0122505784018959E-007   5.3425416233031836E-007  0.18946985344702699              144
   1691.6400970545085        9.1735387352691015E-008   5.3630019225610762E-007  0.17105231114458228              130
   1688.4008673124576        9.1379350181230415E-008   5.3834520568666692E-007  0.16974117948106321              129
   1685.1740191118606        9.8840464746748832E-008   5.4038916295627544E-007  0.18290608236114150              139
   1681.9594815978455        9.9218630811302098E-008   5.4243202448437855E-007  0.18291440463091516              139
   1678.7571844551462        1.0676280806334269E-007   5.4447375077682069E-007  0.19608439876306299              149
   1675.5670579029734        1.0932750808884996E-007   5.4651430242706382E-007  0.20004509964941034              152
   1672.3890326899475        1.1118740321042325E-007   5.4855364011739590E-007  0.20269194310082064              154
   1669.2230400890869        9.6390090491743032E-008   5.5059172462013189E-007  0.17506636257245814              133
   1666.0690118928533        1.0839513311876969E-007   5.5262851679880407E-007  0.19614466105851211              149
   1662.9268804082537        9.9312082662928605E-008   5.5466397760934348E-007  0.17904909399556374              136
   1659.7965784519986        9.3090096219865519E-008   5.5669806810125017E-007  0.16721828501645641              127
   1656.6780393457118        8.6819097074588635E-008   5.5873074941875413E-007  0.15538628787641681              118
   1653.5711969111969        1.0560870762338418E-007   5.6076198280197063E-007  0.18833071938237866              143
   1650.4759854657564        1.0971165949041166E-007   5.6279172958803907E-007  0.19494184744100643              148
   1647.3923398175623        1.1235498628078300E-007   5.6481995121225749E-007  0.19892177328304106              151
   1644.3201952610793        1.0978778962598323E-007   5.6684660920920507E-007  0.19368165539376817              147
   1641.2594875725392        1.0270120899835354E-007   5.6887166521385675E-007  0.18053493481652833              137
   1638.2101530054645        9.2549776277457196E-008   5.7089508096268572E-007  0.16211345895885612              123
   1635.1721282862441        1.0422253272156637E-007   5.7291681829475854E-007  0.18191564533185894              138
   1632.1453506097562        1.0309336898842058E-007   5.7493683915281883E-007  0.17931251220626385              136
   1629.1297576350396        1.0195368640377947E-007   5.7695510558436414E-007  0.17670991281118231              134
   1626.1252874810154        9.6985141155839517E-008   5.7897157974270899E-007  0.16751278395899682              127
   1623.1318787222524        1.1190634954803012E-007   5.8098622388804186E-007  0.19261446304034033              146
   1620.1494703847816        1.1308803466981989E-007   5.8299900038847074E-007  0.19397637833763995              147
   1617.1780019419571        1.0192196058293928E-007   5.8500987172106054E-007  0.17422263368495230              132
   1614.2174133103597        1.2709523848827212E-007   5.8701880047285875E-007  0.21650965588477514              164
   1611.2676448457487        1.2600539210993436E-007   5.8902574934191376E-007  0.21392170418816714              162
   1608.3286373390558        1.0304663860491850E-007   5.9103068113828019E-007  0.17435074335981762              132
   1605.4003320124236        1.0890745053392897E-007   5.9303355878501971E-007  0.18364466718722228              139
   1602.4826705152875        9.7508952272309685E-008   5.9503434531918837E-007  0.16387113288394123              124
   1599.5755949204995        1.0259904107986382E-007   5.9703300389281342E-007  0.17184818998429044              130
   1596.6790477204943        1.1643715093817324E-007   5.9902949777386620E-007  0.19437632265336005              147
   1593.7929718234982        1.1765418745574358E-007   6.0102379034721771E-007  0.19575629009256609              148
   1590.9173105497771        1.0371883399613610E-007   6.0301584511559128E-007  0.17200018015489191              130
   1588.0520076279267        1.1690495031361202E-007   6.0500562570050228E-007  0.19322952605317395              146
   1585.1970071912015        1.0687955618330144E-007   6.0699309584318839E-007  0.17608034904389239              133
   1582.3522537738836        1.1452267738430171E-007   6.0897821940553173E-007  0.18805709914567337              142
   1579.5176923076924        1.3759714407952144E-007   6.1096096037096899E-007  0.22521429846511620              170
   1576.6932681182286        1.2671839392175264E-007   6.1294128284539608E-007  0.20673822675721970              156
   1573.8789269214615        1.1249829322097950E-007   6.1491915105805770E-007  0.18294810468564826              138
   1571.0746148202495        1.1617273390366590E-007   6.1689452936243452E-007  0.18831863207432128              142
   1568.2802783008997        1.1166087697211202E-007   6.1886738223711159E-007  0.18042779467302819              136
   1565.4958642297649        1.1617822893085100E-007   6.2083767428664762E-007  0.18713140929203698              141
   1562.7213198498748        1.0336093442744239E-007   6.2280537024242548E-007  0.16596024916613900              125
   1559.9565927776043        1.0787673975688657E-007   6.2477043496350065E-007  0.17266620460871962              130
   1557.2016309993767        9.9931184319824569E-008   6.2673283343743329E-007  0.15944782048793155              120
   1554.4563828684020        1.0697009385679772E-007   6.2869253078111951E-007  0.17014691382430239              128
   1551.7207971014493        1.3166852756669081E-007   6.3064949224160218E-007  0.20878242064174773              157
   1548.9948227756536        1.2371629074607743E-007   6.3260368319688297E-007  0.19556682016278060              147
   1546.2784093253558        1.0388174012695748E-007   6.3455506915671877E-007  0.16370799821205331              123
   1543.5715065389763        1.1102666061348817E-007   6.3650361576340978E-007  0.17443209726361883              131
   1540.8740645559210        1.1992074288095757E-007   6.3844928879257991E-007  0.18783127334631200              141
   1538.1860338635197        1.2290067062742559E-007   6.4039205415394455E-007  0.19191473384190580              144
   1535.5073652939971        1.4302835754355399E-007   6.4233187789207423E-007  0.22267049552783658              167
   1532.8380100214747        9.9695362118983654E-008   6.4426872618714290E-007  0.15474189273316491              116
   1530.1779195590036        1.0694175618504357E-007   6.4620256535567214E-007  0.16549262091861622              124
   1527.5270457556303        1.1164039943704006E-007   6.4813336185126090E-007  0.17224911724673761              129
   1524.8853407934894        1.2418557337254143E-007   6.5006108226531326E-007  0.19103677602077529              143
   1522.2527571849294        1.1502967181569820E-007   6.5198569332774791E-007  0.17642974837160072              132
   1519.6292477696675        1.1805053764635868E-007   6.5390716190770563E-007  0.18053103639660195              135
   1517.0147657119724        1.1231553804427629E-007   6.5582545501424396E-007  0.17125827792371509              128
   1514.4092644978784        1.2414867399038738E-007   6.5774053979702556E-007  0.18875022365004118              141
   1511.8126979324256        1.1485683986776815E-007   6.5965238354699235E-007  0.17411722102810528              130
   1509.2250201369311        1.1968377084803958E-007   6.6156095369703577E-007  0.18091117708686477              135
   1506.6461855462860        1.2454175205764822E-007   6.6346621782265654E-007  0.18771378061473212              140
   1504.0761489062813        1.2407510163353345E-007   6.6536814364261189E-007  0.18647586726090348              139
   1501.5148652709606        1.3345550233131397E-007   6.6726669901955773E-007  0.20000324087415960              149
   1498.9622899999999        1.2761931760530924E-007   6.6916185196068178E-007  0.19071517186967171              142
   1496.4183787561146        1.2174109108573487E-007   6.7105357061832468E-007  0.18141784265235297              135
   1493.8830875024914        1.2034496031335782E-007   6.7294182329059396E-007  0.17883412227952683              133
   1491.3563725002487        1.3074018999549399E-007   6.7482657842196814E-007  0.19373894593959268              144
   1488.8381903059199        1.2662786591856525E-007   6.7670780460389378E-007  0.18712340105591954              139
   1486.3284977689639        1.2796992471860215E-007   6.7858547057537209E-007  0.18858335503425463              140
   1483.8272520293012        1.2014732271107196E-007   6.8045954522353590E-007  0.17656791436675737              131
   1481.3344105148731        1.3343546325847074E-007   6.8232999758421809E-007  0.19555854752230964              145
   1478.8499309392266        1.3111416751315793E-007   6.8419679684251431E-007  0.19163224399505230              142
   1476.3737712991235        1.1765775758817903E-007   6.8605991233333059E-007  0.17149778827335646              127
   1473.9058898721730        1.2269981579606663E-007   6.8791931354193007E-007  0.17836367344349582              132
   1471.4462452144890        1.2870629017636008E-007   6.8977497010446107E-007  0.18659170853484072              138
   1468.9947961583694        1.2071428986357637E-007   6.9162685180848709E-007  0.17453673111147860              129
   1466.5515018099991        1.5303911820481133E-007   6.9347492859350096E-007  0.22068442836888677              163
   1464.1163215471772        1.2152007654532844E-007   6.9531917055143170E-007  0.17476877050427850              129
   1461.6892150170650        1.3704632854468776E-007   6.9715954792714191E-007  0.19657814190763986              145
   1459.2701421339564        1.3275965979053893E-007   6.9899603111892142E-007  0.18992906093904888              140
   1456.8590630770725        1.4937367313820465E-007   7.0082859067896613E-007  0.21313866917656815              157
   1454.4559382883756        1.2218511997024192E-007   7.0265719731385082E-007  0.17389008528957881              128
   1452.0607284704058        1.2354627016184151E-007   7.0448182188499337E-007  0.17537183547371990              129
   1449.6733945841393        1.4028847910921702E-007   7.0630243540911189E-007  0.19862380770067381              146
   1447.2938978468669        1.3303781779469290E-007   7.0811900905866981E-007  0.18787494205464877              138
   1444.9221997300945        1.1703235151003156E-007   7.0993151416231559E-007  0.16485019917466828              121
   1442.5582619574632        1.2323852288194409E-007   7.1173992220531250E-007  0.17315106127543317              127
   1440.2020465026903        1.1098581924137152E-007   7.1354420482996097E-007  0.15554161674933603              114
   1437.8535155875300        1.2990678714948328E-007   7.1534433383601024E-007  0.18160035804416377              133
   1435.5126316797548        1.2935087850742947E-007   7.1714028118106503E-007  0.18037039879338573              132
   1433.1793574911560        1.2583990140033867E-007   7.1893201898098137E-007  0.17503727484373963              128
   1430.8536559755632        1.3413989484893892E-007   7.2071951951025467E-007  0.18611941430431916              136
   1428.5354903268847        1.1676412433788618E-007   7.2250275520239938E-007  0.16161062846767454              118
   1426.2248239771645        1.2508465955361916E-007   7.2428169865032362E-007  0.17270167089229305              126
   1423.9216205946614        1.2947343549024732E-007   7.2605632260668627E-007  0.17832423113597026              130
   1421.6258440819424        1.4487947729123043E-007   7.2782659998425903E-007  0.19905768392411571              145
   1419.3374585739987        1.3833027659844793E-007   7.2959250385627036E-007  0.18959936658792617              138
   1417.0564284363775        1.4380408944462074E-007   7.3135400745674380E-007  0.19662719829032466              143
   1414.7827182633318        1.2005408916936408E-007   7.3311108418083179E-007  0.16375975177555918              119
   1412.5162928759894        1.3157273686638731E-007   7.3486370758513460E-007  0.17904372675955629              130
   1410.2571173205381        1.5636286115550207E-007   7.3661185138801877E-007  0.21227307280063859              154
   1408.0051568664287        1.2223124727158282E-007   7.3835548946992085E-007  0.16554525430471834              120
   1405.7603770045953        1.2977487315424774E-007   7.4009459587364873E-007  0.17534903494472120              127
   1403.5227434456929        1.3838988472374766E-007   7.4182914480467250E-007  0.18655223469305246              135
   1401.2922221183510        1.3574567346859436E-007   7.4355911063140490E-007  0.18256204722355401              132
   1399.0687791674445        1.4030406894125927E-007   7.4528446788547773E-007  0.18825572648700192              136
   1396.8523809523811        1.3350519754523318E-007   7.4700519126201163E-007  0.17872057531445765              129
   1394.6429940454038        1.4638699705297991E-007   7.4872125561987284E-007  0.19551601607968888              141
   1392.4405852299117        1.6247282818773841E-007   7.5043263598192364E-007  0.21650554679721051              156
   1390.2451214987943        1.5044897067167894E-007   7.5213930753527118E-007  0.20002806549852298              144
   1388.0565700527827        1.3834679012473139E-007   7.5384124563149906E-007  0.18352244710202495              132
   1385.8748982988166        1.3878270949362484E-007   7.5553842578689928E-007  0.18368716236911650              132
   1383.7000738484262        1.4660215699428027E-007   7.5723082368269207E-007  0.19360299714332818              139
   1381.5320645161291        1.4812064199653114E-007   7.5891841516523680E-007  0.19517334015973420              140
   1379.3708383178430        1.4540119470494800E-007   7.6060117624624465E-007  0.19116614494673664              137
   1377.2163634693127        1.2562820288138464E-007   7.6227908310296959E-007  0.16480604763546244              118
   1375.0686083845519        1.3776866919665197E-007   7.6395211207840216E-007  0.18033678684628490              129
   1372.9275416742994        1.2641431652406581E-007   7.6562023968145512E-007  0.16511360328805036              118
   1370.7931321444901        1.3433081864158200E-007   7.6728344258713710E-007  0.17507326652148711              125
   1368.6653487947408        1.3151484414243628E-007   7.6894169763672114E-007  0.17103357061612903              122
   1366.5441608168476        1.3841148121960399E-007   7.7059498183790742E-007  0.17961638017611498              128
   1364.4295375933007        1.3124798161623624E-007   7.7224327236497575E-007  0.16995678216048754              121
   1362.3214486958102        1.4362307830272720E-007   7.7388654655893419E-007  0.18558673611958157              132
   1360.2198638838474        1.3424446058162279E-007   7.7552478192765675E-007  0.17310144525355156              123
   1358.1247531031984        1.6640782594183657E-007   7.7715795614601588E-007  0.21412355702702365              152
   1356.0360864845304        1.3617227065975148E-007   7.7878604705601011E-007  0.17485196502237541              124
   1353.9538343419745        1.3769297652572151E-007   7.8040903266687869E-007  0.17643693340553174              125
   1351.8779671717173        1.5248024974724035E-007   7.8202689115521500E-007  0.19498082671044159              138
   1349.8084556506078        1.6957297138758833E-007   7.8363960086507059E-007  0.21639152896356231              153
   1347.7452706347779        1.4896994366611645E-007   7.8524714030804843E-007  0.18971090249074488              134
   1345.6883831582727        1.3381405382801334E-007   7.8684948816339941E-007  0.17006308810132331              120
   1343.6377644316960        1.4428952216091857E-007   7.8844662327809847E-007  0.18300480704833358              129
   1341.5933858408664        1.5819282578142831E-007   7.9003852466692499E-007  0.20023431876074824              141
   1339.5552189454870        1.2716473489981642E-007   7.9162517151253170E-007  0.16063755862745877              113
   1337.5232354778263        1.5802829456239361E-007   7.9320654316550420E-007  0.19922716967479764              140
   1335.4974073414112        1.2567426921304595E-007   7.9478261914442266E-007  0.15812407844088655              111
   1333.4777066097322        1.5217480982460528E-007   7.9635337913590240E-007  0.19108955121120388              134
   1331.4641055249601        1.4807915061968597E-007   7.9791880299464467E-007  0.18558172844647178              130
   1329.4565764966740        1.4738418529096124E-007   7.9947887074346532E-007  0.18435031954490952              129
   1327.4550921006021        1.4439107765946753E-007   8.0103356257332740E-007  0.18025596480078801              126
   1325.4596250773720        1.5287206173201046E-007   8.0258285884336267E-007  0.19047511424841676              133
   1323.4701483312731        1.3603892630360929E-007   8.0412674008088801E-007  0.16917597627697964              118
   1321.4866349290312        1.4338562807483378E-007   8.0566518698141250E-007  0.17797173117539933              124
   1319.5090580985916        1.4265593608283724E-007   8.0719818040864347E-007  0.17672975428489912              123
   1317.5373912279160        1.3959338413903759E-007   8.0872570139448012E-007  0.17260906126556591              120
   1315.5716078637879        1.6451277063776448E-007   8.1024773113900416E-007  0.20304008800678897              141
   1313.6116817106301        1.5213139118036959E-007   8.1176425101046406E-007  0.18740834052620597              130
   1311.6575866293315        1.5727994024037253E-007   8.1327524254525267E-007  0.19339078827500528              134
   1309.7092966360856        1.3891261120184008E-007   8.1478068744787592E-007  0.17049079996845992              118
   1307.7667859012388        1.6294009618150305E-007   8.1628056759092019E-007  0.19961285696459288              138
   1305.8300287481488        1.5039725385093429E-007   8.1777486501500902E-007  0.18391034046781810              127
   1303.8989996520529        1.7341012038216655E-007   8.1926356192875658E-007  0.21166585265175794              146
   1301.9736732389472        1.6439332116735582E-007   8.2074664070871525E-007  0.20029728178406200              138
   1300.0540242844752        1.8280081139400391E-007   8.2222408389930944E-007  0.22232480776662572              153
   1298.1400277128259        1.5098609411865957E-007   8.2369587421277850E-007  0.18330320552225637              126
   1296.2316585956416        1.5383466472150605E-007   8.2516199452909981E-007  0.18642965350009341              128
   1294.3288921509368        1.7839468550330001E-007   8.2662242789591097E-007  0.21581157186526717              148
   1292.4317037420244        1.4990494785477039E-007   8.2807715752842605E-007  0.18102775386558648              124
   1290.5400688764528        1.3700769044819149E-007   8.2952616680934708E-007  0.16516379582716700              113
   1288.6539632049519        1.6416124200515114E-007   8.3096943928876863E-007  0.19755388615212813              135
   1286.7733625203880        1.5732403426940392E-007   8.3240695868407567E-007  0.18899894171729681              129
   1284.8982427567289        1.4065975551908755E-007   8.3383870887983544E-007  0.16868940482272338              115
   1283.0285799880169        1.4352339166326277E-007   8.3526467392768672E-007  0.17182983567157104              117
   1281.1643504273504        1.5624406092590351E-007   8.3668483804621880E-007  0.18674183374800504              127
   1279.3055304258769        1.4065843624091087E-007   8.3809918562085077E-007  0.16783029819640416              114
   1277.4520964717913        1.2993003053668426E-007   8.3950770120369793E-007  0.15476931343260908              105
   1275.6040251893455        1.7870644615909236E-007   8.4091036951343738E-007  0.21251545068054570              144
   1273.7612933378655        1.5806550896654209E-007   8.4230717543516948E-007  0.18765779703215651              127
   1271.9238778107765        1.6351535556093977E-007   8.4369810402026693E-007  0.19380789737677528              131
   1270.0917556346383        1.5146931612685999E-007   8.4508314048622942E-007  0.17923599332452683              121
   1268.2649039681869        1.5567225775619303E-007   8.4646227021651793E-007  0.18390926947798084              124
   1266.4433001013856        1.2842162423409211E-007   8.4783547876039927E-007  0.15146998144245438              102
   1264.6269214544841        1.5656919824312713E-007   8.4920275183277323E-007  0.18437198643694347              124
   1262.8157455770852        1.5575235537862888E-007   8.5056407531400324E-007  0.18311654571247873              123
   1261.0097501472196        1.5365898829177029E-007   8.5191943524973320E-007  0.18036798074306923              121
   1259.2089129704302        1.5409880838105543E-007   8.5326881785070739E-007  0.18059819503215152              121
   1257.4132119788608        1.4815333731077053E-007   8.5461220949258044E-007  0.17335738439629297              116
   1255.6226252303568        1.5882282184111719E-007   8.5594959671572087E-007  0.18555160543391860              124
   1253.8371309075701        1.3872380426317234E-007   8.5728096622501538E-007  0.16181836495686377              108
   1252.0567073170732        1.8033894542387516E-007   8.5860630488966382E-007  0.21003682875011012              140
   1250.2813328884811        1.7051709502799644E-007   8.5992559974296555E-007  0.19829284658924509              132
   1248.5109861735798        1.5286454185359339E-007   8.6123883798211095E-007  0.17749378582572536              118
   1246.7456458454628        1.7798128379907958E-007   8.6254600696795910E-007  0.20634410496516395              137
   1244.9852906976744        1.3679503869382039E-007   8.6384709422481169E-007  0.15835561595142691              105
   1243.2298996433608        1.5677898250826616E-007   8.6514208744019040E-007  0.18121761128527308              120
   1241.4794517144278        1.7687407645725304E-007   8.6643097446459471E-007  0.20414098949607751              135
   1239.7339260607064        1.5503670271586388E-007   8.6771374331126995E-007  0.17867263704298442              118
   1237.9933019491245        1.3966216289862769E-007   8.6899038215596006E-007  0.16071773148067148              106
   1236.2575587628867        1.7044382763637519E-007   8.7026087933665973E-007  0.19585371660770601              129
   1234.5266760006589        1.5767233243468672E-007   8.7152522335336452E-007  0.18091539775293186              119
   1232.8006332757627        1.8468796281133476E-007   8.7278340286780788E-007  0.21160801431888326              139
   1231.0794103153746        1.3590565384567419E-007   8.7403540670320540E-007  0.15549216061887000              102
   1229.3629869597310        1.4964673435934275E-007   8.7528122384398445E-007  0.17096988977112654              112
   1227.6513431613432        1.6078319246029594E-007   8.7652084343551216E-007  0.18343339312971529              120
   1225.9444589842153        1.5316966039124272E-007   8.7775425478382222E-007  0.17450175781713084              114
   1224.2423146030708        1.6302720610797576E-007   8.7898144735533605E-007  0.18547286361787174              121
   1222.5448903025854        1.6888453077622172E-007   8.8020241077657210E-007  0.19187010704415219              125
   1220.8521664766249        1.4225666754399591E-007   8.8141713483386269E-007  0.16139539602983746              105
   1219.1641236274909        1.4129229491494170E-007   8.8262560947306236E-007  0.16008179844146470              104
   1217.4807423651721        1.5666902031185194E-007   8.8382782479924297E-007  0.17726192355104742              115
   1215.8020034066024        1.6120027789611908E-007   8.8502377107639797E-007  0.18214231432457623              118
   1214.1278875749231        1.8356311432769376E-007   8.8621343872713609E-007  0.20713194621754386              134
   1212.4583757987543        1.4698045580988575E-007   8.8739681833236722E-007  0.16563103762992692              107
   1210.7934491114702        1.3636551520968518E-007   8.8857390063099363E-007  0.15346558695101148               99
   1209.1330886504800        1.3674028183713392E-007   8.8974467651958896E-007  0.15368485526884001               99
   1207.4772756565169        1.5650564231309732E-007   8.9090913705207296E-007  0.17566958941622088              113
   1205.8259914729306        1.4443536587656902E-007   8.9206727343939175E-007  0.16191084481744769              104
   1204.1792175449871        1.8243095375145422E-007   8.9321907704918121E-007  0.20423987623968923              131
   1202.5369354191737        1.6198344405382561E-007   8.9436453940543780E-007  0.18111568260690450              116
   1200.8991267425092        1.5822491595542030E-007   8.9550365218817531E-007  0.17668818610487583              113
   1199.2657732618609        1.8814098272874462E-007   8.9663640723308574E-007  0.20982973835439664              134
   1197.6368568232663        1.6331165195185722E-007   8.9776279653119442E-007  0.18190957854665640              116
   1196.0123593712599        1.9057762987248317E-007   8.9888281222850725E-007  0.21201610185426034              135
   1194.3922629482072        1.7552428414226392E-007   8.9999644662566108E-007  0.19502775238763848              124
   1192.7765496936420        1.6464528305975235E-007   9.0110369217756033E-007  0.18271513532685579              116
   1191.1652018436109        1.5370544351184656E-007   9.0220454149302471E-007  0.17036651495622615              108
   1189.5582017300214        1.7838080103381931E-007   9.0329898733441636E-007  0.19747702979299339              125
   1187.9555317799968        1.7027703575796376E-007   9.0438702261727855E-007  0.18827894640193454              119
   1186.3571745152356        1.8364898645463298E-007   9.0546864040995909E-007  0.20282202857018244              128
   1184.7631125513753        1.7838902233317035E-007   9.0654383393323761E-007  0.19677925728002668              124
   1183.1733285973637        1.5434640685214846E-007   9.0761259655994644E-007  0.17005758562315648              107
   1181.5878054548321        1.7645636092351752E-007   9.0867492181458900E-007  0.19419085603368577              122
   1180.0065260174763        1.8273057254359857E-007   9.0973080337295261E-007  0.20086224613490028              126
   1178.4294732704402        1.7740347679654692E-007   9.1078023506172066E-007  0.19478186939852166              122
   1176.8566302897073        1.7787798535318137E-007   9.1182321085808177E-007  0.19507946632087511              122
   1175.2879802414930        1.6519592971468476E-007   9.1285972488933016E-007  0.18096529533572331              113
   1173.7235063816458        1.8176052507893064E-007   9.1388977143247216E-007  0.19888670467777636              124
   1172.1631920550517        1.6607787234346477E-007   9.1491334491381751E-007  0.18152306255748066              113
   1170.6070206950410        1.4588896186615771E-007   9.1593043990858321E-007  0.15927952113996618               99
   1169.0549758228046        1.6696216295199408E-007   9.1694105114047301E-007  0.18208603785851868              113
   1167.5070410468104        1.9259004015333111E-007   9.1794517348127882E-007  0.20980560246636443              130
   1165.9632000622278        1.6339263866752212E-007   9.1894280195045413E-007  0.17780501498104301              110
   1164.4234366503536        1.7127163851844310E-007   9.1993393171470610E-007  0.18617819455708326              115
   1162.8877346780450        1.6276476906021922E-007   9.2091855808756725E-007  0.17674176248356419              109
   1161.3560780971566        1.7068035800759425E-007   9.2189667652897888E-007  0.18514044182285225              114
   1159.8284509439802        1.6362455194258845E-007   9.2286828264485499E-007  0.17730000588345679              109
   1158.3048373386910        1.7158076485088909E-007   9.2383337218666233E-007  0.18572696117782250              114
   1156.7852214847971        1.2676031535772373E-007   9.2479194105098144E-007  0.13706900950463166               84
   1155.2695876685934        1.8458764855444599E-007   9.2574398527907489E-007  0.19939384051066794              122
   1153.7579202586207        1.3956223790761944E-007   9.2668950105644615E-007  0.15060302048152641               92
   1152.2502037051272        1.7034677806137630E-007   9.2762848471240194E-007  0.18363685556097376              112
   1150.7464225395363        1.8604159406818123E-007   9.2856093271960588E-007  0.20035475057441332              122
   1149.2465613739171        1.8499859604931613E-007   9.2948684169363313E-007  0.19903304463377575              121
   1147.7506049004594        1.9774437471826306E-007   9.3040620839252056E-007  0.21253552796031913              129
   1146.2585378909537        1.9364882505026224E-007   9.3131902971631806E-007  0.20792963406884118              126
   1144.7703451962732        1.6333475751918243E-007   9.3222530270663018E-007  0.17520953040531623              106
   1143.2860117458622        2.1165097605788884E-007   9.3312502454616054E-007  0.22681952631248797              137
   1141.8055225472274        1.9051550278451038E-007   9.3401819255825422E-007  0.20397408134277645              123
   1140.3288626854317        1.6616250554746112E-007   9.3490480420643442E-007  0.17773200522646060              107
   1138.8560173225953        1.8216196749601281E-007   9.3578485709393873E-007  0.19466223044227621              117
   1137.3869716973975        1.6702318740906275E-007   9.3665834896325102E-007  0.17831815367250387              107
   1135.9217111245832        1.7527933227113618E-007   9.3752527769563324E-007  0.18695958012135910              112
   1134.4602209944751        1.7886929489716998E-007   9.3838564131065367E-007  0.19061384469538692              114
   1133.0024867724867        1.9977975813892598E-007   9.3923943796571461E-007  0.21270375802322156              127
   1131.5484939986411        1.4351739360925904E-007   9.4008666595557452E-007  0.15266400301867616               91
   1130.0982282870930        1.7076578370059102E-007   9.4092732371186690E-007  0.18148668807590432              108
   1128.6516753256533        1.4901070885309541E-007   9.4176140980262588E-007  0.15822554131234262               94
   1127.2088208753196        1.9389229964690331E-007   9.4258892293179927E-007  0.20570186528802686              122
   1125.7696507698085        1.5614802334513139E-007   9.4340986193876198E-007  0.16551451245616422               98
   1124.3341509150914        1.6613151401402277E-007   9.4422422579783547E-007  0.17594498157855210              104
   1122.9023072889354        1.6975845151532807E-007   9.4503201361778923E-007  0.17963248765029197              106
   1121.4741059404460        1.7340225572488461E-007   9.4583322464135804E-007  0.18333280245112499              108
   1120.0495329896137        1.7706295781056519E-007   9.4662785824474108E-007  0.18704600363112001              110
   1118.6285746268657        1.7428556790666255E-007   9.4741591393711622E-007  0.18395887734500371              108
   1117.2112171126182        1.8281732782317754E-007   9.4819739136013019E-007  0.19280513687233147              113
   1115.7974467768349        2.0274435668435249E-007   9.4897229028740950E-007  0.21364623473141511              125
   1114.3872500185860        2.0976205514479574E-007   9.4974061062405356E-007  0.22086246791844116              129
   1112.9806133056134        1.2878384294378108E-007   9.5050235240613674E-007  0.13549029375653085               79
   1111.5775231738969        1.8467513227071010E-007   9.5125751580019694E-007  0.19413789557852959              113
   1110.1779662272256        1.7531055259365680E-007   9.5200610110273319E-007  0.18414855996257803              107
   1108.7819291367705        1.7246719848434112E-007   9.5274810873969643E-007  0.18102077233454941              105
   1107.3893986406620        1.7125454426135365E-007   9.5348353926597889E-007  0.17960933483255589              104
   1106.0003615435696        1.7168497502896430E-007   9.5421239336490123E-007  0.17992322906595293              104
   1104.6148047162860        1.7211594603970305E-007   9.5493467184769897E-007  0.18023845097872157              104
   1103.2327150953117        1.9079766912269757E-007   9.5565037565300978E-007  0.19965216776305117              115
   1101.8540796824464        1.9127541837418258E-007   9.5635950584635323E-007  0.20000367770162836              115
   1100.4788855443801        1.5006816392078805E-007   9.5706206361961396E-007  0.15680086968783344               90
   1099.1071198122893        1.9724747535235474E-007   9.5775805029051985E-007  0.20594708161682695              118
   1097.7387696814353        1.8433345693687630E-007   9.5844746730212239E-007  0.19232504985979643              110
   1096.3738224107665        1.5791377901657459E-007   9.5913031622227216E-007  0.16464267299833646               94
   1095.0122653225217        2.1051426673372965E-007   9.5980659874309196E-007  0.21932988063366843              125
   1093.6540858018386        1.6714166466292780E-007   9.6047631668045842E-007  0.17401955858796495               99
   1092.2992712963637        1.6247907330195643E-007   9.6113947197346524E-007  0.16904838271634534               96
   1090.9478093158662        1.7984874200989250E-007   9.6179606668389649E-007  0.18699259462557308              106
   1089.5996874318528        1.8369583255829948E-007   9.6244610299570082E-007  0.19086350080958253              108
   1088.2548932771890        1.5857370724354378E-007   9.6308958321445874E-007  0.16465104597464317               93
   1086.9134145457183        1.6409329043443381E-007   9.6372650976684254E-007  0.17026956171843133               96
   1085.5752389918887        2.0562261429058039E-007   9.6435688520009059E-007  0.21322252938331701              120
   1084.2403544303797        1.8208082769109048E-007   9.6498071218146685E-007  0.18868856692427835              106
   1082.9087487357319        1.6875313093405242E-007   9.6559799349772454E-007  0.17476541176599916               98
   1081.5804098419799        1.6916789251197477E-007   9.6620873205457378E-007  0.17508420996387741               98
   1080.2553257422887        2.0938329329574938E-007   9.6681293087613266E-007  0.21657063803025967              121
   1078.9334844885914        1.5612147816757849E-007   9.6741059310439854E-007  0.16138078214193233               90
   1077.6148741912293        1.4954806046903630E-007   9.6800172199869386E-007  0.15449152317648263               86
   1076.2994830185969        1.9872297318049815E-007   9.6858632093513439E-007  0.20516805666699736              114
   1074.9872991967873        1.7649166315889902E-007   9.6916439340608293E-007  0.18210704433602573              101
   1073.6783110092401        1.5765350745294319E-007   9.6973594301960230E-007  0.16257364552461101               90
   1072.3725067963944        2.0369301437848407E-007   9.7030097349890906E-007  0.20992766156254206              116
   1071.0698749553412        1.8482604840487154E-007   9.7085948868183304E-007  0.19037363342435451              105
   1069.7704039394805        1.5174932998551031E-007   9.7141149252026362E-007  0.15621529203016385               86
   1068.4740822581796        2.5294001594413086E-007   9.7195698907960660E-007  0.26023786935639209              143
   1067.1808984764345        1.7731007024079096E-007   9.7249598253822913E-007  0.18232473287756831              100
   1065.8908412145347        1.9195869230848868E-007   9.7302847718691614E-007  0.19727962419296588              108
   1064.6038991477274        1.5500747287723237E-007   9.7355447742831345E-007  0.15921807815695260               87
   1063.3200610058877        1.7502800750470193E-007   9.7407398777638097E-007  0.17968656354765863               98
   1062.0393155731897        1.6649885392515626E-007   9.7458701285583813E-007  0.17084041930464852               93
   1060.7616516877786        1.6869480946311795E-007   9.7509355740160777E-007  0.17300371659992245               94
   1059.4870582414476        2.0328092088910373E-007   9.7559362625826669E-007  0.20836638885060699              113
   1058.2155241793153        1.7491738081607035E-007   9.7608722437949161E-007  0.17920261268378662               97
   1056.9470384995063        1.5906905752663104E-007   9.7657435682749554E-007  0.16288473725992927               88
   1055.6815902528347        1.5039094366883902E-007   9.7705502877248437E-007  0.15392269548807455               83
   1054.4191685424873        1.9797456675025140E-007   9.7752924549208766E-007  0.20252546679622982              109
   1053.1597625237125        2.0026896693108626E-007   9.7799701237080959E-007  0.20477462036985639              110
   1051.9033614035088        1.8797280712440116E-007   9.7845833489946945E-007  0.19211120230654910              103
   1050.6499544403168        1.6098153653436478E-007   9.7891321867463860E-007  0.16444924173392966               88
   1049.3995309437132        1.7970238141803128E-007   9.7936166939809137E-007  0.18348929413224338               98
   1048.1520802741068        2.1137748550559438E-007   9.7980369287623290E-007  0.21573452625504158              115
   1046.9075918424362        1.7318913513129232E-007   9.8023929501955193E-007  0.17668046568959253               94
   1045.6660551098710        1.9391560847944731E-007   9.8066848184204678E-007  0.19773818784835862              105
   1044.4274595875140        1.8141742600781250E-007   9.8109125946067938E-007  0.18491391525344991               98
   1043.1917948361056        2.0411449574258764E-007   9.8150763409480141E-007  0.20796017132442673              110
   1041.9590504657306        1.9157790085394130E-007   9.8191761206560293E-007  0.19510588108398425              103
   1040.7292161355274        1.8084467663073479E-007   9.8232119979553931E-007  0.18409933193783853               97
   1039.5022815533980        1.6258401606883834E-007   9.8271840380777877E-007  0.16544313756501097               87
   1038.2782364757220        1.7982630459260596E-007   9.8310923072563595E-007  0.18291589476774173               96
   1037.0570707070708        1.6335161293941525E-007   9.8349368727200563E-007  0.16609319922786342               87
   1035.8387740999240        1.8621953450166287E-007   9.8387178026880647E-007  0.18927215744594819               99
   1034.6233365543899        2.3552032301719587E-007   9.8424351663641093E-007  0.23929070299804611              125
   1033.4107480179248        1.9828431072789047E-007   9.8460890339308371E-007  0.20138382869033408              105
   1032.2009984850572        2.6637611755340451E-007   9.8496794765442504E-007  0.27044140693892132              141
   1030.9940779971112        2.5008402209066133E-007   9.8532065663279003E-007  0.25380978304594992              132
   1029.7899766419346        2.9619961035175598E-007   9.8566703763674273E-007  0.30050676246811575              156
   1028.5886845536265        2.7567899228251343E-007   9.8600709807047895E-007  0.27959128572399805              145
   1027.3901919122686        3.7409589046407963E-007   9.8634084543326902E-007  0.37927648661832603              196
   1026.1944889436572        3.6549388401323773E-007   9.8666828731888616E-007  0.37043238209916435              191
   1025.0015659190371        2.1089169885760272E-007   9.8698943141505030E-007  0.21367168902228925              110
   1023.8114131548391        1.1333795136997610E-007   9.8730428550285745E-007  0.11479536049238397               59
   1022.6240210124164        9.4374494854329673E-008   9.8761285745621769E-007   9.5558187747179502E-002          49
   1021.4393798977853        6.1795595879479172E-008   9.8791515524128593E-007   6.2551521303857688E-002          32
   1020.2574802613667        3.4859512970799058E-008   9.8821118691590440E-007   3.5275367686933061E-002          18
   1019.0783125977293        2.5242036328637498E-008   9.8850096062903211E-007   2.5535672026635908E-002          13
   1017.9018674453348        2.9219479865102131E-008   9.8878448462018355E-007   2.9550908534255623E-002          15
   1016.7281353862850        7.8101157799376812E-009   9.8906176721886028E-007   7.8964894193604522E-003           4
   1015.5571070460704        2.0362642096489895E-007   9.8933281684399065E-007  0.20582196152602616              104
   1014.3887730933207        1.8447115796487789E-007   9.8959764200336329E-007  0.18641026426804172               94
   1013.2231242395566        1.7506096134691947E-007   9.8985625129306372E-007  0.17685493334838748               89
   1012.0601512389441        1.6363452115925242E-007   9.9010865339690778E-007  0.16526925665970901               83
   1010.8998448880496        2.1341108995790626E-007   9.9035485708588206E-007  0.21548951714728609              108
   1009.7421960255979        1.8815340530995497E-007   9.9059487121757674E-007  0.18993981371889063               95
   1008.5871955322299        1.8064418246774447E-007   9.9082870473562254E-007  0.18231625870785079               91
   1007.4348343302642        1.9299555005869642E-007   9.9105636666912959E-007  0.19473720824511812               97
   1006.2851033834586        1.6751229434842550E-007   9.9127786613211968E-007  0.16898621473517203               84
   1005.1379936967746        1.6589610967657431E-007   9.9149321232297038E-007  0.16731946080386789               83
   1003.9934963161420        1.8630762847083192E-007   9.9170241452384778E-007  0.18786646653500885               93
   1002.8516023282264        1.8070852961956889E-007   9.9190548210014467E-007  0.18218321491374134               90
   1001.7123028601978        1.6502028207119380E-007   9.9210242449992044E-007  0.16633391673684700               82
   1000.5755890795007        1.7951456389755336E-007   9.9229325125333695E-007  0.18090878242980460               89
   999.44145219362576        2.0418138528691342E-007   9.9247797197210102E-007  0.20572888371637638              101
   998.30988344988350        2.0059215373083668E-007   9.9265659634890085E-007  0.20207607995417196               99
   997.18087413517833        2.0713895438058064E-007   9.9282913415684706E-007  0.20863504832227944              102
   996.05441557578581        1.7911255548879757E-007   9.9299559524891129E-007  0.18037598187321258               88
   994.93049913712991        2.0807704501546909E-007   9.9315598955737244E-007  0.20951094007720217              102
   993.80911622356291        1.7992280284316557E-007   9.9331032709324579E-007  0.18113453362523588               88
   992.69025827814573        1.7827942343839665E-007   9.9345861794573581E-007  0.17945329600848511               87
   991.57391678243039        1.6225062975347934E-007   9.9360087228167624E-007  0.16329557901946251               79
   990.46008325624427        1.7702474774207029E-007   9.9373710034496499E-007  0.17814042333794128               86
   989.34874925747476        1.5885518521032165E-007   9.9386731245601663E-007  0.15983540581263633               77
   988.23990638185649        1.5921186836021128E-007   9.9399151901120050E-007  0.16017427243100779               77
   987.13354626275930        2.0308775645174735E-007   9.9410973048228455E-007  0.20429108600840365               98
   986.02966057097751        1.9315790155776095E-007   9.9422195741588499E-007  0.19428046234243709               93
   984.92824101452129        1.8734530644477349E-007   9.9432821043290330E-007  0.18841395072478984               90
   983.82927933840904        1.8359154381345852E-007   9.9442850022798273E-007  0.18462015496475445               88
   982.73276732446072        1.8597210078519500E-007   9.9452283756894198E-007  0.18699630994879302               89
   981.63869679109359        1.9889561628168339E-007   9.9461123329623448E-007  0.19997322534004039               95
   980.54705959311832        1.9494541180103301E-007   9.9469369832238920E-007  0.19598536929490976               93
   979.45784762153687        2.1850914588618748E-007   9.9477024363145940E-007  0.21965790320437081              104
   978.37105280334185        2.3749237539370613E-007   9.9484088027847611E-007  0.23872398099204287              113
   977.28666710131699        2.6982034568926708E-007   9.9490561938889119E-007  0.27120195165346533              128
   976.20468251383909        2.3871496056594627E-007   9.9496447215803293E-007  0.23992310001600792              113
   975.12509107468122        3.0693757364521555E-007   9.9501744985055987E-007  0.30847456362832032              145
   974.04788485281699        3.1428343805293581E-007   9.9506456379990287E-007  0.31584225736344779              148
   972.97305595222645        4.5779136194923942E-007   9.9510582540772573E-007  0.46004289218352040              215
   971.90059651170327        1.9831315270158101E-007   9.9514124614338248E-007  0.19928141203083802               93
   970.83049870466323        1.3027032033018282E-007   9.9517083754335639E-007  0.13090246962196314               61
   969.76275473895328        1.2423263101499726E-007   9.9519461121073338E-007  0.12483249970963808               58
   968.69735685666274        7.3012547054987623E-008   9.9521257881464655E-007   7.3363770323270655E-002          34
   967.63429733393582        4.5190945488838361E-008   9.9522475208973469E-007   4.5407778890093065E-002          21
   966.57356848078416        3.4515102971440972E-008   9.9523114283560426E-007   3.4680489271166522E-002          16
   965.51516264090174        2.8130512685136578E-008   9.9523176291628110E-007   2.8265288280899567E-002          13
   964.45907219148114        1.5185295020037218E-008   9.9522662425967895E-007   1.5258127797106644E-002           7
   963.40528954302977        1.2618832070832303E-007   9.9521573885704841E-007  0.12679494081679568               58
   962.35380713918846        1.7879435509034069E-007   9.9519911876244908E-007  0.17965686636929021               82
   961.30461745655100        2.0540702145916240E-007   9.9517677609220552E-007  0.20640254715925058               94
   960.25771300448434        2.0366520016162678E-007   9.9514872302436854E-007  0.20465805306232560               93
   959.21308632495038        1.7330361166682470E-007   9.9511497179818710E-007  0.17415436062997081               79
   958.17072999232937        1.9966756983912982E-007   9.9507553471356532E-007  0.20065569182806264               91
   957.13063661324304        1.5602027147246460E-007   9.9503042413053078E-007  0.15679949847643798               71
   956.09279882638089        2.3352255957349206E-007   9.9497965246870662E-007  0.23470083935293001              106
   955.05720930232553        2.6705402672387520E-007   9.9492323220676963E-007  0.26841671606314926              121
   954.02386074338085        2.6546111636084326E-007   9.9486117588192634E-007  0.26683232072607194              120
   952.99274588340006        3.1726462086509757E-007   9.9479349608938263E-007  0.31892510567498844              143
   951.96385748761588        3.0009512370776753E-007   9.9472020548181278E-007  0.30168797422025867              135
   950.93718835247103        3.0289049515698467E-007   9.9464131676882843E-007  0.30452233388107042              136
   949.91273130544994        3.6622261075954259E-007   9.9455684271645976E-007  0.36822692784383138              164
   948.89047920491237        1.9455091727083944E-007   9.9446679614662205E-007  0.19563339673550575               87
   947.87042493992669        1.1876252868906744E-007   9.9437118993659456E-007  0.11943480451866295               53
   946.85256143010554        1.0317556845357225E-007   9.9427003701849560E-007  0.10377016767292260               46
   945.83688162544172        8.2870481664621727E-008   9.9416335037876114E-007   8.3357007309763864E-002          37
   944.82337850614556        1.2361157001722956E-007   9.9405114305762265E-007  0.12435131821991588               55
   943.81204508248334        7.4089032513922781E-008   9.9393342814858467E-007   7.4541242316328554E-002          33
   942.80287439461597        9.2213389851229798E-008   9.9381021879791089E-007   9.2787725570752239E-002          41
   941.79585951244030        8.5660179405147216E-008   9.9368152820409981E-007   8.6204862396871307E-002          38
   940.79099353542961        2.3392006230031636E-007   9.9354736961737445E-007  0.23543926485397615              103
   939.78826959247647        3.5099394878777793E-007   9.9340775633915587E-007  0.35332314102442575              154
   938.78768084173612        4.1380394042270815E-007   9.9326270172156534E-007  0.41661077145601610              181
   937.78922047047047        3.3237736323800480E-007   9.9311221916689348E-007  0.33468258352196195              145
   936.79288169489405        1.6298889122723864E-007   9.9295632212710070E-007  0.16414507626889926               71
   935.79865776001998        1.0115004951353579E-007   9.9279502410329884E-007  0.10188412215794031               44
   934.80654193950738        7.6090871451613891E-008   9.9262833864524674E-007   7.6655953179277342E-002          33
   933.81652753550964        6.4703694804398017E-008   9.9245627935083674E-007   6.5195511530966935E-002          28
   932.82860787852383        6.2545478518351231E-008   9.9227885986559152E-007   6.3032158648248626E-002          27
   931.84277632724104        3.7152434131937822E-008   9.9209609388215444E-007   3.7448422951205526E-002          16
   930.85902626839720        1.3971851481122011E-008   9.9190799513979101E-007   1.4085834119275284E-002           6
   929.87735111662528        1.8673510775519664E-008   9.9171457742387647E-007   1.8829521316533267E-002           8
   928.89774431430874        1.0999387100206922E-007   9.9151585456540092E-007  0.11093506018648738               47
   927.92019933143490        2.0872681079035555E-007   9.9131184044046635E-007  0.21055615627229132               89
   926.94470966545055        1.9271507142307370E-007   9.9110254896978481E-007  0.19444513751215153               82
   925.97126884111685        1.7192432394471094E-007   9.9088799411818521E-007  0.17350530530719618               73
   924.99987041036718        2.1240691626088127E-007   9.9066818989410809E-007  0.21440772846818199               90
   924.03050795216370        2.1285280476555318E-007   9.9044315034911872E-007  0.21490663516681927               90
   923.06317507235667        1.6589934727980194E-007   9.9021288957740788E-007  0.16753907066449381               70
   922.09786540354332        2.0662111818486620E-007   9.8997742171530068E-007  0.20871296016717303               87
   921.13457260492839        1.8801409728512658E-007   9.8973676094076516E-007  0.18996374056715373               79
   920.17329036218541        2.0271653207820427E-007   9.8949092147291629E-007  0.20486952197241853               85
   919.21401238731835        1.8402081138491285E-007   9.8923991757154040E-007  0.18602242804421074               77
   918.25673241852485        1.7003549678687990E-007   9.8898376353659330E-007  0.17192951295664868               71
   917.30144422005992        1.9678826015550574E-007   9.8872247370772043E-007  0.19903285844969978               82
   916.34814158210054        2.2124644886432256E-007   9.8845606246377469E-007  0.22383033223839516               92
   915.39681832061069        1.9037844811240360E-007   9.8818454422232727E-007  0.19265475181280634               79
   914.44746827720837        1.9318880293983490E-007   9.8790793343919164E-007  0.19555344825229729               80
   913.50008531903222        1.8633010508162874E-007   9.8762624460793841E-007  0.18866459462668175               77
   912.55466333860954        1.4791817696887521E-007   9.8733949225941925E-007  0.14981490979397627               61
   911.61119625372498        1.7981333956638495E-007   9.8704769096128565E-007  0.18217289925602759               74
   910.66967800729037        1.8749015176394554E-007   9.8675085531751935E-007  0.19000758981213597               77
   909.73010256721489        1.5859800269923481E-007   9.8644899996795068E-007  0.16077668759802849               65
   908.79246392627624        1.6626045582724958E-007   9.8614213958778755E-007  0.16859684740452052               68
   907.85675610199257        1.8130365034846824E-007   9.8583028888714284E-007  0.18390959619746858               74
   906.92297313649567        1.6694660615717813E-007   9.8551346261056978E-007  0.16940063478681047               68
   905.99110909640376        1.7959096199774285E-007   9.8519167553658636E-007  0.18229037704762205               73
   905.06115807269657        1.6763416943067261E-007   9.8486494247720648E-007  0.17021031229827974               68
   904.13311418058993        1.8527038336903354E-007   9.8453327827748341E-007  0.18818092537529896               75
   903.20697155941195        1.8069984753359579E-007   9.8419669781503482E-007  0.18360135523189455               73
   902.28272437247938        1.9595271948820504E-007   9.8385521599958536E-007  0.19916824782914769               79
   901.36036680697532        1.5907156217257371E-007   9.8350884777250696E-007  0.16173882170236273               64
   900.43989307382708        1.7184983658431160E-007   9.8315760810635444E-007  0.17479378196066556               69
   899.52129740758517        1.7469667035115639E-007   9.8280151200440808E-007  0.17775376636821133               70
   898.60457406630303        1.9255861944152010E-007   9.8244057450022009E-007  0.19600027160877093               77
   897.68971733141689        1.3782235820319220E-007   9.8207481065715419E-007  0.14033794239256431               55
   896.77672150762783        1.5567989321996555E-007   9.8170423556793482E-007  0.15858125857010461               62
   895.86558092278267        1.6857710377587526E-007   9.8132886435419627E-007  0.17178451577169734               67
   894.95628992775687        1.8908936448654475E-007   9.8094871216602957E-007  0.19276172356556456               75
   894.04884289633787        1.9452602953327072E-007   9.8056379418153222E-007  0.19838181940588562               77
   893.14323422510870        1.8985783589096385E-007   9.8017412560636230E-007  0.19369806948690127               75
   892.23945833333335        1.9277922473733175E-007   9.7977972167329436E-007  0.19675772061101465               76
   891.33750966284117        1.9571127544072899E-007   9.7938059764177052E-007  0.19983168536519710               77
   890.43738267791377        1.8082608018642987E-007   9.7897676879746169E-007  0.18470926578630648               71
   889.53907186517119        1.6843151941503242E-007   9.7856825045182311E-007  0.17212035985968732               66
   888.64257173345982        1.8155725464755866E-007   9.7815505794165599E-007  0.18561193664899292               71
   887.74787681374005        1.7423649108922273E-007   9.7773720662867002E-007  0.17820380559108162               68
   886.85498165897525        1.9769468504050596E-007   9.7731471189904590E-007  0.20228354554937603               77
   885.96388084402156        1.6722099805235866E-007   9.7688758916299952E-007  0.17117731856500926               65
   885.07456896551719        1.4693478417241977E-007   9.7645585385435061E-007  0.15047765200282853               57
   884.18704064177427        1.5497885505411435E-007   9.7601952143008673E-007  0.15878663454091133               60
   883.30129051266942        1.9670044870025176E-007   9.7557860736994273E-007  0.20162439726977560               76
   882.41731323953616        1.5041440871821253E-007   9.7513312717595837E-007  0.15425012700965388               58
   881.53510350505758        1.9489088586463630E-007   9.7468309637206351E-007  0.19995307868788673               75
   880.65465601316021        2.1611071962312419E-007   9.7422853050364502E-007  0.22182754133817231               83
   879.77596548890710        1.8001736160363954E-007   9.7376944513712904E-007  0.18486651281021554               69
   878.89902667839340        1.8037677255353203E-007   9.7330585585955318E-007  0.18532383368251323               69
   878.02383434864100        1.6240095072326976E-007   9.7283777827814853E-007  0.16693528391825771               62
   877.15038328749483        1.8109666974492785E-007   9.7236522801992398E-007  0.18624346544528753               69
   876.27866830351923        2.0249566682543763E-007   9.7188822073124185E-007  0.20835283575417893               77
   875.40868422589494        1.4492739182921646E-007   9.7140677207741323E-007  0.14919331015088591               55
   874.54042590431743        2.3234449175322141E-007   9.7092089774227084E-007  0.23930321439522340               88
   873.67388820889437        1.5079454524300416E-007   9.7043061342776650E-007  0.15538931187503027               57
   872.80906603004541        1.2458588705967055E-007   9.6993593485355884E-007  0.12844754234049546               47
   871.94595427840147        1.5404881002632071E-007   9.6943687775660078E-007  0.15890545693166644               58
   871.08454788470476        1.9693394833735957E-007   9.6893345789073590E-007  0.20324816604647303               74
   870.22484179970968        1.9199018685077135E-007   9.6842569102629236E-007  0.19824978687555173               72
   869.36683099408424        1.4160520752380839E-007   9.6791359294967708E-007  0.14629943060544517               53
   868.51051045831161        1.6330112106639963E-007   9.6739717946297495E-007  0.16880462806088803               61
   867.65587520259317        2.1995220334263404E-007   9.6687646638354793E-007  0.22748738953729145               82
   866.80292025675124        1.8544616105840682E-007   9.6635146954363676E-007  0.19190342944889863               69
   865.95164067013286        1.8850386076296739E-007   9.6582220478996199E-007  0.19517449467209283               70
   865.10203151151381        1.5109943885609990E-007   9.6528868798333223E-007  0.15653290123162508               56
   864.25408786900368        1.9465210285967787E-007   9.6475093499824374E-007  0.20176409868940134               72
   863.40780484995105        1.9503387263312929E-007   9.6420896172249625E-007  0.20227344940324349               72
   862.56317758084936        1.5199023499415325E-007   9.6366278405679639E-007  0.15772139124674886               56
   861.72020120724346        2.2299277508782058E-007   9.6311241791436845E-007  0.23153348554129757               82
   860.87887089363653        1.7983297387029679E-007   9.6255787922057616E-007  0.18682821859597176               66
   860.03918182339783        1.8018430088236282E-007   9.6199918391252295E-007  0.18730192696166303               66
   859.20112919867017        1.9147754472533427E-007   9.6143634793868302E-007  0.19915779670267472               70
   858.36470824027947        1.8088798344629667E-007   9.6086938725850768E-007  0.18825449727605012               66
   857.52991418764304        1.9222460196775015E-007   9.6029831784205268E-007  0.20017175745940100               70
   856.69674229867974        1.6783598910900918E-007   9.5972315566959408E-007  0.17487958701164280               61
   855.86518784972020        1.7367580233980619E-007   9.5914391673125446E-007  0.18107376725245805               63
   855.03524613541731        1.7677523658993569E-007   9.5856061702662944E-007  0.18441737898462476               64
   854.20691246865738        1.7988571710085876E-007   9.5797327256440728E-007  0.18777738612615053               65
   853.38018218047250        1.6082456134057102E-007   9.5738189936200602E-007  0.16798370790981490               58
   852.55505061995223        1.7502705062943828E-007   9.5678651344519584E-007  0.18293218828848357               63
   851.73151315415646        1.8928359203775331E-007   9.5618713084773700E-007  0.19795664042240158               68
   850.90956516802908        1.1713642556682637E-007   9.5558376761100308E-007  0.12258101229541815               42
   850.08920206431128        1.6766087914727255E-007   9.5497643978363056E-007  0.17556546126442613               60
   849.27041926345612        1.7358379646897181E-007   9.5436516342114274E-007  0.18188404514548764               62
   848.45321220354333        1.7391833988711404E-007   9.5374995458559455E-007  0.18235213438377751               62
   847.63757634019453        2.1922177450186194E-007   9.5313082934521183E-007  0.23000176654915713               78
   846.82350714648885        2.0274781114156016E-007   9.5250780377402921E-007  0.21285685045123220               72
   846.01100011287951        1.7774525581658286E-007   9.5188089395154335E-007  0.18673056360939125               63
   845.20005074711025        1.9504712358953272E-007   9.5125011596234758E-007  0.20504294329805167               69
   844.39065457413244        2.2374314761048960E-007   9.5061548589578383E-007  0.23536661345218041               79
   843.58280713602346        1.4188093856803256E-007   9.4997701984558915E-007  0.14935196915720564               50
   842.77650399190372        1.7626916171863350E-007   9.4933473390955145E-007  0.18567651158482490               62
   841.97174071785651        1.3672744388200688E-007   9.4868864418915422E-007  0.14412256826249675               48
   841.16851290684622        1.4269655138002915E-007   9.4803876678923807E-007  0.15051763322222089               50
   840.36681616863825        1.8300024548084165E-007   9.4738511781764952E-007  0.19316352140129894               64
   839.56664612971883        1.4037676007773811E-007   9.4672771338490217E-007  0.14827574823582507               49
   838.76799843321578        2.0379059253112728E-007   9.4606656960383475E-007  0.21540830114784054               71
   837.97086873881938        1.6104219194692381E-007   9.4540170258926972E-007  0.17034260833872084               56
   837.17525272270314        2.3049776113944482E-007   9.4473312845768243E-007  0.24398187614712141               80
   836.38114607744672        1.9340861829903243E-007   9.4406086332685700E-007  0.20486880222686410               67
   835.58854451195714        1.4460873857091487E-007   9.4338492331555544E-007  0.15328709946167360               50
   834.79744375139228        1.7096187757647236E-007   9.4270532454318903E-007  0.18135240474993192               59
   834.00783953708344        1.7999519504487365E-007   9.4202208312948286E-007  0.19107322245240077               62
   833.21972762645919        2.0651364355857039E-007   9.4133521519414603E-007  0.21938374367092800               71
   832.43310379296940        1.5444955894025903E-007   9.4064473685655266E-007  0.16419542138342122               53
   831.64796382600980        1.7517885423911905E-007   9.3995066423540398E-007  0.18637026484960997               60
   830.86430353084643        1.4918304343619072E-007   9.3925301344841392E-007  0.15883158350322846               51
   830.08211872854133        2.0807778675332274E-007   9.3855180061198434E-007  0.22170090837569675               71
   829.30140525587831        1.4974587288282552E-007   9.3784704184088509E-007  0.15966982482441031               51
   828.52215896528855        1.7061972019212168E-007   9.3713875324793392E-007  0.18206452310374333               58
   827.74437572477768        1.7094051368929053E-007   9.3642695094367896E-007  0.18254548688183975               58
   826.96805141785285        1.5354489035770007E-007   9.3571165103608859E-007  0.16409423799274478               52
   826.19318194344930        2.2187457485164473E-007   9.3499286963022831E-007  0.23730082020774326               75
   825.41976321585901        1.8079632443038799E-007   9.3427062282796205E-007  0.19351601132778001               61
   824.64779116465866        2.1676808865138620E-007   9.3354492672763048E-007  0.23219888239468747               73
   823.87726173463784        1.7552398328421650E-007   9.3281579742374720E-007  0.18816574908891878               59
   823.10817088572844        1.6094942231941000E-007   9.3208325100669183E-007  0.17267708881752503               54
   822.34051459293391        1.8513895284430445E-007   9.3134730356240822E-007  0.19878615865010507               62
   821.57428884625926        1.8249276195290412E-007   9.3060797117209385E-007  0.19610057898285121               61
   820.80948965064067        1.9182478696658577E-007   9.2986526991190635E-007  0.20629309769226986               64
   820.04611302587671        1.5014225825862571E-007   9.2911921585265551E-007  0.16159633306134963               50
   819.28415500655876        2.0156502631871828E-007   9.2836982505951422E-007  0.21711716697146713               67
   818.52361164200295        1.2658911244342128E-007   9.2761711359171408E-007  0.13646698685114905               42
   817.76447899618108        1.6607937167272681E-007   9.2686109750225484E-007  0.17918474744520474               55
   817.00675314765351        1.8151371521433511E-007   9.2610179283760807E-007  0.19599758538224052               60
   816.25043018950123        1.9397359545296064E-007   9.2533921563743434E-007  0.20962431092833228               64
   815.49550622925847        1.7307773354175933E-007   9.2457338193428000E-007  0.18719740036173996               57
   814.74197738884664        1.7644010042499960E-007   9.2380430775329976E-007  0.19099293967799683               58
   813.98983980450714        1.7981401225499796E-007   9.2303200911196829E-007  0.19480799200885096               59
   813.23908962673613        1.5877288666693198E-007   9.2225650201979264E-007  0.17215697186109352               52
   812.48972302021787        1.6824277573779975E-007   9.2147780247803197E-007  0.18257930390223442               55
   811.74173616376038        1.9613437240248256E-007   9.2069592647941416E-007  0.21302839163464890               64
   810.99512525022999        1.4430150434763608E-007   9.1991089000786151E-007  0.15686465495196267               47
