       3.0000000E+10                 4.5644192E-17
       3.2102800E+10                 5.9844328E-17
       3.4353000E+10                 7.8471787E-17
       3.6760900E+10                 1.0289753E-16
       3.9337500E+10                 1.3495789E-16
       4.2094800E+10                 1.7696715E-16
       4.5045300E+10                 2.3193136E-16
       4.8202700E+10                 3.0412691E-16
       5.1581400E+10                 3.9883641E-16
       5.5196800E+10                 5.2297754E-16
       5.9065700E+10                 6.8585775E-16
       6.3205800E+10                 8.9930001E-16
       6.7636100E+10                 1.1791521E-15
       7.2376900E+10                 1.5457898E-15
       7.7450000E+10                 2.0275127E-15
       8.2878700E+10                 2.6589094E-15
       8.8687900E+10                 3.4865170E-15
       9.4904300E+10                 4.5707080E-15
       1.0155600E+11                 5.9944949E-15
       1.0867500E+11                 7.8597563E-15
       1.1629200E+11                 1.0306104E-14
       1.2444300E+11                 1.3508367E-14
       1.3316600E+11                 1.7721870E-14
       1.4250000E+11                 2.3243446E-14
       1.5248800E+11                 3.0475579E-14
       1.6317600E+11                 3.9959107E-14
       1.7461400E+11                 5.2398375E-14
       1.8685300E+11                 6.8711552E-14
       1.9995000E+11                 9.0106088E-14
       2.1396500E+11                 1.1816676E-13
       2.2896300E+11                 1.5495631E-13
       2.4501100E+11                 2.0325438E-13
       2.6218500E+11                 2.6664560E-13
       2.8056200E+11                 3.4965791E-13
       3.0022700E+11                 4.5883167E-13
       3.2127100E+11                 6.0196501E-13
       3.4379000E+11                 7.9000047E-13
       3.6788700E+11                 1.0371508E-12
       3.9367300E+11                 1.3621565E-12
       4.2126700E+11                 1.7910534E-12
       4.5079500E+11                 2.3620775E-12
       4.8239200E+11                 3.1267970E-12
       5.1620500E+11                 4.1745129E-12
       5.5238700E+11                 5.6523836E-12
       5.9110500E+11                 7.8132191E-12
       6.3253800E+11                 1.1085916E-11
       6.7687400E+11                 1.6174823E-11
       7.2431800E+11                 2.4211923E-11
       7.7508700E+11                 3.6852434E-11
       8.2941500E+11                 5.6486103E-11
       8.8755100E+11                 8.6345378E-11
       8.8764300E+11                 8.6395689E-11
       8.8773400E+11                 8.6445999E-11
       8.8782500E+11                 8.6508888E-11
       8.8791600E+11                 8.6559198E-11
       8.8800800E+11                 8.6622086E-11
       8.8809900E+11                 8.6672397E-11
       9.3595700E+11                 1.1958803E-10
       9.8639500E+11                 1.6350909E-10
       1.0000000E+12                 1.7721870E-10
       1.0395500E+12                 2.2136616E-10
       1.0396600E+12                 2.2149193E-10
       1.0397600E+12                 2.2161771E-10
       1.0398700E+12                 2.2174348E-10
       1.0399800E+12                 2.2186926E-10
       1.0400800E+12                 2.2199504E-10
       1.0401900E+12                 2.2212081E-10
       1.0994700E+12                 3.0211449E-10
       1.1621200E+12                 4.0537677E-10
       1.2283500E+12                 5.3668715E-10
       1.2284700E+12                 5.3706448E-10
       1.2286000E+12                 5.3731603E-10
       1.2287300E+12                 5.3756759E-10
       1.2288500E+12                 5.3781914E-10
       1.2289800E+12                 5.3807069E-10
       1.2291100E+12                 5.3832224E-10
       1.3034200E+12                 7.1466051E-10
       1.3822200E+12                 9.3552356E-10
       1.4657900E+12                 1.2085837E-09
       1.4659400E+12                 1.2092126E-09
       1.4660900E+12                 1.2097157E-09
       1.4662400E+12                 1.2102188E-09
       1.4663900E+12                 1.2107219E-09
       1.4665500E+12                 1.2112250E-09
       1.4667000E+12                 1.2118539E-09
       1.5611300E+12                 1.5696873E-09
       1.6616400E+12                 2.0061308E-09
       1.7686200E+12                 2.5356487E-09
       1.7688000E+12                 2.5369065E-09
       1.7689900E+12                 2.5369065E-09
       1.7691700E+12                 2.5381642E-09
       1.7693500E+12                 2.5394220E-09
       1.7695300E+12                 2.5406797E-09
       1.7697100E+12                 2.5406797E-09
       1.8467300E+12                 2.9620301E-09
       1.9271000E+12                 3.4362065E-09
       1.9273000E+12                 3.4374642E-09
       1.9275000E+12                 3.4387220E-09
       1.9277000E+12                 3.4399798E-09
       1.9278900E+12                 3.4412375E-09
       1.9280900E+12                 3.4424953E-09
       1.9282900E+12                 3.4437530E-09
       2.0413300E+12                 4.1707396E-09
       2.1610000E+12                 5.0146981E-09
       2.1612300E+12                 5.0159559E-09
       2.1614500E+12                 5.0184714E-09
       2.1616700E+12                 5.0197291E-09
       2.1618900E+12                 5.0209869E-09
       2.1621100E+12                 5.0235024E-09
       2.1623400E+12                 5.0247602E-09
       2.2679000E+12                 5.8309858E-09
       2.2681300E+12                 5.8335013E-09
       2.2683600E+12                 5.8347591E-09
       2.2686000E+12                 5.8360168E-09
       2.2688300E+12                 5.8385324E-09
       2.2690600E+12                 5.8397901E-09
       2.2693000E+12                 5.8423057E-09
       2.3982800E+12                 6.9051148E-09
       2.5345900E+12                 8.1163398E-09
       2.6786600E+12                 9.4923317E-09
       2.6789300E+12                 9.4948472E-09
       2.6792100E+12                 9.4986205E-09
       2.6794800E+12                 9.5011360E-09
       2.6797600E+12                 9.5036516E-09
       2.6800300E+12                 9.5061671E-09
       2.6803100E+12                 9.5086826E-09
       2.6941400E+12                 9.6457787E-09
       2.6944200E+12                 9.6495520E-09
       2.6946900E+12                 9.6520675E-09
       2.6949700E+12                 9.6545830E-09
       2.6952500E+12                 9.6570986E-09
       2.6955200E+12                 9.6596141E-09
       2.6958000E+12                 9.6633874E-09
       2.8331900E+12                 1.1077112E-08
       2.9775900E+12                 1.2653088E-08
       3.1293500E+12                 1.4413955E-08
       3.1295900E+12                 1.4413955E-08
       3.1298300E+12                 1.4413955E-08
       3.1300700E+12                 1.4413955E-08
       3.1303100E+12                 1.4426533E-08
       3.1554500E+12                 1.4728396E-08
       3.1557700E+12                 1.4728396E-08
       3.1561000E+12                 1.4728396E-08
       3.1564200E+12                 1.4740974E-08
       3.1567500E+12                 1.4740974E-08
       3.1570700E+12                 1.4740974E-08
       3.1574000E+12                 1.4753551E-08
       3.2344100E+12                 1.5684295E-08
       3.2347500E+12                 1.5696873E-08
       3.2350800E+12                 1.5696873E-08
       3.2354100E+12                 1.5696873E-08
       3.2357500E+12                 1.5709451E-08
       3.2360800E+12                 1.5709451E-08
       3.2364100E+12                 1.5709451E-08
       3.3758800E+12                 1.7482895E-08
       3.3762300E+12                 1.7482895E-08
       3.3765700E+12                 1.7482895E-08
       3.3769200E+12                 1.7495473E-08
       3.3772700E+12                 1.7495473E-08
       3.3776100E+12                 1.7495473E-08
       3.3779600E+12                 1.7508051E-08
       3.5505900E+12                 1.9809755E-08
       3.5508600E+12                 1.9809755E-08
       3.5511400E+12                 1.9809755E-08
       3.5514100E+12                 1.9822333E-08
       3.5516900E+12                 1.9822333E-08
       3.7336900E+12                 2.2375590E-08
       3.7340700E+12                 2.2388168E-08
       3.7344600E+12                 2.2388168E-08
       3.7348400E+12                 2.2400746E-08
       3.7352300E+12                 2.2400746E-08
       3.7356100E+12                 2.2400746E-08
       3.7359900E+12                 2.2413323E-08
       3.9296300E+12                 2.5281021E-08
       3.9300300E+12                 2.5281021E-08
       3.9304400E+12                 2.5293599E-08
       3.9308400E+12                 2.5293599E-08
       3.9312400E+12                 2.5306176E-08
       3.9316500E+12                 2.5306176E-08
       3.9320500E+12                 2.5318754E-08
       4.1586500E+12                 2.8865644E-08
       4.1589700E+12                 2.8865644E-08
       4.1592900E+12                 2.8878221E-08
       4.1596100E+12                 2.8878221E-08
       4.1599400E+12                 2.8890799E-08
       4.3378700E+12                 3.1808807E-08
       4.3383100E+12                 3.1821385E-08
       4.3387600E+12                 3.1821385E-08
       4.3392000E+12                 3.1833963E-08
       4.3396500E+12                 3.1833963E-08
       4.3401000E+12                 3.1846540E-08
       4.3405400E+12                 3.1859118E-08
       4.4627600E+12                 3.3934426E-08
       4.4632200E+12                 3.3947003E-08
       4.4636800E+12                 3.3947003E-08
       4.4641400E+12                 3.3959581E-08
       4.4646000E+12                 3.3972158E-08
       4.4650600E+12                 3.3972158E-08
       4.4655200E+12                 3.3984736E-08
       4.6212400E+12                 3.6714080E-08
       4.6217200E+12                 3.6726658E-08
       4.6221900E+12                 3.6739235E-08
       4.6226700E+12                 3.6739235E-08
       4.6231400E+12                 3.6751813E-08
       4.6236200E+12                 3.6764391E-08
       4.6240900E+12                 3.6764391E-08
       4.8396600E+12                 4.0701186E-08
       4.8401600E+12                 4.0713764E-08
       4.8406600E+12                 4.0726342E-08
       4.8411500E+12                 4.0738919E-08
       4.8416500E+12                 4.0738919E-08
       4.8421500E+12                 4.0751497E-08
       4.8426500E+12                 4.0764075E-08
       4.9139200E+12                 4.2097303E-08
       4.9143000E+12                 4.2109880E-08
       4.9146800E+12                 4.2122458E-08
       4.9150600E+12                 4.2122458E-08
       4.9154400E+12                 4.2135035E-08
       5.1498400E+12                 4.6675557E-08
       5.3954200E+12                 5.1656296E-08
       5.3959700E+12                 5.1668873E-08
       5.3965300E+12                 5.1681451E-08
       5.3970800E+12                 5.1694028E-08
       5.3976400E+12                 5.1706606E-08
       5.3981900E+12                 5.1719184E-08
       5.3987500E+12                 5.1731761E-08
       5.5023100E+12                 5.3907690E-08
       5.5028800E+12                 5.3907690E-08
       5.5034400E+12                 5.3920268E-08
       5.5040100E+12                 5.3932845E-08
       5.5045800E+12                 5.3945423E-08
       5.5051400E+12                 5.3958001E-08
       5.5057100E+12                 5.3970578E-08
       5.7033500E+12                 5.8234392E-08
       5.7039400E+12                 5.8246970E-08
       5.7045200E+12                 5.8259547E-08
       5.7051100E+12                 5.8272125E-08
       5.7057000E+12                 5.8284703E-08
       5.7062800E+12                 5.8297280E-08
       5.7068700E+12                 5.8309858E-08
       5.8638000E+12                 6.1793859E-08
       5.8642500E+12                 6.1806437E-08
       5.8647000E+12                 6.1806437E-08
       5.8651600E+12                 6.1819015E-08
       5.8656100E+12                 6.1831592E-08
       6.0545400E+12                 6.6145717E-08
       6.0551600E+12                 6.6158294E-08
       6.0557800E+12                 6.6183450E-08
       6.0564000E+12                 6.6196027E-08
       6.0570300E+12                 6.6208605E-08
       6.0576500E+12                 6.6221182E-08
       6.0582700E+12                 6.6233760E-08
       6.3898600E+12                 7.4132507E-08
       6.3905200E+12                 7.4145085E-08
       6.3911800E+12                 7.4170240E-08
       6.3918400E+12                 7.4182818E-08
       6.3924900E+12                 7.4195395E-08
       6.3931500E+12                 7.4207973E-08
       6.3938100E+12                 7.4233128E-08
       6.6082800E+12                 7.9553462E-08
       6.6089600E+12                 7.9566040E-08
       6.6096400E+12                 7.9591195E-08
       6.6103200E+12                 7.9603773E-08
       6.6110000E+12                 7.9616350E-08
       6.6116800E+12                 7.9641506E-08
       6.6123600E+12                 7.9654083E-08
       6.6237700E+12                 7.9943369E-08
       6.6244500E+12                 7.9955946E-08
       6.6251300E+12                 7.9981101E-08
       6.6258100E+12                 7.9993679E-08
       6.6264900E+12                 8.0018834E-08
       6.6271700E+12                 8.0031412E-08
       6.6278500E+12                 8.0043990E-08
       6.8165200E+12                 8.4886374E-08
       6.8170500E+12                 8.4898952E-08
       6.8175800E+12                 8.4911529E-08
       6.8181100E+12                 8.4924107E-08
       6.8186400E+12                 8.4936685E-08
       7.1164600E+12                 9.2822854E-08
       7.1170100E+12                 9.2835432E-08
       7.1175600E+12                 9.2860587E-08
       7.1181100E+12                 9.2873165E-08
       7.1186600E+12                 9.2885742E-08
       7.3859700E+12                 1.0023107E-07
       7.6633200E+12                 1.0811724E-07
       7.6641000E+12                 1.0814240E-07
       7.6648900E+12                 1.0815498E-07
       7.6656800E+12                 1.0818013E-07
       7.6664700E+12                 1.0820529E-07
       7.6672600E+12                 1.0823044E-07
       7.6680400E+12                 1.0825560E-07
       7.7084100E+12                 1.0942532E-07
       7.7092000E+12                 1.0945047E-07
       7.7092400E+12                 1.0945047E-07
       7.7098300E+12                 1.0946305E-07
       7.7099900E+12                 1.0946305E-07
       7.7104300E+12                 1.0947563E-07
       7.7107900E+12                 1.0948820E-07
       7.7110200E+12                 1.0950078E-07
       7.7115800E+12                 1.0951336E-07
       7.7116200E+12                 1.0951336E-07
       7.7123700E+12                 1.0953851E-07
       7.7131600E+12                 1.0956367E-07
       7.7137400E+12                 1.0957625E-07
       7.7145400E+12                 1.0960140E-07
       7.7153300E+12                 1.0962656E-07
       7.7161200E+12                 1.0965171E-07
       7.7169200E+12                 1.0966429E-07
       7.7177100E+12                 1.0968945E-07
       7.7185000E+12                 1.0971460E-07
       8.0740800E+12                 1.2027980E-07
       8.0749100E+12                 1.2030496E-07
       8.0757400E+12                 1.2033011E-07
       8.0765700E+12                 1.2035527E-07
       8.0774000E+12                 1.2038042E-07
       8.0782300E+12                 1.2040558E-07
       8.0790600E+12                 1.2043074E-07
       8.2155400E+12                 1.2459393E-07
       8.2163800E+12                 1.2461908E-07
       8.2172300E+12                 1.2464424E-07
       8.2180700E+12                 1.2466939E-07
       8.2189200E+12                 1.2469455E-07
       8.2197600E+12                 1.2471970E-07
       8.2206100E+12                 1.2474486E-07
       8.5508700E+12                 1.3508367E-07
       8.5517500E+12                 1.3508367E-07
       8.5526300E+12                 1.3520944E-07
       8.5535100E+12                 1.3520944E-07
       8.5543800E+12                 1.3520944E-07
       8.5552600E+12                 1.3520944E-07
       8.5561400E+12                 1.3520944E-07
       8.6510700E+12                 1.3835385E-07
       8.6517400E+12                 1.3835385E-07
       8.6524100E+12                 1.3835385E-07
       8.6530800E+12                 1.3835385E-07
       8.6537500E+12                 1.3835385E-07
       9.0725700E+12                 1.5218923E-07
       9.0732700E+12                 1.5218923E-07
       9.0739700E+12                 1.5231501E-07
       9.0746700E+12                 1.5231501E-07
       9.0753700E+12                 1.5231501E-07
       9.1059000E+12                 1.5332122E-07
       9.3024200E+12                 1.5998736E-07
       9.3033800E+12                 1.6011313E-07
       9.3043400E+12                 1.6011313E-07
       9.3052900E+12                 1.6011313E-07
       9.3062500E+12                 1.6011313E-07
       9.3072100E+12                 1.6023891E-07
       9.3081600E+12                 1.6023891E-07
       9.6402400E+12                 1.7181032E-07
       9.9841600E+12                 1.8426217E-07
       9.9851900E+12                 1.8438795E-07
       9.9862200E+12                 1.8438795E-07
       9.9872400E+12                 1.8438795E-07
       9.9882700E+12                 1.8451372E-07
       9.9893000E+12                 1.8451372E-07
       9.9903200E+12                 1.8451372E-07
       1.0041200E+13                 1.8736219E-07
       1.0042200E+13                 1.8736219E-07
       1.0043300E+13                 1.8748862E-07
       1.0044300E+13                 1.8748862E-07
       1.0045300E+13                 1.8748862E-07
       1.0046400E+13                 1.8761504E-07
       1.0047400E+13                 1.8761504E-07
       1.0145800E+13                 1.9128328E-07
       1.0342000E+13                 1.9874046E-07
       1.0343000E+13                 1.9874046E-07
       1.0344100E+13                 1.9874046E-07
       1.0345200E+13                 1.9886689E-07
       1.0346200E+13                 1.9886689E-07
       1.0347300E+13                 1.9886887E-07
       1.0348400E+13                 1.9899331E-07
       1.0392400E+13                 2.0063884E-07
       1.0393500E+13                 2.0063884E-07
       1.0394500E+13                 2.0076526E-07
       1.0395600E+13                 2.0076526E-07
       1.0396700E+13                 2.0076726E-07
       1.0397700E+13                 2.0089369E-07
       1.0398800E+13                 2.0089369E-07
       1.0723300E+13                 2.1353859E-07
       1.0724200E+13                 2.1353859E-07
       1.0725000E+13                 2.1366289E-07
       1.0725800E+13                 2.1366289E-07
       1.0726700E+13                 2.1413478E-07
       1.0776600E+13                 2.1369727E-07
       1.0777700E+13                 2.0739051E-07
       1.0778500E+13                 2.0526022E-07
       1.0778800E+13                 2.0499665E-07
       1.0779400E+13                 2.0416469E-07
       1.0779900E+13                 2.0374259E-07
       1.0780200E+13                 2.0365477E-07
       1.0781000E+13                 2.0371339E-07
       1.0782100E+13                 2.0444219E-07
       1.0783200E+13                 2.1395596E-07
       1.1229500E+13                 2.3401310E-07
       1.1230700E+13                 2.3413953E-07
       1.1231800E+13                 2.3413720E-07
       1.1233000E+13                 2.3413953E-07
       1.1234100E+13                 2.3426595E-07
       1.1235300E+13                 2.3426595E-07
       1.1236500E+13                 2.3426595E-07
       1.1374500E+13                 2.4008151E-07
       1.1450000E+13                 2.4324214E-07
       1.1451100E+13                 2.4324214E-07
       1.1452300E+13                 2.4336857E-07
       1.1453500E+13                 2.4336857E-07
       1.1454700E+13                 2.4349742E-07
       1.1455800E+13                 2.4349742E-07
       1.1457000E+13                 2.4349742E-07
       1.1992700E+13                 2.6663081E-07
       1.2553400E+13                 2.9191005E-07
       1.2554700E+13                 2.9203647E-07
       1.2556000E+13                 2.9203647E-07
       1.2557300E+13                 2.9216289E-07
       1.2558600E+13                 2.9216289E-07
       1.2559900E+13                 2.9228932E-07
       1.2561200E+13                 2.9229222E-07
       1.2623200E+13                 2.9519704E-07
       1.2624100E+13                 2.9519704E-07
       1.2625100E+13                 2.9519998E-07
       1.2626100E+13                 2.9532346E-07
       1.2627100E+13                 2.9532346E-07
       1.2678300E+13                 2.9772549E-07
       1.2679600E+13                 2.9772846E-07
       1.2680900E+13                 2.9785488E-07
       1.2682200E+13                 2.9785192E-07
       1.2683500E+13                 2.9797834E-07
       1.2684800E+13                 2.9798130E-07
       1.2686100E+13                 2.9810773E-07
       1.2840700E+13                 3.0531389E-07
       1.2980300E+13                 3.1201436E-07
       1.2981300E+13                 3.1201436E-07
       1.2982300E+13                 3.1201436E-07
       1.2983300E+13                 3.1214389E-07
       1.2984300E+13                 3.1214079E-07
       1.3411800E+13                 3.3287432E-07
       1.3413100E+13                 3.3287432E-07
       1.3414500E+13                 3.3300074E-07
       1.3415900E+13                 3.3300074E-07
       1.3417100E+13                 3.3312717E-07
       1.3417300E+13                 3.3312717E-07
       1.3418500E+13                 3.3312717E-07
       1.3418700E+13                 3.3312385E-07
       1.3419900E+13                 3.3325359E-07
       1.3420000E+13                 3.3325359E-07
       1.3421200E+13                 3.3325028E-07
       1.3422600E+13                 3.3338002E-07
       1.3424000E+13                 3.3338002E-07
       1.3425400E+13                 3.3350644E-07
       1.3514500E+13                 3.3793128E-07
       1.3515500E+13                 3.3793128E-07
       1.3516600E+13                 3.3805770E-07
       1.3517600E+13                 3.3805770E-07
       1.3518700E+13                 3.3805770E-07
       1.3717900E+13                 3.4804520E-07
       1.3719300E+13                 3.4817162E-07
       1.3720700E+13                 3.4817162E-07
       1.3722100E+13                 3.4830151E-07
       1.3723500E+13                 3.4829804E-07
       1.3724900E+13                 3.4842447E-07
       1.3726300E+13                 3.4842793E-07
       1.4322000E+13                 3.7901907E-07
       1.4323500E+13                 3.7914172E-07
       1.4325000E+13                 3.7914549E-07
       1.4326400E+13                 3.7927192E-07
       1.4327900E+13                 3.7939834E-07
       1.4329400E+13                 3.7939834E-07
       1.4330900E+13                 3.7952477E-07
       1.4605400E+13                 3.9393710E-07
       1.4606900E+13                 3.9406352E-07
       1.4608400E+13                 3.9419387E-07
       1.4609900E+13                 3.9419387E-07
       1.4611400E+13                 3.9431637E-07
       1.4612900E+13                 3.9444279E-07
       1.4614400E+13                 3.9444672E-07
       1.4936400E+13                 4.1178336E-07
       1.4937500E+13                 4.1190979E-07
       1.4938700E+13                 4.1190979E-07
       1.4939800E+13                 4.1204032E-07
       1.4941000E+13                 4.1203622E-07
       1.5718500E+13                 4.5202027E-07
       1.5720100E+13                 4.3297342E-07
       1.5721700E+13                 4.2634172E-07
       1.5723400E+13                 4.2214056E-07
       1.5725000E+13                 4.2518273E-07
       1.5726600E+13                 4.3727936E-07
       1.5728200E+13                 3.8070170E-07
       1.5767500E+13                 4.5808755E-07
       1.5768800E+13                 4.5821395E-07
       1.5770000E+13                 4.5820939E-07
       1.5771200E+13                 4.5833579E-07
       1.5772400E+13                 4.5834035E-07
       1.5787800E+13                 4.5922061E-07
       1.5789400E+13                 4.5935158E-07
       1.5791100E+13                 4.5947799E-07
       1.5792700E+13                 4.5959982E-07
       1.5794300E+13                 4.5960439E-07
       1.5795900E+13                 4.5973080E-07
       1.5797600E+13                 4.5985720E-07
       1.6088300E+13                 4.7666417E-07
       1.6089500E+13                 4.7666891E-07
       1.6090800E+13                 4.7679057E-07
       1.6092000E+13                 4.7679057E-07
       1.6093200E+13                 4.7691697E-07
       1.6095800E+13                 4.7704812E-07
       1.6097400E+13                 4.7716978E-07
       1.6099100E+13                 4.7729618E-07
       1.6100700E+13                 4.7730093E-07
       1.6102400E+13                 4.7742734E-07
       1.6104000E+13                 4.7754899E-07
       1.6105700E+13                 4.7767539E-07
       1.6559500E+13                 5.0446772E-07
       1.6560800E+13                 5.0446772E-07
       1.6562000E+13                 5.0459914E-07
       1.6563300E+13                 5.0459914E-07
       1.6564600E+13                 5.0472554E-07
       1.6771600E+13                 5.1723425E-07
       1.7016200E+13                 5.3202321E-07
       1.7017900E+13                 5.3214961E-07
       1.7019700E+13                 5.3228131E-07
       1.7021400E+13                 5.3240771E-07
       1.7023200E+13                 5.3252882E-07
       1.7024900E+13                 5.3252882E-07
       1.7026700E+13                 5.3266052E-07
       1.7365600E+13                 5.5363784E-07
       1.7366900E+13                 5.5376424E-07
       1.7368300E+13                 5.5376424E-07
       1.7369600E+13                 5.5389615E-07
       1.7370900E+13                 5.5401704E-07
       1.7749600E+13                 5.7790689E-07
       1.7751400E+13                 5.7790689E-07
       1.7753300E+13                 5.7803330E-07
       1.7755100E+13                 5.7815970E-07
       1.7756900E+13                 5.7828610E-07
       1.7758700E+13                 5.7841250E-07
       1.7760600E+13                 5.7853890E-07
       1.7894200E+13                 5.8713419E-07
       1.7895600E+13                 5.8713419E-07
       1.7896900E+13                 5.8726059E-07
       1.7898300E+13                 5.8738699E-07
       1.7899700E+13                 5.8738699E-07
       1.8055700E+13                 5.9749910E-07
       1.8057600E+13                 5.9762550E-07
       1.8059400E+13                 5.9775190E-07
       1.8061300E+13                 5.9787830E-07
       1.8063100E+13                 5.9800471E-07
       1.8065000E+13                 5.9813111E-07
       1.8066900E+13                 5.9813111E-07
       1.8256800E+13                 6.1051844E-07
       1.8258600E+13                 6.1064484E-07
       1.8260500E+13                 6.1077124E-07
       1.8262400E+13                 6.1089764E-07
       1.8264300E+13                 6.1102404E-07
       1.8266100E+13                 6.1115044E-07
       1.8268000E+13                 6.1127685E-07
       1.8485000E+13                 6.2556020E-07
       1.8486900E+13                 6.2556020E-07
       1.8488400E+13                 6.2568660E-07
       1.8488800E+13                 6.2568660E-07
       1.8489800E+13                 6.2581300E-07
       1.8490700E+13                 6.2581923E-07
       1.8491200E+13                 6.2594563E-07
       1.8492600E+13                 6.2593940E-07
       1.8492700E+13                 6.2606580E-07
       1.8494500E+13                 6.2606580E-07
       1.8496400E+13                 6.2619220E-07
       1.8943300E+13                 6.5602292E-07
       1.8945200E+13                 6.5614932E-07
       1.8947200E+13                 6.5640212E-07
       1.8949100E+13                 6.5652852E-07
       1.8951100E+13                 6.5665492E-07
       1.8953000E+13                 6.5678133E-07
       1.8955000E+13                 6.5690773E-07
       1.9374400E+13                 6.8547443E-07
       1.9375900E+13                 6.8560765E-07
       1.9377400E+13                 6.8572723E-07
       1.9378900E+13                 6.8572723E-07
       1.9380400E+13                 6.8585363E-07
       1.9451100E+13                 6.9079016E-07
       2.0025400E+13                 7.3097891E-07
       2.0027400E+13                 7.3111258E-07
       2.0029500E+13                 7.3123171E-07
       2.0031600E+13                 7.3148451E-07
       2.0033600E+13                 7.3161819E-07
       2.0035700E+13                 7.3174460E-07
       2.0037700E+13                 7.3187100E-07
       2.1125500E+13                 8.1110928E-07
       2.1127700E+13                 8.1123568E-07
       2.1129800E+13                 8.1136208E-07
       2.1132000E+13                 8.1161488E-07
       2.1134200E+13                 8.1174128E-07
       2.1136400E+13                 8.1186768E-07
       2.1138500E+13                 8.1212048E-07
       2.1491200E+13                 8.3866450E-07
       2.1493400E+13                 8.3879090E-07
       2.1495600E+13                 8.3891730E-07
       2.1497800E+13                 8.3917010E-07
       2.1500000E+13                 8.3929650E-07
       2.1502200E+13                 8.3943125E-07
       2.1504400E+13                 8.3967570E-07
       2.1631300E+13                 8.4929056E-07
       2.1633000E+13                 8.4940850E-07
       2.1634700E+13                 8.4953490E-07
       2.1636400E+13                 8.4966130E-07
       2.1638000E+13                 8.4979616E-07
       2.2052800E+13                 8.8176692E-07
       2.2054500E+13                 8.8190210E-07
       2.2056200E+13                 8.8202850E-07
       2.2057900E+13                 8.8214612E-07
       2.2059600E+13                 8.8228130E-07
       2.2719500E+13                 9.3435865E-07
       2.2721900E+13                 9.3447576E-07
       2.2724200E+13                 9.3472856E-07
       2.2726500E+13                 9.3486426E-07
       2.2728900E+13                 9.3511706E-07
       2.2731200E+13                 9.3523416E-07
       2.2733500E+13                 9.3548696E-07
       2.2828000E+13                 9.4308034E-07
       2.2832000E+13                 9.4333315E-07
       2.2833700E+13                 9.4345955E-07
       2.2835500E+13                 9.4371235E-07
       2.2837300E+13                 9.4383875E-07
       2.2839000E+13                 9.4397455E-07
       2.3759100E+13                 1.0194876E-06
       2.3761500E+13                 1.0196140E-06
       2.3764000E+13                 1.0198770E-06
       2.3766400E+13                 1.0201298E-06
       2.3768800E+13                 1.0202562E-06
       2.3771300E+13                 1.0205090E-06
       2.3773700E+13                 1.0206354E-06
       2.3804200E+13                 1.0233104E-06
       2.3806600E+13                 1.0234368E-06
       2.3809100E+13                 1.0236795E-06
       2.3811500E+13                 1.0238161E-06
       2.3814000E+13                 1.0240689E-06
       2.3816400E+13                 1.0243115E-06
       2.3818800E+13                 1.0244379E-06
       2.4188300E+13                 1.0514286E-06
       2.4190800E+13                 1.0519431E-06
       2.4193300E+13                 1.0515436E-06
       2.4195800E+13                 1.0511963E-06
       2.4198300E+13                 1.0508561E-06
       2.4200800E+13                 1.0504278E-06
       2.4203200E+13                 1.0492920E-06
       2.4218100E+13                 1.0364785E-06
       2.4220600E+13                 1.0123052E-06
       2.4223100E+13                 1.0002626E-06
       2.4225600E+13                 1.0004800E-06
       2.4228100E+13                 1.0225252E-06
       2.4230600E+13                 1.0545845E-06
       2.4233100E+13                 1.0687197E-06
       2.4237800E+13                 9.1327974E-07
       2.4239700E+13                 6.1484036E-07
       2.4241600E+13                 3.2369363E-07
       2.4243500E+13                 1.7021020E-07
       2.4245300E+13                 1.0544467E-06
       2.4646600E+13                 1.0948775E-06
       2.4649200E+13                 1.0951194E-06
       2.4651700E+13                 1.0953831E-06
       2.4654200E+13                 1.0956359E-06
       2.4656800E+13                 1.0957623E-06
       2.4659300E+13                 1.0960151E-06
       2.4661800E+13                 1.0962788E-06
       2.5603400E+13                 1.1794391E-06
       2.5605400E+13                 1.1795655E-06
       2.5607400E+13                 1.1798183E-06
       2.5609400E+13                 1.1799447E-06
       2.5611300E+13                 1.1800711E-06
       2.5965200E+13                 1.2122129E-06
       2.5967800E+13                 1.2124536E-06
       2.5970500E+13                 1.2127065E-06
       2.5973200E+13                 1.2129713E-06
       2.5975800E+13                 1.2132121E-06
       2.5978500E+13                 1.2134649E-06
       2.5981200E+13                 1.2137298E-06
       2.6490900E+13                 1.2537303E-06
       2.6492900E+13                 1.2529291E-06
       2.6495000E+13                 1.2479040E-06
       2.6495100E+13                 1.2476782E-06
       2.6497000E+13                 1.2440441E-06
       2.6497800E+13                 1.2419696E-06
       2.6499100E+13                 1.2393077E-06
       2.6500500E+13                 1.2372314E-06
       2.6503200E+13                 1.2389395E-06
       2.6506000E+13                 1.2517578E-06
       2.6508700E+13                 1.2742636E-06
       2.6511400E+13                 1.1196166E-06
       2.6545200E+13                 1.2645093E-06
       2.6547300E+13                 1.2652522E-06
       2.6549400E+13                 1.2665288E-06
       2.6551400E+13                 1.2665288E-06
       2.6553500E+13                 1.2665161E-06
       2.7167200E+13                 1.3246728E-06
       2.7545500E+13                 1.3600513E-06
       2.7547600E+13                 1.3613153E-06
       2.7549700E+13                 1.3613288E-06
       2.7551900E+13                 1.3613153E-06
       2.7554000E+13                 1.3613153E-06
       2.7733800E+13                 1.3790248E-06
       2.7736600E+13                 1.3790248E-06
       2.7739500E+13                 1.3790111E-06
       2.7742300E+13                 1.3802751E-06
       2.7745200E+13                 1.3802888E-06
       2.7748000E+13                 1.3802888E-06
       2.7750900E+13                 1.3802888E-06
       2.8526200E+13                 1.4573784E-06
       2.8529100E+13                 1.4573784E-06
       2.8532000E+13                 1.4573784E-06
       2.8535000E+13                 1.4573784E-06
       2.8537900E+13                 1.4586424E-06
       2.8540800E+13                 1.4586424E-06
       2.8543800E+13                 1.4586569E-06
       2.9199600E+13                 1.5256337E-06
       2.9202600E+13                 1.5256337E-06
       2.9205600E+13                 1.5256337E-06
       2.9208600E+13                 1.5256337E-06
       2.9211600E+13                 1.5269129E-06
       2.9214600E+13                 1.5269129E-06
       2.9217600E+13                 1.5269129E-06
       3.0427900E+13                 1.6532801E-06
       3.0431100E+13                 1.6532801E-06
       3.0434200E+13                 1.6545441E-06
       3.0437300E+13                 1.6545441E-06
       3.0440400E+13                 1.6545441E-06
       3.0443600E+13                 1.6545441E-06
       3.0446700E+13                 1.6558080E-06
       3.0703900E+13                 1.6823515E-06
       3.0706300E+13                 1.6836155E-06
       3.0708600E+13                 1.6836155E-06
       3.0711000E+13                 1.6836155E-06
       3.0713400E+13                 1.6836155E-06
       3.0858700E+13                 1.7000472E-06
       3.0861100E+13                 1.7000472E-06
       3.0863500E+13                 1.7000641E-06
       3.0865900E+13                 1.7000472E-06
       3.0868300E+13                 1.7000472E-06
       3.0880100E+13                 1.7013112E-06
       3.0882500E+13                 1.7025921E-06
       3.0884800E+13                 1.7025751E-06
       3.0887200E+13                 1.7025751E-06
       3.0889600E+13                 1.7025921E-06
       3.1467500E+13                 1.7657739E-06
       3.1470700E+13                 1.7657739E-06
       3.1473900E+13                 1.7670379E-06
       3.1477200E+13                 1.7670379E-06
       3.1480400E+13                 1.7670379E-06
       3.1483700E+13                 1.7683019E-06
       3.1486900E+13                 1.7683195E-06
       3.1902100E+13                 1.8138050E-06
       3.1905300E+13                 1.8138050E-06
       3.1908600E+13                 1.8150690E-06
       3.1911900E+13                 1.8150690E-06
       3.1915200E+13                 1.8150690E-06
       3.1918500E+13                 1.8163329E-06
       3.1921700E+13                 1.8163510E-06
       3.2354700E+13                 1.8643640E-06
       3.2355000E+13                 1.8643640E-06
       3.2357200E+13                 1.8656280E-06
       3.2358400E+13                 1.8656280E-06
       3.2359700E+13                 1.8656280E-06
       3.2361700E+13                 1.8656280E-06
       3.2362200E+13                 1.8656280E-06
       3.2364700E+13                 1.8656280E-06
       3.2365000E+13                 1.8656280E-06
       3.2368300E+13                 1.8669105E-06
       3.2371700E+13                 1.8668920E-06
       3.2375000E+13                 1.8668920E-06
       3.2870800E+13                 1.9237709E-06
       3.2872300E+13                 1.9237709E-06
       3.2888900E+13                 1.9250540E-06
       3.2891500E+13                 1.9262988E-06
       3.2894000E+13                 1.9262988E-06
       3.2896500E+13                 1.9263180E-06
       3.2899100E+13                 1.9263180E-06
       3.4203500E+13                 2.0792192E-06
       3.4207000E+13                 2.0792192E-06
       3.4210500E+13                 2.0792192E-06
       3.4214000E+13                 2.0804831E-06
       3.4217500E+13                 2.0804831E-06
       3.4221100E+13                 2.0804831E-06
       3.4224600E+13                 2.0817471E-06
       3.4254500E+13                 2.0855390E-06
       3.4257100E+13                 2.0855597E-06
       3.4259800E+13                 2.0855390E-06
       3.4262400E+13                 2.0855390E-06
       3.4265100E+13                 2.0868029E-06
       3.4580700E+13                 2.1247218E-06
       3.4584300E+13                 2.1247218E-06
       3.4587800E+13                 2.1247218E-06
       3.4591400E+13                 2.1259858E-06
       3.4594900E+13                 2.1260070E-06
       3.4598500E+13                 2.1260070E-06
       3.4602000E+13                 2.1272709E-06
       3.6421900E+13                 2.3509244E-06
       3.6741700E+13                 2.3913942E-06
       3.6745500E+13                 2.3913704E-06
       3.6749300E+13                 2.3926344E-06
       3.6753100E+13                 2.3926582E-06
       3.6756800E+13                 2.3926344E-06
       3.6760600E+13                 2.3938983E-06
       3.6764400E+13                 2.3938983E-06
       3.7268600E+13                 2.4583836E-06
       3.7271500E+13                 2.4583836E-06
       3.7274400E+13                 2.4596476E-06
       3.7277200E+13                 2.4596476E-06
       3.7280100E+13                 2.4596476E-06
       3.8510300E+13                 2.6214332E-06
       3.8514300E+13                 2.6214593E-06
       3.8518300E+13                 2.6227233E-06
       3.8522200E+13                 2.6227233E-06
       3.8526200E+13                 2.6227233E-06
       3.8530100E+13                 2.6239872E-06
       3.8534100E+13                 2.6239872E-06
       3.9906800E+13                 2.7962292E-06
       3.9910900E+13                 2.8074691E-06
       3.9915000E+13                 2.8093194E-06
       3.9919100E+13                 2.8098789E-06
       3.9923200E+13                 2.8105546E-06
       3.9927300E+13                 2.8066087E-06
       3.9931400E+13                 2.7977881E-06
       3.9936700E+13                 2.7790884E-06
       3.9940800E+13                 2.7622926E-06
       3.9944900E+13                 2.7546290E-06
       3.9949000E+13                 2.7673597E-06
       3.9953100E+13                 2.8138678E-06
       3.9957200E+13                 2.8785167E-06
       3.9961300E+13                 2.8416243E-06
       3.9976100E+13                 1.9953810E-06
       3.9980200E+13                 2.0337452E-06
       3.9984400E+13                 2.7600256E-06
       3.9988500E+13                 2.8210812E-06
       3.9992600E+13                 2.8210532E-06
       3.9996700E+13                 2.8223452E-06
       4.0000800E+13                 2.8223171E-06
       4.0005400E+13                 2.8235248E-06
       4.0008500E+13                 2.8235248E-06
       4.0011600E+13                 2.8234967E-06
       4.0014700E+13                 2.8247606E-06
       4.0017700E+13                 2.8288648E-06
       4.0164900E+13                 2.8246770E-06
       4.0169000E+13                 2.7522062E-06
       4.0173100E+13                 2.7455149E-06
       4.0177300E+13                 2.7723612E-06
       4.0181400E+13                 2.8454984E-06
       4.0185500E+13                 2.9178720E-06
       4.0189600E+13                 2.8380296E-06
       4.0197500E+13                 2.2161864E-06
       4.0200600E+13                 1.5228641E-06
       4.0203800E+13                 1.1338180E-06
       4.0206900E+13                 9.1083840E-07
       4.0210000E+13                 2.7726802E-06
       4.0302700E+13                 2.8641117E-06
       4.0304700E+13                 2.8641117E-06
       4.0306800E+13                 2.8653756E-06
       4.0308900E+13                 2.8653756E-06
       4.0311000E+13                 2.8653756E-06
       4.0313100E+13                 2.8653756E-06
       4.0315100E+13                 2.8653756E-06
       4.0581200E+13                 2.9021674E-06
       4.0583100E+13                 2.9017629E-06
       4.0615300E+13                 2.8996177E-06
       4.0845000E+13                 2.9311886E-06
       4.1083000E+13                 2.9653163E-06
       4.1204500E+13                 2.9817778E-06
       4.1208700E+13                 2.9830418E-06
       4.1213000E+13                 2.9830121E-06
       4.1217200E+13                 2.9843058E-06
       4.1221400E+13                 2.9843058E-06
       4.1225700E+13                 2.9855401E-06
       4.1229900E+13                 2.9855698E-06
       4.1427200E+13                 3.0133778E-06
       4.1430400E+13                 3.0146418E-06
       4.1433600E+13                 3.0146418E-06
       4.1436900E+13                 3.0146418E-06
       4.1440100E+13                 3.0159058E-06
       4.1603400E+13                 3.0386578E-06
       4.1606600E+13                 3.0386578E-06
       4.1609800E+13                 3.0399218E-06
       4.1613100E+13                 3.0399218E-06
       4.1616300E+13                 3.0411858E-06
       4.2244000E+13                 3.1309299E-06
       4.2248400E+13                 3.1321939E-06
       4.2252700E+13                 3.1321939E-06
       4.2257100E+13                 3.1334579E-06
       4.2261400E+13                 3.1334579E-06
       4.2265800E+13                 3.1347219E-06
       4.2270100E+13                 3.1347219E-06
       4.3131600E+13                 3.2611219E-06
       4.3136000E+13                 3.2611219E-06
       4.3140500E+13                 3.2623859E-06
       4.3141300E+13                 3.2623859E-06
       4.3144700E+13                 3.2623859E-06
       4.3144900E+13                 3.2623859E-06
       4.3148000E+13                 3.2636499E-06
       4.3149300E+13                 3.2636499E-06
       4.3151300E+13                 3.2636499E-06
       4.3153800E+13                 3.2636499E-06
       4.3154700E+13                 3.2636499E-06
       4.3158200E+13                 3.2649139E-06
       4.4244700E+13                 3.4267060E-06
       4.4249200E+13                 3.4279700E-06
       4.4253800E+13                 3.4292340E-06
       4.4258300E+13                 3.4292340E-06
       4.4262900E+13                 3.4304980E-06
       4.4267400E+13                 3.4304980E-06
       4.4272000E+13                 3.4317620E-06
       4.4977800E+13                 3.5392021E-06
       4.4981300E+13                 3.5392021E-06
       4.4984800E+13                 3.5404661E-06
       4.4988300E+13                 3.5404661E-06
       4.4991700E+13                 3.5417301E-06
       4.5495900E+13                 3.6188341E-06
       4.5869200E+13                 3.6770148E-06
       4.5872700E+13                 3.6782422E-06
       4.5876300E+13                 3.6782422E-06
       4.5879800E+13                 3.6795428E-06
       4.5883400E+13                 3.6795428E-06
       4.7620600E+13                 3.9575470E-06
       4.7625500E+13                 3.9575470E-06
       4.7630400E+13                 3.9588504E-06
       4.7635300E+13                 3.9588504E-06
       4.7640200E+13                 3.9601144E-06
       4.7645000E+13                 3.9613784E-06
       4.7649900E+13                 3.9613784E-06
       4.9375400E+13                 4.2470425E-06
       5.0254500E+13                 4.3964133E-06
       5.0258400E+13                 4.3976774E-06
       5.0262300E+13                 4.3976774E-06
       5.0266100E+13                 4.3989415E-06
       5.0270000E+13                 4.3989415E-06
       5.0299200E+13                 4.4039977E-06
       5.0304400E+13                 4.4052179E-06
       5.0309600E+13                 4.4052179E-06
       5.0314700E+13                 4.4064382E-06
       5.0319900E+13                 4.4077461E-06
       5.0325100E+13                 4.4089662E-06
       5.0330300E+13                 4.4089662E-06
       5.0713200E+13                 4.4560849E-06
       5.0718400E+13                 4.4289333E-06
       5.0723600E+13                 4.4202360E-06
       5.0728900E+13                 4.4380568E-06
       5.0734100E+13                 4.4883367E-06
       5.0739300E+13                 4.5579371E-06
       5.0744500E+13                 4.1250463E-06
       5.0783100E+13                 4.2595607E-06
       5.0787000E+13                 4.4871580E-06
       5.0790900E+13                 4.4884220E-06
       5.0794900E+13                 4.4897307E-06
       5.0798800E+13                 4.4897307E-06
       5.1360600E+13                 4.5845483E-06
       5.1363000E+13                 4.5849441E-06
       5.1375800E+13                 4.5814742E-06
       5.1403800E+13                 4.5771289E-06
       5.1669000E+13                 4.6238988E-06
       5.2001000E+13                 4.6820451E-06
       5.2460200E+13                 4.7642084E-06
       5.2465600E+13                 4.7655199E-06
       5.2471000E+13                 4.7667366E-06
       5.2476400E+13                 4.7667366E-06
       5.2481800E+13                 4.7680480E-06
       5.2487200E+13                 4.7693121E-06
       5.2492600E+13                 4.7705762E-06
       5.3690700E+13                 4.9854174E-06
       5.3694800E+13                 4.9866814E-06
       5.3699000E+13                 4.9879455E-06
       5.3703100E+13                 4.9879951E-06
       5.3707300E+13                 4.9892095E-06
       5.3712000E+13                 4.9904736E-06
       5.3716200E+13                 4.9905232E-06
       5.3720300E+13                 4.9917376E-06
       5.3724500E+13                 4.9917376E-06
       5.3728700E+13                 4.9930514E-06
       5.4228900E+13                 5.0840134E-06
       5.4234400E+13                 5.0853280E-06
       5.4240000E+13                 5.0865415E-06
       5.4245600E+13                 5.0878055E-06
       5.4251200E+13                 5.0891202E-06
       5.4256700E+13                 5.0903843E-06
       5.4262300E+13                 5.0903843E-06
       5.4941700E+13                 5.2167906E-06
       5.4946000E+13                 5.2180028E-06
       5.4950200E+13                 5.2180547E-06
       5.4954500E+13                 5.2193188E-06
       5.4958700E+13                 5.2193188E-06
       5.5694600E+13                 5.3583124E-06
       5.5700400E+13                 5.3596298E-06
       5.5706100E+13                 5.3596298E-06
       5.5711800E+13                 5.3608939E-06
       5.5717500E+13                 5.3621580E-06
       5.5723300E+13                 5.3634220E-06
       5.5729000E+13                 5.3646861E-06
       5.6923000E+13                 5.5921619E-06
       5.6928800E+13                 5.5934816E-06
       5.6934700E+13                 5.5947457E-06
       5.6940500E+13                 5.5960097E-06
       5.6946400E+13                 5.5972181E-06
       5.6952300E+13                 5.5985379E-06
       5.6958100E+13                 5.5998019E-06
       5.7370900E+13                 5.6794379E-06
       5.7375400E+13                 5.6794379E-06
       5.7379800E+13                 5.6807020E-06
       5.7384300E+13                 5.6819661E-06
       5.7388700E+13                 5.6832301E-06
       5.7962500E+13                 5.7944677E-06
       5.7968500E+13                 5.7957318E-06
       5.7974500E+13                 5.7969958E-06
       5.7980400E+13                 5.7982599E-06
       5.7986400E+13                 5.7995240E-06
       5.7992300E+13                 5.8007880E-06
       5.7998300E+13                 5.8020521E-06
       5.8421600E+13                 5.8854803E-06
       5.8427600E+13                 5.8867444E-06
       5.8433600E+13                 5.8880084E-06
       5.8439600E+13                 5.8892725E-06
       5.8445600E+13                 5.8892725E-06
       5.8451700E+13                 5.8905366E-06
       5.8457700E+13                 5.8918006E-06
       5.8478100E+13                 5.8968569E-06
       5.8492300E+13                 5.8993850E-06
       5.8496800E+13                 5.9006491E-06
       5.8501400E+13                 5.9006491E-06
       5.8505900E+13                 5.9019131E-06
       5.8510400E+13                 5.9031772E-06
       5.8850100E+13                 5.9701726E-06
       5.8856100E+13                 5.9714366E-06
       5.8862200E+13                 5.9727601E-06
       5.8868200E+13                 5.9739648E-06
       5.8874300E+13                 5.9752288E-06
       5.8880300E+13                 5.9765524E-06
       5.8886400E+13                 5.9778164E-06
       6.2925200E+13                 6.8093753E-06
       6.2930100E+13                 6.8107071E-06
       6.2935000E+13                 6.8107071E-06
       6.2939900E+13                 6.8119712E-06
       6.2944700E+13                 6.8131674E-06
       6.3234700E+13                 6.8753105E-06
       6.3239600E+13                 6.8766430E-06
       6.3244500E+13                 6.8779071E-06
       6.3249400E+13                 6.8779071E-06
       6.3254300E+13                 6.8791712E-06
       6.4125000E+13                 7.0657642E-06
       6.4131600E+13                 7.0682219E-06
       6.4138200E+13                 7.0694155E-06
       6.4144700E+13                 7.0706795E-06
       6.4151300E+13                 7.0719435E-06
       6.4157900E+13                 7.0731370E-06
       6.4164500E+13                 7.0852421E-06
       6.4383000E+13                 7.0963496E-06
       6.4389600E+13                 6.9951695E-06
       6.4396200E+13                 6.9912917E-06
       6.4402900E+13                 7.0578566E-06
       6.4409500E+13                 7.2167823E-06
       6.4416100E+13                 7.4071823E-06
       6.4422700E+13                 7.3340205E-06
       6.4435400E+13                 6.1931510E-06
       6.4440400E+13                 4.7588702E-06
       6.4445300E+13                 4.3262915E-06
       6.4450300E+13                 4.8579743E-06
       6.4455300E+13                 7.1381674E-06
       6.7086300E+13                 7.7170167E-06
       6.7103100E+13                 7.7137299E-06
       6.7130600E+13                 7.7087506E-06
       6.7139600E+13                 7.7045445E-06
       6.7452000E+13                 7.7753328E-06
       6.7951000E+13                 7.8890997E-06
       6.8148700E+13                 7.9346854E-06
       6.8153900E+13                 7.9358705E-06
       6.8159200E+13                 7.9371346E-06
       6.8164500E+13                 7.9383986E-06
       6.8169700E+13                 7.9397417E-06
       6.8462800E+13                 8.0066588E-06
       6.8469900E+13                 8.0080025E-06
       6.8476900E+13                 8.0092666E-06
       6.8484000E+13                 8.0117151E-06
       6.8491000E+13                 8.0129791E-06
       6.8498000E+13                 8.0143230E-06
       6.8505100E+13                 8.0168511E-06
       6.9783600E+13                 8.3138293E-06
       6.9787200E+13                 8.3138293E-06
       6.9790800E+13                 8.3150934E-06
       6.9794400E+13                 8.3164402E-06
       6.9798000E+13                 8.3164402E-06
       6.9801600E+13                 8.3176215E-06
       6.9805200E+13                 8.3188856E-06
       7.1056300E+13                 8.6147651E-06
       7.1061800E+13                 8.6159435E-06
       7.1067300E+13                 8.6172076E-06
       7.1072800E+13                 8.6184716E-06
       7.1078300E+13                 8.6198215E-06
       7.1838700E+13                 8.8030268E-06
       7.1846100E+13                 8.8042908E-06
       7.1853500E+13                 8.8068190E-06
       7.1860900E+13                 8.8081707E-06
       7.1868300E+13                 8.8093472E-06
       7.1875600E+13                 8.8118753E-06
       7.1883000E+13                 8.8131394E-06
       7.2220900E+13                 8.8953043E-06
       7.2226500E+13                 8.8966569E-06
       7.2232100E+13                 8.8978325E-06
       7.2237600E+13                 8.8990966E-06
       7.2243200E+13                 8.9003606E-06
       7.2307300E+13                 8.9168824E-06
       7.2312900E+13                 8.9180577E-06
       7.2318500E+13                 8.9193218E-06
       7.2324100E+13                 8.9206746E-06
       7.2329700E+13                 8.9219387E-06
       7.2391500E+13                 8.9371078E-06
       7.2397100E+13                 8.9383719E-06
       7.2402700E+13                 8.9396360E-06
       7.2408300E+13                 8.9409000E-06
       7.2413900E+13                 8.9421641E-06
       7.2454100E+13                 8.9523659E-06
       7.2459700E+13                 8.9536300E-06
       7.2465300E+13                 8.9548050E-06
       7.2470900E+13                 8.9561582E-06
       7.2476500E+13                 8.9574223E-06
       7.3086400E+13                 9.1071299E-06
       7.3092100E+13                 9.1084847E-06
       7.3097800E+13                 9.1096583E-06
       7.3103400E+13                 9.1109225E-06
       7.3109100E+13                 9.1134508E-06
       7.3582300E+13                 9.2296633E-06
       7.3588000E+13                 9.2309274E-06
       7.3593700E+13                 9.2320997E-06
       7.3599400E+13                 9.2332720E-06
       7.3605100E+13                 9.2344443E-06
       7.3777500E+13                 9.2651477E-06
       7.3783200E+13                 9.2741650E-06
       7.3788900E+13                 9.2747822E-06
       7.3794600E+13                 9.2755839E-06
       7.3800300E+13                 9.2786944E-06
       7.3941000E+13                 9.2582365E-06
       7.3944100E+13                 9.0666118E-06
       7.3947200E+13                 9.0251371E-06
       7.3950300E+13                 9.0039473E-06
       7.3953400E+13                 9.0019164E-06
       7.3956500E+13                 9.0231523E-06
       7.3959600E+13                 9.0765998E-06
       7.3962700E+13                 9.1513643E-06
       7.3965800E+13                 9.2557961E-06
       7.3968800E+13                 9.3766788E-06
       7.3971900E+13                 9.4894127E-06
       7.3975000E+13                 9.5920341E-06
       7.3978100E+13                 9.6382474E-06
       7.3981200E+13                 9.6093904E-06
       7.3984300E+13                 9.2885974E-06
       7.4000000E+13                 7.1481480E-06
       7.4005800E+13                 5.2589429E-06
       7.4011500E+13                 4.9991942E-06
       7.4017200E+13                 4.6562589E-06
       7.4022900E+13                 9.2821331E-06
       7.4517400E+13                 9.4617988E-06
       7.4525000E+13                 9.4629687E-06
       7.4532700E+13                 9.4654969E-06
       7.4540400E+13                 9.4668552E-06
       7.4548000E+13                 9.4693834E-06
       7.4555700E+13                 9.4706475E-06
       7.4563300E+13                 9.4730814E-06
       7.5857900E+13                 9.7993138E-06
       7.5863800E+13                 9.8005779E-06
       7.5869600E+13                 9.8030086E-06
       7.5875500E+13                 9.8042727E-06
       7.5881400E+13                 9.8056343E-06
       7.6678400E+13                 1.0009155E-05
       7.6686300E+13                 1.0011683E-05
       7.6694100E+13                 1.0014111E-05
       7.6702000E+13                 1.0015376E-05
       7.6709900E+13                 1.0018003E-05
       7.6717800E+13                 1.0019267E-05
       7.6725700E+13                 1.0021796E-05
       7.7855600E+13                 1.0315067E-05
       7.8447000E+13                 1.0469288E-05
       7.8455100E+13                 1.0471816E-05
       7.8463100E+13                 1.0474448E-05
       7.8471200E+13                 1.0475712E-05
       7.8479300E+13                 1.0478241E-05
       7.8487300E+13                 1.0480664E-05
       7.8495400E+13                 1.0483297E-05
       7.9270600E+13                 1.0688509E-05
       7.9276700E+13                 1.0689667E-05
       7.9282900E+13                 1.0690931E-05
       7.9289000E+13                 1.0693459E-05
       7.9295100E+13                 1.0694723E-05
       7.9912800E+13                 1.0839723E-05
       7.9921000E+13                 1.0859970E-05
       7.9929200E+13                 1.0862390E-05
       7.9937400E+13                 1.0864918E-05
       7.9945700E+13                 1.0866074E-05
       7.9953900E+13                 1.0868494E-05
       7.9962100E+13                 1.0877729E-05
       8.0101500E+13                 1.0876848E-05
       8.0109800E+13                 1.0776076E-05
       8.0118000E+13                 1.0780256E-05
       8.0126200E+13                 1.0867574E-05
       8.0134500E+13                 1.1044818E-05
       8.0142700E+13                 1.1240461E-05
       8.0150900E+13                 9.9323544E-06
       8.0202900E+13                 9.8031820E-06
       8.0209100E+13                 1.0938160E-05
       8.0215300E+13                 1.0940580E-05
       8.0221500E+13                 1.0942061E-05
       8.0227700E+13                 1.0943326E-05
       8.1141100E+13                 1.1191089E-05
       8.1149500E+13                 1.1192354E-05
       8.1157800E+13                 1.1194882E-05
       8.1166200E+13                 1.1197410E-05
       8.1174500E+13                 1.1199938E-05
       8.1182800E+13                 1.1202466E-05
       8.1191200E+13                 1.1203730E-05
       8.2180700E+13                 1.1475512E-05
       8.2189100E+13                 1.1478040E-05
       8.2197600E+13                 1.1480569E-05
       8.2206000E+13                 1.1481719E-05
       8.2214500E+13                 1.1484361E-05
       8.2222900E+13                 1.1486889E-05
       8.2231400E+13                 1.1489417E-05
       8.3068200E+13                 1.1720748E-05
       8.3076800E+13                 1.1723276E-05
       8.3085300E+13                 1.1725804E-05
       8.3093900E+13                 1.1728333E-05
       8.3102400E+13                 1.1730744E-05
       8.3110900E+13                 1.1733389E-05
       8.3119500E+13                 1.1735917E-05
       8.4570800E+13                 1.2142837E-05
       8.4577300E+13                 1.2145486E-05
       8.4583800E+13                 1.2146750E-05
       8.4590400E+13                 1.2149157E-05
       8.4596900E+13                 1.2150542E-05
       8.6066700E+13                 1.2571488E-05
       8.6073400E+13                 1.2572627E-05
       8.6080000E+13                 1.2575155E-05
       8.6086700E+13                 1.2576545E-05
       8.6093300E+13                 1.2579073E-05
       8.8951000E+13                 1.3412116E-05
       8.8957800E+13                 1.3424757E-05
       8.8964700E+13                 1.3424757E-05
       8.8971600E+13                 1.3424757E-05
       8.8978500E+13                 1.3424757E-05
       9.0878100E+13                 1.3912707E-05
       9.0887400E+13                 1.3859413E-05
       9.0896800E+13                 1.3861100E-05
       9.0906100E+13                 1.3965550E-05
       9.0915400E+13                 1.4143513E-05
       9.0924800E+13                 1.4313253E-05
       9.0934100E+13                 1.3353509E-05
       9.0980600E+13                 1.2118846E-05
       9.0987700E+13                 1.4020636E-05
       9.0994700E+13                 1.4031106E-05
       9.1001700E+13                 1.4031106E-05
       9.1008800E+13                 1.4043468E-05
       9.1311900E+13                 1.4122248E-05
       9.1334700E+13                 1.4111583E-05
       9.1372100E+13                 1.4096515E-05
       9.1372200E+13                 1.4096374E-05
       9.1384500E+13                 1.4082650E-05
       9.1781000E+13                 1.4209065E-05
       9.2580000E+13                 1.4449254E-05
       9.5139300E+13                 1.5258159E-05
       9.5146600E+13                 1.5258159E-05
       9.5154000E+13                 1.5258159E-05
       9.5161400E+13                 1.5258159E-05
       9.5168700E+13                 1.5258007E-05
       9.5294100E+13                 1.5308725E-05
       9.5301500E+13                 1.5308725E-05
       9.5308800E+13                 1.5308725E-05
       9.5316200E+13                 1.5308725E-05
       9.5323600E+13                 1.5308725E-05
       9.6832000E+13                 1.5801582E-05
       9.6839500E+13                 1.5801739E-05
       9.6847000E+13                 1.5801739E-05
       9.6854500E+13                 1.5801582E-05
       9.6862000E+13                 1.5801582E-05
       9.6953300E+13                 1.5839505E-05
       9.6960800E+13                 1.5839663E-05
       9.6968300E+13                 1.5839663E-05
       9.6975800E+13                 1.5839505E-05
       9.6983300E+13                 1.5852304E-05
       9.8586500E+13                 1.6370439E-05
       9.8596600E+13                 1.6370439E-05
       9.8606800E+13                 1.6383080E-05
       9.8616900E+13                 1.6383080E-05
       9.8627000E+13                 1.6383080E-05
       9.8637200E+13                 1.6383080E-05
       9.8647300E+13                 1.6395721E-05
       9.8689800E+13                 1.6408362E-05
       9.8697500E+13                 1.6408362E-05
       9.8705100E+13                 1.6408362E-05
       9.8712800E+13                 1.6408526E-05
       9.8720400E+13                 1.6421167E-05
       1.0394500E+14                 1.8190238E-05
       1.0395300E+14                 1.8190238E-05
       1.0396100E+14                 1.8190238E-05
       1.0396900E+14                 1.8190057E-05
       1.0397700E+14                 1.8202879E-05
       1.0429000E+14                 1.8303824E-05
       1.0430100E+14                 1.8304006E-05
       1.0431100E+14                 1.8316647E-05
       1.0432200E+14                 1.8316647E-05
       1.0433300E+14                 1.8316464E-05
       1.0434300E+14                 1.8329288E-05
       1.0435400E+14                 1.8329288E-05
       1.0559300E+14                 1.8758891E-05
       1.0606700E+14                 1.8935862E-05
       1.0607500E+14                 1.8935862E-05
       1.0608300E+14                 1.8935862E-05
       1.0609100E+14                 1.8935862E-05
       1.0609900E+14                 1.8948502E-05
       1.0681600E+14                 1.9201318E-05
       1.0682400E+14                 1.9201318E-05
       1.0683300E+14                 1.9201318E-05
       1.0684100E+14                 1.9201318E-05
       1.0684900E+14                 1.9213958E-05
       1.0862800E+14                 1.9845799E-05
       1.0863900E+14                 1.9858440E-05
       1.0865000E+14                 1.9858440E-05
       1.0866100E+14                 1.9858440E-05
       1.0867200E+14                 1.9871080E-05
       1.0868400E+14                 1.9871080E-05
       1.0869500E+14                 1.9871080E-05
       1.0874000E+14                 1.9896362E-05
       1.1106200E+14                 2.0743078E-05
       1.1107000E+14                 2.0755718E-05
       1.1107900E+14                 2.0755718E-05
       1.1108700E+14                 2.0755512E-05
       1.1109600E+14                 2.0755718E-05
       1.1200400E+14                 2.1097012E-05
       1.1201500E+14                 2.1097012E-05
       1.1202700E+14                 2.1109443E-05
       1.1203800E+14                 2.1109653E-05
       1.1205000E+14                 2.1109653E-05
       1.1206100E+14                 2.1122293E-05
       1.1207300E+14                 2.1122293E-05
       1.1277400E+14                 2.1388382E-05
       1.1278300E+14                 2.1388382E-05
       1.1279200E+14                 2.1401236E-05
       1.1280000E+14                 2.1401236E-05
       1.1280900E+14                 2.1401449E-05
       1.1318500E+14                 2.1542002E-05
       1.1319300E+14                 2.1554430E-05
       1.1320200E+14                 2.1554430E-05
       1.1321100E+14                 2.1554430E-05
       1.1322000E+14                 2.1554430E-05
       1.1341800E+14                 2.1629850E-05
       1.1342700E+14                 2.1642277E-05
       1.1343500E+14                 2.1642061E-05
       1.1344400E+14                 2.1642061E-05
       1.1345300E+14                 2.1642061E-05
       1.1396500E+14                 2.1790206E-05
       1.1397400E+14                 2.1826502E-05
       1.1398300E+14                 2.1824763E-05
       1.1399200E+14                 2.1835871E-05
       1.1400000E+14                 2.1852833E-05
       1.1410500E+14                 2.1750851E-05
       1.1411600E+14                 2.1371257E-05
       1.1412800E+14                 2.1334313E-05
       1.1414000E+14                 2.1629423E-05
       1.1415200E+14                 2.2261514E-05
       1.1416000E+14                 2.2845335E-05
       1.1416300E+14                 2.3139765E-05
       1.1416900E+14                 2.3267133E-05
       1.1417500E+14                 2.2933010E-05
       1.1417800E+14                 2.2538692E-05
       1.1418700E+14                 2.0732987E-05
       1.1419600E+14                 1.7038492E-05
       1.1419800E+14                 1.5510700E-05
       1.1420600E+14                 1.3218237E-05
       1.1421500E+14                 1.3287784E-05
       1.1422400E+14                 1.5996140E-05
       1.1423300E+14                 2.1871872E-05
       1.1468200E+14                 2.2120673E-05
       1.1469400E+14                 2.2120673E-05
       1.1470600E+14                 2.2120453E-05
       1.1471800E+14                 2.2133094E-05
       1.1472900E+14                 2.2133314E-05
       1.1474100E+14                 2.2133314E-05
       1.1475300E+14                 2.2145954E-05
       1.1684300E+14                 2.2954482E-05
       1.1685500E+14                 2.2954482E-05
       1.1686700E+14                 2.2967351E-05
       1.1687900E+14                 2.2967122E-05
       1.1689100E+14                 2.2967122E-05
       1.1690300E+14                 2.2979762E-05
       1.1691500E+14                 2.2979991E-05
       1.1692500E+14                 2.2979762E-05
       1.1693400E+14                 2.2992631E-05
       1.1694400E+14                 2.2992402E-05
       1.1695300E+14                 2.2992402E-05
       1.1696200E+14                 2.3005271E-05
       1.1861200E+14                 2.3649454E-05
       1.1862400E+14                 2.3649454E-05
       1.1863600E+14                 2.3662330E-05
       1.1864800E+14                 2.3662094E-05
       1.1866100E+14                 2.3674734E-05
       1.1867300E+14                 2.3674734E-05
       1.1868500E+14                 2.3674970E-05
       1.2007800E+14                 2.4230653E-05
       1.2009000E+14                 2.4243534E-05
       1.2010200E+14                 2.4243534E-05
       1.2011500E+14                 2.4255933E-05
       1.2012700E+14                 2.4255933E-05
       1.2013900E+14                 2.4256174E-05
       1.2015200E+14                 2.4268814E-05
       1.2023400E+14                 2.4293853E-05
       1.2024400E+14                 2.4306493E-05
       1.2025300E+14                 2.4306493E-05
       1.2026200E+14                 2.4306734E-05
       1.2027100E+14                 2.4319374E-05
       1.2130600E+14                 2.4736249E-05
       1.2131800E+14                 2.4736249E-05
       1.2133100E+14                 2.4736249E-05
       1.2134300E+14                 2.4748888E-05
       1.2135600E+14                 2.4748888E-05
       1.2136800E+14                 2.4761528E-05
       1.2138100E+14                 2.4761528E-05
       1.2183900E+14                 2.4951127E-05
       1.2184900E+14                 2.4951127E-05
       1.2185800E+14                 2.4951127E-05
       1.2186800E+14                 2.4963518E-05
       1.2187700E+14                 2.4963518E-05
       1.2234600E+14                 2.5153114E-05
       1.2235800E+14                 2.5165754E-05
       1.2237100E+14                 2.5165754E-05
       1.2238300E+14                 2.5166005E-05
       1.2239600E+14                 2.5178394E-05
       1.2240800E+14                 2.5178394E-05
       1.2242100E+14                 2.5191034E-05
       1.2323300E+14                 2.5519413E-05
       1.2324600E+14                 2.5532053E-05
       1.2325800E+14                 2.5532307E-05
       1.2327100E+14                 2.5532307E-05
       1.2328400E+14                 2.5544693E-05
       1.2329600E+14                 2.5544947E-05
       1.2330900E+14                 2.5557587E-05
       1.2599800E+14                 2.6669089E-05
       1.2600800E+14                 2.6681994E-05
       1.2601700E+14                 2.6681994E-05
       1.2602700E+14                 2.6681994E-05
       1.2603700E+14                 2.6694633E-05
       1.2771200E+14                 2.7402173E-05
       1.2772200E+14                 2.7402173E-05
       1.2773200E+14                 2.7414812E-05
       1.2774200E+14                 2.7414539E-05
       1.2775200E+14                 2.7414812E-05
       1.2933400E+14                 2.8097339E-05
       1.2934400E+14                 2.8109978E-05
       1.2935400E+14                 2.8109978E-05
       1.2936400E+14                 2.8109978E-05
       1.2937400E+14                 2.8122338E-05
       1.2954900E+14                 2.8198173E-05
       1.2955900E+14                 2.8198173E-05
       1.2956900E+14                 2.8198173E-05
       1.2957900E+14                 2.8210812E-05
       1.2958900E+14                 2.8210812E-05
       1.3148900E+14                 2.9014076E-05
       1.3152200E+14                 2.8986226E-05
       1.3157600E+14                 2.8888430E-05
       1.3159400E+14                 2.8845071E-05
       1.3217000E+14                 2.9097876E-05
       1.3355000E+14                 2.9704609E-05
       1.3692500E+14                 3.1222372E-05
       1.3693600E+14                 3.1222372E-05
       1.3694600E+14                 3.1235013E-05
       1.3695700E+14                 3.1235013E-05
       1.3696800E+14                 3.1234702E-05
       1.3804300E+14                 3.1657597E-05
       1.3805400E+14                 3.1732742E-05
       1.3806400E+14                 3.1733058E-05
       1.3807500E+14                 3.1732111E-05
       1.3808600E+14                 3.1763705E-05
       1.3832300E+14                 3.1731108E-05
       1.3833700E+14                 3.1286055E-05
       1.3835100E+14                 3.1374595E-05
       1.3836600E+14                 3.1773420E-05
       1.3838000E+14                 3.2437187E-05
       1.3839400E+14                 3.3053449E-05
       1.3840800E+14                 3.1847824E-05
       1.3843500E+14                 2.5261217E-05
       1.3844600E+14                 2.1050294E-05
       1.3845700E+14                 2.0996908E-05
       1.3846800E+14                 2.5339497E-05
       1.3847800E+14                 2.9900648E-05
       1.3848600E+14                 3.1727071E-05
       1.3849600E+14                 3.1938121E-05
       1.3850700E+14                 3.1940663E-05
       1.3851800E+14                 3.1952667E-05
       1.3852800E+14                 3.1953303E-05
       1.4180600E+14                 3.3482047E-05
       1.4181700E+14                 3.3482047E-05
       1.4182800E+14                 3.3481714E-05
       1.4183900E+14                 3.3494687E-05
       1.4185000E+14                 3.3494687E-05
       1.4187900E+14                 3.3507326E-05
       1.4188900E+14                 3.3519966E-05
       1.4190000E+14                 3.3519966E-05
       1.4191100E+14                 3.3532605E-05
       1.4192200E+14                 3.3532605E-05
       1.4485900E+14                 3.4934895E-05
       1.4487100E+14                 3.4934547E-05
       1.4488200E+14                 3.4934547E-05
       1.4489300E+14                 3.4947534E-05
       1.4490400E+14                 3.4947534E-05
       1.4560000E+14                 3.5288443E-05
       1.4560600E+14                 3.5288443E-05
       1.4561100E+14                 3.5288443E-05
       1.4561700E+14                 3.5288443E-05
       1.4562300E+14                 3.5301082E-05
       1.4562800E+14                 3.5301433E-05
       1.4563400E+14                 3.5301082E-05
       1.4564000E+14                 3.5301082E-05
       1.4564500E+14                 3.5301082E-05
       1.4708600E+14                 3.6008515E-05
       1.4709800E+14                 3.6008515E-05
       1.4710900E+14                 3.6021154E-05
       1.4712100E+14                 3.6021512E-05
       1.4713200E+14                 3.6033793E-05
       1.4778000E+14                 3.6349768E-05
       1.4779100E+14                 3.6349768E-05
       1.4780300E+14                 3.6362407E-05
       1.4781400E+14                 3.6362407E-05
       1.4782500E+14                 3.6362407E-05
       1.5000100E+14                 3.7435977E-05
       1.5080000E+14                 3.7840417E-05
       1.5160000E+14                 3.8232218E-05
       1.5240000E+14                 3.8638580E-05
       1.5319900E+14                 3.9044206E-05
       1.5333600E+14                 3.9117320E-05
       1.5334800E+14                 3.9116930E-05
       1.5335900E+14                 3.9129569E-05
       1.5337100E+14                 3.9129569E-05
       1.5338300E+14                 3.9216218E-05
       1.5399900E+14                 3.9357607E-05
       1.5404100E+14                 3.9098992E-05
       1.5405700E+14                 3.8862004E-05
       1.5407300E+14                 3.8965147E-05
       1.5408900E+14                 3.9435956E-05
       1.5410500E+14                 4.0156687E-05
       1.5412100E+14                 4.0777512E-05
       1.5413600E+14                 3.7185902E-05
       1.5420300E+14                 2.9644781E-05
       1.5421500E+14                 3.8122750E-05
       1.5422700E+14                 3.9514430E-05
       1.5423900E+14                 3.9570744E-05
       1.5425100E+14                 3.9586928E-05
       1.5479800E+14                 3.9861427E-05
       1.5559800E+14                 4.0265855E-05
       1.5599800E+14                 4.0468068E-05
       1.5639800E+14                 4.0682516E-05
       1.5679700E+14                 4.0884321E-05
       1.5698000E+14                 4.0985426E-05
       1.5699200E+14                 4.0985426E-05
       1.5700400E+14                 4.0998472E-05
       1.5701600E+14                 4.0998472E-05
       1.5702800E+14                 4.1011110E-05
       1.5719700E+14                 4.1099169E-05
       1.5759700E+14                 4.1301790E-05
       1.5799700E+14                 4.1517467E-05
       1.5839700E+14                 4.1722174E-05
       1.5859600E+14                 4.1824536E-05
       1.5879600E+14                 4.1937876E-05
       1.5899600E+14                 4.2036063E-05
       1.5919600E+14                 4.2145559E-05
       1.5939600E+14                 4.2235783E-05
       1.5959600E+14                 4.2291336E-05
       1.5975700E+14                 4.1996771E-05
       1.5977000E+14                 4.1896208E-05
       1.5978200E+14                 4.2169441E-05
       1.5979400E+14                 4.2452715E-05
       1.5979600E+14                 4.2588332E-05
       1.5980700E+14                 4.2843166E-05
       1.5987900E+14                 3.4391889E-05
       1.5989100E+14                 3.1103008E-05
       1.5990300E+14                 3.3190748E-05
       1.5991600E+14                 3.0620898E-05
       1.5992800E+14                 4.0849946E-05
       1.5999600E+14                 4.2560531E-05
       1.6006700E+14                 4.2590043E-05
       1.6007900E+14                 4.2602681E-05
       1.6009200E+14                 4.2615744E-05
       1.6010400E+14                 4.2615319E-05
       1.6011600E+14                 4.2627957E-05
       1.6019600E+14                 4.2665871E-05
       1.6030400E+14                 4.2716423E-05
       1.6031700E+14                 4.2729061E-05
       1.6032900E+14                 4.2729061E-05
       1.6034100E+14                 4.2741699E-05
       1.6035400E+14                 4.2741699E-05
       1.6038500E+14                 4.2766975E-05
       1.6039600E+14                 4.2766975E-05
       1.6039800E+14                 4.2766975E-05
       1.6041000E+14                 4.2779613E-05
       1.6042300E+14                 4.2779613E-05
       1.6043500E+14                 4.2792251E-05
       1.6059500E+14                 4.2880717E-05
       1.6079200E+14                 4.2981821E-05
       1.6079500E+14                 4.2981821E-05
       1.6080500E+14                 4.2981821E-05
       1.6081700E+14                 4.2994459E-05
       1.6083000E+14                 4.2994031E-05
       1.6084200E+14                 4.3007097E-05
       1.6099500E+14                 4.3082496E-05
       1.6119500E+14                 4.3196667E-05
       1.6149500E+14                 4.3348323E-05
       1.6150800E+14                 4.3360530E-05
       1.6152000E+14                 4.3360530E-05
       1.6153300E+14                 4.3373167E-05
       1.6154500E+14                 4.3385805E-05
       1.6159500E+14                 4.3411081E-05
       1.6199500E+14                 4.3613287E-05
       1.6239500E+14                 4.3827695E-05
       1.6243900E+14                 4.3853407E-05
       1.6279400E+14                 4.4043851E-05
       1.6319400E+14                 4.4259580E-05
       1.6359400E+14                 4.4475318E-05
       1.6399400E+14                 4.4758665E-05
       1.6479300E+14                 4.5002723E-05
       1.6481800E+14                 4.4682998E-05
       1.6483500E+14                 4.4525393E-05
       1.6485200E+14                 4.4632771E-05
       1.6486900E+14                 4.5203257E-05
       1.6488600E+14                 4.5984357E-05
       1.6490300E+14                 4.6504602E-05
       1.6492000E+14                 4.4472075E-05
       1.6498100E+14                 3.4342541E-05
       1.6499300E+14                 4.0437749E-05
       1.6500600E+14                 4.4506105E-05
       1.6501900E+14                 4.5226912E-05
       1.6503200E+14                 4.5264317E-05
       1.6559300E+14                 4.5558159E-05
       1.6639300E+14                 4.6000471E-05
       1.6719200E+14                 4.6429683E-05
       1.6799200E+14                 4.6871525E-05
       1.6879100E+14                 4.7313828E-05
       1.6913900E+14                 4.7503387E-05
       1.6915200E+14                 4.7516024E-05
       1.6916500E+14                 4.7528661E-05
       1.6917900E+14                 4.7528661E-05
       1.6919200E+14                 4.7541299E-05
       1.6959100E+14                 4.7756132E-05
       1.7252600E+14                 4.9410135E-05
       1.7254400E+14                 4.9410135E-05
       1.7256200E+14                 4.9422772E-05
       1.7258000E+14                 4.9435408E-05
       1.7259700E+14                 4.9448045E-05
       1.7261500E+14                 4.9460682E-05
       1.7263300E+14                 4.9460682E-05
       1.7269000E+14                 4.9498593E-05
       1.7270300E+14                 4.9511230E-05
       1.7271700E+14                 4.9511230E-05
       1.7273000E+14                 4.9523866E-05
       1.7274300E+14                 4.9523866E-05
       1.7439500E+14                 5.0471129E-05
       1.7488400E+14                 5.0748632E-05
       1.7624000E+14                 5.1518952E-05
       1.7625400E+14                 5.1531589E-05
       1.7626800E+14                 5.1544225E-05
       1.7628100E+14                 5.1544225E-05
       1.7629500E+14                 5.1556862E-05
       1.7712300E+14                 5.2037048E-05
       1.7713700E+14                 5.2036530E-05
       1.7715000E+14                 5.2049167E-05
       1.7716400E+14                 5.2061803E-05
       1.7717800E+14                 5.2062321E-05
       1.7823000E+14                 5.2680985E-05
       1.7824800E+14                 5.2680460E-05
       1.7826600E+14                 5.2693621E-05
       1.7828500E+14                 5.2706258E-05
       1.7830300E+14                 5.2718369E-05
       1.7832100E+14                 5.2731005E-05
       1.7834000E+14                 5.2744167E-05
       1.8256800E+14                 5.5230781E-05
       1.8258600E+14                 5.5243966E-05
       1.8260500E+14                 5.5243966E-05
       1.8262400E+14                 5.5256602E-05
       1.8264300E+14                 5.5268688E-05
       1.8266100E+14                 5.5281874E-05
       1.8268000E+14                 5.5294510E-05
       1.8594300E+14                 5.7250788E-05
       1.8596300E+14                 5.7263993E-05
       1.8598200E+14                 5.7276629E-05
       1.8600100E+14                 5.7288694E-05
       1.8602000E+14                 5.7289264E-05
       1.8603900E+14                 5.7301900E-05
       1.8605800E+14                 5.7314535E-05
       1.8862200E+14                 5.8879576E-05
       1.8864100E+14                 5.8892798E-05
       1.8866100E+14                 5.8905433E-05
       1.8868000E+14                 5.8917482E-05
       1.8870000E+14                 5.8917482E-05
       1.8871900E+14                 5.8930703E-05
       1.8873800E+14                 5.8943339E-05
       1.9063700E+14                 6.0117218E-05
       1.9065200E+14                 6.0116620E-05
       1.9066700E+14                 6.0129853E-05
       1.9068200E+14                 6.0142488E-05
       1.9069600E+14                 6.0155123E-05
       1.9078300E+14                 6.0205663E-05
       1.9080300E+14                 6.0217698E-05
       1.9082200E+14                 6.0230333E-05
       1.9084200E+14                 6.0243568E-05
       1.9086200E+14                 6.0255603E-05
       1.9088100E+14                 6.0268238E-05
       1.9090100E+14                 6.0281473E-05
       1.9228900E+14                 6.1139434E-05
       1.9255200E+14                 6.1303685E-05
       1.9257200E+14                 6.1316320E-05
       1.9259100E+14                 6.1328955E-05
       1.9261100E+14                 6.1341589E-05
       1.9263100E+14                 6.1354224E-05
       1.9265100E+14                 6.1366859E-05
       1.9267100E+14                 6.1379494E-05
       1.9401800E+14                 6.2212766E-05
       1.9403700E+14                 6.2225401E-05
       1.9405700E+14                 6.2237416E-05
       1.9407700E+14                 6.2250670E-05
       1.9409700E+14                 6.2263305E-05
       1.9411700E+14                 6.2275319E-05
       1.9413700E+14                 6.2287954E-05
       1.9524600E+14                 6.2982850E-05
       1.9526600E+14                 6.2995484E-05
       1.9528600E+14                 6.3007491E-05
       1.9530600E+14                 6.3020753E-05
       1.9532600E+14                 6.3032760E-05
       1.9534600E+14                 6.3045394E-05
       1.9536600E+14                 6.3058657E-05
       1.9628500E+14                 6.3638575E-05
       1.9630600E+14                 6.3651209E-05
       1.9632600E+14                 6.3664477E-05
       1.9634600E+14                 6.3677112E-05
       1.9636600E+14                 6.3689112E-05
       1.9638600E+14                 6.3702380E-05
       1.9640600E+14                 6.3715015E-05
       1.9717300E+14                 6.4207115E-05
       1.9719300E+14                 6.4219749E-05
       1.9721400E+14                 6.4232384E-05
       1.9723400E+14                 6.4245018E-05
       1.9725400E+14                 6.4257012E-05
       1.9727400E+14                 6.4270286E-05
       1.9729500E+14                 6.4282921E-05
       1.9866800E+14                 6.5154033E-05
       1.9868400E+14                 6.5166019E-05
       1.9869900E+14                 6.5178653E-05
       1.9871500E+14                 6.5191935E-05
       1.9873000E+14                 6.5191935E-05
       2.0136100E+14                 6.6883573E-05
       2.0137600E+14                 6.6896206E-05
       2.0139200E+14                 6.6908840E-05
       2.0140700E+14                 6.6921474E-05
       2.0142300E+14                 6.6934108E-05
       2.0302000E+14                 6.7970760E-05
       2.0303600E+14                 6.7970083E-05
       2.0305100E+14                 6.7982717E-05
       2.0306700E+14                 6.7996028E-05
       2.0308300E+14                 6.8008662E-05
       2.0457300E+14                 6.8977357E-05
       2.0545200E+14                 6.9438678E-05
       2.0558700E+14                 6.8894366E-05
       2.0561500E+14                 6.8611337E-05
       2.0576400E+14                 6.8699102E-05
       2.0578200E+14                 6.8712422E-05
       2.0595900E+14                 6.8824087E-05
       2.0601500E+14                 6.8859251E-05
       2.0622400E+14                 6.8976396E-05
       2.0899700E+14                 7.0732711E-05
       2.1001200E+14                 7.1402384E-05
       2.1002800E+14                 7.1415020E-05
       2.1004400E+14                 7.1426944E-05
       2.1006000E+14                 7.1439579E-05
       2.1007700E+14                 7.1452214E-05
       2.1283300E+14                 7.3258323E-05
       2.1712800E+14                 7.6161364E-05
       2.1714500E+14                 7.6174756E-05
       2.1716200E+14                 7.6187391E-05
       2.1717900E+14                 7.6200026E-05
       2.1719500E+14                 7.6212661E-05
       2.1826600E+14                 7.6944709E-05
       2.1961300E+14                 7.7866259E-05
       2.2096000E+14                 7.8787791E-05
       2.2113500E+14                 7.8914135E-05
       2.2126900E+14                 7.9002575E-05
       2.2230700E+14                 7.9722733E-05
       2.2299200E+14                 8.0202040E-05
       2.2300900E+14                 8.0213876E-05
       2.2302600E+14                 8.0227308E-05
       2.2304400E+14                 8.0239943E-05
       2.2306100E+14                 8.0252577E-05
       2.2365400E+14                 8.0668703E-05
       2.2500200E+14                 8.1602814E-05
       2.2634900E+14                 8.2550362E-05
       2.2769600E+14                 8.3508881E-05
       2.2790600E+14                 8.3660485E-05
       2.2792400E+14                 8.3673119E-05
       2.2794100E+14                 8.3685753E-05
       2.2795900E+14                 8.3698386E-05
       2.2797600E+14                 8.3698386E-05
       2.2837000E+14                 8.3988126E-05
       2.2904300E+14                 8.4468202E-05
       2.2971700E+14                 8.4948279E-05
       2.3039100E+14                 8.5427505E-05
       2.3075700E+14                 8.5681027E-05
       2.3077500E+14                 8.5693661E-05
       2.3079300E+14                 8.5706294E-05
       2.3081100E+14                 8.5719781E-05
       2.3082900E+14                 8.5732415E-05
       2.3106400E+14                 8.5910142E-05
       2.3173800E+14                 8.6398829E-05
       2.3206500E+14                 8.6646658E-05
       2.3207500E+14                 8.6646658E-05
       2.3208300E+14                 8.6658432E-05
       2.3210000E+14                 8.6671068E-05
       2.3211800E+14                 8.6683704E-05
       2.3213600E+14                 8.6696340E-05
       2.3241100E+14                 8.6881557E-05
       2.3260600E+14                 8.7023653E-05
       2.3262400E+14                 8.7034555E-05
       2.3264200E+14                 8.7047188E-05
       2.3266000E+14                 8.7058956E-05
       2.3267800E+14                 8.7070722E-05
       2.3274800E+14                 8.7117787E-05
       2.3308500E+14                 8.7348249E-05
       2.3342200E+14                 8.7544645E-05
       2.3375900E+14                 8.7836124E-05
       2.3387900E+14                 7.5130809E-05
       2.3388700E+14                 5.0508790E-05
       2.3389700E+14                 4.9881299E-05
       2.3390500E+14                 5.2426285E-05
       2.3391500E+14                 5.6273296E-05
       2.3392300E+14                 6.0880012E-05
       2.3393300E+14                 6.6871222E-05
       2.3394100E+14                 7.4084799E-05
       2.3395100E+14                 8.0888133E-05
       2.3395900E+14                 8.7643438E-05
       2.3409500E+14                 8.8091412E-05
       2.3443200E+14                 8.8331443E-05
       2.3476900E+14                 8.8571475E-05
       2.3510600E+14                 8.8823254E-05
       2.3544300E+14                 8.9063283E-05
       2.3561500E+14                 8.9189614E-05
       2.3563300E+14                 8.9202247E-05
       2.3565200E+14                 8.9214880E-05
       2.3567000E+14                 8.9227513E-05
       2.3568800E+14                 8.9240146E-05
       2.3577900E+14                 8.9315945E-05
       2.3645300E+14                 8.9795108E-05
       2.3712700E+14                 9.0287794E-05
       2.3780000E+14                 9.0779576E-05
       2.3847400E+14                 9.1284889E-05
       2.3914700E+14                 9.1776656E-05
       2.3920800E+14                 9.1814554E-05
       2.3922600E+14                 9.1827187E-05
       2.3924500E+14                 9.1839820E-05
       2.3926300E+14                 9.1865085E-05
       2.3928200E+14                 9.1877718E-05
       2.3982100E+14                 9.2269332E-05
       2.4038300E+14                 9.2686212E-05
       2.4116800E+14                 9.3266388E-05
       2.4251500E+14                 9.4263423E-05
       2.4386300E+14                 9.5260439E-05
       2.4521000E+14                 9.6270068E-05
       2.4655700E+14                 9.7292308E-05
       2.4790400E+14                 9.8301896E-05
       2.4869500E+14                 9.8907245E-05
       2.4871400E+14                 9.8919877E-05
       2.4873300E+14                 9.8932509E-05
       2.4875200E+14                 9.8946126E-05
       2.4877200E+14                 9.8958758E-05
       2.4925100E+14                 9.9324095E-05
       2.5192900E+14                 1.0136843E-04
       2.5671100E+14                 1.0505267E-04
       2.5673000E+14                 1.0506530E-04
       2.5675000E+14                 1.0507793E-04
       2.5677000E+14                 1.0509056E-04
       2.5679000E+14                 1.0511583E-04
       2.5701800E+14                 1.0529266E-04
       2.5766600E+14                 1.0579685E-04
       2.5774600E+14                 1.0586001E-04
       2.5776600E+14                 1.0587264E-04
       2.5778600E+14                 1.0588527E-04
       2.5780600E+14                 1.0589895E-04
       2.5782500E+14                 1.0591158E-04
       2.5917900E+14                 1.0697046E-04
       2.6069300E+14                 1.0815668E-04
       2.6220600E+14                 1.0934288E-04
       2.6372000E+14                 1.1054169E-04
       2.6523300E+14                 1.1174047E-04
       2.6674700E+14                 1.1295185E-04
       2.6826000E+14                 1.1415980E-04
       2.6852200E+14                 1.1436416E-04
       2.6867800E+14                 1.1447783E-04
       2.6901700E+14                 1.1475568E-04
       2.6977400E+14                 1.1536192E-04
       2.7053000E+14                 1.1596816E-04
       2.7106000E+14                 1.1640221E-04
       2.7108100E+14                 1.1641600E-04
       2.7110200E+14                 1.1644010E-04
       2.7112300E+14                 1.1645389E-04
       2.7114000E+14                 1.1646653E-04
       2.7114400E+14                 1.1646653E-04
       2.7116100E+14                 1.1649295E-04
       2.7118200E+14                 1.1650558E-04
       2.7120300E+14                 1.1651937E-04
       2.7122400E+14                 1.1654463E-04
       2.7128700E+14                 1.1659631E-04
       2.7154300E+14                 1.1680306E-04
       2.7204400E+14                 1.1721077E-04
       2.7242200E+14                 1.1750574E-04
       2.7280100E+14                 1.1784146E-04
       2.7317900E+14                 1.1809761E-04
       2.7355700E+14                 1.1828629E-04
       2.7357000E+14                 1.1834608E-04
       2.7359100E+14                 1.1837840E-04
       2.7361200E+14                 1.1839928E-04
       2.7363300E+14                 1.1842370E-04
       2.7365500E+14                 1.1831323E-04
       2.7393600E+14                 1.1894814E-04
       2.7407600E+14                 1.0119129E-04
       2.7409700E+14                 6.6258503E-05
       2.7411900E+14                 7.2109841E-05
       2.7414000E+14                 9.1638463E-05
       2.7416100E+14                 1.1617547E-04
       2.7426900E+14                 1.1897683E-04
       2.7429100E+14                 1.1901986E-04
       2.7431200E+14                 1.1903249E-04
       2.7431400E+14                 1.1903249E-04
       2.7433300E+14                 1.1904631E-04
       2.7435400E+14                 1.1907157E-04
       2.7469300E+14                 1.1934823E-04
       2.7507100E+14                 1.1965134E-04
       2.7544900E+14                 1.1995444E-04
       2.7582800E+14                 1.2027018E-04
       2.7658400E+14                 1.2088782E-04
       2.7666500E+14                 1.2094976E-04
       2.7667500E+14                 1.2096239E-04
       2.7668400E+14                 1.2096359E-04
       2.7669400E+14                 1.2097622E-04
       2.7670300E+14                 1.2098885E-04
       2.7671300E+14                 1.2098765E-04
       2.7672200E+14                 1.2100028E-04
       2.7673200E+14                 1.2101411E-04
       2.7674100E+14                 1.2101411E-04
       2.7675100E+14                 1.2102674E-04
       2.7676000E+14                 1.2102553E-04
       2.7677000E+14                 1.2103816E-04
       2.7677900E+14                 1.2105200E-04
       2.7678900E+14                 1.2105200E-04
       2.7679800E+14                 1.2106342E-04
       2.7680800E+14                 1.2106342E-04
       2.7681700E+14                 1.2107605E-04
       2.7682700E+14                 1.2108989E-04
       2.7683600E+14                 1.2108989E-04
       2.7734100E+14                 1.2150544E-04
       2.7809800E+14                 1.2212427E-04
       2.7885500E+14                 1.2275451E-04
       2.7961100E+14                 1.2337211E-04
       2.8112500E+14                 1.2462113E-04
       2.8185200E+14                 1.2522731E-04
       2.8263800E+14                 1.2588276E-04
       2.8371600E+14                 1.2679076E-04
       2.8415200E+14                 1.2716962E-04
       2.8558000E+14                 1.2830491E-04
       2.8566500E+14                 1.2843120E-04
       2.8717900E+14                 1.2969275E-04
       2.8744400E+14                 1.2994402E-04
       2.8759100E+14                 1.3007030E-04
       2.8761300E+14                 1.3007030E-04
       2.8763500E+14                 1.3007030E-04
       2.8765700E+14                 1.3007030E-04
       2.8768000E+14                 1.3007030E-04
       2.8869200E+14                 1.3095297E-04
       2.8930800E+14                 1.3145809E-04
       2.8957000E+14                 1.3171065E-04
       2.8965800E+14                 1.3171065E-04
       2.8968100E+14                 1.3183693E-04
       2.8970300E+14                 1.3183562E-04
       2.8972500E+14                 1.3183562E-04
       2.8974800E+14                 1.3183562E-04
       2.9020600E+14                 1.3221446E-04
       2.9117200E+14                 1.3309841E-04
       2.9210400E+14                 1.3385342E-04
       2.9303600E+14                 1.3461108E-04
       2.9396800E+14                 1.3536740E-04
       2.9489900E+14                 1.3625268E-04
       2.9561300E+14                 1.3689634E-04
       2.9566800E+14                 1.3690043E-04
       2.9572300E+14                 1.3690179E-04
       2.9577800E+14                 1.3703081E-04
       2.9583100E+14                 1.3703354E-04
       2.9583200E+14                 1.3703491E-04
       2.9588700E+14                 1.3703627E-04
       2.9591500E+14                 1.3716394E-04
       2.9594200E+14                 1.3716394E-04
       2.9597000E+14                 1.3716394E-04
       2.9599700E+14                 1.3716530E-04
       2.9601100E+14                 1.3716530E-04
       2.9602400E+14                 1.3716394E-04
       2.9603800E+14                 1.3716394E-04
       2.9605200E+14                 1.3729024E-04
       2.9606500E+14                 1.3729024E-04
       2.9607900E+14                 1.3729024E-04
       2.9609300E+14                 1.3729024E-04
       2.9610700E+14                 1.3728887E-04
       2.9613400E+14                 1.3728887E-04
       2.9616100E+14                 1.3728887E-04
       2.9618900E+14                 1.3728751E-04
       2.9621600E+14                 1.3741381E-04
       2.9627100E+14                 1.3741107E-04
       2.9629700E+14                 1.3740970E-04
       2.9632600E+14                 1.3740970E-04
       2.9638100E+14                 1.3753326E-04
       2.9643500E+14                 1.3753052E-04
       2.9649000E+14                 1.3752778E-04
       2.9676300E+14                 1.3776800E-04
       2.9722900E+14                 1.3826485E-04
       2.9769500E+14                 1.3859532E-04
       2.9816100E+14                 1.3908478E-04
       2.9831400E+14                 1.2080070E-04
       2.9833700E+14                 8.0396953E-05
       2.9836000E+14                 8.6074231E-05
       2.9838300E+14                 1.0980195E-04
       2.9840600E+14                 1.3780584E-04
       2.9862700E+14                 1.3945543E-04
       2.9909300E+14                 1.3968262E-04
       2.9909600E+14                 1.3987894E-04
       2.9955900E+14                 1.4016587E-04
       3.0002500E+14                 1.4066116E-04
       3.0049100E+14                 1.4102170E-04
       3.0094500E+14                 1.4141595E-04
       3.0142300E+14                 1.4183852E-04
       3.0235500E+14                 1.4234317E-04
       3.0279300E+14                 1.4222515E-04
       3.0328700E+14                 1.4325757E-04
       3.0421900E+14                 1.4396637E-04
       3.0464200E+14                 1.4461089E-04
       3.0515100E+14                 1.4509929E-04
       3.0649000E+14                 1.4606182E-04
       3.0696500E+14                 1.4657728E-04
       3.0698900E+14                 1.4486116E-04
       3.0701300E+14                 1.4523999E-04
       3.0701500E+14                 1.4602541E-04
       3.0703600E+14                 1.4665181E-04
       3.0706000E+14                 1.4710568E-04
       3.0833900E+14                 1.4711105E-04
       3.0887900E+14                 1.4591046E-04
       3.0926300E+14                 1.4839405E-04
       3.1018800E+14                 1.4938666E-04
       3.1074300E+14                 1.4958951E-04
       3.1111200E+14                 1.5028184E-04
       3.1144300E+14                 1.4658306E-04
       3.1146700E+14                 1.4977329E-04
       3.1149100E+14                 1.4839602E-04
       3.1151500E+14                 1.4843371E-04
       3.1153900E+14                 1.5054775E-04
       3.1165500E+14                 1.5054909E-04
       3.1203600E+14                 1.5108560E-04
       3.1249800E+14                 1.5034395E-04
       3.1260700E+14                 1.5168715E-04
       3.1296000E+14                 1.5182376E-04
       3.1342300E+14                 1.5187111E-04
       3.1345000E+14                 1.5158995E-04
       3.1388500E+14                 1.5065714E-04
       3.1408200E+14                 1.2145720E-04
       3.1410600E+14                 1.0983846E-04
       3.1413000E+14                 1.3695936E-04
       3.1415400E+14                 1.5098299E-04
       3.1417900E+14                 1.5254368E-04
       3.1428300E+14                 1.5228477E-04
       3.1430800E+14                 1.5235953E-04
       3.1433200E+14                 1.5184993E-04
       3.1434700E+14                 1.5152058E-04
       3.1435600E+14                 1.5147110E-04
       3.1438100E+14                 1.5338098E-04
       3.1447100E+14                 1.4782967E-04
       3.1480900E+14                 1.4797137E-04
       3.1524400E+14                 1.5387051E-04
       3.1527100E+14                 1.5406845E-04
       3.1573300E+14                 1.5377198E-04
       3.1665800E+14                 1.5529263E-04
       3.1703900E+14                 1.5566364E-04
       3.1758200E+14                 1.5573300E-04
       3.1847800E+14                 1.5534396E-04
       3.1850300E+14                 1.5503926E-04
       3.1850600E+14                 1.5579735E-04
       3.1852700E+14                 1.5386092E-04
       3.1855200E+14                 1.4840451E-04
       3.1857700E+14                 1.5566045E-04
       3.1883300E+14                 1.5727666E-04
       3.1943100E+14                 1.5751114E-04
       3.1994500E+14                 1.5822495E-04
       3.1997000E+14                 1.5835270E-04
       3.1999500E+14                 1.5833693E-04
       3.2002000E+14                 1.5828173E-04
       3.2004400E+14                 1.5840791E-04
       3.2058300E+14                 1.5844643E-04
       3.2062700E+14                 1.5867269E-04
       3.2067100E+14                 1.5732472E-04
       3.2069600E+14                 1.5466092E-04
       3.2070300E+14                 1.5440360E-04
       3.2072100E+14                 1.5586392E-04
       3.2074500E+14                 1.5863572E-04
       3.2077000E+14                 1.5790730E-04
       3.2127900E+14                 1.5877944E-04
       3.2152400E+14                 1.5902721E-04
       3.2242200E+14                 1.5771816E-04
       3.2283000E+14                 1.6053696E-04
       3.2312800E+14                 1.6111638E-04
       3.2331900E+14                 1.6086900E-04
       3.2376700E+14                 1.6158820E-04
       3.2421600E+14                 1.6129609E-04
       3.2466500E+14                 1.6617985E-04
       3.2485900E+14                 1.4694574E-04
       3.2488400E+14                 1.1084929E-04
       3.2491000E+14                 1.3872889E-04
       3.2493500E+14                 1.5852880E-04
       3.2496000E+14                 1.6301716E-04
       3.2497600E+14                 1.6330272E-04
       3.2507600E+14                 1.6207253E-04
       3.2511300E+14                 1.6034853E-04
       3.2556200E+14                 1.5937354E-04
       3.2601000E+14                 1.6359506E-04
       3.2626200E+14                 1.6332401E-04
       3.2682500E+14                 1.6236670E-04
       3.2690800E+14                 1.6468793E-04
       3.2732200E+14                 1.6501914E-04
       3.2780500E+14                 1.6547535E-04
       3.2844500E+14                 1.6432381E-04
       3.2858600E+14                 1.6534639E-04
       3.2867400E+14                 1.6824434E-04
       3.2870200E+14                 1.6342414E-04
       3.2888800E+14                 1.6478456E-04
       3.2901800E+14                 1.6258120E-04
       3.2904300E+14                 1.6642142E-04
       3.2906900E+14                 1.6644797E-04
       3.2909400E+14                 1.6660404E-04
       3.2912000E+14                 1.6649779E-04
       3.2956800E+14                 1.6486888E-04
       3.3049600E+14                 1.6763367E-04
       3.3068700E+14                 1.6760737E-04
       3.3069100E+14                 1.6323032E-04
       3.3125200E+14                 1.6842339E-04
       3.3151400E+14                 1.6879006E-04
       3.3181400E+14                 1.6889435E-04
       3.3229100E+14                 1.6940226E-04
       3.3237500E+14                 1.6953740E-04
       3.3256800E+14                 1.6887957E-04
       3.3259400E+14                 1.6900053E-04
       3.3262000E+14                 1.6911895E-04
       3.3264600E+14                 1.6921131E-04
       3.3267100E+14                 1.6871530E-04
       3.3293700E+14                 1.6359595E-04
       3.3349800E+14                 1.7051199E-04
       3.3381500E+14                 1.7089366E-04
       3.3406000E+14                 1.7116655E-04
       3.3408500E+14                 1.7094824E-04
       3.3414100E+14                 1.7122795E-04
       3.3518300E+14                 1.7160166E-04
       3.3545400E+14                 1.6940257E-04
       3.3588000E+14                 1.7158155E-04
       3.3622400E+14                 1.7250855E-04
       3.3630600E+14                 1.7337258E-04
       3.3676700E+14                 1.7358902E-04
       3.3694400E+14                 1.7387451E-04
       3.3742400E+14                 1.7405999E-04
       3.3742900E+14                 1.7344076E-04
       3.3767400E+14                 1.7457887E-04
       3.3808100E+14                 1.7326845E-04
       3.3873700E+14                 1.7116559E-04
       3.3877700E+14                 1.6823874E-04
       3.3939400E+14                 1.7553153E-04
       3.3967500E+14                 1.7466796E-04
       3.3997000E+14                 1.6938581E-04
       3.4007300E+14                 1.7680163E-04
       3.4070700E+14                 1.7714678E-04
       3.4132900E+14                 1.7741364E-04
       3.4163800E+14                 1.7435455E-04
       3.4192100E+14                 1.7847005E-04
       3.4202000E+14                 1.7817803E-04
       3.4223800E+14                 1.7874563E-04
       3.4242000E+14                 1.7853796E-04
       3.4320200E+14                 1.7255975E-04
       3.4333300E+14                 1.7680044E-04
       3.4388200E+14                 1.8019218E-04
       3.4406300E+14                 1.8009742E-04
       3.4416700E+14                 1.8020716E-04
       3.4450700E+14                 1.8065368E-04
       3.4464700E+14                 1.8109538E-04
       3.4476600E+14                 1.8085708E-04
       3.4479400E+14                 1.8092025E-04
       3.4515800E+14                 1.8162947E-04
       3.4552400E+14                 1.8143566E-04
       3.4571700E+14                 1.8082612E-04
       3.4579700E+14                 1.8084861E-04
       3.4625500E+14                 1.8051202E-04
       3.4643500E+14                 1.6927403E-04
       3.4677500E+14                 1.8234489E-04
       3.4698500E+14                 1.8212832E-04
       3.4702900E+14                 1.8431821E-04
       3.4727300E+14                 1.8104765E-04
       3.4771100E+14                 1.8369577E-04
       3.4771600E+14                 1.8429685E-04
       3.4789500E+14                 1.8402317E-04
       3.4790900E+14                 1.8396261E-04
       3.4834100E+14                 1.8135606E-04
       3.4844600E+14                 1.8443936E-04
       3.4847600E+14                 1.8455713E-04
       3.4858200E+14                 1.8458569E-04
       3.4867900E+14                 1.8508101E-04
       3.4904300E+14                 1.8478865E-04
       3.4917700E+14                 1.7240658E-04
       3.4965400E+14                 1.8516667E-04
       3.4967300E+14                 1.8359814E-04
       3.4990000E+14                 1.8767636E-04
       3.4990700E+14                 1.8146380E-04
       3.5017700E+14                 1.8646812E-04
       3.5026400E+14                 1.8629918E-04
       3.5031000E+14                 1.8647927E-04
       3.5063800E+14                 1.8664993E-04
       3.5066700E+14                 1.8673923E-04
       3.5094900E+14                 1.8707371E-04
       3.5096600E+14                 1.8743862E-04
       3.5102400E+14                 1.8636551E-04
       3.5136800E+14                 1.7827800E-04
       3.5162200E+14                 1.8757163E-04
       3.5166100E+14                 1.8754732E-04
       3.5172900E+14                 1.8742388E-04
       3.5209900E+14                 1.8832112E-04
       3.5215800E+14                 1.8881882E-04
       3.5240700E+14                 1.8772381E-04
       3.5244600E+14                 1.8885615E-04
       3.5250900E+14                 1.8827214E-04
       3.5265600E+14                 1.8548001E-04
       3.5281700E+14                 1.8905876E-04
       3.5282900E+14                 1.8715099E-04
       3.5293400E+14                 1.8786657E-04
       3.5299900E+14                 1.9030356E-04
       3.5315300E+14                 1.7269125E-04
       3.5328800E+14                 1.8740940E-04
       3.5356000E+14                 1.8586821E-04
       3.5367800E+14                 1.8633946E-04
       3.5387300E+14                 1.8982007E-04
       3.5406800E+14                 1.8976267E-04
       3.5412100E+14                 1.8978917E-04
       3.5414700E+14                 1.9008007E-04
       3.5415300E+14                 1.9037177E-04
       3.5424700E+14                 1.9053278E-04
       3.5429000E+14                 1.8845584E-04
       3.5445800E+14                 1.8950838E-04
       3.5468100E+14                 1.7112513E-04
       3.5471400E+14                 1.8876244E-04
       3.5487300E+14                 1.9110644E-04
       3.5496200E+14                 1.7101404E-04
       3.5502100E+14                 1.9073466E-04
       3.5510200E+14                 1.9075424E-04
       3.5514100E+14                 1.8994186E-04
       3.5521100E+14                 1.8949098E-04
       3.5523800E+14                 1.9156585E-04
       3.5524200E+14                 1.9032276E-04
       3.5536900E+14                 1.8858297E-04
       3.5552300E+14                 1.9132887E-04
       3.5555000E+14                 1.9018443E-04
       3.5555900E+14                 1.9019701E-04
       3.5575100E+14                 1.9221326E-04
       3.5575400E+14                 1.8397260E-04
       3.5588800E+14                 1.7932528E-04
       3.5601700E+14                 1.8836914E-04
       3.5605700E+14                 1.8924493E-04
       3.5608300E+14                 1.9188149E-04
       3.5609400E+14                 1.9258695E-04
       3.5613500E+14                 1.9338130E-04
       3.5614200E+14                 1.9316513E-04
       3.5622600E+14                 1.9187956E-04
       3.5639600E+14                 1.9189625E-04
       3.5643400E+14                 1.9332143E-04
       3.5648200E+14                 1.9179281E-04
       3.5664400E+14                 1.8949649E-04
       3.5673400E+14                 1.9299028E-04
       3.5677500E+14                 1.9462928E-04
       3.5679700E+14                 1.8663847E-04
       3.5694500E+14                 1.7817126E-04
       3.5698300E+14                 1.8999296E-04
       3.5703000E+14                 1.9211131E-04
       3.5707300E+14                 1.9101009E-04
       3.5711500E+14                 1.8983506E-04
       3.5720500E+14                 1.9292917E-04
       3.5721200E+14                 1.9294263E-04
       3.5728500E+14                 1.9288600E-04
       3.5741100E+14                 1.9258965E-04
       3.5762500E+14                 1.9043934E-04
       3.5794300E+14                 1.8633215E-04
       3.5796500E+14                 1.9085647E-04
       3.5830500E+14                 1.9259350E-04
       3.5867300E+14                 1.8964890E-04
       3.5940400E+14                 1.8180535E-04
       3.5944200E+14                 1.9175594E-04
       3.5947000E+14                 1.9212734E-04
       3.5949700E+14                 1.9277019E-04
       3.5952500E+14                 1.9548838E-04
       3.5955300E+14                 1.8724926E-04
       3.6013400E+14                 1.9227135E-04
       3.6086500E+14                 1.9244077E-04
       3.6159500E+14                 1.9292594E-04
       3.6232600E+14                 1.9199599E-04
       3.6296300E+14                 1.9094869E-04
       3.6305600E+14                 1.9444630E-04
       3.6378700E+14                 1.9316337E-04
       3.6381200E+14                 1.9662379E-04
       3.6384000E+14                 1.9934447E-04
       3.6386900E+14                 1.9522507E-04
       3.6389700E+14                 1.9067941E-04
       3.6392500E+14                 1.9548739E-04
       3.6451700E+14                 1.9535625E-04
       3.6517300E+14                 1.9592592E-04
       3.6524800E+14                 1.8994779E-04
       3.6548900E+14                 1.9001171E-04
       3.6549100E+14                 1.9037314E-04
       3.6553800E+14                 1.9340958E-04
       3.6609300E+14                 1.9393739E-04
       3.6619200E+14                 1.9463231E-04
       3.6760600E+14                 1.9457533E-04
       3.6882800E+14                 1.9670792E-04
       3.7401500E+14                 2.0064129E-04
       3.8030900E+14                 2.0446687E-04
       3.8074600E+14                 2.0644803E-04
       3.8228300E+14                 2.0842333E-04
       3.8342300E+14                 2.1168808E-04
       3.9149900E+14                 2.1700322E-04
       3.9467100E+14                 2.2061502E-04
       3.9470200E+14                 2.2176008E-04
       3.9473200E+14                 2.2190814E-04
       3.9476300E+14                 2.2205399E-04
       3.9479300E+14                 2.2374898E-04
       4.0327200E+14                 2.2983313E-04
       4.1114200E+14                 2.3653068E-04
       4.1154900E+14                 2.4056724E-04
       4.1157000E+14                 2.3523198E-04
       4.1159100E+14                 2.3181642E-04
       4.1161200E+14                 2.1863637E-04
       4.1163400E+14                 1.9791358E-04
       4.1165500E+14                 1.9026742E-04
       4.1167600E+14                 2.3961344E-04
       4.1750300E+14                 2.4346713E-04
       4.1753500E+14                 2.4501785E-04
       4.1756800E+14                 2.4501785E-04
       4.1760000E+14                 2.4501785E-04
       4.1763200E+14                 2.4527110E-04
       4.1817100E+14                 2.4694135E-04
       4.2412100E+14                 2.4984485E-04
       4.2414300E+14                 2.4804522E-04
       4.2416500E+14                 2.3629598E-04
       4.2418700E+14                 2.1329604E-04
       4.2420900E+14                 1.8565953E-04
       4.2423100E+14                 1.6945454E-04
       4.2425200E+14                 2.5356486E-04
       4.3486900E+14                 2.5995544E-04
       4.3490200E+14                 2.6307212E-04
       4.3493600E+14                 2.6300918E-04
       4.3496900E+14                 2.6259484E-04
       4.3500300E+14                 2.6309310E-04
       4.3570100E+14                 2.6353197E-04
       4.3716400E+14                 2.6506022E-04
       4.3862800E+14                 2.6702076E-04
       4.4009200E+14                 2.6847350E-04
       4.4155600E+14                 2.6939798E-04
       4.4168300E+14                 2.6943770E-04
       4.4302000E+14                 2.7162214E-04
       4.4448300E+14                 2.7332395E-04
       4.4594700E+14                 2.7488546E-04
       4.4741100E+14                 2.7621293E-04
       4.4838300E+14                 2.7737951E-04
       4.4841800E+14                 2.7693165E-04
       4.4845200E+14                 2.7454168E-04
       4.4848700E+14                 2.7160704E-04
       4.4852200E+14                 2.7204293E-04
       4.4872200E+14                 2.8919685E-04
       4.4875700E+14                 2.6869457E-04
       4.4879100E+14                 2.4090021E-04
       4.4882600E+14                 2.0745051E-04
       4.4886100E+14                 2.1587395E-04
       4.4887500E+14                 2.7550466E-04
       4.4960700E+14                 2.7854982E-04
       4.5033900E+14                 2.7939308E-04
       4.5107000E+14                 2.8009719E-04
       4.5180200E+14                 2.8078421E-04
       4.5207700E+14                 2.8107291E-04
       4.5253400E+14                 2.8186659E-04
       4.5326600E+14                 2.8165521E-04
       4.5399800E+14                 2.8324296E-04
       4.5399900E+14                 2.8336438E-04
       4.5436400E+14                 2.8367236E-04
       4.5473000E+14                 2.8408490E-04
       4.5509600E+14                 2.8438696E-04
       4.5546200E+14                 2.8447592E-04
       4.5582500E+14                 2.8477249E-04
       4.5582800E+14                 2.8569672E-04
       4.5619400E+14                 2.8346999E-04
       4.5636400E+14                 2.8455924E-04
       4.5656000E+14                 2.7765163E-04
       4.5663300E+14                 2.9471238E-04
       4.5676800E+14                 2.4811995E-04
       4.5683500E+14                 2.2691175E-04
       4.5686900E+14                 2.3096367E-04
       4.5690300E+14                 2.1366007E-04
       4.5692600E+14                 2.4299101E-04
       4.5697000E+14                 2.8314142E-04
       4.5710500E+14                 2.8661754E-04
       4.5729200E+14                 2.8680992E-04
       4.5737400E+14                 2.8706767E-04
       4.5765800E+14                 2.8715698E-04
       4.5791300E+14                 2.8748954E-04
       4.5802300E+14                 2.8748388E-04
       4.5838900E+14                 2.8794842E-04
       4.5875500E+14                 2.8847328E-04
       4.5910600E+14                 2.8878564E-04
       4.5912100E+14                 2.8884898E-04
       4.5914200E+14                 2.8885473E-04
       4.5917700E+14                 2.8887489E-04
       4.5921300E+14                 2.8892095E-04
       4.5924800E+14                 2.8905293E-04
       4.5985300E+14                 2.8936076E-04
       4.5995000E+14                 2.8981317E-04
       4.6058500E+14                 2.9008832E-04
       4.6131700E+14                 2.9100723E-04
       4.6204900E+14                 2.9160208E-04
       4.6278100E+14                 2.9213641E-04
       4.6351300E+14                 2.9346242E-04
       4.6424500E+14                 2.9446873E-04
       4.6570800E+14                 2.9592742E-04
       4.6717200E+14                 2.9731882E-04
       4.6775700E+14                 2.9804141E-04
       4.6779400E+14                 2.9820784E-04
       4.6783000E+14                 2.9820487E-04
       4.6786600E+14                 2.9833404E-04
       4.6790200E+14                 2.9852136E-04
       4.6863600E+14                 2.9928499E-04
       4.7010000E+14                 3.0062092E-04
       4.7156400E+14                 3.0237272E-04
       4.7302700E+14                 3.0362935E-04
       4.7356900E+14                 3.0459973E-04
       4.7449100E+14                 3.0532031E-04
       4.7487400E+14                 3.0569255E-04
       4.7491100E+14                 3.0589073E-04
       4.7494700E+14                 3.0600472E-04
       4.7498400E+14                 3.0599252E-04
       4.7502100E+14                 3.0622432E-04
       4.7595500E+14                 3.0713969E-04
       4.7741900E+14                 3.0910998E-04
       4.8063400E+14                 3.1129796E-04
       4.8073800E+14                 3.1220203E-04
       4.8077500E+14                 3.1189696E-04
       4.8081200E+14                 3.1183781E-04
       4.8084900E+14                 3.1232506E-04
       4.8088600E+14                 3.1368286E-04
       4.8565200E+14                 3.1628687E-04
       4.8568900E+14                 3.1769899E-04
       4.8572700E+14                 3.1746463E-04
       4.8576400E+14                 3.1745196E-04
       4.8580200E+14                 3.2010000E-04
       4.8981000E+14                 3.2115603E-04
       4.8984800E+14                 3.2216084E-04
       4.8988600E+14                 3.2226685E-04
       4.8992400E+14                 3.2237696E-04
       4.8996200E+14                 3.2233518E-04
       4.9336100E+14                 3.2456256E-04
       4.9339900E+14                 3.2616871E-04
       4.9343700E+14                 3.2615245E-04
       4.9347500E+14                 3.2626236E-04
       4.9351400E+14                 3.2746256E-04
       4.9764700E+14                 3.3313258E-04
       5.0999300E+14                 3.4033506E-04
       5.1003300E+14                 3.3064725E-04
       5.1007200E+14                 2.9541582E-04
       5.1011100E+14                 2.6615653E-04
       5.1015100E+14                 3.4547547E-04
       5.1871400E+14                 3.5333721E-04
       5.2630400E+14                 3.5975393E-04
       5.2630800E+14                 3.6331364E-04
       5.2723400E+14                 3.6327730E-04
       5.2780500E+14                 3.6403464E-04
       5.2980400E+14                 3.6572704E-04
       5.3034000E+14                 3.7256772E-04
       5.5230300E+14                 3.8510927E-04
       5.5271200E+14                 3.9230235E-04
       5.5312100E+14                 3.9279908E-04
       5.5353000E+14                 3.9316182E-04
       5.5373500E+14                 3.9280211E-04
       5.5383700E+14                 3.9207924E-04
       5.5394000E+14                 3.9567228E-04
       5.5414400E+14                 3.8841316E-04
       5.5455400E+14                 3.9437204E-04
       5.5496300E+14                 3.9474646E-04
       5.5537200E+14                 3.9882616E-04
       5.6783100E+14                 4.1202195E-04
       5.9101200E+14                 4.2959288E-04
       5.9308100E+14                 4.3779712E-04
       5.9365800E+14                 4.4104914E-04
       5.9370400E+14                 4.3332103E-04
       5.9375000E+14                 4.1631838E-04
       5.9379500E+14                 3.8167685E-04
       5.9384100E+14                 4.3600517E-04
       5.9515000E+14                 4.4091107E-04
       5.9721800E+14                 4.4050499E-04
       5.9745100E+14                 4.5473987E-04
       5.9748200E+14                 4.3306799E-04
       5.9751300E+14                 4.2903567E-04
       5.9754400E+14                 4.1182585E-04
       5.9757500E+14                 3.8324884E-04
       5.9760600E+14                 3.7421173E-04
       5.9763600E+14                 4.4127898E-04
       5.9928700E+14                 4.4404435E-04
       6.0135600E+14                 4.4779363E-04
       6.0342500E+14                 4.5017994E-04
       6.0549400E+14                 4.5076000E-04
       6.0652800E+14                 4.5258127E-04
       6.0756300E+14                 4.5495227E-04
       6.0859700E+14                 4.5057788E-04
       6.0883100E+14                 4.7431002E-04
       6.0887800E+14                 4.4162781E-04
       6.0892500E+14                 4.0149800E-04
       6.0897200E+14                 3.4044411E-04
       6.0902000E+14                 4.4253698E-04
       6.0963200E+14                 4.5752538E-04
       6.1066600E+14                 4.5752590E-04
       6.1170100E+14                 4.5899742E-04
       6.1273500E+14                 4.6061960E-04
       6.1325200E+14                 4.6176528E-04
       6.1376900E+14                 4.6226980E-04
       6.1428700E+14                 4.6240193E-04
       6.1480400E+14                 4.6346640E-04
       6.1486900E+14                 4.6097961E-04
       6.1532100E+14                 4.6167761E-04
       6.1583800E+14                 4.6214561E-04
       6.1635600E+14                 4.6624812E-04
       6.1677200E+14                 3.2815681E-04
       6.1687300E+14                 4.4611492E-04
       6.1739000E+14                 4.6613022E-04
       6.1757000E+14                 4.6648427E-04
       6.1790700E+14                 4.6689510E-04
       6.1842400E+14                 4.6645753E-04
       6.1867600E+14                 4.6951823E-04
       6.1894200E+14                 4.6163794E-04
       6.1945900E+14                 4.6818344E-04
       6.1997600E+14                 4.6930009E-04
       6.2048500E+14                 4.6884299E-04
       6.2101100E+14                 4.7032158E-04
       6.2204500E+14                 4.7130523E-04
       6.2307900E+14                 4.7235276E-04
       6.2411400E+14                 4.7320709E-04
       6.2514800E+14                 4.7530965E-04
       6.2618300E+14                 4.7632551E-04
       6.2721700E+14                 4.7783855E-04
       6.2881100E+14                 4.7916406E-04
       6.2928600E+14                 4.8059868E-04
       6.3135500E+14                 4.8248640E-04
       6.3342400E+14                 4.8466869E-04
       6.3549300E+14                 4.8454474E-04
       6.3578300E+14                 5.0827820E-04
       6.3583200E+14                 4.7470816E-04
       6.3588200E+14                 4.4385709E-04
       6.3593100E+14                 3.7373555E-04
       6.3598000E+14                 4.7939595E-04
       6.3756200E+14                 4.8200926E-04
       6.3894300E+14                 4.8933373E-04
       6.3912500E+14                 4.8695950E-04
       6.3930700E+14                 4.8826924E-04
       6.3948900E+14                 5.1007310E-04
       6.3958000E+14                 4.6816669E-04
       6.3962500E+14                 4.3754258E-04
       6.3963000E+14                 4.2760774E-04
       6.3967100E+14                 4.3012080E-04
       6.3976200E+14                 4.8489692E-04
       6.3994400E+14                 4.9228091E-04
       6.4012600E+14                 4.9261657E-04
       6.4030700E+14                 4.8955349E-04
       6.4169900E+14                 4.9180694E-04
       6.5035300E+14                 4.9718386E-04
       6.5585100E+14                 5.0616583E-04
       6.5774100E+14                 5.1157260E-04
       6.5832200E+14                 5.0602512E-04
       6.5890300E+14                 5.1326696E-04
       6.5948500E+14                 5.1298562E-04
       6.5977500E+14                 5.1417594E-04
       6.5992000E+14                 5.1614017E-04
       6.6006600E+14                 5.1769650E-04
       6.6011700E+14                 5.1188762E-04
       6.6035600E+14                 5.1284018E-04
       6.6093700E+14                 5.1474029E-04
       6.6151800E+14                 5.1186738E-04
       6.6209900E+14                 5.1827709E-04
       6.6222500E+14                 5.1813959E-04
       6.6274300E+14                 5.1843351E-04
       6.6536900E+14                 5.1967468E-04
       6.6799500E+14                 5.2074596E-04
       6.7014500E+14                 5.2788976E-04
       6.7019700E+14                 5.0364970E-04
       6.7024900E+14                 4.4691113E-04
       6.7030100E+14                 3.6901596E-04
       6.7035300E+14                 4.6452781E-04
       6.7062100E+14                 5.2521001E-04
       6.7077600E+14                 5.2315997E-04
       6.7324800E+14                 5.2505326E-04
       6.7534900E+14                 5.2325116E-04
       6.7587400E+14                 5.2505217E-04
       6.7850000E+14                 5.3211545E-04
       6.7981300E+14                 5.3176893E-04
       6.8112600E+14                 5.3787644E-04
       6.8244000E+14                 5.3316888E-04
       6.8260900E+14                 5.2820226E-04
       6.8266100E+14                 5.2572262E-04
       6.8271400E+14                 5.3404837E-04
       6.8276700E+14                 5.5505771E-04
       6.8282000E+14                 5.1656163E-04
       6.8375300E+14                 5.4149989E-04
       6.8506600E+14                 5.3053500E-04
       6.8579500E+14                 5.4165185E-04
       6.8637900E+14                 5.4075426E-04
       6.8703500E+14                 5.4406394E-04
       6.8769200E+14                 5.4326473E-04
       6.8834900E+14                 5.4658016E-04
       6.8839600E+14                 5.4607336E-04
       6.8900500E+14                 5.4058644E-04
       6.8966200E+14                 5.4317037E-04
       6.9031800E+14                 5.2437045E-04
       6.9078400E+14                 3.7836808E-04
       6.9097500E+14                 5.4407207E-04
       6.9163100E+14                 5.4797506E-04
       6.9228800E+14                 5.4691140E-04
       6.9294400E+14                 5.4593384E-04
       6.9317100E+14                 5.5381579E-04
       6.9355100E+14                 5.4541830E-04
       6.9360100E+14                 5.4902617E-04
       6.9425800E+14                 5.4190788E-04
       6.9557100E+14                 5.5091218E-04
       6.9688400E+14                 5.4668614E-04
       6.9819700E+14                 5.5712962E-04
       6.9951000E+14                 5.4362016E-04
       7.0082300E+14                 5.3452990E-04
       7.0213600E+14                 5.6177581E-04
       7.0476300E+14                 5.5451411E-04
       7.0557600E+14                 5.6615068E-04
       7.0738900E+14                 5.5938624E-04
       7.0774300E+14                 5.6786870E-04
       7.0991000E+14                 5.6889113E-04
       7.1001500E+14                 5.6687399E-04
       7.1192100E+14                 5.6981283E-04
       7.1207700E+14                 5.7564928E-04
       7.1264100E+14                 5.7578496E-04
       7.1289100E+14                 5.7628997E-04
       7.1337700E+14                 5.7758855E-04
       7.1361900E+14                 5.6703920E-04
       7.1386200E+14                 5.7681288E-04
       7.1424400E+14                 5.7795185E-04
       7.1434700E+14                 5.7410164E-04
       7.1498800E+14                 5.7779419E-04
       7.1526700E+14                 5.8057634E-04
       7.1531800E+14                 5.7253080E-04
       7.1641000E+14                 5.7724725E-04
       7.1789400E+14                 5.7955325E-04
       7.1857700E+14                 5.7882339E-04
       7.2052000E+14                 5.9159301E-04
       7.2074400E+14                 5.9451245E-04
       7.2182800E+14                 5.9106031E-04
       7.2234600E+14                 5.8396909E-04
       7.2291100E+14                 5.7508803E-04
       7.2299100E+14                 5.5399589E-04
       7.2304700E+14                 5.9873759E-04
       7.2310300E+14                 6.1163393E-04
       7.2315900E+14                 5.8673474E-04
       7.2321500E+14                 5.4502549E-04
       7.2399500E+14                 5.8332805E-04
       7.2507800E+14                 5.8755511E-04
       7.2616200E+14                 5.9145240E-04
       7.2724500E+14                 5.7493102E-04
       7.2778700E+14                 5.9137642E-04
       7.2812100E+14                 5.7603307E-04
       7.2832900E+14                 5.9039827E-04
       7.2887000E+14                 5.9275251E-04
       7.2920500E+14                 5.9246750E-04
       7.2941200E+14                 5.9270947E-04
       7.2954200E+14                 5.9303523E-04
       7.2995400E+14                 5.9590911E-04
       7.3043400E+14                 5.5827015E-04
       7.3049500E+14                 6.1781210E-04
       7.3098800E+14                 4.0514116E-04
       7.3103700E+14                 5.5646425E-04
       7.3157900E+14                 5.7544231E-04
       7.3212100E+14                 5.9399442E-04
       7.3266200E+14                 5.9539534E-04
       7.3274700E+14                 6.2098982E-04
       7.3277000E+14                 5.8668954E-04
       7.3320400E+14                 5.8159902E-04
       7.3374600E+14                 5.9716965E-04
       7.3482900E+14                 6.0128433E-04
       7.3506000E+14                 5.9329272E-04
       7.3591300E+14                 6.0265213E-04
       7.3699600E+14                 6.3599596E-04
       7.3737300E+14                 5.9913718E-04
       7.3808000E+14                 5.9452446E-04
       7.3916300E+14                 6.0058770E-04
       7.3968600E+14                 6.0652918E-04
       7.4024700E+14                 6.0324169E-04
       7.4097400E+14                 6.0193508E-04
       7.4180400E+14                 5.9910972E-04
       7.4199900E+14                 6.0920935E-04
       7.4241400E+14                 6.0906360E-04
       7.4259900E+14                 6.1462043E-04
       7.4265500E+14                 6.0832670E-04
       7.4265700E+14                 6.0704089E-04
       7.4271400E+14                 6.0687789E-04
       7.4272500E+14                 6.0570945E-04
       7.4277200E+14                 5.9664297E-04
       7.4282900E+14                 6.0453714E-04
       7.4431200E+14                 6.0785483E-04
       7.4450400E+14                 4.5703408E-04
       7.4458100E+14                 6.0664221E-04
       7.4513500E+14                 6.0866867E-04
       7.4546900E+14                 6.1371589E-04
       7.4635300E+14                 6.1401813E-04
       7.4662500E+14                 6.1450311E-04
       7.4674700E+14                 6.1526147E-04
       7.4731700E+14                 6.1678287E-04
       7.4737400E+14                 6.3206990E-04
       7.4743200E+14                 6.1157390E-04
       7.4749000E+14                 6.0433658E-04
       7.4754500E+14                 5.8882522E-04
       7.4754800E+14                 5.3415023E-04
       7.4778200E+14                 6.1412577E-04
       7.4891400E+14                 6.1323182E-04
       7.4893800E+14                 6.1818276E-04
       7.4995600E+14                 6.1818119E-04
       7.5009500E+14                 6.2363599E-04
       7.5108100E+14                 6.1980514E-04
       7.5125200E+14                 6.2006942E-04
       7.5183000E+14                 6.2013515E-04
       7.5236600E+14                 6.2153991E-04
       7.5240800E+14                 6.1572005E-04
       7.5272300E+14                 6.1789119E-04
       7.5298600E+14                 6.2033287E-04
       7.5324800E+14                 6.2094887E-04
       7.5332700E+14                 6.2112427E-04
       7.5356500E+14                 6.2146144E-04
       7.5414300E+14                 6.1863526E-04
       7.5472100E+14                 5.9488228E-04
       7.5477700E+14                 6.7118430E-04
       7.5520200E+14                 4.3435474E-04
       7.5522900E+14                 3.7907905E-04
       7.5529900E+14                 5.2033588E-04
       7.5541500E+14                 6.1276238E-04
       7.5581700E+14                 6.4134183E-04
       7.5587600E+14                 6.1291361E-04
       7.5587800E+14                 6.0895004E-04
       7.5593400E+14                 5.7731269E-04
       7.5599300E+14                 5.1299536E-04
       7.5605100E+14                 6.0149124E-04
       7.5645600E+14                 6.2270742E-04
       7.5703400E+14                 6.2658146E-04
       7.5713200E+14                 6.2750226E-04
       7.5718700E+14                 6.2760332E-04
       7.5729200E+14                 6.2618918E-04
       7.5761200E+14                 6.2603780E-04
       7.5768000E+14                 6.3071393E-04
       7.5811000E+14                 6.1777453E-04
       7.5819100E+14                 6.2282323E-04
       7.5934700E+14                 6.1764344E-04
       7.5959800E+14                 6.1579041E-04
       7.6015800E+14                 6.2782902E-04
       7.6050400E+14                 6.2740562E-04
       7.6080300E+14                 6.2292798E-04
       7.6166000E+14                 6.1615440E-04
       7.6200800E+14                 6.2078603E-04
       7.6213000E+14                 6.3243813E-04
       7.6263700E+14                 6.2870103E-04
       7.6281700E+14                 6.2051116E-04
       7.6309700E+14                 6.4405484E-04
       7.6315600E+14                 6.3573527E-04
       7.6321300E+14                 6.2628154E-04
       7.6321500E+14                 6.2484259E-04
       7.6327400E+14                 6.1319094E-04
       7.6333300E+14                 6.0359609E-04
       7.6388200E+14                 6.3103555E-04
       7.6397300E+14                 6.3036495E-04
       7.6402100E+14                 6.3457309E-04
       7.6441800E+14                 6.2328972E-04
       7.6511500E+14                 6.2599143E-04
       7.6513000E+14                 6.3781996E-04
       7.6562400E+14                 6.3402004E-04
       7.6563300E+14                 6.3602393E-04
       7.6633900E+14                 6.3452219E-04
       7.6682900E+14                 6.3775881E-04
       7.6743100E+14                 6.3791034E-04
       7.6744300E+14                 6.3677867E-04
       7.6759300E+14                 6.4144676E-04
       7.6803400E+14                 6.3403955E-04
       7.6863700E+14                 6.4139038E-04
       7.6865600E+14                 6.3399397E-04
       7.6921500E+14                 6.4026924E-04
       7.6923900E+14                 6.4111161E-04
       7.6975600E+14                 6.3937192E-04
       7.6984200E+14                 6.4008344E-04
       7.7007200E+14                 6.4240396E-04
       7.7044400E+14                 5.9374221E-04
       7.7049300E+14                 6.4540872E-04
       7.7052700E+14                 6.7930269E-04
       7.7056200E+14                 7.0418306E-04
       7.7059600E+14                 7.3154688E-04
       7.7063000E+14                 7.6478706E-04
       7.7066400E+14                 7.9466731E-04
       7.7069800E+14                 7.8495308E-04
       7.7073200E+14                 7.1304682E-04
       7.7076600E+14                 6.1228764E-04
       7.7080000E+14                 5.0975957E-04
       7.7083400E+14                 4.4129988E-04
       7.7086800E+14                 3.9827596E-04
       7.7090200E+14                 3.6295078E-04
       7.7093600E+14                 3.5207528E-04
       7.7097000E+14                 3.6942437E-04
       7.7097400E+14                 3.9087831E-04
       7.7099900E+14                 4.3780445E-04
       7.7104700E+14                 5.9722438E-04
       7.7131100E+14                 6.9219537E-04
       7.7165000E+14                 6.6825114E-04
       7.7206900E+14                 6.3732798E-04
       7.7225200E+14                 6.4536396E-04
       7.7249900E+14                 6.3461326E-04
       7.7255000E+14                 6.2080064E-04
       7.7278400E+14                 6.0647878E-04
       7.7285500E+14                 6.6254517E-04
       7.7329100E+14                 4.7720255E-04
       7.7345700E+14                 6.2197094E-04
       7.7357700E+14                 6.3246334E-04
       7.7378900E+14                 6.5260752E-04
       7.7391900E+14                 6.5907331E-04
       7.7397900E+14                 6.2845157E-04
       7.7403900E+14                 6.3090102E-04
       7.7406000E+14                 6.1906912E-04
       7.7409900E+14                 5.7297177E-04
       7.7414300E+14                 5.1737414E-04
       7.7415900E+14                 5.6722993E-04
       7.7438200E+14                 6.4461283E-04
       7.7502800E+14                 6.2528655E-04
       7.7505200E+14                 6.1957962E-04
       7.7526500E+14                 6.4727205E-04
       7.7560900E+14                 6.4295099E-04
       7.7578600E+14                 6.4762048E-04
       7.7621000E+14                 6.4919892E-04
       7.7626800E+14                 6.4450931E-04
       7.7647000E+14                 6.4601199E-04
       7.7669500E+14                 6.4903874E-04
       7.7686400E+14                 6.4880168E-04
       7.7743000E+14                 6.4802237E-04
       7.7750700E+14                 6.4741461E-04
       7.7767600E+14                 6.4939724E-04
       7.7792700E+14                 6.5076847E-04
       7.7812600E+14                 6.4980311E-04
       7.7867600E+14                 6.5119296E-04
       7.7874600E+14                 6.5255465E-04
       7.7884300E+14                 6.5184169E-04
       7.7888100E+14                 6.5146439E-04
       7.7900800E+14                 6.5055518E-04
       7.7907300E+14                 6.4995078E-04
       7.7936600E+14                 6.5252394E-04
       7.7981500E+14                 6.4853762E-04
       7.7994400E+14                 6.5220257E-04
       7.7998500E+14                 6.5213087E-04
       7.8008600E+14                 6.5242621E-04
       7.8024400E+14                 6.4898028E-04
       7.8060500E+14                 6.5526114E-04
       7.8071700E+14                 6.4172351E-04
       7.8122400E+14                 6.1793189E-04
       7.8129100E+14                 6.5051114E-04
       7.8132100E+14                 6.9292285E-04
       7.8140300E+14                 7.1687296E-04
       7.8147600E+14                 6.2285641E-04
       7.8177900E+14                 3.9108035E-04
       7.8184400E+14                 5.9322900E-04
       7.8236100E+14                 6.5258960E-04
       7.8246400E+14                 6.5367286E-04
       7.8256200E+14                 6.5339389E-04
       7.8308300E+14                 6.5606083E-04
       7.8346500E+14                 6.5609765E-04
       7.8356300E+14                 6.5527588E-04
       7.8361300E+14                 6.5530645E-04
       7.8362400E+14                 6.5552224E-04
       7.8368400E+14                 6.5600172E-04
       7.8370200E+14                 6.5663923E-04
       7.8370300E+14                 6.5687541E-04
       7.8372100E+14                 6.5727560E-04
       7.8374500E+14                 6.5829904E-04
       7.8380600E+14                 6.6075922E-04
       7.8400400E+14                 6.6002813E-04
       7.8408300E+14                 6.4999052E-04
       7.8410900E+14                 6.3612220E-04
       7.8432200E+14                 6.6541148E-04
       7.8487900E+14                 5.7309901E-04
       7.8494200E+14                 6.5759011E-04
       7.8517700E+14                 6.6048561E-04
       7.8564800E+14                 6.5912161E-04
       7.8593800E+14                 6.5862358E-04
       7.8603800E+14                 6.5878164E-04
       7.8611200E+14                 6.6063323E-04
       7.8618100E+14                 6.5915845E-04
       7.8661800E+14                 6.5835307E-04
       7.8674200E+14                 6.4931502E-04
       7.8711600E+14                 6.5522048E-04
       7.8719700E+14                 6.8113878E-04
       7.8729200E+14                 6.7033777E-04
       7.8742000E+14                 5.6490886E-04
       7.8761800E+14                 5.7979669E-04
       7.8777600E+14                 6.6041489E-04
       7.8779200E+14                 6.6502902E-04
       7.8805800E+14                 6.5458114E-04
       7.8835600E+14                 6.6094708E-04
       7.8844900E+14                 6.6200595E-04
       7.8852300E+14                 6.6238982E-04
       7.8865900E+14                 6.6362723E-04
       7.8893500E+14                 6.5934997E-04
       7.8937400E+14                 6.6904046E-04
       7.8948900E+14                 6.5723654E-04
       7.8951500E+14                 6.2592876E-04
       7.8989900E+14                 6.6032589E-04
       7.9009400E+14                 6.6751569E-04
       7.9057900E+14                 6.3857606E-04
       7.9067300E+14                 6.3654754E-04
       7.9069100E+14                 6.6329659E-04
       7.9076600E+14                 6.6377483E-04
       7.9093300E+14                 6.6435747E-04
       7.9113800E+14                 6.6874802E-04
       7.9125300E+14                 6.6282391E-04
       7.9136000E+14                 6.5223467E-04
       7.9172200E+14                 6.7748715E-04
       7.9183200E+14                 6.3494684E-04
       7.9200700E+14                 6.0484607E-04
       7.9206500E+14                 6.6482993E-04
       7.9222200E+14                 6.6672600E-04
       7.9237700E+14                 6.6686531E-04
       7.9259100E+14                 6.6605837E-04
       7.9266600E+14                 6.6697683E-04
       7.9299100E+14                 6.6506060E-04
       7.9332400E+14                 6.6552181E-04
       7.9334300E+14                 6.6007885E-04
       7.9386600E+14                 6.6411156E-04
       7.9398200E+14                 6.6605330E-04
       7.9415000E+14                 6.4761143E-04
       7.9441600E+14                 6.0908148E-04
       7.9453600E+14                 6.7229240E-04
       7.9464000E+14                 6.6539165E-04
       7.9485500E+14                 6.5142044E-04
       7.9499400E+14                 6.7918472E-04
       7.9529800E+14                 6.4186360E-04
       7.9530800E+14                 6.1367981E-04
       7.9551000E+14                 6.7089497E-04
       7.9575400E+14                 6.6721178E-04
       7.9595700E+14                 6.6284783E-04
       7.9624200E+14                 6.6526920E-04
       7.9633100E+14                 6.9963906E-04
       7.9646700E+14                 6.6748785E-04
       7.9661500E+14                 6.2696659E-04
       7.9663000E+14                 6.1202688E-04
       7.9700600E+14                 6.7967898E-04
       7.9715300E+14                 6.4442847E-04
       7.9715400E+14                 5.8829550E-04
       7.9727300E+14                 6.2457097E-04
       7.9733400E+14                 6.7667813E-04
       7.9762600E+14                 6.5298674E-04
       7.9806700E+14                 6.4953977E-04
       7.9816400E+14                 6.6424697E-04
       7.9826600E+14                 6.1970104E-04
       7.9840000E+14                 6.6087263E-04
       7.9859000E+14                 6.7326815E-04
       7.9879700E+14                 6.7215701E-04
       7.9897900E+14                 6.7532191E-04
       7.9947700E+14                 6.6441428E-04
       7.9981200E+14                 6.7477405E-04
       7.9989200E+14                 6.8434039E-04
       7.9990200E+14                 6.8231117E-04
       7.9990600E+14                 6.8111116E-04
       7.9994400E+14                 6.5695988E-04
       8.0044000E+14                 6.6722438E-04
       8.0047000E+14                 6.7376579E-04
       8.0055700E+14                 6.7467833E-04
       8.0071200E+14                 6.7634832E-04
       8.0072000E+14                 6.7642934E-04
       8.0080500E+14                 6.7768515E-04
       8.0122200E+14                 6.7597393E-04
       8.0153800E+14                 6.7289953E-04
       8.0171700E+14                 6.7608979E-04
       8.0194800E+14                 6.4460631E-04
       8.0208400E+14                 6.7520635E-04
       8.0226100E+14                 6.7781707E-04
       8.0229000E+14                 6.6457371E-04
       8.0235600E+14                 6.6097381E-04
       8.0241800E+14                 6.6767691E-04
       8.0253900E+14                 6.6372771E-04
       8.0254000E+14                 6.8006398E-04
       8.0317400E+14                 6.5579863E-04
       8.0318300E+14                 6.7220463E-04
       8.0354200E+14                 6.5613651E-04
       8.0357500E+14                 6.7846041E-04
       8.0366500E+14                 6.8692420E-04
       8.0372800E+14                 6.7816762E-04
       8.0380100E+14                 7.1819758E-04
       8.0399200E+14                 6.7099163E-04
       8.0441800E+14                 6.7730322E-04
       8.0457900E+14                 6.6193596E-04
       8.0461000E+14                 6.4543024E-04
       8.0476900E+14                 6.7362912E-04
       8.0481100E+14                 6.7970831E-04
       8.0491300E+14                 6.8077224E-04
       8.0503600E+14                 6.7972053E-04
       8.0517200E+14                 6.7873367E-04
       8.0536800E+14                 6.7677639E-04
       8.0537100E+14                 6.8156859E-04
       8.0564500E+14                 6.6347988E-04
       8.0565300E+14                 6.6708759E-04
       8.0605100E+14                 6.8116680E-04
       8.0616000E+14                 6.7505140E-04
       8.0616300E+14                 6.6815830E-04
       8.0627100E+14                 6.7741625E-04
       8.0644700E+14                 6.7889525E-04
       8.0668000E+14                 6.6473118E-04
       8.0678400E+14                 6.4771073E-04
       8.0688600E+14                 6.6240019E-04
       8.0688900E+14                 6.8130280E-04
       8.0689600E+14                 6.9337297E-04
       8.0701500E+14                 6.8780437E-04
       8.0719300E+14                 6.7200545E-04
       8.0719800E+14                 6.4623157E-04
       8.0724700E+14                 6.3054010E-04
       8.0740700E+14                 6.6260277E-04
       8.0771500E+14                 6.9068241E-04
       8.0772000E+14                 6.8966479E-04
       8.0780500E+14                 6.7647153E-04
       8.0803100E+14                 6.5082539E-04
       8.0808300E+14                 6.7728577E-04
       8.0812400E+14                 6.9210021E-04
       8.0818800E+14                 6.9759529E-04
       8.0823200E+14                 6.9624710E-04
       8.0825100E+14                 6.8975296E-04
       8.0831300E+14                 6.7920101E-04
       8.0834300E+14                 6.7063932E-04
       8.0837600E+14                 6.6393887E-04
       8.0843800E+14                 6.4377461E-04
       8.0855500E+14                 6.4550486E-04
       8.0865500E+14                 7.0465440E-04
       8.0865800E+14                 7.3461233E-04
       8.0875000E+14                 6.9652693E-04
       8.0896700E+14                 6.0903863E-04
       8.0897200E+14                 5.3224858E-04
       8.0921400E+14                 6.6419070E-04
       8.0927900E+14                 6.8887521E-04
       8.0935900E+14                 6.5681578E-04
       8.0939000E+14                 6.5563989E-04
       8.0946400E+14                 6.7201263E-04
       8.0959000E+14                 6.7746831E-04
       8.0971900E+14                 6.7865753E-04
       8.0972500E+14                 6.7899192E-04
       8.0978500E+14                 6.8095236E-04
       8.0980700E+14                 6.8070383E-04
       8.0988300E+14                 6.7618118E-04
       8.0990200E+14                 6.7326431E-04
       8.1001600E+14                 6.8592599E-04
       8.1022400E+14                 6.8139541E-04
       8.1030100E+14                 6.7578113E-04
       8.1030200E+14                 6.7052266E-04
       8.1043300E+14                 6.7215822E-04
       8.1043700E+14                 6.8110207E-04
       8.1049800E+14                 6.8268494E-04
       8.1052600E+14                 6.7868423E-04
       8.1059500E+14                 6.7325563E-04
       8.1064200E+14                 6.7614331E-04
       8.1072000E+14                 6.8680699E-04
       8.1082000E+14                 6.9222566E-04
       8.1084300E+14                 6.8781156E-04
       8.1085000E+14                 6.8229426E-04
       8.1091800E+14                 6.7669459E-04
       8.1092900E+14                 6.8073594E-04
       8.1105900E+14                 6.8145649E-04
       8.1113800E+14                 6.4834609E-04
       8.1115000E+14                 6.6083374E-04
       8.1133800E+14                 6.7399808E-04
       8.1134800E+14                 6.5185365E-04
       8.1138100E+14                 6.5582651E-04
       8.1145200E+14                 6.7683696E-04
       8.1147600E+14                 6.8651841E-04
       8.1153200E+14                 6.8309723E-04
       8.1155700E+14                 6.7982184E-04
       8.1166200E+14                 6.8456674E-04
       8.1175700E+14                 6.8259515E-04
       8.1176600E+14                 6.8109641E-04
       8.1177300E+14                 6.8121879E-04
       8.1180200E+14                 6.8270996E-04
       8.1185500E+14                 6.8526559E-04
       8.1187100E+14                 6.8576205E-04
       8.1189300E+14                 6.8435381E-04
       8.1194600E+14                 6.8268879E-04
       8.1196700E+14                 6.8271424E-04
       8.1197600E+14                 6.8473001E-04
       8.1217700E+14                 6.8356457E-04
       8.1218500E+14                 6.8444864E-04
       8.1222300E+14                 6.8360378E-04
       8.1225200E+14                 6.8274379E-04
       8.1231100E+14                 6.8410722E-04
       8.1238700E+14                 6.8441963E-04
       8.1239400E+14                 6.8415746E-04
       8.1249200E+14                 6.8518067E-04
       8.1259700E+14                 6.8789624E-04
       8.1260300E+14                 6.8775168E-04
       8.1264300E+14                 6.8580840E-04
       8.1270200E+14                 6.8330640E-04
       8.1280600E+14                 6.8427272E-04
       8.1285300E+14                 6.8435018E-04
       8.1291100E+14                 6.8461742E-04
       8.1299100E+14                 6.8483612E-04
       8.1301600E+14                 6.8487126E-04
       8.1302100E+14                 6.8489330E-04
       8.1302200E+14                 6.8488090E-04
       8.1306400E+14                 6.8474037E-04
       8.1306500E+14                 6.8469422E-04
       8.1307000E+14                 6.8476655E-04
       8.1314500E+14                 6.8496047E-04
       8.1322600E+14                 6.8520749E-04
       8.1327400E+14                 6.8547763E-04
       8.1337900E+14                 6.8549039E-04
       8.1343600E+14                 6.8531215E-04
       8.1344100E+14                 6.8524804E-04
       8.1348400E+14                 6.8518875E-04
       8.1358900E+14                 6.8461116E-04
       8.1364600E+14                 6.8421537E-04
       8.1369400E+14                 6.8529947E-04
       8.1380000E+14                 6.8625354E-04
       8.1384900E+14                 6.8647151E-04
       8.1385900E+14                 6.8651013E-04
       8.1390500E+14                 6.8651114E-04
       8.1392500E+14                 6.8626485E-04
       8.1398000E+14                 6.8576965E-04
       8.1406500E+14                 6.8520867E-04
       8.1411500E+14                 6.8509203E-04
       8.1426800E+14                 6.8553578E-04
       8.1432500E+14                 6.8875156E-04
       8.1448500E+14                 6.9001154E-04
       8.1449300E+14                 6.9236895E-04
       8.1453600E+14                 6.9335638E-04
       8.1481500E+14                 6.8689411E-04
       8.1488400E+14                 6.8110237E-04
       8.1490500E+14                 6.8562980E-04
       8.1495600E+14                 6.9043791E-04
       8.1523300E+14                 6.9071908E-04
       8.1537700E+14                 6.9094850E-04
       8.1551500E+14                 6.9112965E-04
       8.1553600E+14                 6.9121938E-04
       8.1570300E+14                 6.9136080E-04
       8.1579700E+14                 6.9135551E-04
       8.1599500E+14                 6.9162115E-04
       8.1626300E+14                 6.9239823E-04
       8.1687700E+14                 6.9128085E-04
       8.1800600E+14                 6.9240951E-04
       8.1806400E+14                 6.8162149E-04
       8.1814400E+14                 6.9648150E-04
       8.1852000E+14                 6.9319876E-04
       8.1953600E+14                 6.9526727E-04
       8.2016400E+14                 6.9284799E-04
       8.2180700E+14                 6.9833540E-04
       8.2201200E+14                 7.0342138E-04
       8.2235000E+14                 6.5827814E-04
       8.2236000E+14                 6.1935210E-04
       8.2246000E+14                 6.1606420E-04
       8.2256100E+14                 6.1361005E-04
       8.2273000E+14                 6.1518741E-04
       8.2338800E+14                 6.1778742E-04
       8.2413600E+14                 6.1663864E-04
       8.2420000E+14                 6.0412944E-04
       8.2421500E+14                 6.0274043E-04
       8.2426300E+14                 6.0540952E-04
       8.2432700E+14                 6.1804182E-04
       8.2439100E+14                 6.1165488E-04
       8.2820900E+14                 6.1999879E-04
       8.2827300E+14                 6.2088094E-04
       8.2833700E+14                 6.2123633E-04
       8.2840100E+14                 6.2172619E-04
       8.2846500E+14                 6.2843265E-04
       8.3258500E+14                 6.2556765E-04
       8.3314000E+14                 6.2681022E-04
       8.3341200E+14                 6.2720720E-04
       8.3442800E+14                 6.2792811E-04
       8.3505200E+14                 6.0894625E-04
       8.3511700E+14                 6.3379290E-04
       8.3518100E+14                 6.6346693E-04
       8.3524600E+14                 6.6837079E-04
       8.3531100E+14                 6.3485526E-04
       8.3537800E+14                 5.7812776E-04
       8.3612900E+14                 6.3054101E-04
       8.4446700E+14                 6.3384401E-04
       8.4694000E+14                 6.3984170E-04
       8.5478400E+14                 6.4484996E-04
       8.6485600E+14                 6.5141850E-04
       8.6859100E+14                 6.5223247E-04
       8.6865900E+14                 6.3697517E-04
       8.6872600E+14                 6.1272665E-04
       8.6879300E+14                 6.2979886E-04
       8.6886000E+14                 6.5817617E-04
       8.7530100E+14                 6.6245308E-04
       8.7593400E+14                 6.6804071E-04
       8.7626400E+14                 6.7081102E-04
       8.8405400E+14                 6.7654060E-04
       8.9291700E+14                 6.8313709E-04
       8.9298600E+14                 6.8507786E-04
       8.9305500E+14                 6.9018527E-04
       8.9312400E+14                 6.8955290E-04
       8.9319300E+14                 6.8793284E-04
       9.0869700E+14                 6.9978085E-04
       9.0876800E+14                 7.0907261E-04
       9.0883800E+14                 7.1041135E-04
       9.0890800E+14                 7.0062974E-04
       9.0897800E+14                 7.0740214E-04
       9.1952000E+14                 7.1014191E-04
       9.1959100E+14                 7.3096473E-04
       9.1966200E+14                 7.2283335E-04
       9.1973300E+14                 7.1471351E-04
       9.1980400E+14                 7.1617312E-04
       9.2341500E+14                 7.2065846E-04
       9.3363300E+14                 7.2885348E-04
       9.3417800E+14                 7.3375569E-04
       9.3472300E+14                 7.3591588E-04
       9.3526800E+14                 7.3367986E-04
       9.3554100E+14                 7.4244188E-04
       9.3567700E+14                 6.6502662E-04
       9.3581300E+14                 6.6973636E-04
       9.3608600E+14                 7.3727013E-04
       9.3663100E+14                 7.3657138E-04
       9.3717600E+14                 7.3865070E-04
       9.3772100E+14                 7.3511064E-04
       9.3989100E+14                 7.3861683E-04
       9.3992300E+14                 7.7761343E-04
       9.3995600E+14                 7.7320499E-04
       9.3998800E+14                 7.7044893E-04
       9.4002000E+14                 7.7206637E-04
       9.4005300E+14                 7.7145337E-04
       9.4008500E+14                 7.6555708E-04
       9.4011700E+14                 7.5668549E-04
       9.4015000E+14                 7.3946677E-04
       9.4018200E+14                 7.0637891E-04
       9.4021400E+14                 6.6699061E-04
       9.4024700E+14                 6.3297360E-04
       9.4027900E+14                 6.2148363E-04
       9.4031100E+14                 6.4172542E-04
       9.4034400E+14                 6.8146389E-04
       9.4037600E+14                 7.1616577E-04
       9.4040800E+14                 7.3319601E-04
       9.4044100E+14                 7.3673453E-04
       9.4047300E+14                 7.4110830E-04
       9.5114600E+14                 7.4874392E-04
       9.6014500E+14                 7.5579020E-04
       9.6050700E+14                 7.6292517E-04
       9.8157500E+14                 7.7965133E-04
       1.0159400E+15                 8.0594826E-04
       1.0191500E+15                 8.1053364E-04
       1.0192100E+15                 8.2236438E-04
       1.0192800E+15                 8.2078609E-04
       1.0193400E+15                 8.2119047E-04
       1.0194000E+15                 8.2249837E-04
       1.0194600E+15                 8.2327818E-04
       1.0195300E+15                 8.2388698E-04
       1.0195900E+15                 8.2461360E-04
       1.0196500E+15                 8.2481108E-04
       1.0197200E+15                 8.2550500E-04
       1.0197800E+15                 8.2576011E-04
       1.0287000E+15                 8.2158004E-04
       1.0364600E+15                 8.3226834E-04
       1.0369900E+15                 8.4443797E-04
       1.0481000E+15                 8.4818334E-04
       1.0528400E+15                 8.5706897E-04
       1.0601100E+15                 8.5828813E-04
       1.0601700E+15                 8.6436739E-04
       1.0602400E+15                 8.6440198E-04
       1.0603000E+15                 8.6475170E-04
       1.0603700E+15                 8.6580594E-04
       1.0604400E+15                 8.6818941E-04
       1.0605000E+15                 8.6956470E-04
       1.0605700E+15                 8.6866169E-04
       1.0606300E+15                 8.6716509E-04
       1.0607000E+15                 8.6760264E-04
       1.0607600E+15                 8.6912542E-04
       1.0761200E+15                 8.7480553E-04
       1.0847300E+15                 8.8359837E-04
       1.0848000E+15                 8.8913900E-04
       1.0848600E+15                 8.8456845E-04
       1.0849300E+15                 8.8354486E-04
       1.0850000E+15                 8.8680754E-04
       1.0850600E+15                 8.8967547E-04
       1.0851300E+15                 8.9002697E-04
       1.0852000E+15                 8.9044646E-04
       1.0852700E+15                 8.8988221E-04
       1.0853300E+15                 8.9006939E-04
       1.0854000E+15                 8.8878584E-04
       1.0936900E+15                 8.9508195E-04
       1.0944400E+15                 9.0106250E-04
       1.0951800E+15                 9.0286266E-04
       1.0959300E+15                 8.8330306E-04
       1.0963100E+15                 9.2794853E-04
       1.0964900E+15                 8.2830498E-04
       1.0966800E+15                 8.2449324E-04
       1.0970600E+15                 9.0406105E-04
       1.0978000E+15                 8.9965489E-04
       1.0985500E+15                 9.0079644E-04
       1.0993000E+15                 9.0003737E-04
       1.1001200E+15                 9.0136322E-04
       1.1006700E+15                 8.5759431E-04
       1.1007600E+15                 8.7527762E-04
       1.1008600E+15                 9.0456369E-04
       1.1009500E+15                 9.0529797E-04
       1.1009900E+15                 9.0525359E-04
       1.1010100E+15                 9.0550175E-04
       1.1010400E+15                 9.0613122E-04
       1.1010800E+15                 9.0694550E-04
       1.1011700E+15                 9.0737124E-04
       1.1012600E+15                 9.1240757E-04
       1.1013500E+15                 9.0947165E-04
       1.1068300E+15                 9.0887883E-04
       1.1069300E+15                 9.1443389E-04
       1.1089600E+15                 9.1510032E-04
       1.1115900E+15                 9.1298596E-04
       1.1116800E+15                 8.1898829E-04
       1.1117700E+15                 7.7937545E-04
       1.1118600E+15                 8.5604102E-04
       1.1119100E+15                 8.7840456E-04
       1.1119300E+15                 8.7297228E-04
       1.1119500E+15                 8.6414975E-04
       1.1120000E+15                 8.5558018E-04
       1.1120900E+15                 8.6222328E-04
       1.1121800E+15                 9.0202178E-04
       1.1122800E+15                 9.2510584E-04
       1.1156200E+15                 9.2788996E-04
       1.1213300E+15                 9.2860124E-04
       1.1262800E+15                 9.2944850E-04
       1.1293900E+15                 9.2829652E-04
       1.1405300E+15                 9.3147559E-04
       1.1477000E+15                 9.4725321E-04
       1.1526700E+15                 9.5512841E-04
       1.1530200E+15                 9.5793921E-04
       1.1692300E+15                 9.6785975E-04
       1.1718900E+15                 9.7377472E-04
       1.1825200E+15                 9.8201159E-04
       1.1851700E+15                 9.8671253E-04
       1.1877600E+15                 9.8207229E-04
       1.1892800E+15                 9.9016523E-04
       1.1904100E+15                 1.0123088E-03
       1.1908000E+15                 1.0466047E-03
       1.1923200E+15                 1.0094383E-03
       1.1930800E+15                 1.0021870E-03
       1.1934600E+15                 8.9857634E-04
       1.1938400E+15                 9.8327922E-04
       1.1946000E+15                 9.8858037E-04
       1.1961200E+15                 9.9580471E-04
       1.1976400E+15                 9.9855441E-04
       1.1991600E+15                 9.7721934E-04
       1.2032100E+15                 1.0030499E-03
       1.2065400E+15                 1.0075594E-03
       1.2104600E+15                 1.0114134E-03
       1.2145300E+15                 1.0113023E-03
       1.2157000E+15                 1.0093121E-03
       1.2196200E+15                 1.0123285E-03
       1.2227300E+15                 1.0235551E-03
       1.2397700E+15                 1.0294538E-03
       1.2449600E+15                 1.0449513E-03
       1.2500800E+15                 1.0383851E-03
       1.2517600E+15                 1.0420220E-03
       1.2529600E+15                 1.0351943E-03
       1.2534500E+15                 1.0617804E-03
       1.2551300E+15                 1.0503045E-03
       1.2559800E+15                 1.0186322E-03
       1.2564000E+15                 9.7551461E-04
       1.2568200E+15                 1.0603389E-03
       1.2576600E+15                 1.1147157E-03
       1.2593500E+15                 1.0736358E-03
       1.2610300E+15                 1.0662147E-03
       1.2627200E+15                 1.0620688E-03
       1.2806300E+15                 1.0665371E-03
       1.2831000E+15                 1.0700944E-03
       1.2861600E+15                 1.0668216E-03
       1.2900800E+15                 1.0757497E-03
       1.2927900E+15                 1.1010458E-03
       1.2945900E+15                 1.1206375E-03
       1.2963900E+15                 1.1007324E-03
       1.2981900E+15                 1.0883062E-03
       1.2990900E+15                 1.0956737E-03
       1.2995500E+15                 1.0111224E-03
       1.3000000E+15                 1.0812200E-03
       1.3009000E+15                 1.0809027E-03
       1.3027000E+15                 1.0701588E-03
       1.3045000E+15                 8.3770960E-04
       1.3063100E+15                 1.0989016E-03
       1.3230300E+15                 1.1011104E-03
       1.3250000E+15                 1.0921529E-03
       1.3269600E+15                 1.1069986E-03
       1.3289300E+15                 1.1131790E-03
       1.3299200E+15                 1.1154574E-03
       1.3304100E+15                 1.0529704E-03
       1.3307600E+15                 1.0332513E-03
       1.3309000E+15                 1.1109208E-03
       1.3318800E+15                 1.1145749E-03
       1.3334300E+15                 1.1091031E-03
       1.3338500E+15                 1.1130568E-03
       1.3358200E+15                 1.1052358E-03
       1.3377900E+15                 1.1124543E-03
       1.3453000E+15                 1.1129057E-03
       1.3474200E+15                 1.1316950E-03
       1.3480200E+15                 1.1324150E-03
       1.3495400E+15                 1.1225278E-03
       1.3516600E+15                 1.1216942E-03
       1.3527200E+15                 1.0764337E-03
       1.3532400E+15                 1.0523406E-03
       1.3537700E+15                 1.0924913E-03
       1.3548300E+15                 1.1199189E-03
       1.3569500E+15                 1.1316669E-03
       1.3590700E+15                 1.1349827E-03
       1.3611900E+15                 1.1267712E-03
       1.3621500E+15                 1.1277815E-03
       1.3644100E+15                 1.1304466E-03
       1.3666600E+15                 1.1352126E-03
       1.3689200E+15                 1.1295724E-03
       1.3700500E+15                 1.0607837E-03
       1.3706100E+15                 1.0695868E-03
       1.3711800E+15                 1.1319484E-03
       1.3723000E+15                 1.1499633E-03
       1.3745600E+15                 1.1701677E-03
       1.3751800E+15                 1.1822008E-03
       1.3768200E+15                 1.1876365E-03
       1.3775700E+15                 1.1602887E-03
       1.3790700E+15                 1.1309302E-03
       1.3799500E+15                 1.1575156E-03
       1.3801800E+15                 1.1564809E-03
       1.3823400E+15                 1.1518490E-03
       1.3835300E+15                 1.1611312E-03
       1.3841300E+15                 1.1133405E-03
       1.3847300E+15                 1.1660550E-03
       1.3857400E+15                 1.1457633E-03
       1.3857700E+15                 1.0131743E-03
       1.3859200E+15                 1.1704079E-03
       1.3881900E+15                 1.1709680E-03
       1.3883000E+15                 1.1434523E-03
       1.3906100E+15                 1.1575618E-03
       1.3906900E+15                 1.1556809E-03
       1.3919400E+15                 1.1707813E-03
       1.3930400E+15                 1.1082214E-03
       1.3930800E+15                 1.1122454E-03
       1.3942500E+15                 1.1177888E-03
       1.3948500E+15                 1.1482991E-03
       1.3949600E+15                 1.0892033E-03
       1.3954600E+15                 1.1445005E-03
       1.3966700E+15                 1.1526743E-03
       1.3990900E+15                 1.1472063E-03
       1.3998500E+15                 1.1453482E-03
       1.4015200E+15                 1.1552247E-03
       1.4022900E+15                 1.1702842E-03
       1.4026400E+15                 1.1149209E-03
       1.4026600E+15                 1.1214610E-03
       1.4035100E+15                 1.0531261E-03
       1.4039400E+15                 1.0553427E-03
       1.4047300E+15                 1.1361489E-03
       1.4071700E+15                 1.1600240E-03
       1.4072100E+15                 1.1278171E-03
       1.4091300E+15                 1.0931349E-03
       1.4094900E+15                 1.1248492E-03
       1.4106200E+15                 1.0861211E-03
       1.4117600E+15                 1.1600897E-03
       1.4120500E+15                 1.1660886E-03
       1.4133300E+15                 1.1311678E-03
       1.4140400E+15                 1.0672894E-03
       1.4146600E+15                 1.1372649E-03
       1.4154400E+15                 1.1270523E-03
       1.4164900E+15                 1.0496442E-03
       1.4175400E+15                 1.1560001E-03
       1.4185200E+15                 1.1500205E-03
       1.4185900E+15                 1.1640380E-03
       1.4194100E+15                 1.1687641E-03
       1.4194600E+15                 1.1677780E-03
       1.4196400E+15                 1.1678070E-03
       1.4204400E+15                 1.1377029E-03
       1.4214000E+15                 1.0666565E-03
       1.4223700E+15                 1.1351440E-03
       1.4229500E+15                 1.1888404E-03
       1.4238500E+15                 1.1418052E-03
       1.4242900E+15                 1.2119344E-03
       1.4243500E+15                 1.1906687E-03
       1.4246900E+15                 1.0178612E-03
       1.4255600E+15                 1.0471390E-03
       1.4264300E+15                 1.1328559E-03
       1.4270700E+15                 1.1880905E-03
       1.4281400E+15                 1.0468537E-03
       1.4281800E+15                 1.1570715E-03
       1.4284300E+15                 1.1976358E-03
       1.4291100E+15                 9.7556851E-04
       1.4298000E+15                 1.0952946E-03
       1.4311600E+15                 1.1317843E-03
       1.4316600E+15                 1.0467366E-03
       1.4338800E+15                 1.0463017E-03
       1.4367800E+15                 1.1018230E-03
       1.4385500E+15                 1.1079443E-03
       1.4447600E+15                 1.1094884E-03
       1.4469000E+15                 1.1382692E-03
       1.4473600E+15                 1.0960143E-03
       1.4502900E+15                 1.0770217E-03
       1.4532100E+15                 1.0395395E-03
       1.4541800E+15                 1.0762739E-03
       1.4561400E+15                 1.0726847E-03
       1.4590600E+15                 1.0937531E-03
       1.4619600E+15                 1.1289719E-03
       1.4619800E+15                 1.2263782E-03
       1.4620700E+15                 1.2190521E-03
       1.4621800E+15                 1.1688950E-03
       1.4632100E+15                 1.1969208E-03
       1.4660700E+15                 1.1673489E-03
       1.4719100E+15                 1.1715668E-03
       1.4772500E+15                 1.1955897E-03
       1.4809900E+15                 1.1829454E-03
       1.4828200E+15                 1.2007796E-03
       1.4829500E+15                 1.2108934E-03
       1.4924900E+15                 1.1991166E-03
       1.4930200E+15                 1.2074548E-03
       1.4944200E+15                 1.1913012E-03
       1.5024400E+15                 1.1785741E-03
       1.5054900E+15                 1.1880817E-03
       1.5078300E+15                 1.1920848E-03
       1.5090600E+15                 1.1974484E-03
       1.5132700E+15                 1.1961187E-03
       1.5179300E+15                 1.1979019E-03
       1.5189100E+15                 1.2096893E-03
       1.5242100E+15                 1.1916528E-03
       1.5288900E+15                 1.1752826E-03
       1.5331100E+15                 1.1534663E-03
       1.5407700E+15                 1.2104090E-03
       1.5423300E+15                 1.2271738E-03
       1.5453300E+15                 1.1835410E-03
       1.5484400E+15                 1.1779258E-03
       1.5489600E+15                 1.1710613E-03
       1.5730000E+15                 1.1796474E-03
       1.5744100E+15                 1.1929385E-03
       1.5990100E+15                 1.1810364E-03
       1.6092800E+15                 1.2220809E-03
       1.6270800E+15                 1.1996948E-03
       1.6387800E+15                 1.2420137E-03
       1.6548900E+15                 1.2330264E-03
       1.6681800E+15                 1.2468027E-03
       1.6715500E+15                 1.1932890E-03
       1.6807800E+15                 1.1689972E-03
       1.6842700E+15                 1.1890169E-03
       1.6890700E+15                 1.2582408E-03
       1.6899100E+15                 1.2572081E-03
       1.6950600E+15                 1.2334431E-03
       1.7165000E+15                 1.2258244E-03
       1.7293300E+15                 1.2088467E-03
       1.7331000E+15                 1.1239603E-03
       1.7357400E+15                 1.1690519E-03
       1.7531500E+15                 1.1979948E-03
       1.7562700E+15                 1.2479506E-03
       1.7669500E+15                 1.2088975E-03
       1.8108300E+15                 1.1509201E-03
       1.8140100E+15                 1.1487852E-03
       1.8171900E+15                 1.2358974E-03
       1.8173200E+15                 1.1069687E-03
       1.8178700E+15                 1.2705048E-03
       1.8203800E+15                 1.2173352E-03
       1.8219700E+15                 1.2200214E-03
       1.8235600E+15                 1.2625356E-03
       1.8251500E+15                 1.0900719E-03
       1.8259500E+15                 1.1364428E-03
       1.8267400E+15                 1.1580948E-03
       1.8275400E+15                 7.8883107E-04
       1.8283300E+15                 1.2037870E-03
       1.8291300E+15                 1.3195840E-03
       1.8299300E+15                 1.2309895E-03
       1.8315200E+15                 1.2852400E-03
       1.8331100E+15                 1.2199565E-03
       1.8347000E+15                 1.1700124E-03
       1.8378800E+15                 9.5956786E-04
       1.8410700E+15                 1.0376220E-03
       1.8442500E+15                 1.1659830E-03
       1.8489500E+15                 1.1185738E-03
       1.8517600E+15                 1.2511792E-03
       1.8527900E+15                 1.1215585E-03
       1.8698700E+15                 1.1222845E-03
       1.8711300E+15                 1.0571296E-03
       1.8730500E+15                 1.2761019E-03
       1.8759000E+15                 1.2424498E-03
       1.8766800E+15                 1.2236099E-03
       1.8769500E+15                 1.2027014E-03
       1.8922900E+15                 1.2452087E-03
       1.9076400E+15                 1.2064059E-03
       1.9081600E+15                 1.2086322E-03
       1.9124500E+15                 1.1226996E-03
       1.9133300E+15                 1.0837507E-03
       1.9188300E+15                 1.1246763E-03
       1.9193600E+15                 1.2055787E-03
       1.9214100E+15                 1.1404637E-03
       1.9229900E+15                 1.1483858E-03
       1.9377600E+15                 1.0053036E-03
       1.9382700E+15                 1.2406506E-03
       1.9466200E+15                 1.2273832E-03
       1.9475800E+15                 1.2210664E-03
       1.9587200E+15                 1.1796993E-03
       1.9717400E+15                 1.3294413E-03
       1.9752600E+15                 1.3674937E-03
       1.9843400E+15                 1.2952481E-03
       1.9872100E+15                 1.3623230E-03
       1.9897800E+15                 1.3607041E-03
       1.9910800E+15                 1.3239215E-03
       2.0071700E+15                 1.3512264E-03
       2.0122600E+15                 1.3884951E-03
       2.0155100E+15                 1.3930939E-03
       2.0160700E+15                 1.3510275E-03
       2.0361000E+15                 1.3487351E-03
       2.0492500E+15                 1.3625444E-03
       2.0529000E+15                 1.2940248E-03
       2.0533600E+15                 1.3240550E-03
       2.0564900E+15                 1.3609290E-03
       2.0643800E+15                 1.3978987E-03
       2.0779800E+15                 1.4467166E-03
       2.0795100E+15                 1.5325011E-03
       2.0796400E+15                 1.4261283E-03
       2.0862400E+15                 1.4505949E-03
       2.0943000E+15                 1.4282325E-03
       2.0981400E+15                 1.3361269E-03
       2.1044100E+15                 1.3204107E-03
       2.1053500E+15                 1.3609407E-03
       2.1056900E+15                 1.3649395E-03
       2.1072200E+15                 1.3850125E-03
       2.1139600E+15                 1.3827946E-03
       2.1195700E+15                 1.4548742E-03
       2.1232400E+15                 1.3891942E-03
       2.1243500E+15                 1.4710084E-03
       2.1283300E+15                 1.5565933E-03
       2.1348600E+15                 1.3063462E-03
       2.1361600E+15                 8.3826263E-04
       2.1380400E+15                 1.3647989E-03
       2.1408600E+15                 1.3200952E-03
       2.1576000E+15                 1.3688645E-03
       2.1602300E+15                 1.4831483E-03
       2.1862200E+15                 1.5418349E-03
       2.1972200E+15                 1.5592422E-03
       2.2044700E+15                 1.5710710E-03
       2.2045700E+15                 1.4497855E-03
       2.2067100E+15                 1.5510880E-03
       2.2175700E+15                 1.5718888E-03
       2.2209900E+15                 1.4300338E-03
       2.2277700E+15                 1.4470387E-03
       2.2327300E+15                 1.3441489E-03
       2.2339400E+15                 1.5292127E-03
       2.2342200E+15                 1.4713766E-03
       2.2382000E+15                 1.5096088E-03
       2.2427400E+15                 1.4330895E-03
       2.2522800E+15                 1.5309550E-03
       2.2705600E+15                 1.5012369E-03
       2.2712100E+15                 1.5265930E-03
       2.2743900E+15                 1.4498385E-03
       2.2818100E+15                 1.4761746E-03
       2.2847900E+15                 1.4611859E-03
       2.2853500E+15                 1.4729872E-03
       2.2853900E+15                 1.4816084E-03
       2.2895900E+15                 1.4579450E-03
       2.2897100E+15                 1.4640062E-03
       2.2899400E+15                 1.3486491E-03
       2.2951700E+15                 1.4497029E-03
       2.3018200E+15                 1.4757823E-03
       2.3047000E+15                 1.3660398E-03
       2.3082000E+15                 1.4331872E-03
       2.3103900E+15                 1.4992857E-03
       2.3132000E+15                 1.5002231E-03
       2.3225900E+15                 1.5219825E-03
       2.3267000E+15                 1.5271053E-03
       2.3315600E+15                 1.5227866E-03
       2.3369100E+15                 1.4760156E-03
       2.3383500E+15                 1.5005679E-03
       2.3387500E+15                 1.5296071E-03
       2.3451900E+15                 1.5054376E-03
       2.3492300E+15                 1.4846931E-03
       2.3536300E+15                 1.4504491E-03
       2.3570900E+15                 1.4627259E-03
       2.3583800E+15                 1.4621819E-03
       2.3636900E+15                 1.4810137E-03
       2.3720200E+15                 1.4545538E-03
       2.3808700E+15                 1.4335996E-03
       2.3821900E+15                 1.4275394E-03
       2.3984600E+15                 1.4409102E-03
       2.4006800E+15                 1.4420966E-03
       2.4033100E+15                 1.1734448E-03
       2.4069900E+15                 1.4274753E-03
       2.4099300E+15                 1.3794993E-03
       2.4191800E+15                 1.4594857E-03
       2.4193300E+15                 1.1104868E-03
       2.4200500E+15                 1.4920132E-03
       2.4218500E+15                 1.5177384E-03
       2.4236200E+15                 1.3613754E-03
       2.4250400E+15                 1.4372154E-03
       2.4284300E+15                 1.4920281E-03
       2.4365100E+15                 1.4688353E-03
       2.4367100E+15                 1.3554211E-03
       2.4376800E+15                 1.4507621E-03
       2.4400500E+15                 1.4458451E-03
       2.4469300E+15                 1.4724720E-03
       2.4469400E+15                 1.4993611E-03
       2.4541100E+15                 1.5215390E-03
       2.4561700E+15                 1.5158455E-03
       2.4628100E+15                 1.5182451E-03
       2.4644100E+15                 1.5125069E-03
       2.4651000E+15                 1.3232185E-03
       2.4652800E+15                 1.3732320E-03
       2.4654200E+15                 1.5676833E-03
       2.4671600E+15                 9.9075611E-04
       2.4686300E+15                 1.5108525E-03
       2.4692100E+15                 1.3907194E-03
       2.4715100E+15                 1.4528502E-03
       2.4746700E+15                 1.4079952E-03
       2.4798600E+15                 1.4320123E-03
       2.4802200E+15                 1.4858800E-03
       2.4839200E+15                 1.3301301E-03
       2.4849300E+15                 1.4421991E-03
       2.4913700E+15                 1.4776403E-03
       2.4928200E+15                 1.5054078E-03
       2.4931700E+15                 1.4841749E-03
       2.4940300E+15                 1.4413235E-03
       2.4976200E+15                 1.4978427E-03
       2.5002500E+15                 1.4594663E-03
       2.5024200E+15                 1.4522928E-03
       2.5116600E+15                 1.4767632E-03
       2.5133900E+15                 1.4544596E-03
       2.5145200E+15                 1.5118587E-03
       2.5196400E+15                 1.4800601E-03
       2.5209100E+15                 1.4628402E-03
       2.5293500E+15                 1.4920394E-03
       2.5301600E+15                 1.2478414E-03
       2.5322000E+15                 1.4627569E-03
       2.5486600E+15                 1.2714981E-03
       2.5491400E+15                 2.1652826E-04
       2.5547700E+15                 1.4869723E-03
       2.5560300E+15                 1.4611547E-03
       2.5575600E+15                 1.4792416E-03
       2.5625300E+15                 1.4266289E-03
       2.5629600E+15                 1.3203992E-03
       2.5671500E+15                 1.5249739E-03
       2.5722500E+15                 1.5105505E-03
       2.5737700E+15                 1.5152295E-03
       2.5786100E+15                 1.5054126E-03
       2.5798500E+15                 1.4930347E-03
       2.5803000E+15                 1.4138474E-03
       2.5845400E+15                 1.4137450E-03
       2.5856500E+15                 1.4492431E-03
       2.6017300E+15                 1.4681394E-03
       2.6041500E+15                 1.4330213E-03
       2.6058300E+15                 1.5277891E-03
       2.6069100E+15                 1.4594066E-03
       2.6184700E+15                 1.4251488E-03
       2.6201100E+15                 1.3447474E-03
       2.6226400E+15                 1.4508583E-03
       2.6239600E+15                 1.3181906E-03
       2.6299600E+15                 1.3874934E-03
       2.6330200E+15                 1.4028909E-03
       2.6367000E+15                 1.4503195E-03
       2.6368800E+15                 1.3934431E-03
       2.6399300E+15                 1.4080533E-03
       2.6411400E+15                 1.4607443E-03
       2.6459000E+15                 1.4375664E-03
       2.6596400E+15                 1.1185944E-03
       2.6638400E+15                 1.4350093E-03
       2.6646000E+15                 1.2603496E-03
       2.6646800E+15                 1.3937276E-03
       2.6737600E+15                 1.3168267E-03
       2.6772200E+15                 1.4267259E-03
       2.6772600E+15                 1.3215095E-03
       2.6790900E+15                 1.1301471E-03
       2.6876700E+15                 1.5132641E-03
       2.6892200E+15                 1.4975355E-03
       2.6900800E+15                 1.4854921E-03
       2.6922800E+15                 1.4108011E-03
       2.6928400E+15                 1.4108704E-03
       2.6947900E+15                 1.5148414E-03
       2.6966300E+15                 1.4298960E-03
       2.7046400E+15                 1.3855370E-03
       2.7121600E+15                 1.4197071E-03
       2.7158000E+15                 1.4163063E-03
       2.7224500E+15                 1.4298696E-03
       2.7269500E+15                 1.4190622E-03
       2.7290600E+15                 1.3431629E-03
       2.7336200E+15                 1.2879936E-03
       2.7342500E+15                 1.3671322E-03
       2.7344000E+15                 1.3449611E-03
       2.7381100E+15                 1.4267319E-03
       2.7396200E+15                 1.4443853E-03
       2.7415600E+15                 1.3384564E-03
       2.7421700E+15                 1.3621161E-03
       2.7436900E+15                 1.3699498E-03
       2.7453700E+15                 1.4141690E-03
       2.7492700E+15                 1.4064119E-03
       2.7515300E+15                 1.3140031E-03
       2.7528800E+15                 1.3513635E-03
       2.7548500E+15                 1.3529518E-03
       2.7563400E+15                 1.4477681E-03
       2.7576400E+15                 1.4410058E-03
       2.7598300E+15                 1.5129444E-03
       2.7604300E+15                 1.1381927E-03
       2.7632200E+15                 1.1944903E-03
       2.7660000E+15                 1.3186419E-03
       2.7667600E+15                 1.3309222E-03
       2.7687900E+15                 1.4452312E-03
       2.7706200E+15                 1.4446500E-03
       2.7715800E+15                 1.4807106E-03
       2.7771600E+15                 1.4532870E-03
       2.7784200E+15                 1.4448965E-03
       2.7802300E+15                 1.4345269E-03
       2.7827400E+15                 1.3108853E-03
       2.7833900E+15                 1.4444799E-03
       2.7843500E+15                 1.4414618E-03
       2.7883200E+15                 1.3629943E-03
       2.7914900E+15                 1.2589094E-03
       2.7915500E+15                 7.0660325E-04
       2.7939100E+15                 1.1936561E-03
       2.7994800E+15                 1.4554413E-03
       2.8005100E+15                 1.2835458E-03
       2.8030800E+15                 1.3477989E-03
       2.8033600E+15                 1.4431069E-03
       2.8039000E+15                 1.3063369E-03
       2.8047300E+15                 1.3827742E-03
       2.8075700E+15                 1.3131774E-03
       2.8076100E+15                 1.4156803E-03
       2.8078900E+15                 1.4132327E-03
       2.8100400E+15                 1.2787002E-03
       2.8106400E+15                 1.3339925E-03
       2.8107800E+15                 1.5310419E-03
       2.8109700E+15                 1.3379007E-03
       2.8217900E+15                 1.1079072E-03
       2.8225900E+15                 1.3037719E-03
       2.8342300E+15                 1.3661532E-03
       2.8380000E+15                 1.2933075E-03
       2.8382300E+15                 1.2939612E-03
       2.8396500E+15                 1.3524824E-03
       2.8408100E+15                 1.3834499E-03
       2.8423300E+15                 1.3046299E-03
       2.8431500E+15                 1.3968527E-03
       2.8446000E+15                 1.4404981E-03
       2.8446800E+15                 1.4159065E-03
       2.8449900E+15                 1.3831289E-03
       2.8462500E+15                 1.4218174E-03
       2.8486900E+15                 1.4437939E-03
       2.8499700E+15                 1.4011820E-03
       2.8533100E+15                 1.3784454E-03
       2.8557200E+15                 1.3738367E-03
       2.8607800E+15                 1.4007344E-03
       2.8667700E+15                 1.4051905E-03
       2.8669900E+15                 1.3878501E-03
       2.8690600E+15                 1.4255695E-03
       2.8700300E+15                 1.4310447E-03
       2.8724200E+15                 1.4341485E-03
       2.8778100E+15                 1.4235919E-03
       2.8795500E+15                 1.4204112E-03
       2.8815900E+15                 1.3330685E-03
       2.8852600E+15                 1.3675922E-03
       2.8888500E+15                 1.3698904E-03
       2.8901400E+15                 1.2020820E-03
       2.8949400E+15                 1.2989564E-03
       2.8957700E+15                 1.4760363E-03
       2.8965800E+15                 1.3304697E-03
       2.8985900E+15                 1.3513680E-03
       2.8999000E+15                 1.3096450E-03
       2.9058400E+15                 1.3518762E-03
       2.9109400E+15                 1.3501220E-03
       2.9163000E+15                 1.3214530E-03
       2.9167800E+15                 1.4111125E-03
       2.9170800E+15                 1.4463478E-03
       2.9184900E+15                 1.3717462E-03
       2.9185900E+15                 1.3454305E-03
       2.9219800E+15                 1.3116118E-03
       2.9240300E+15                 6.2771044E-04
       2.9246500E+15                 1.1433510E-03
       2.9247600E+15                 1.3639297E-03
       2.9255200E+15                 1.3963510E-03
       2.9271500E+15                 1.3728140E-03
       2.9292800E+15                 1.3648422E-03
       2.9330200E+15                 1.2667557E-03
       2.9394600E+15                 1.2586288E-03
       2.9398500E+15                 1.3942862E-03
       2.9440700E+15                 1.3503445E-03
       2.9502400E+15                 1.3917222E-03
       2.9509300E+15                 1.2578538E-03
       2.9535400E+15                 1.3707837E-03
       2.9540100E+15                 1.4119317E-03
       2.9541100E+15                 1.4043499E-03
       2.9551100E+15                 1.4258944E-03
       2.9555800E+15                 1.4142261E-03
       2.9589100E+15                 1.3592812E-03
       2.9601200E+15                 1.2975406E-03
       2.9629900E+15                 1.4059818E-03
       2.9657900E+15                 1.3807882E-03
       2.9661500E+15                 1.3537893E-03
       2.9761900E+15                 1.4483883E-03
       2.9763500E+15                 1.2961894E-03
       2.9771000E+15                 1.1330931E-03
       2.9772000E+15                 1.2995469E-03
       2.9810700E+15                 1.1256749E-03
       2.9824300E+15                 1.2687315E-03
       2.9831300E+15                 1.3326618E-03
       2.9852400E+15                 1.2821853E-03
       2.9868200E+15                 1.1889304E-03
       2.9882400E+15                 1.1503899E-03
       2.9885400E+15                 1.2428150E-03
       2.9887800E+15                 1.1976311E-03
       2.9912400E+15                 9.4167697E-04
       2.9915600E+15                 1.3515482E-03
       2.9925700E+15                 1.3597264E-03
       2.9925900E+15                 1.3873764E-03
       2.9992800E+15                 1.3604955E-03
       3.0009600E+15                 1.4009088E-03
       3.0032700E+15                 1.3605703E-03
       3.0045000E+15                 1.2190571E-03
       3.0050500E+15                 1.2022421E-03
       3.0055300E+15                 1.3034352E-03
       3.0060500E+15                 1.3263381E-03
       3.0088200E+15                 1.3838813E-03
       3.0113100E+15                 1.2657731E-03
       3.0134100E+15                 1.1099877E-03
       3.0142800E+15                 1.2642462E-03
       3.0163500E+15                 1.3261593E-03
       3.0169400E+15                 1.1773389E-03
       3.0181600E+15                 1.2197117E-03
       3.0201300E+15                 1.1336072E-03
       3.0210000E+15                 1.0061585E-03
       3.0213700E+15                 1.2166598E-03
       3.0240400E+15                 6.2488629E-04
       3.0250600E+15                 1.2598704E-03
       3.0264000E+15                 1.2093757E-03
       3.0284700E+15                 6.6184817E-04
       3.0290100E+15                 8.0014857E-04
       3.0294400E+15                 1.2954208E-03
       3.0300000E+15                 1.4118696E-03
       3.0331800E+15                 1.3664741E-03
       3.0339000E+15                 1.3906075E-03
       3.0381100E+15                 1.3302316E-03
       3.0399900E+15                 1.3752923E-03
       3.0402000E+15                 1.2060604E-03
       3.0424600E+15                 1.3738304E-03
       3.0425200E+15                 1.4109189E-03
       3.0433300E+15                 1.4074061E-03
       3.0434600E+15                 1.3838321E-03
       3.0463200E+15                 1.2801192E-03
       3.0473300E+15                 1.1824988E-03
       3.0477900E+15                 1.1995236E-03
       3.0487100E+15                 1.3498481E-03
       3.0494100E+15                 1.3500553E-03
       3.0525700E+15                 1.3289300E-03
       3.0526600E+15                 1.3556641E-03
       3.0556100E+15                 1.2818873E-03
       3.0585000E+15                 9.0214956E-04
       3.0608300E+15                 1.2686670E-03
       3.0610800E+15                 1.2821080E-03
       3.0627500E+15                 1.3986130E-03
       3.0627700E+15                 1.3716593E-03
       3.0655400E+15                 1.3595120E-03
       3.0656500E+15                 1.1453066E-03
       3.0657000E+15                 1.1536209E-03
       3.0665800E+15                 1.2416757E-03
       3.0686900E+15                 3.9803363E-04
       3.0690800E+15                 1.2919592E-03
       3.0696700E+15                 1.3210417E-03
       3.0706200E+15                 1.3256541E-03
       3.0723800E+15                 1.3286706E-03
       3.0772800E+15                 1.3402547E-03
       3.0774100E+15                 1.2810856E-03
       3.0793000E+15                 1.3359662E-03
       3.0810600E+15                 1.3655050E-03
       3.0817800E+15                 1.2552859E-03
       3.0818900E+15                 1.4688569E-03
       3.0835300E+15                 6.9561410E-04
       3.0839400E+15                 1.0062367E-03
       3.0865900E+15                 1.3703060E-03
       3.0874300E+15                 1.3828183E-03
       3.0876300E+15                 1.3293458E-03
       3.0884700E+15                 1.2648488E-03
       3.0900000E+15                 1.3060522E-03
       3.0912000E+15                 1.4203952E-03
       3.0913100E+15                 1.3614744E-03
       3.0916000E+15                 1.3511623E-03
       3.0931600E+15                 1.3561674E-03
       3.0939100E+15                 1.2430806E-03
       3.0948600E+15                 1.2927451E-03
       3.0965700E+15                 1.1458740E-03
       3.0979700E+15                 1.0280327E-03
       3.1010400E+15                 1.3196493E-03
       3.1014200E+15                 1.3650078E-03
       3.1029300E+15                 1.3683478E-03
       3.1031400E+15                 1.3450499E-03
       3.1058500E+15                 1.3812862E-03
       3.1067200E+15                 1.3889009E-03
       3.1070400E+15                 1.3166495E-03
       3.1079500E+15                 1.3897431E-03
       3.1097200E+15                 1.3020786E-03
       3.1117100E+15                 1.3129222E-03
       3.1120900E+15                 1.1639909E-03
       3.1124100E+15                 1.3717224E-03
       3.1129500E+15                 1.2275991E-03
       3.1146300E+15                 1.2807593E-03
       3.1161200E+15                 1.2533792E-03
       3.1162900E+15                 1.2007792E-03
       3.1172000E+15                 1.3406828E-03
       3.1197500E+15                 1.3642277E-03
       3.1204600E+15                 1.2648235E-03
       3.1210200E+15                 1.1355392E-03
       3.1210300E+15                 1.2539172E-03
       3.1215400E+15                 1.3432846E-03
       3.1218500E+15                 1.3293110E-03
       3.1219600E+15                 1.3473832E-03
       3.1228700E+15                 1.3022501E-03
       3.1246800E+15                 1.2851896E-03
       3.1268500E+15                 9.9490957E-04
       3.1270800E+15                 1.3446727E-03
       3.1276800E+15                 1.3151604E-03
       3.1277000E+15                 1.2853218E-03
       3.1290000E+15                 1.3073918E-03
       3.1294400E+15                 1.3394296E-03
       3.1304700E+15                 1.3537721E-03
       3.1313000E+15                 1.3985666E-03
       3.1318000E+15                 1.3209811E-03
       3.1322100E+15                 1.2751325E-03
       3.1341200E+15                 1.3066434E-03
       3.1344200E+15                 1.3082334E-03
       3.1345800E+15                 1.3473229E-03
       3.1347400E+15                 1.3372528E-03
       3.1360200E+15                 1.4089883E-03
       3.1366700E+15                 1.2998758E-03
       3.1367500E+15                 1.1657793E-03
       3.1373400E+15                 1.0540279E-03
       3.1378700E+15                 1.2268814E-03
       3.1401600E+15                 1.3966374E-03
       3.1404800E+15                 1.4213069E-03
       3.1410000E+15                 1.3932185E-03
       3.1413000E+15                 1.3252656E-03
       3.1424600E+15                 1.3666311E-03
       3.1425900E+15                 1.3984720E-03
       3.1437700E+15                 1.3722877E-03
       3.1463400E+15                 1.3712416E-03
       3.1469800E+15                 1.3780747E-03
       3.1470400E+15                 1.3762585E-03
       3.1472000E+15                 1.3819641E-03
       3.1479600E+15                 1.3723982E-03
       3.1480800E+15                 1.3559131E-03
       3.1487100E+15                 1.3535554E-03
       3.1491700E+15                 1.3574267E-03
       3.1493100E+15                 1.3798063E-03
       3.1514800E+15                 1.2253847E-03
       3.1538900E+15                 8.9781129E-04
       3.1557400E+15                 1.2994283E-03
       3.1562200E+15                 1.3559558E-03
       3.1579500E+15                 4.8379522E-04
       3.1587700E+15                 9.9784661E-04
       3.1595100E+15                 1.3737791E-03
       3.1602900E+15                 1.2424158E-03
       3.1609800E+15                 9.5851317E-04
       3.1614200E+15                 9.4817043E-04
       3.1623100E+15                 1.1808116E-03
       3.1629600E+15                 1.3599142E-03
       3.1630000E+15                 1.3742981E-03
       3.1637400E+15                 1.3397377E-03
       3.1637700E+15                 1.3418952E-03
       3.1640300E+15                 1.3599696E-03
       3.1646200E+15                 1.3364267E-03
       3.1662900E+15                 1.3157641E-03
       3.1663200E+15                 1.3590612E-03
       3.1671200E+15                 1.3201489E-03
       3.1685700E+15                 1.0901771E-03
       3.1688900E+15                 1.2604893E-03
       3.1701800E+15                 1.2830327E-03
       3.1714200E+15                 1.2993156E-03
       3.1729200E+15                 1.2372573E-03
       3.1740300E+15                 1.2323157E-03
       3.1747600E+15                 7.4420197E-04
       3.1754600E+15                 9.1054148E-04
       3.1759600E+15                 1.2562264E-03
       3.1772600E+15                 1.4352774E-03
       3.1772800E+15                 1.4117786E-03
       3.1773900E+15                 1.3100192E-03
       3.1778600E+15                 1.0317841E-03
       3.1781600E+15                 1.2854838E-03
       3.1807800E+15                 9.0153454E-04
       3.1809600E+15                 1.2313353E-03
       3.1811000E+15                 1.3432658E-03
       3.1812800E+15                 1.3670456E-03
       3.1814300E+15                 1.3778411E-03
       3.1820400E+15                 1.3589432E-03
       3.1846300E+15                 1.3636895E-03
       3.1852400E+15                 1.3722248E-03
       3.1856000E+15                 1.3649217E-03
       3.1860800E+15                 1.3602498E-03
       3.1862200E+15                 1.3516221E-03
       3.1864600E+15                 1.3650307E-03
       3.1870600E+15                 1.3730126E-03
       3.1872500E+15                 1.3710161E-03
       3.1880900E+15                 1.3577871E-03
       3.1885600E+15                 1.3651290E-03
       3.1886100E+15                 1.3502756E-03
       3.1912100E+15                 1.3664816E-03
       3.1912200E+15                 1.3810717E-03
       3.1914400E+15                 1.3620522E-03
       3.1915700E+15                 1.2577580E-03
       3.1925900E+15                 1.3834911E-03
       3.1951900E+15                 1.3625168E-03
       3.1952500E+15                 1.1964759E-03
       3.1959200E+15                 1.1996283E-03
       3.1960000E+15                 1.4412965E-03
       3.1979400E+15                 6.2113926E-04
       3.1980600E+15                 2.9414166E-04
       3.1981500E+15                 3.9491518E-04
       3.1984100E+15                 7.6099507E-04
       3.1987000E+15                 1.2416786E-03
       3.1990600E+15                 1.3286440E-03
       3.1990700E+15                 1.3038129E-03
       3.1994900E+15                 1.3176278E-03
       3.1995100E+15                 1.3166481E-03
       3.2009300E+15                 1.3385718E-03
       3.2014300E+15                 1.3735825E-03
       3.2014400E+15                 1.3586007E-03
       3.2017600E+15                 1.2527044E-03
       3.2030600E+15                 1.3471552E-03
       3.2030800E+15                 1.3616775E-03
       3.2058600E+15                 1.3427482E-03
       3.2066700E+15                 1.2145157E-03
       3.2070100E+15                 1.2502808E-03
       3.2073800E+15                 1.3744936E-03
       3.2083400E+15                 1.3248423E-03
       3.2103100E+15                 1.4097362E-03
       3.2103500E+15                 1.3344326E-03
       3.2107300E+15                 1.2432749E-03
       3.2107400E+15                 1.0863443E-03
       3.2109200E+15                 7.8063865E-04
       3.2114500E+15                 7.7141301E-04
       3.2116700E+15                 1.1913053E-03
       3.2126300E+15                 1.3327061E-03
       3.2128000E+15                 1.3687585E-03
       3.2128900E+15                 1.3653248E-03
       3.2135100E+15                 1.3323792E-03
       3.2145300E+15                 1.3691627E-03
       3.2146000E+15                 1.3730557E-03
       3.2146100E+15                 1.3731929E-03
       3.2147700E+15                 1.3732203E-03
       3.2149100E+15                 1.3719895E-03
       3.2171800E+15                 1.3532532E-03
       3.2174500E+15                 1.3466761E-03
       3.2176000E+15                 1.3760334E-03
       3.2201400E+15                 1.2358390E-03
       3.2209100E+15                 1.5922751E-03
       3.2211300E+15                 1.5271956E-03
       3.2214400E+15                 1.2662249E-03
       3.2214600E+15                 1.0656054E-03
       3.2214900E+15                 7.1041958E-04
       3.2219900E+15                 2.5557315E-04
       3.2223900E+15                 3.8015922E-04
       3.2229300E+15                 1.0141806E-03
       3.2230700E+15                 1.3340985E-03
       3.2239200E+15                 1.2761932E-03
       3.2255400E+15                 1.2796574E-03
       3.2260900E+15                 1.1680006E-03
       3.2264800E+15                 1.3427871E-03
       3.2267100E+15                 1.3159107E-03
       3.2275100E+15                 1.1815319E-03
       3.2279500E+15                 1.0380281E-03
       3.2280600E+15                 9.5316953E-04
       3.2281100E+15                 1.0771496E-03
       3.2309000E+15                 8.0699137E-04
       3.2310500E+15                 1.1856607E-03
       3.2312600E+15                 1.2777461E-03
       3.2314700E+15                 1.3316246E-03
       3.2319500E+15                 1.3485317E-03
       3.2321200E+15                 1.3259305E-03
       3.2322700E+15                 1.2580132E-03
       3.2332300E+15                 1.3706622E-03
       3.2336400E+15                 1.4139051E-03
       3.2344300E+15                 1.2892907E-03
       3.2346300E+15                 1.1323758E-03
       3.2347800E+15                 1.1611114E-03
       3.2348600E+15                 1.1988731E-03
       3.2354000E+15                 1.1417329E-03
       3.2358700E+15                 1.3879962E-03
       3.2375800E+15                 7.8951527E-04
       3.2381600E+15                 4.9649280E-04
       3.2388000E+15                 1.2205307E-03
       3.2389800E+15                 1.3346266E-03
       3.2393900E+15                 1.2906179E-03
       3.2396000E+15                 1.3386481E-03
       3.2403600E+15                 1.2550532E-03
       3.2405300E+15                 1.1350713E-03
       3.2408900E+15                 1.1167569E-03
       3.2412100E+15                 1.1918325E-03
       3.2414400E+15                 1.2883436E-03
       3.2414800E+15                 1.3720355E-03
       3.2422300E+15                 1.2394078E-03
       3.2424000E+15                 1.0679399E-03
       3.2425000E+15                 9.6307339E-04
       3.2425400E+15                 7.9114791E-04
       3.2427700E+15                 1.9606966E-04
       3.2440300E+15                 7.5614294E-04
       3.2452800E+15                 2.4961489E-04
       3.2460300E+15                 4.4453919E-04
       3.2460700E+15                 3.4472298E-04
       3.2464800E+15                 3.0287668E-04
       3.2466500E+15                 8.1082126E-05
       3.2476500E+15                 4.3902591E-05
       3.2477300E+15                 1.5084539E-05
       3.2477800E+15                 2.6457306E-05
       3.2479300E+15                 7.1651423E-04
       3.2481100E+15                 4.2636722E-04
       3.2487200E+15                 6.9276579E-05
       3.2489400E+15                 5.7171233E-05
       3.2502900E+15                 1.0498794E-03
       3.2508800E+15                 5.6008241E-04
       3.2511000E+15                 9.2225023E-05
       3.2514900E+15                 1.1339680E-04
       3.2518400E+15                 1.1217041E-03
       3.2526800E+15                 6.0134579E-04
       3.2531000E+15                 5.8028821E-04
       3.2535700E+15                 6.1329735E-04
       3.2535800E+15                 1.0457534E-03
       3.2543600E+15                 1.3236252E-03
       3.2547800E+15                 1.4909893E-03
       3.2551700E+15                 1.3710378E-03
       3.2554200E+15                 1.2002193E-03
       3.2558800E+15                 6.9882443E-04
       3.2562600E+15                 6.5639190E-04
       3.2564900E+15                 9.2935776E-04
       3.2566500E+15                 1.0251065E-03
       3.2569200E+15                 1.1136997E-03
       3.2577100E+15                 1.2515124E-03
       3.2589200E+15                 8.4678659E-04
       3.2591500E+15                 4.3104971E-04
       3.2593300E+15                 6.7563724E-04
       3.2600600E+15                 1.0254589E-03
       3.2604200E+15                 1.3075178E-03
       3.2608700E+15                 1.2421694E-03
       3.2609300E+15                 9.8772344E-04
       3.2611500E+15                 8.7473319E-04
       3.2611700E+15                 8.1022094E-04
       3.2614500E+15                 7.4992902E-04
       3.2615000E+15                 6.7133090E-04
       3.2615800E+15                 6.2733020E-04
       3.2627400E+15                 9.4603378E-04
       3.2630000E+15                 9.7621298E-04
       3.2630300E+15                 8.0137819E-04
       3.2644000E+15                 7.5964186E-04
       3.2645900E+15                 1.2442668E-03
       3.2647200E+15                 1.3120746E-03
       3.2647900E+15                 1.3252862E-03
       3.2649700E+15                 1.0784082E-03
       3.2658700E+15                 6.7516992E-04
       3.2659700E+15                 5.0765450E-04
       3.2665000E+15                 9.6448464E-04
       3.2672200E+15                 1.0967854E-03
       3.2675100E+15                 8.8049235E-04
       3.2677800E+15                 5.8421221E-04
       3.2681200E+15                 6.2514179E-04
       3.2681800E+15                 8.0157272E-04
       3.2685700E+15                 9.3882856E-04
       3.2687500E+15                 8.6758992E-04
       3.2690000E+15                 7.0438819E-04
       3.2699800E+15                 6.3144872E-04
       3.2704600E+15                 8.4901262E-04
       3.2708000E+15                 7.1844583E-04
       3.2708600E+15                 7.4850462E-04
       3.2712800E+15                 8.4102177E-04
       3.2714500E+15                 8.4750765E-04
       3.2715000E+15                 8.1453644E-04
       3.2723900E+15                 4.6195315E-04
       3.2726200E+15                 6.8012256E-04
       3.2729200E+15                 6.3988387E-04
       3.2740100E+15                 6.0133709E-04
       3.2740800E+15                 6.3248228E-04
       3.2743900E+15                 6.3000470E-04
       3.2747900E+15                 7.7255302E-04
       3.2752200E+15                 6.0439716E-04
       3.2756900E+15                 7.0641825E-04
       3.2758600E+15                 6.4246440E-04
       3.2765100E+15                 6.9127235E-04
       3.2770800E+15                 5.8411458E-04
       3.2772900E+15                 5.8022279E-04
       3.2778400E+15                 6.3477699E-04
       3.2781200E+15                 6.5168388E-04
       3.2790100E+15                 5.9910736E-04
       3.2791500E+15                 5.7816153E-04
       3.2792700E+15                 5.0972792E-04
       3.2797700E+15                 5.1656235E-04
       3.2802100E+15                 5.8983283E-04
       3.2806600E+15                 5.6931602E-04
       3.2808500E+15                 5.6046509E-04
       3.2812500E+15                 5.6129470E-04
       3.2814600E+15                 5.6714389E-04
       3.2815100E+15                 5.6711952E-04
       3.2820000E+15                 6.3816104E-04
       3.2833800E+15                 5.6302428E-04
       3.2840200E+15                 7.3785438E-04
       3.2847200E+15                 1.2374484E-03
       3.2847900E+15                 1.2450732E-03
       3.2848000E+15                 1.2012692E-03
       3.2854100E+15                 1.1676262E-03
       3.2858400E+15                 1.2635180E-03
       3.2859100E+15                 1.3016271E-03
       3.2860300E+15                 1.3371377E-03
       3.2860400E+15                 1.3843304E-03
       3.2864000E+15                 1.3741261E-03
       3.2865200E+15                 1.2166568E-03
       3.2872300E+15                 8.3514822E-04
       3.2879100E+15                 1.1385419E-03
       3.2881300E+15                 1.3213978E-03
       3.2890200E+15                 1.0480016E-03
       3.2890700E+15                 6.2498672E-04
       3.2894000E+15                 4.3822158E-04
       3.2895200E+15                 4.0239357E-04
       3.2895800E+15                 4.1055009E-04
       3.2898400E+15                 4.2699158E-04
       3.2900500E+15                 4.2985594E-04
       3.2902100E+15                 4.2035714E-04
       3.2903200E+15                 4.1678571E-04
       3.2908400E+15                 4.1701784E-04
       3.2910000E+15                 3.8665156E-04
       3.2911400E+15                 3.6873831E-04
       3.2914600E+15                 3.6014942E-04
       3.2915200E+15                 3.6557923E-04
       3.2915800E+15                 3.8005716E-04
       3.2918500E+15                 4.0055657E-04
       3.2923500E+15                 4.0354690E-04
       3.2925600E+15                 4.1920708E-04
       3.2929000E+15                 4.1795304E-04
       3.2935700E+15                 4.1915175E-04
       3.2937500E+15                 4.1820017E-04
       3.2948000E+15                 4.2305517E-04
       3.2958300E+15                 4.0943414E-04
       3.2965300E+15                 4.0084443E-04
       3.2965900E+15                 4.0434579E-04
       3.2968500E+15                 4.0747021E-04
       3.2968600E+15                 4.1105557E-04
       3.2970600E+15                 4.2007695E-04
       3.2975700E+15                 4.1449760E-04
       3.2976800E+15                 4.0004202E-04
       3.2979100E+15                 3.9328215E-04
       3.2979800E+15                 3.9926351E-04
       3.2983800E+15                 4.1220988E-04
       3.2992100E+15                 4.2007493E-04
       3.3001700E+15                 4.1760608E-04
       3.3008300E+15                 4.0357244E-04
       3.3009800E+15                 4.1413213E-04
       3.3014600E+15                 3.9783937E-04
       3.3015300E+15                 3.9563671E-04
       3.3016500E+15                 4.1240405E-04
       3.3035000E+15                 4.1654451E-04
       3.3041200E+15                 4.1179859E-04
       3.3047400E+15                 4.1402662E-04
       3.3058500E+15                 4.1638122E-04
       3.3058600E+15                 4.0963442E-04
       3.3062400E+15                 4.0827647E-04
       3.3065400E+15                 4.1755290E-04
       3.3076700E+15                 4.2312072E-04
       3.3076900E+15                 4.1445186E-04
       3.3080000E+15                 4.1114956E-04
       3.3080400E+15                 4.0794961E-04
       3.3081300E+15                 4.0141163E-04
       3.3084600E+15                 3.9157230E-04
       3.3093900E+15                 4.1211584E-04
       3.3096500E+15                 4.1396335E-04
       3.3108200E+15                 4.0905098E-04
       3.3115400E+15                 4.1404492E-04
       3.3144200E+15                 3.7724261E-04
       3.3145700E+15                 3.9060425E-04
       3.3148000E+15                 3.4218366E-04
       3.3151400E+15                 3.0245491E-04
       3.3165400E+15                 3.8336923E-04
       3.3165900E+15                 3.8287873E-04
       3.3169900E+15                 3.0852974E-04
       3.3173100E+15                 3.6144317E-04
       3.3181100E+15                 3.9972930E-04
       3.3184900E+15                 4.2443354E-04
       3.3191500E+15                 4.0761920E-04
       3.3192600E+15                 3.5141076E-04
       3.3208100E+15                 3.7062837E-04
       3.3214700E+15                 3.8992998E-04
       3.3217200E+15                 3.8068463E-04
       3.3224200E+15                 3.8967204E-04
       3.3229000E+15                 3.8558898E-04
       3.3234100E+15                 3.6092729E-04
       3.3234800E+15                 3.2085367E-04
       3.3263000E+15                 2.8197162E-04
       3.3265500E+15                 9.0637598E-05
       3.3267900E+15                 3.1608698E-04
       3.3281400E+15                 3.5541874E-04
       3.3281800E+15                 3.5903936E-04
       3.3290600E+15                 3.2429887E-04
       3.3291000E+15                 2.7198243E-04
       3.3293100E+15                 1.8590486E-04
       3.3297200E+15                 3.2520634E-04
       3.3305800E+15                 3.7970872E-04
       3.3308000E+15                 4.1620315E-04
       3.3312300E+15                 4.1404062E-04
       3.3324400E+15                 3.6387061E-04
       3.3332900E+15                 4.2305487E-04
       3.3337800E+15                 4.0022644E-04
       3.3340500E+15                 3.3433104E-04
       3.3344400E+15                 3.4965617E-04
       3.3365600E+15                 4.0302354E-04
       3.3373000E+15                 4.1028265E-04
       3.3384300E+15                 3.9132078E-04
       3.3395600E+15                 3.9287318E-04
       3.3407900E+15                 4.0204700E-04
       3.3414800E+15                 4.0317502E-04
       3.3440500E+15                 4.0231713E-04
       3.3449200E+15                 3.9335590E-04
       3.3457300E+15                 3.9671631E-04
       3.3465700E+15                 3.8048623E-04
       3.3483100E+15                 4.0019797E-04
       3.3500700E+15                 4.0230158E-04
       3.3507800E+15                 3.9751019E-04
       3.3509500E+15                 4.0082471E-04
       3.3512800E+15                 4.0116826E-04
       3.3534300E+15                 3.8980031E-04
       3.3548200E+15                 3.9458416E-04
       3.3562300E+15                 3.8849191E-04
       3.3565800E+15                 4.0145546E-04
       3.3579400E+15                 3.9944055E-04
       3.3587100E+15                 3.6620653E-04
       3.3590200E+15                 3.9155890E-04
       3.3617200E+15                 3.9809080E-04
       3.3628300E+15                 3.9660715E-04
       3.3630100E+15                 3.9868816E-04
       3.3635300E+15                 4.0833623E-04
       3.3649500E+15                 3.9982383E-04
       3.3665900E+15                 3.9776620E-04
       3.3681500E+15                 3.9216299E-04
       3.3684400E+15                 3.9577723E-04
       3.3696500E+15                 3.9436734E-04
       3.3707500E+15                 3.9622969E-04
       3.3723200E+15                 3.8099024E-04
       3.3725800E+15                 3.9087322E-04
       3.3728900E+15                 3.9644162E-04
       3.3736700E+15                 3.8927260E-04
       3.3747500E+15                 3.8819372E-04
       3.3759300E+15                 3.9398470E-04
       3.3766000E+15                 3.6617513E-04
       3.3801300E+15                 3.9089719E-04
       3.3814900E+15                 3.8972774E-04
       3.3821400E+15                 3.7978037E-04
       3.3833700E+15                 3.8076134E-04
       3.3849900E+15                 3.9485551E-04
       3.3850100E+15                 3.8527570E-04
       3.3866100E+15                 3.6513655E-04
       3.3868300E+15                 4.0252754E-04
       3.3885700E+15                 3.2456874E-04
       3.3895500E+15                 3.6636892E-04
       3.3907300E+15                 3.7917523E-04
       3.3915800E+15                 3.6890871E-04
       3.3918700E+15                 3.4828165E-04
       3.3925900E+15                 3.5590265E-04
       3.3942200E+15                 3.4189460E-04
       3.3948300E+15                 3.8378861E-04
       3.3989000E+15                 3.7288260E-04
       3.4007600E+15                 3.7548934E-04
       3.4027000E+15                 3.5859478E-04
       3.4033000E+15                 3.6792283E-04
       3.4062100E+15                 3.7553561E-04
       3.4079900E+15                 3.2852245E-04
       3.4080300E+15                 3.3381565E-04
       3.4081700E+15                 3.3922949E-04
       3.4082900E+15                 3.6028426E-04
       3.4087100E+15                 3.7685321E-04
       3.4089800E+15                 3.8620534E-04
       3.4103800E+15                 3.7049410E-04
       3.4107100E+15                 3.4063219E-04
       3.4118800E+15                 3.8615081E-04
       3.4119200E+15                 3.8586615E-04
       3.4121700E+15                 3.8026126E-04
       3.4124000E+15                 3.3349144E-04
       3.4136900E+15                 3.7022557E-04
       3.4157100E+15                 3.6951520E-04
       3.4158600E+15                 3.4723196E-04
       3.4189200E+15                 3.7262255E-04
       3.4193700E+15                 3.4574555E-04
       3.4201200E+15                 3.5693182E-04
       3.4201500E+15                 3.6640467E-04
       3.4202400E+15                 3.6306909E-04
       3.4203300E+15                 3.6349766E-04
       3.4209200E+15                 3.7092643E-04
       3.4215000E+15                 3.5255255E-04
       3.4219900E+15                 3.8383219E-04
       3.4228700E+15                 3.4691066E-04
       3.4254900E+15                 3.5012921E-04
       3.4288400E+15                 3.6314068E-04
       3.4297900E+15                 3.4951361E-04
       3.4298500E+15                 3.8169284E-04
       3.4306900E+15                 3.8046610E-04
       3.4315800E+15                 3.4183474E-04
       3.4326900E+15                 3.5709001E-04
       3.4329300E+15                 3.5574491E-04
       3.4374900E+15                 3.4663881E-04
       3.4378400E+15                 2.8430211E-04
       3.4379900E+15                 3.6240925E-04
       3.4395300E+15                 3.5437377E-04
       3.4396800E+15                 3.2044239E-04
       3.4478900E+15                 3.5766649E-04
       3.4487300E+15                 3.8285913E-04
       3.4489700E+15                 3.5928063E-04
       3.4499600E+15                 3.4720375E-04
       3.4506700E+15                 3.5661549E-04
       3.4520700E+15                 3.6255700E-04
       3.4548700E+15                 3.4191256E-04
       3.4562000E+15                 3.5719593E-04
       3.4573600E+15                 3.4369417E-04
       3.4591300E+15                 3.6822802E-04
       3.4607400E+15                 3.5926546E-04
       3.4614600E+15                 3.3223078E-04
       3.4625500E+15                 3.7863542E-04
       3.4630900E+15                 3.1178846E-04
       3.4666900E+15                 3.4397293E-04
       3.4688800E+15                 3.4384955E-04
       3.4706500E+15                 3.5230553E-04
       3.4734800E+15                 3.3549083E-04
       3.4743300E+15                 3.2920346E-04
       3.4752200E+15                 3.4532000E-04
       3.4755400E+15                 3.4382046E-04
       3.4773000E+15                 3.3876567E-04
       3.4781600E+15                 2.8738255E-04
       3.4785800E+15                 3.3345337E-04
       3.4786600E+15                 3.5457153E-04
       3.4790100E+15                 3.5501691E-04
       3.4812200E+15                 3.0675059E-04
       3.4820200E+15                 3.1072703E-04
       3.4842800E+15                 2.6193129E-04
       3.4892400E+15                 3.4308055E-04
       3.4906300E+15                 2.9648192E-04
       3.4955400E+15                 2.7924466E-04
       3.4983500E+15                 3.4236709E-04
       3.5002500E+15                 3.3075503E-04
       3.5003900E+15                 3.1890282E-04
       3.5014500E+15                 3.2235532E-04
       3.5024000E+15                 3.1857092E-04
       3.5031800E+15                 2.8931643E-04
       3.5052500E+15                 2.3799417E-04
       3.5080500E+15                 2.7201863E-04
       3.5124500E+15                 3.3316603E-04
       3.5192900E+15                 2.7018431E-04
       3.5218000E+15                 2.3990392E-04
       3.5247300E+15                 2.1482685E-04
       3.5266700E+15                 3.3820774E-04
       3.5277700E+15                 2.8803576E-04
       3.5295000E+15                 2.0258047E-04
       3.5312600E+15                 3.2230991E-04
       3.5313400E+15                 3.0820315E-04
       3.5318300E+15                 3.2146865E-04
       3.5344500E+15                 3.2852615E-04
       3.5368200E+15                 3.2509689E-04
       3.5456800E+15                 3.1938606E-04
       3.5496700E+15                 2.6996335E-04
       3.5524300E+15                 1.7550650E-04
       3.5532500E+15                 3.2397457E-04
       3.5584200E+15                 3.3766416E-04
       3.5584800E+15                 3.2089414E-04
       3.5624400E+15                 3.2076198E-04
       3.5661400E+15                 2.6685039E-04
       3.5697700E+15                 2.9330631E-04
       3.5790100E+15                 3.2820885E-04
       3.5794000E+15                 3.2354589E-04
       3.5806600E+15                 3.1964741E-04
       3.5810600E+15                 3.0656150E-04
       3.5869000E+15                 2.6837542E-04
       3.5889500E+15                 8.7357731E-05
       3.5890300E+15                 2.0158644E-05
       3.5914300E+15                 2.9149506E-04
       3.5915900E+15                 1.5542937E-04
       3.6039700E+15                 2.5812327E-04
       3.6060900E+15                 3.2493604E-04
       3.6100300E+15                 3.2097232E-04
       3.6109500E+15                 3.2576213E-04
       3.6137700E+15                 3.2208122E-04
       3.6241300E+15                 2.8939292E-04
       3.6242300E+15                 3.0825696E-04
       3.6267700E+15                 3.1401170E-04
       3.6299900E+15                 3.2812423E-04
       3.6313500E+15                 3.1411690E-04
       3.6322200E+15                 2.9240429E-04
       3.6403100E+15                 3.1677826E-04
       3.6407700E+15                 2.6607931E-04
       3.6440700E+15                 3.1289199E-04
       3.6468000E+15                 3.0824128E-04
       3.6487400E+15                 3.1154825E-04
       3.6503000E+15                 3.2738778E-04
       3.6512600E+15                 2.9585378E-04
       3.6613600E+15                 2.7182722E-04
       3.6686600E+15                 2.7639866E-04
       3.6690700E+15                 2.3814523E-04
       3.6754900E+15                 2.3400410E-04
       3.6793100E+15                 2.7568889E-04
       3.6823300E+15                 2.8535700E-04
       3.6825600E+15                 2.8413811E-04
       3.6836900E+15                 3.0139386E-04
       3.6905600E+15                 3.0945729E-04
       3.6947200E+15                 2.7912049E-04
       3.6985900E+15                 2.6800854E-04
       3.6995600E+15                 2.3573977E-04
       3.6996400E+15                 1.9145785E-04
       3.7045700E+15                 2.5930886E-04
       3.7058800E+15                 3.0244564E-04
       3.7187700E+15                 2.9356651E-04
       3.7243600E+15                 3.0266509E-04
       3.7263600E+15                 3.0375971E-04
       3.7280900E+15                 2.4793292E-04
       3.7286400E+15                 2.4728840E-04
       3.7308300E+15                 2.9154888E-04
       3.7332500E+15                 2.7921683E-04
       3.7373800E+15                 1.9304522E-04
       3.7404200E+15                 1.8520892E-04
       3.7535700E+15                 2.7767452E-04
       3.7588100E+15                 2.9202010E-04
       3.7610600E+15                 2.8703786E-04
       3.7620400E+15                 2.5327044E-04
       3.7623400E+15                 1.6979728E-04
       3.7630300E+15                 2.9024282E-04
       3.7779600E+15                 2.9415385E-04
       3.7796600E+15                 2.9376643E-04
       3.7840700E+15                 2.8809730E-04
       3.7896600E+15                 2.7732283E-04
       3.7912300E+15                 2.5204354E-04
       3.7928800E+15                 1.7306181E-04
       3.7985100E+15                 2.4033317E-04
       3.8131200E+15                 2.0962701E-04
       3.8164700E+15                 2.8526659E-04
       3.8180600E+15                 2.7823416E-04
       3.8201100E+15                 2.9404319E-04
       3.8201800E+15                 2.6808115E-04
       3.8272800E+15                 2.8101432E-04
       3.8349500E+15                 2.8043073E-04
       3.8417700E+15                 2.5979197E-04
       3.8566000E+15                 2.7958147E-04
       3.8574900E+15                 2.7578938E-04
       3.8593900E+15                 2.5865956E-04
       3.8678300E+15                 2.7453518E-04
       3.8757300E+15                 2.6457173E-04
       3.8773200E+15                 2.5699913E-04
       3.8892900E+15                 2.1609454E-04
       3.8902500E+15                 2.6785234E-04
       3.8994800E+15                 2.6533701E-04
       3.9138300E+15                 2.6500644E-04
       3.9146900E+15                 2.5251811E-04
       3.9181000E+15                 1.7456011E-04
       3.9289100E+15                 2.2463053E-04
       3.9419200E+15                 2.2017981E-04
       3.9486900E+15                 2.4840852E-04
       3.9599900E+15                 2.4857534E-04
       3.9641500E+15                 2.4530942E-04
       3.9703100E+15                 2.1038781E-04
       3.9778400E+15                 2.1204664E-04
       3.9926100E+15                 2.1271183E-04
       3.9949000E+15                 1.7405469E-04
       4.0173700E+15                 2.2947765E-04
       4.0274400E+15                 2.1157553E-04
       4.0350600E+15                 2.4558931E-04
       4.0434300E+15                 2.3046479E-04
       4.0920600E+15                 2.2301507E-04
       4.1076000E+15                 2.1280883E-04
       4.1231300E+15                 2.2167956E-04
       4.1384000E+15                 2.2137244E-04
       4.1538400E+15                 2.2238089E-04
       4.1690600E+15                 2.1080910E-04
       4.1813200E+15                 2.1206754E-04
       4.1994100E+15                 2.1716021E-04
       4.2020700E+15                 2.0912954E-04
       4.2115500E+15                 2.0565194E-04
       4.2438500E+15                 1.9856936E-04
       4.2577000E+15                 1.5216550E-04
       4.2743300E+15                 1.7911805E-04
       4.2782600E+15                 1.7159293E-04
       4.2896900E+15                 1.8995054E-04
       4.3163000E+15                 1.8486794E-04
       4.3369100E+15                 1.8072133E-04
       4.3407300E+15                 1.6909633E-04
       4.3586000E+15                 1.5294628E-04
       4.3626700E+15                 1.6159062E-04
       4.3684300E+15                 1.3087575E-04
       4.3982500E+15                 1.6780845E-04
       4.4205400E+15                 1.8481439E-04
       4.4246900E+15                 1.8573266E-04
       4.4314600E+15                 1.9001729E-04
       4.4345900E+15                 1.9212055E-04
       4.4375600E+15                 1.9528181E-04
       4.4571400E+15                 1.7277493E-04
       4.4661100E+15                 1.4822209E-04
       4.4670300E+15                 1.3213633E-04
       4.4718100E+15                 1.5674066E-04
       4.4939000E+15                 1.5601012E-04
       4.4940900E+15                 1.4227878E-04
       4.5118600E+15                 1.6322865E-04
       4.5298800E+15                 1.1833363E-04
       4.5517800E+15                 1.3319122E-04
       4.5550500E+15                 1.1414508E-04
       4.5605900E+15                 8.3234914E-05
       4.5620000E+15                 1.6487109E-04
       4.5626200E+15                 1.7921561E-04
       4.5635600E+15                 1.5910924E-04
       4.5657400E+15                 1.4517281E-04
       4.5883100E+15                 1.1739239E-04
       4.6079100E+15                 1.4033011E-04
       4.6631300E+15                 1.3633635E-04
       4.6706500E+15                 1.3355336E-04
       4.6830200E+15                 1.3799048E-04
       4.6883400E+15                 1.3300839E-04
       4.7005100E+15                 1.3888044E-04
       4.7090200E+15                 1.3564155E-04
       4.7174700E+15                 7.4309268E-05
       4.7207600E+15                 1.4272199E-04
       4.7257400E+15                 1.2285980E-04
       4.7311700E+15                 1.0127394E-04
       4.7355800E+15                 1.0800152E-04
       4.7389000E+15                 6.7022194E-05
       4.7390400E+15                 1.4922334E-04
       4.7411200E+15                 1.1162132E-04
       4.7497000E+15                 1.4158117E-04
       4.7564200E+15                 1.4715528E-04
       4.7579300E+15                 1.2889291E-04
       4.7696700E+15                 1.3474234E-04
       4.7703000E+15                 1.4947775E-04
       4.7731400E+15                 1.5207518E-04
       4.7782400E+15                 1.5422111E-04
       4.7788700E+15                 1.3272729E-04
       4.7805600E+15                 1.5052745E-04
       4.7879500E+15                 9.2395607E-05
       4.7943900E+15                 1.0120533E-04
       4.8015400E+15                 1.1312556E-04
       4.8077700E+15                 1.4940671E-04
       4.8129000E+15                 1.4382633E-04
       4.8246900E+15                 1.3627603E-04
       4.8387000E+15                 1.3223978E-04
       4.8542500E+15                 1.3385927E-04
       4.8572300E+15                 1.0453875E-04
       4.8683400E+15                 1.0804319E-04
       4.8956400E+15                 8.9286503E-05
       4.9022200E+15                 7.7730265E-05
       4.9171400E+15                 3.9967824E-05
       4.9207300E+15                 8.5122007E-05
       4.9235700E+15                 8.3458823E-05
       4.9540800E+15                 1.0826540E-04
       4.9559500E+15                 1.0259872E-04
       4.9804500E+15                 8.1506162E-05
       4.9941900E+15                 7.8023924E-05
       4.9986700E+15                 6.2169692E-05
       5.0001100E+15                 5.4067190E-05
       5.0034200E+15                 6.9086869E-05
       5.0142100E+15                 6.0306069E-05
       5.0187100E+15                 7.6067438E-05
       5.0256400E+15                 1.0639661E-04
       5.0360800E+15                 8.7904643E-05
       5.0472200E+15                 8.1652848E-05
       5.0664800E+15                 9.6549319E-05
       5.0918500E+15                 1.0840074E-04
       5.0928200E+15                 7.9143463E-05
       5.0952000E+15                 7.7719272E-05
       5.0964800E+15                 7.4455014E-05
       5.0998100E+15                 1.0781623E-04
       5.1007400E+15                 5.1147323E-05
       5.1018900E+15                 8.8545909E-05
       5.1085800E+15                 1.0782255E-04
       5.1090700E+15                 1.0583875E-04
       5.1152700E+15                 8.9831936E-05
       5.1156600E+15                 6.8593997E-05
       5.1186200E+15                 3.5908202E-05
       5.1219600E+15                 7.6858869E-05
       5.1253100E+15                 9.6491998E-05
       5.1269800E+15                 4.2352898E-05
       5.1286500E+15                 6.9925340E-05
       5.1303200E+15                 2.2049000E-05
       5.1320000E+15                 3.1275823E-05
       5.1336700E+15                 4.3094761E-05
       5.1353400E+15                 9.9994035E-05
       5.1369900E+15                 6.4653807E-05
       5.1384100E+15                 5.7068386E-05
       5.1386800E+15                 8.5653889E-05
       5.1420300E+15                 6.1673144E-05
       5.1445900E+15                 9.3030482E-05
       5.1453700E+15                 7.9863807E-05
       5.1468800E+15                 8.5082062E-05
       5.1520600E+15                 7.5805980E-05
       5.1524900E+15                 7.0935897E-05
       5.1587500E+15                 9.6503893E-05
       5.1647800E+15                 5.8836903E-05
       5.1654400E+15                 9.8104990E-05
       5.1692200E+15                 6.1177772E-05
       5.1749400E+15                 8.8478354E-05
       5.1967400E+15                 9.4657360E-05
       5.2177100E+15                 5.8705755E-05
       5.2272900E+15                 9.2463525E-05
       5.2492200E+15                 9.1080012E-05
       5.2636000E+15                 7.3870174E-05
       5.2934200E+15                 6.4604944E-05
       5.2948400E+15                 8.4281509E-05
       5.3032800E+15                 3.5432803E-05
       5.3085200E+15                 8.0596844E-05
       5.3158700E+15                 9.3832520E-05
       5.3175800E+15                 8.0969200E-05
       5.3497600E+15                 7.4136009E-05
       5.3682100E+15                 6.3744236E-05
       5.3849900E+15                 6.2475717E-05
       5.3930100E+15                 5.6105385E-05
       5.4019000E+15                 3.2162080E-05
       5.4057800E+15                 2.9775268E-05
       5.4252500E+15                 3.6044298E-05
       5.4323600E+15                 2.6261224E-05
       5.4335600E+15                 4.0589142E-05
       5.4663100E+15                 4.4720574E-05
       5.4915500E+15                 4.3851739E-05
       5.5406700E+15                 3.2582099E-05
       5.5485900E+15                 4.6824142E-05
       5.5550700E+15                 2.4999542E-05
       5.5565100E+15                 6.7736156E-05
       5.5589900E+15                 4.3393384E-05
       5.5644300E+15                 5.9904543E-05
       5.5683800E+15                 7.0225977E-06
       5.5723400E+15                 1.4556922E-06
       5.5729400E+15                 4.8557605E-06
       5.5763000E+15                 3.8727801E-05
       5.5771600E+15                 2.7610144E-05
       5.5782800E+15                 2.7732254E-05
       5.5802600E+15                 7.1337386E-06
       5.5822400E+15                 4.2551335E-05
       5.5842200E+15                 2.4190023E-05
       5.5842400E+15                 1.3931375E-05
       5.5862000E+15                 7.9372590E-06
       5.5881800E+15                 3.3237758E-05
       5.5921400E+15                 5.8791093E-05
       5.5961000E+15                 4.1053487E-05
       5.6000600E+15                 3.6183713E-05
       5.6079800E+15                 5.9089504E-05
       5.6136400E+15                 5.2645536E-05
       5.6159000E+15                 2.7214440E-05
       5.6188100E+15                 5.8686251E-05
       5.6238200E+15                 4.6058031E-05
       5.6341300E+15                 5.1076197E-05
       5.6365500E+15                 4.8527363E-05
       5.6421000E+15                 6.4717381E-05
       5.6519500E+15                 5.6995812E-05
       5.6524100E+15                 2.7280009E-05
       5.6742600E+15                 3.7696907E-05
       5.6763400E+15                 4.9746789E-05
       5.6959300E+15                 2.8972930E-05
       5.6966600E+15                 2.7072558E-05
       5.7064400E+15                 2.7644965E-05
       5.7064800E+15                 5.7612323E-05
       5.7162100E+15                 6.5013529E-05
       5.7259800E+15                 7.0713913E-05
       5.7308600E+15                 6.4871023E-05
       5.7357500E+15                 4.9207048E-05
       5.7381900E+15                 5.9114960E-05
       5.7406300E+15                 2.3807030E-05
       5.7430800E+15                 4.2057216E-05
       5.7455200E+15                 2.0512177E-05
       5.7504100E+15                 6.7106327E-05
       5.7552900E+15                 4.4867184E-05
       5.7611200E+15                 5.6140175E-05
       5.7650600E+15                 4.0628467E-05
       5.7748300E+15                 3.7610413E-05
       5.7846000E+15                 4.9779585E-05
       5.8205200E+15                 5.0304535E-05
       5.8237100E+15                 6.7315374E-05
       5.8250700E+15                 5.5555110E-05
       5.8250900E+15                 3.0426100E-05
       5.8263000E+15                 7.0276927E-05
       5.8316400E+15                 6.9827091E-05
       5.8333800E+15                 6.6279240E-05
       5.8381900E+15                 7.6097916E-05
       5.8395600E+15                 6.2434656E-05
       5.8474800E+15                 5.3068626E-05
       5.8477900E+15                 6.6780074E-05
       5.8500800E+15                 7.6232325E-05
       5.8514400E+15                 5.3140380E-05
       5.8534300E+15                 2.8873986E-05
       5.8547200E+15                 3.4153006E-05
       5.8554100E+15                 6.3945395E-06
       5.8557800E+15                 3.6829715E-05
       5.8593700E+15                 4.1891415E-05
       5.8619700E+15                 4.6934126E-05
       5.8637700E+15                 6.1552390E-05
       5.8669100E+15                 7.8607814E-05
       5.8672900E+15                 6.6798926E-05
       5.8717600E+15                 4.4696985E-05
       5.8731400E+15                 4.8218149E-05
       5.8738600E+15                 6.8636659E-05
       5.8752200E+15                 7.2448903E-05
       5.8757600E+15                 4.1734790E-05
       5.8777600E+15                 1.2020807E-05
       5.8797500E+15                 5.8471279E-05
       5.8819500E+15                 2.0931159E-05
       5.8831400E+15                 6.0518624E-05
       5.8837500E+15                 6.4090881E-05
       5.8850400E+15                 3.6081440E-05
       5.8857500E+15                 5.2635612E-05
       5.8881300E+15                 5.3542131E-05
       5.8912200E+15                 4.5304110E-05
       5.8917400E+15                 1.1762983E-05
       5.8927300E+15                 8.9964661E-06
       5.8927700E+15                 1.0846209E-05
       5.8935400E+15                 4.5041482E-05
       5.8943100E+15                 3.1368174E-05
       5.8958300E+15                 5.0033209E-05
       5.8958600E+15                 5.0495239E-05
       5.8974600E+15                 4.6890683E-05
       5.8976500E+15                 1.3313468E-05
       5.8989400E+15                 1.3965717E-06
       5.8997300E+15                 3.4819981E-05
       5.9020300E+15                 5.2817640E-05
       5.9020400E+15                 4.5789638E-05
       5.9035900E+15                 1.1704407E-05
       5.9043600E+15                 1.0250690E-06
       5.9051200E+15                 3.8226200E-08
       5.9051400E+15                 2.9672637E-05
       5.9066900E+15                 5.4001052E-05
       5.9070100E+15                 2.0175109E-05
       5.9077200E+15                 1.3135329E-06
       5.9095400E+15                 4.7762895E-05
       5.9097900E+15                 2.7574668E-05
       5.9128900E+15                 3.0459893E-05
       5.9159900E+15                 1.7865397E-05
       5.9214300E+15                 2.8038347E-05
       5.9333200E+15                 1.7929499E-05
       5.9442300E+15                 3.3690633E-05
       5.9450400E+15                 4.8700110E-06
       5.9452100E+15                 3.3810410E-06
       5.9460200E+15                 6.3451907E-06
       5.9629300E+15                 4.8520227E-06
       5.9727700E+15                 5.6098136E-06
       5.9765900E+15                 6.2714104E-06
       5.9990700E+15                 5.6013196E-06
       6.0380300E+15                 6.3360250E-06
       6.0539100E+15                 5.7882445E-06
       6.0762300E+15                 5.4238312E-06
       6.0764400E+15                 5.0838309E-06
       6.0773000E+15                 5.2050124E-06
       6.1071200E+15                 3.6925886E-06
       6.1072100E+15                 3.8543634E-06
       6.1112600E+15                 3.9776666E-06
       6.1113200E+15                 2.9098785E-06
       6.1243000E+15                 2.5235221E-06
       6.1273000E+15                 2.5710361E-06
       6.1399200E+15                 2.9124086E-06
       6.1408900E+15                 3.2756321E-06
       6.1490700E+15                 4.4015810E-06
       6.1581100E+15                 4.6028631E-06
       6.1741500E+15                 3.5020567E-06
       6.1783800E+15                 4.6284684E-06
       6.2062500E+15                 4.4303684E-06
       6.2764600E+15                 3.4741896E-06
       6.3239000E+15                 3.1830089E-06
       6.3641800E+15                 2.7062440E-06
       6.3784600E+15                 2.3933752E-06
       6.4062700E+15                 2.7144726E-06
       6.4063700E+15                 3.1993836E-06
       6.4155000E+15                 3.0853107E-06
       6.4281800E+15                 2.9714714E-06
       6.4767300E+15                 2.9755113E-06
       6.5100100E+15                 2.6072689E-06
       6.5153700E+15                 2.1812295E-06
       6.5261700E+15                 1.8241670E-06
       6.5502600E+15                 2.3098988E-06
       6.5610400E+15                 2.6164748E-06
       6.5647100E+15                 2.6453569E-06
       6.5670700E+15                 2.6371082E-06
       6.5871400E+15                 2.5763310E-06
       6.5988000E+15                 2.5489927E-06
       6.6054800E+15                 2.4834599E-06
       6.6093200E+15                 2.4428700E-06
       6.6208000E+15                 2.3082386E-06
       6.6224100E+15                 1.8879409E-06
       6.6370000E+15                 1.9827682E-06
       6.6892100E+15                 1.8585107E-06
       6.7051200E+15                 1.8750612E-06
       6.7285600E+15                 1.7186666E-06
       6.7290300E+15                 1.6477615E-06
       6.7430300E+15                 1.7696891E-06
       6.7539800E+15                 1.9283343E-06
       6.7863700E+15                 1.8670093E-06
       6.8126800E+15                 1.7675031E-06
       6.8210400E+15                 1.7709716E-06
       6.8292900E+15                 1.6753216E-06
       6.8650300E+15                 1.4980658E-06
       6.8672300E+15                 1.3941265E-06
       6.9337000E+15                 1.2684894E-06
       6.9590900E+15                 1.4145300E-06
       6.9737700E+15                 1.0437848E-06
       7.0200300E+15                 9.2610734E-07
       7.0581100E+15                 1.0203909E-06
       7.0750700E+15                 1.0082290E-06
       7.0751600E+15                 8.4139277E-07
       7.0766600E+15                 8.2097227E-07
       7.0925000E+15                 1.2439443E-06
       7.0974800E+15                 1.0893499E-06
       7.0977300E+15                 5.6078275E-07
       7.1025200E+15                 9.5199872E-07
       7.1228900E+15                 8.8500121E-07
       7.1575800E+15                 7.0057008E-07
       7.2056400E+15                 7.6747641E-07
       7.2383400E+15                 8.8160159E-07
       7.2779000E+15                 8.5724728E-07
       7.2824600E+15                 6.9034814E-07
       7.2854300E+15                 7.8131063E-07
       7.2927900E+15                 6.8915680E-07
       7.3399300E+15                 7.3143289E-07
       7.3668500E+15                 5.3305188E-07
       7.3746200E+15                 6.8745031E-07
       7.3858700E+15                 5.0757899E-07
       7.3986900E+15                 5.0437853E-07
       7.4023800E+15                 3.0302975E-07
       7.4080800E+15                 4.4990224E-07
       7.4210700E+15                 5.9990041E-07
       7.4220200E+15                 4.3623145E-07
       7.4327600E+15                 5.0162627E-07
       7.4424300E+15                 5.4506861E-07
       7.4574000E+15                 5.2403556E-07
       7.4618700E+15                 4.2960523E-07
       7.4653200E+15                 4.1927906E-07
       7.4796500E+15                 4.0103776E-07
       7.4891600E+15                 4.4644115E-07
       7.5055100E+15                 4.1053417E-07
       7.5135100E+15                 4.2849932E-07
       7.5328400E+15                 4.4961654E-07
       7.5398800E+15                 4.9939734E-07
       7.5457600E+15                 3.5762272E-07
       7.5501900E+15                 3.3013374E-07
       7.6257400E+15                 3.2351173E-07
       7.6354400E+15                 2.7937234E-07
       7.6516500E+15                 2.7691201E-07
       7.6533200E+15                 3.4455185E-07
       7.6715900E+15                 2.6648834E-07
       7.6755300E+15                 4.3457955E-07
       7.6799100E+15                 3.7764564E-07
       7.6870300E+15                 2.9524406E-07
       7.6871100E+15                 3.6846935E-07
       7.7136600E+15                 1.4060405E-07
       7.7276000E+15                 1.6088281E-07
       7.7461300E+15                 1.6711751E-07
       7.8021500E+15                 1.2845289E-07
       7.8067400E+15                 2.4640578E-07
       7.8337000E+15                 2.7755525E-07
       7.8404200E+15                 3.1298078E-07
       7.8429800E+15                 2.2113705E-07
       7.8875300E+15                 1.8768231E-07
       7.8897900E+15                 2.4657248E-07
       7.9045300E+15                 1.9583679E-07
       7.9505200E+15                 2.2580308E-07
       7.9607200E+15                 1.9324123E-07
       7.9677000E+15                 2.2416835E-07
       7.9975000E+15                 2.0003762E-07
       8.0007700E+15                 1.0780709E-07
       8.0238000E+15                 1.3068582E-07
       8.0367600E+15                 2.2457446E-07
       8.0424700E+15                 2.1507359E-07
       8.0680000E+15                 1.1355468E-07
       8.0705800E+15                 2.0780295E-07
       8.0984100E+15                 2.0275347E-07
       8.1074100E+15                 1.7461840E-07
       8.1229500E+15                 2.1563147E-07
       8.1259000E+15                 1.9457975E-07
       8.1312500E+15                 1.5923113E-07
       8.2101800E+15                 1.1363818E-07
       8.2706300E+15                 8.6636241E-08
       8.2730900E+15                 8.7315355E-08
       8.3569000E+15                 1.0199194E-07
       8.3634900E+15                 2.1033257E-08
       8.3698000E+15                 6.6628268E-08
       8.3855200E+15                 9.7492068E-08
       8.3943800E+15                 9.4332213E-08
       8.3987300E+15                 8.3655272E-08
       8.4005000E+15                 3.9639756E-08
       8.4045400E+15                 8.0417575E-08
       8.4184700E+15                 8.6032786E-08
       8.4211700E+15                 5.7767835E-08
       8.4444600E+15                 7.3849816E-08
       8.4759800E+15                 8.6830470E-08
       8.4880000E+15                 7.8615162E-08
       8.4910200E+15                 6.3539563E-08
       8.5000400E+15                 7.2896948E-08
       8.5104000E+15                 6.2862101E-08
       8.5276400E+15                 7.0960710E-08
       8.5489400E+15                 6.6940467E-08
       8.5596600E+15                 5.9815565E-08
       8.6469000E+15                 5.1503061E-08
       8.7052400E+15                 4.2589854E-08
       8.7254800E+15                 4.4704241E-08
       8.7687100E+15                 3.7637768E-08
       8.8215000E+15                 3.8324371E-08
       8.8237600E+15                 4.1864915E-08
       8.8538700E+15                 3.4272783E-08
       8.8790800E+15                 3.6149127E-08
       8.8962000E+15                 3.7029082E-08
       8.8981700E+15                 3.7486180E-08
       8.9010900E+15                 3.5664481E-08
       8.9309200E+15                 3.4398397E-08
       8.9403600E+15                 3.3595455E-08
       8.9458400E+15                 2.8796280E-08
       8.9479700E+15                 3.1794953E-08
       9.0145200E+15                 2.9070376E-08
       9.0149100E+15                 1.6339104E-08
       9.0271400E+15                 1.9970173E-08
       9.0308800E+15                 2.0328702E-08
       9.0665900E+15                 2.1815536E-08
       9.0848900E+15                 2.1742378E-08
       9.1100300E+15                 1.9356633E-08
       9.1225800E+15                 2.3388942E-08
       9.1260500E+15                 2.2833249E-08
       9.1400000E+15                 2.0609294E-08
       9.1465500E+15                 2.4793710E-08
       9.1467900E+15                 1.8553036E-08
       9.1553800E+15                 1.9069685E-08
       9.1745600E+15                 2.0211368E-08
       9.1852600E+15                 2.0650819E-08
       9.1936900E+15                 2.1205678E-08
       9.1937300E+15                 2.1881763E-08
       9.1963500E+15                 1.9541901E-08
       9.2268200E+15                 2.0056875E-08
       9.2529400E+15                 2.0292981E-08
       9.2534200E+15                 1.9351951E-08
       9.2550600E+15                 1.7810524E-08
       9.2672500E+15                 1.2653404E-08
       9.3143100E+15                 1.5562251E-08
       9.3229300E+15                 1.5915357E-08
       9.3303700E+15                 5.1509425E-09
       9.3377400E+15                 5.1291630E-09
       9.3446300E+15                 1.4934947E-08
       9.3538300E+15                 1.6149699E-08
       9.3546600E+15                 1.1854460E-08
       9.3796000E+15                 1.2643845E-08
       9.3842000E+15                 8.4089229E-09
       9.3990800E+15                 1.5045789E-08
       9.4039400E+15                 1.2955008E-08
       9.4039500E+15                 1.4158260E-08
       9.4079900E+15                 1.4926469E-08
       9.4460500E+15                 1.4170568E-08
       9.4489500E+15                 1.2470222E-08
       9.4870800E+15                 1.2969413E-08
       9.5025900E+15                 1.2108116E-08
       9.5086700E+15                 1.1944650E-08
       9.5232800E+15                 6.4680652E-09
       9.5298800E+15                 1.1277866E-08
       9.5346800E+15                 2.7404709E-09
       9.5395400E+15                 8.0245457E-09
       9.5762700E+15                 9.4937749E-09
       9.5924700E+15                 7.6913250E-09
       9.6011400E+15                 1.0809470E-08
       9.6017000E+15                 1.0627788E-08
       9.6087600E+15                 1.0016541E-08
       9.6219500E+15                 5.4040026E-09
       9.6271200E+15                 1.0417859E-08
       9.6271900E+15                 1.0274913E-08
       9.6442100E+15                 1.0061030E-08
       9.6525500E+15                 8.1149591E-09
       9.6779700E+15                 9.2013231E-09
       9.6783200E+15                 9.7835482E-09
       9.6843100E+15                 1.0111280E-08
       9.7032300E+15                 9.9657534E-09
       9.7033900E+15                 8.2358899E-09
       9.7288200E+15                 5.5106270E-09
       9.7342500E+15                 8.0630810E-09
       9.7440800E+15                 9.1001949E-09
       9.7542400E+15                 9.2936964E-09
       9.7560500E+15                 9.6418487E-09
       9.7669500E+15                 9.4171035E-09
       9.7796600E+15                 9.1000350E-09
       9.7806800E+15                 9.1376700E-09
       9.7923800E+15                 8.3654776E-09
       9.8050900E+15                 1.5203059E-09
       9.8178000E+15                 8.6809868E-09
       9.8232200E+15                 8.1582602E-09
       9.8305100E+15                 5.2637554E-09
       9.8368700E+15                 5.5300308E-09
       9.8432200E+15                 7.6086090E-09
       9.8495800E+15                 7.2395212E-09
       9.8559400E+15                 7.2584103E-09
       9.8622900E+15                 2.1301841E-09
       9.8686500E+15                 1.2237868E-09
       9.8750000E+15                 2.4322139E-09
       9.8813600E+15                 4.4069249E-09
       9.8877100E+15                 6.6711778E-09
       9.8940700E+15                 6.8776223E-09
       9.9004300E+15                 7.3936624E-09
       9.9048700E+15                 7.0601314E-09
       9.9067800E+15                 6.9962960E-09
       9.9143100E+15                 6.6411826E-09
       9.9194900E+15                 6.8559550E-09
       9.9322100E+15                 5.3205500E-09
       9.9448200E+15                 4.9159005E-09
       9.9449200E+15                 2.8352981E-09
       9.9576300E+15                 3.8092569E-09
       9.9652800E+15                 5.5504583E-09
       9.9703400E+15                 5.3323376E-09
       9.9726700E+15                 3.2820115E-09
       9.9830500E+15                 5.7515689E-09
       9.9947800E+15                 4.7797316E-09
       1.0003800E+16                 4.1521043E-09
       1.0007300E+16                 4.7233486E-09
       1.0008500E+16                 4.4306710E-09
       1.0008900E+16                 3.3016222E-09
       1.0029100E+16                 4.8009874E-09
       1.0033900E+16                 4.6931650E-09
       1.0050000E+16                 4.6025815E-09
       1.0053900E+16                 4.5332778E-09
       1.0059300E+16                 4.4762643E-09
       1.0064200E+16                 3.8565096E-09
       1.0084700E+16                 3.7454818E-09
       1.0110200E+16                 3.2254494E-09
       1.0117100E+16                 3.2138632E-09
       1.0127600E+16                 2.7341101E-09
       1.0135600E+16                 2.0933964E-09
       1.0161000E+16                 3.6634060E-09
       1.0165200E+16                 3.6379468E-09
       1.0188500E+16                 3.5056765E-09
       1.0220100E+16                 2.8986598E-09
       1.0356300E+16                 2.5184469E-09
       1.0368200E+16                 1.0917959E-09
       1.0371000E+16                 2.4094109E-09
       1.0398600E+16                 2.0183017E-09
       1.0400900E+16                 2.3207575E-09
       1.0408200E+16                 2.3040609E-09
       1.0408800E+16                 2.2866701E-09
       1.0416000E+16                 2.2357847E-09
       1.0446600E+16                 2.1413107E-09
       1.0464900E+16                 1.7663509E-09
       1.0516100E+16                 1.4358722E-09
       1.0708500E+16                 1.0745281E-09
       1.0711400E+16                 9.3081001E-10
       1.0713600E+16                 1.0040545E-09
       1.0769200E+16                 9.4269963E-10
       1.0788300E+16                 8.5322570E-10
       1.0835500E+16                 8.4878287E-10
       1.0890200E+16                 6.1997080E-10
       1.0915000E+16                 8.0295002E-10
       1.0938500E+16                 7.0472775E-10
       1.1057700E+16                 5.5268024E-10
       1.1068800E+16                 5.5047793E-10
       1.1092100E+16                 5.3676225E-10
       1.1103100E+16                 6.4359702E-10
       1.1142500E+16                 4.6081575E-10
       1.1277900E+16                 3.8506404E-10
       1.1285500E+16                 3.8278584E-10
       1.1323700E+16                 2.4935447E-10
       1.1330600E+16                 3.0162804E-10
       1.1339100E+16                 2.3437520E-10
       1.1361900E+16                 1.8929442E-10
       1.1380800E+16                 3.9534851E-10
       1.1382100E+16                 3.8357154E-10
       1.1400100E+16                 2.9700956E-10
       1.1408200E+16                 1.9510143E-10
       1.1426200E+16                 2.6196351E-10
       1.1438300E+16                 3.1794657E-10
       1.1467900E+16                 2.7556711E-10
       1.1473200E+16                 2.2599358E-10
       1.1474500E+16                 2.1986590E-10
       1.1476500E+16                 1.8138546E-10
       1.1514700E+16                 2.1110697E-10
       1.1541900E+16                 2.0575104E-10
       1.1552900E+16                 1.4841532E-10
       1.1568000E+16                 1.9820828E-10
       1.1572000E+16                 1.8156857E-10
       1.1578700E+16                 1.5390183E-10
       1.1579200E+16                 1.4796411E-10
       1.1591100E+16                 1.4531680E-10
       1.1610200E+16                 1.4120746E-10
       1.1617200E+16                 1.3844732E-10
       1.1629300E+16                 1.3532887E-10
       1.1648400E+16                 1.3167017E-10
       1.1658000E+16                 1.2882754E-10
       1.1667500E+16                 1.2672775E-10
       1.1676300E+16                 1.2518743E-10
       1.1677100E+16                 1.2248168E-10
       1.1686600E+16                 7.4217346E-11
       1.1696200E+16                 7.7088843E-11
       1.1703300E+16                 1.1841083E-10
       1.1705700E+16                 1.1716863E-10
       1.1715300E+16                 1.1574291E-10
       1.1720500E+16                 1.1335900E-10
       1.1724800E+16                 1.1959062E-10
       1.1734400E+16                 1.1087008E-10
       1.1743900E+16                 9.0861937E-11
       1.1763000E+16                 9.4251361E-11
       1.1765900E+16                 1.0483601E-10
       1.1777200E+16                 1.0347679E-10
       1.1782100E+16                 1.0208990E-10
       1.1791100E+16                 1.0055586E-10
       1.1801200E+16                 9.8024664E-11
       1.1820300E+16                 9.1290428E-11
       1.1820400E+16                 7.5736823E-11
       1.1839100E+16                 9.2983893E-11
       1.1839400E+16                 9.0582406E-11
       1.1877700E+16                 8.5935595E-11
       1.1915900E+16                 6.6881669E-11
       1.1929700E+16                 5.8853436E-11
       1.1954100E+16                 6.9380361E-11
       1.1980500E+16                 6.8118081E-11
       1.1988400E+16                 6.9320122E-11
       1.1992300E+16                 6.9422398E-11
       1.2003100E+16                 7.0188868E-11
       1.2028900E+16                 6.8264768E-11
       1.2030500E+16                 6.7364501E-11
       1.2031300E+16                 6.5583922E-11
       1.2068700E+16                 4.3331735E-11
       1.2082000E+16                 6.1086343E-11
       1.2106900E+16                 5.9208140E-11
       1.2110600E+16                 5.8242621E-11
       1.2118600E+16                 5.0137650E-11
       1.2132800E+16                 5.1495890E-11
       1.2179700E+16                 4.7271250E-11
       1.2183500E+16                 4.7229642E-11
       1.2203700E+16                 3.8824636E-11
       1.2208900E+16                 4.8124173E-11
       1.2233100E+16                 4.6226790E-11
       1.2234300E+16                 3.5517319E-11
       1.2259300E+16                 4.4712864E-11
       1.2259700E+16                 4.3643141E-11
       1.2285100E+16                 4.2342323E-11
       1.2297700E+16                 4.1226662E-11
       1.2303300E+16                 4.0631490E-11
       1.2310400E+16                 4.0244577E-11
       1.2310700E+16                 3.9865813E-11
       1.2323100E+16                 3.9157501E-11
       1.2335800E+16                 3.8230114E-11
       1.2348500E+16                 3.7320661E-11
       1.2361200E+16                 3.6628525E-11
       1.2362100E+16                 3.6182347E-11
       1.2373900E+16                 3.5526539E-11
       1.2386600E+16                 3.4497136E-11
       1.2411900E+16                 3.3441868E-11
       1.2413500E+16                 3.2855028E-11
       1.2420800E+16                 3.2033929E-11
       1.2437300E+16                 2.3885167E-11
       1.2445900E+16                 2.1677710E-11
       1.2462700E+16                 3.0219538E-11
       1.2464800E+16                 2.9915485E-11
       1.2465100E+16                 2.9542063E-11
       1.2488100E+16                 2.8641275E-11
       1.2504300E+16                 2.4427234E-11
       1.2512200E+16                 1.7650692E-11
       1.2516200E+16                 2.6918931E-11
       1.2527500E+16                 2.6005588E-11
       1.2538800E+16                 2.4221458E-11
       1.2541900E+16                 2.5598621E-11
       1.2553300E+16                 2.4947246E-11
       1.2567600E+16                 1.8628710E-11
       1.2576400E+16                 1.9198682E-11
       1.2589600E+16                 1.9658526E-11
       1.2589900E+16                 7.6362632E-12
       1.2593300E+16                 1.5088486E-11
       1.2606200E+16                 1.9276747E-11
       1.2612600E+16                 2.2354533E-11
       1.2619000E+16                 2.1994491E-11
       1.2631900E+16                 2.1551931E-11
       1.2640400E+16                 2.1181352E-11
       1.2644700E+16                 2.0904851E-11
       1.2652300E+16                 2.0637745E-11
       1.2657600E+16                 2.0239897E-11
       1.2670400E+16                 1.9376818E-11
       1.2672800E+16                 1.7995063E-11
       1.2674100E+16                 1.6737712E-11
       1.2675200E+16                 1.4171271E-11
       1.2679900E+16                 1.4057732E-11
       1.2683500E+16                 1.3921483E-11
       1.2691100E+16                 1.3751741E-11
       1.2696100E+16                 1.3499544E-11
       1.2714100E+16                 1.3222621E-11
       1.2714700E+16                 1.3075393E-11
       1.2716200E+16                 1.3039409E-11
       1.2717700E+16                 1.3005993E-11
       1.2718000E+16                 1.2971292E-11
       1.2721800E+16                 1.2833768E-11
       1.2735000E+16                 1.2638324E-11
       1.2735700E+16                 1.2507082E-11
       1.2741900E+16                 1.2394200E-11
       1.2745900E+16                 1.2295400E-11
       1.2747500E+16                 1.2164163E-11
       1.2761500E+16                 1.1918122E-11
       1.2763400E+16                 1.1778025E-11
       1.2777100E+16                 1.1532238E-11
       1.2789200E+16                 1.1289884E-11
       1.2789700E+16                 1.1184100E-11
       1.2792700E+16                 1.1048786E-11
       1.2797100E+16                 9.4006840E-12
       1.2797300E+16                 6.7723323E-12
       1.2798900E+16                 9.3672372E-12
       1.2800200E+16                 4.6404308E-12
       1.2808300E+16                 9.1548992E-12
       1.2816100E+16                 1.0651915E-11
       1.2822200E+16                 1.0522027E-11
       1.2823900E+16                 1.0451354E-11
       1.2828100E+16                 8.8657939E-12
       1.2839000E+16                 3.0455049E-12
       1.2839500E+16                 3.1236406E-12
       1.2842400E+16                 8.4497843E-12
       1.2850300E+16                 9.9547354E-12
       1.2852000E+16                 9.8660090E-12
       1.2858900E+16                 9.7832524E-12
       1.2859300E+16                 9.7434412E-12
       1.2860600E+16                 9.7138865E-12
       1.2862400E+16                 9.6872565E-12
       1.2864300E+16                 9.6321168E-12
       1.2868700E+16                 9.5713518E-12
       1.2870700E+16                 9.5303505E-12
       1.2874300E+16                 9.4577939E-12
       1.2877600E+16                 9.3806485E-12
       1.2882800E+16                 9.3095072E-12
       1.2883300E+16                 9.2599375E-12
       1.2888000E+16                 9.2008667E-12
       1.2889600E+16                 9.1586154E-12
       1.2890400E+16                 9.1380824E-12
       1.2892000E+16                 9.1080141E-12
       1.2895000E+16                 9.0660021E-12
       1.2895400E+16                 9.0255337E-12
       1.2899700E+16                 8.9639344E-12
       1.2901700E+16                 8.9143621E-12
       1.2901900E+16                 8.9107270E-12
       1.2905000E+16                 8.4582203E-12
       1.2912900E+16                 6.7257660E-12
       1.2920400E+16                 8.6307642E-12
       1.2920900E+16                 8.5901192E-12
       1.2921300E+16                 8.5831736E-12
       1.2921500E+16                 8.5802311E-12
       1.2923400E+16                 8.5191217E-12
       1.2931800E+16                 8.4294119E-12
       1.2933000E+16                 8.3747214E-12
       1.2937000E+16                 8.3210125E-12
       1.2938700E+16                 8.2859453E-12
       1.2939400E+16                 8.2571041E-12
       1.2943400E+16                 8.2113795E-12
       1.2944400E+16                 8.1780075E-12
       1.2947600E+16                 8.1327674E-12
       1.2949200E+16                 8.0955571E-12
       1.2951200E+16                 8.0523138E-12
       1.2952600E+16                 8.0327968E-12
       1.2953000E+16                 8.0364036E-12
       1.2953300E+16                 8.0618615E-12
       1.2956700E+16                 7.9911980E-12
       1.2960500E+16                 5.0359409E-12
       1.2968100E+16                 5.6862245E-12
       1.2973800E+16                 3.9546058E-12
       1.2974000E+16                 5.9235394E-12
       1.2977000E+16                 7.0860822E-12
       1.2980100E+16                 7.6176336E-12
       1.2981300E+16                 7.5845503E-12
       1.2982000E+16                 7.5294010E-12
       1.2983700E+16                 7.3682018E-12
       1.2984300E+16                 7.2959895E-12
       1.2992800E+16                 7.4172827E-12
       1.2995400E+16                 7.3692581E-12
       1.2995700E+16                 7.3467062E-12
       1.2999800E+16                 7.3178663E-12
       1.3000300E+16                 7.2901649E-12
       1.3004000E+16                 7.2519941E-12
       1.3004400E+16                 7.2394788E-12
       1.3005200E+16                 7.2299630E-12
       1.3005600E+16                 7.2112686E-12
       1.3010400E+16                 7.1656260E-12
       1.3011500E+16                 7.1295585E-12
       1.3014500E+16                 7.0960635E-12
       1.3014800E+16                 7.0792706E-12
       1.3018000E+16                 7.0408027E-12
       1.3021200E+16                 6.9862640E-12
       1.3026600E+16                 6.9354319E-12
       1.3034300E+16                 6.8311146E-12
       1.3034700E+16                 6.7833821E-12
       1.3041700E+16                 6.7243925E-12
       1.3043600E+16                 6.6805324E-12
       1.3045300E+16                 6.6622362E-12
       1.3045900E+16                 6.6448398E-12
       1.3049400E+16                 6.6222970E-12
       1.3051600E+16                 6.5772358E-12
       1.3052100E+16                 6.5654473E-12
       1.3052900E+16                 6.5558729E-12
       1.3053900E+16                 6.5319437E-12
       1.3057800E+16                 6.4901055E-12
       1.3061000E+16                 6.4473934E-12
       1.3064600E+16                 6.4096037E-12
       1.3065100E+16                 6.3932888E-12
       1.3066800E+16                 6.3774554E-12
       1.3069900E+16                 6.3334823E-12
       1.3071700E+16                 6.3120281E-12
       1.3071900E+16                 6.2985377E-12
       1.3075800E+16                 6.2670260E-12
       1.3079200E+16                 6.2164038E-12
       1.3079300E+16                 6.2083523E-12
       1.3080300E+16                 6.1967017E-12
       1.3082000E+16                 6.1712810E-12
       1.3084400E+16                 6.1324049E-12
       1.3091000E+16                 6.0784735E-12
       1.3091500E+16                 6.0444269E-12
       1.3094900E+16                 6.0155794E-12
       1.3095500E+16                 5.9950833E-12
       1.3097400E+16                 5.9797549E-12
       1.3097900E+16                 5.9632359E-12
       1.3099700E+16                 5.9357996E-12
       1.3102300E+16                 5.8827105E-12
       1.3105200E+16                 5.9039744E-12
       1.3105500E+16                 6.0065479E-12
       1.3106300E+16                 6.1478954E-12
       1.3106400E+16                 6.1947970E-12
       1.3106700E+16                 6.2409266E-12
       1.3106800E+16                 6.2398075E-12
       1.3108000E+16                 6.2256579E-12
       1.3110000E+16                 6.1982155E-12
       1.3112400E+16                 6.1689121E-12
       1.3112700E+16                 6.1639606E-12
       1.3115000E+16                 6.1348972E-12
       1.3117600E+16                 6.1015839E-12
       1.3120200E+16                 6.0739771E-12
       1.3121700E+16                 6.0530487E-12
       1.3122100E+16                 6.0370980E-12
       1.3125300E+16                 6.0110334E-12
       1.3126000E+16                 5.9955490E-12
       1.3127200E+16                 5.9823556E-12
       1.3128000E+16                 5.9629176E-12
       1.3131900E+16                 5.9359235E-12
       1.3132300E+16                 5.9191971E-12
       1.3132900E+16                 5.9040599E-12
       1.3136800E+16                 5.8761986E-12
       1.3137100E+16                 5.8550163E-12
       1.3140600E+16                 5.8220882E-12
       1.3145500E+16                 5.7541086E-12
       1.3152700E+16                 5.7643463E-12
       1.3155500E+16                 1.7631147E-12
       1.3157600E+16                 3.0914448E-14
       1.3158200E+16                 2.3724717E-14
       1.3158600E+16                 2.3649796E-14
       1.3163500E+16                 2.3499329E-14
       1.3166700E+16                 2.3353188E-14
       1.3167700E+16                 2.3276100E-14
       1.3170200E+16                 2.3199335E-14
       1.3171000E+16                 2.3149074E-14
       1.3171300E+16                 2.3129716E-14
       1.3173100E+16                 2.3005130E-14
       1.3178200E+16                 2.2790604E-14
       1.3186800E+16                 2.2480018E-14
       1.3192600E+16                 2.2206608E-14
       1.3197700E+16                 2.1993159E-14
       1.3202300E+16                 2.1799417E-14
       1.3206500E+16                 2.1590902E-14
       1.3213800E+16                 2.1365972E-14
       1.3216000E+16                 2.1198058E-14
       1.3219700E+16                 2.1060849E-14
       1.3224700E+16                 2.0877392E-14
       1.3229000E+16                 2.0717466E-14
       1.3230700E+16                 2.0639590E-14
       1.3232400E+16                 2.0562583E-14
       1.3232600E+16                 2.0554028E-14
       1.3233900E+16                 2.0390977E-14
       1.3247700E+16                 2.0056553E-14
       1.3253000E+16                 1.9796342E-14
       1.3255600E+16                 1.9670693E-14
       1.3258700E+16                 1.9557558E-14
       1.3262200E+16                 1.9404158E-14
       1.3267600E+16                 1.9201849E-14
       1.3274900E+16                 1.9006223E-14
       1.3276600E+16                 1.8892911E-14
       1.3277400E+16                 1.8840040E-14
       1.3280900E+16                 1.8734286E-14
       1.3283400E+16                 1.8350336E-14
       1.3286000E+16                 1.8216488E-14
       1.3290200E+16                 1.8100367E-14
       1.3293900E+16                 1.7985631E-14
       1.3294600E+16                 1.7871139E-14
       1.3303000E+16                 1.7669345E-14
       1.3308600E+16                 1.7491783E-14
       1.3310200E+16                 1.7238473E-14
       1.3319700E+16                 1.7048581E-14
       1.3328700E+16                 1.6815802E-14
       1.3336000E+16                 1.6575330E-14
       1.3342100E+16                 1.6377047E-14
       1.3347200E+16                 1.6221310E-14
       1.3351500E+16                 1.6077416E-14
       1.3355200E+16                 1.5889562E-14
       1.3367800E+16                 1.5278639E-14
       1.3424000E+16                 1.4090419E-14
       1.3466000E+16                 1.2728358E-14
       1.3472600E+16                 1.2711360E-14
       1.3479900E+16                 1.2527430E-14
       1.3489500E+16                 1.2354343E-14
       1.3491900E+16                 1.1922664E-14
       1.3554700E+16                 1.1020577E-14
       1.3588600E+16                 1.0022215E-14
       1.3653600E+16                 9.2367780E-15
       1.3658100E+16                 8.8744000E-15
       1.3661400E+16                 8.7482384E-15
       1.3681000E+16                 8.4548390E-15
       1.3709200E+16                 8.1268354E-15
       1.3714400E+16                 7.9401704E-15
       1.3722600E+16                 7.6149228E-15
       1.3790900E+16                 6.9498484E-15
       1.3833800E+16                 6.3979091E-15
       1.3846500E+16                 6.1066733E-15
       1.3872700E+16                 5.8519610E-15
       1.3894800E+16                 5.4738673E-15
       1.3963800E+16                 5.0512618E-15
       1.3968700E+16                 4.5006682E-15
       1.4110300E+16                 3.8517837E-15
       1.4157900E+16                 3.4148773E-15
       1.4161300E+16                 3.2891067E-15
       1.4181400E+16                 3.1683493E-15
       1.4208800E+16                 3.0520490E-15
       1.4215200E+16                 2.9881186E-15
       1.4216800E+16                 2.8872923E-15
       1.4282200E+16                 2.5835404E-15
       1.4380800E+16                 2.1364610E-15
       1.4511800E+16                 1.7478286E-15
       1.4518900E+16                 1.6387806E-15
       1.4525400E+16                 1.6056924E-15
       1.4546700E+16                 1.5170517E-15
       1.4613700E+16                 1.3982110E-15
       1.4626300E+16                 1.2329510E-15
       1.4814300E+16                 1.0046464E-15
       1.4826600E+16                 8.6077292E-16
       1.4912900E+16                 7.4970409E-16
       1.5002200E+16                 6.4487927E-16
       1.5043800E+16                 5.8275095E-16
       1.5069100E+16                 5.5081936E-16
       1.5088800E+16                 4.9334588E-16
       1.5273500E+16                 3.8752170E-16
       1.5343400E+16                 3.2404815E-16
       1.5374400E+16                 2.9159609E-16
       1.5455800E+16                 2.4703763E-16
       1.5594600E+16                 1.9960791E-16
       1.5659500E+16                 1.6789029E-16
       1.5723000E+16                 1.4789519E-16
       1.5783100E+16                 1.2550989E-16
       1.5935300E+16                 1.0401670E-16
       1.5945700E+16                 9.2328068E-17
       1.5985400E+16                 8.7523580E-17
       1.6000500E+16                 8.2054509E-17
       1.6058700E+16                 7.4971723E-17
       1.6104600E+16                 6.4730879E-17
       1.6253200E+16                 5.2346844E-17
       1.6333700E+16                 4.3165174E-17
       1.6387500E+16                 3.8140021E-17
       1.6422300E+16                 3.3885426E-17
       1.6541000E+16                 2.8832524E-17
       1.6558000E+16                 2.6719813E-17
       1.6558700E+16                 2.6625259E-17
       1.6570800E+16                 2.4575578E-17
       1.6713400E+16                 2.0607086E-17
       1.6765300E+16                 1.7704491E-17
       1.6797900E+16                 1.6209045E-17
       1.6852900E+16                 1.4424717E-17
       1.6939600E+16                 1.1933470E-17
       1.7091500E+16                 9.6257711E-18
       1.7118900E+16                 7.8882681E-18
       1.7293500E+16                 6.2387593E-18
       1.7351800E+16                 5.2419373E-18
       1.7399800E+16                 4.7387632E-18
       1.7439200E+16                 4.4034922E-18
       1.7452800E+16                 4.2283525E-18
       1.7463700E+16                 4.1424158E-18
       1.7466900E+16                 4.0998260E-18
       1.7467400E+16                 3.8712075E-18
       1.7570900E+16                 3.4370010E-18
       1.7588300E+16                 2.9981545E-18
       1.7736500E+16                 2.2290561E-18
       1.8049200E+16                 1.4895949E-18
       1.8079200E+16                 1.1430181E-18
       1.8108900E+16                 1.0915724E-18
       1.8113800E+16                 1.0668063E-18
       1.8117100E+16                 1.0602782E-18
       1.8117400E+16                 1.0360765E-18
       1.8159500E+16                 9.7456081E-19
       1.8192100E+16                 8.7414083E-19
       1.8295900E+16                 6.6359240E-19
       1.8679900E+16                 4.2440299E-19
       1.8706900E+16                 3.0897376E-19
       1.8718500E+16                 2.9859847E-19
       1.8732300E+16                 2.7031839E-19
       1.8908700E+16                 2.0327972E-19
       1.9095700E+16                 1.4427183E-19
       1.9185400E+16                 9.8712772E-20
       1.9657600E+16                 5.0473669E-20
       1.9967800E+16                 2.6175998E-20
       1.9976500E+16                 1.8676395E-20
       2.0240000E+16                 1.3247150E-20
       2.0356900E+16                 9.0949757E-21
       2.0523900E+16                 6.9848880E-21
       2.0579400E+16                 5.7279039E-21
       2.0593100E+16                 5.0267025E-21
       2.1131900E+16                 2.4490557E-21
       2.1200500E+16                 1.5128414E-21
       2.1206800E+16                 1.4928369E-21
       2.1249800E+16                 1.3606334E-21
       2.1257500E+16                 1.3193146E-21
       2.1291100E+16                 1.2456067E-21
       2.1325000E+16                 1.1556949E-21
       2.1363100E+16                 1.0631265E-21
       2.1408700E+16                 8.8660334E-22
       2.1666900E+16                 6.0524458E-22
       2.1827600E+16                 4.0008482E-22
       2.1979000E+16                 2.9367362E-22
       2.2080200E+16                 2.3404039E-22
       2.2132400E+16                 2.0671448E-22
       2.2149900E+16                 1.8237636E-22
       2.2325200E+16                 1.4780764E-22
       2.2337400E+16                 1.2910830E-22
       2.2361200E+16                 1.1604918E-22
       2.2518500E+16                 8.9603118E-23
       2.2665800E+16                 6.5674572E-23
       2.2779200E+16                 5.3238112E-23
       2.2781900E+16                 4.8417512E-23
       2.2827100E+16                 4.5558431E-23
       2.2846000E+16                 4.1709597E-23
       2.2928700E+16                 3.7286685E-23
       2.2950700E+16                 3.3438421E-23
       2.3022100E+16                 3.0534650E-23
       2.3025300E+16                 2.4906307E-23
       2.3482700E+16                 1.4645852E-23
       2.3589600E+16                 8.6903213E-24
       2.3668700E+16                 6.8075707E-24
       2.3870200E+16                 4.3924016E-24
       2.4280300E+16                 2.3699810E-24
       2.4431700E+16                 1.3197247E-24
       2.4661100E+16                 7.8740398E-25
       2.5074600E+16                 4.0243637E-25
       2.5283000E+16                 1.9100716E-25
       2.5603600E+16                 1.0189727E-25
       2.6127600E+16                 4.3262841E-26
       2.6386200E+16                 2.0528953E-26
       2.6484100E+16                 1.2999331E-26
       2.6823100E+16                 7.3297009E-27
       2.7172900E+16                 3.3745823E-27
       2.7539700E+16                 1.4932815E-27
       2.7941200E+16                 7.5703569E-28
       2.7978400E+16                 4.4032007E-28
       2.8520100E+16                 2.0434023E-28
       2.8554000E+16                 1.1747426E-28
       2.9300500E+16                 5.6959194E-29
       2.9333400E+16                 2.4796176E-29
       2.9604200E+16                 1.3491308E-29
       2.9880600E+16                 7.1399889E-30
       3.0340400E+16                 3.6655336E-30
       3.0399700E+16                 2.2494211E-30
       3.0492000E+16                 1.8268414E-30
       3.0507900E+16                 1.7626103E-30
       3.0514300E+16                 1.7376712E-30
       3.0738900E+16                 9.1340882E-31
       3.1354800E+16                 3.7609626E-31
       3.1740800E+16                 1.0858480E-31
       3.1954700E+16                 6.6883042E-32
       3.1959700E+16                 6.6133816E-32
       3.2119500E+16                 4.6047785E-32
       3.2759300E+16                 1.0776395E-32
       3.3009800E+16                 6.1013749E-33
       3.3397200E+16                 2.4448778E-33
       3.3611100E+16                 1.4613510E-33
       3.4095500E+16                 7.5048228E-34
       3.4172700E+16                 3.5116071E-34
       3.5148300E+16                 8.4925199E-35
       3.6544700E+16                 1.0529669E-35
       3.7153700E+16                 4.7401752E-37
       3.8098300E+16                 1.0083987E-37
       3.9081300E+16                 5.6385652E-39
       4.0620300E+16                 1.5993264E-40
       4.1794100E+16                 1.0417594E-41
       4.4695100E+16                 1.2512094E-44
       4.7797400E+16                 9.3576926E-48
       5.1115200E+16                 4.3189355E-51
       5.3310600E+16                 2.8261333E-53
       5.4663200E+16                 1.3750246E-54
       5.8457400E+16                 5.5693844E-58
       6.2515100E+16                 3.9396983E-61
       6.6854400E+16                 1.9437565E-64
       7.1494900E+16                 4.7996207E-68
       7.6457500E+16                 5.0574620E-72
       8.1764500E+16                 7.2182976E-76
       8.7440000E+16                 5.8611721E-79
       9.3509300E+16                 8.1590334E-62
       9.4806500E+16                 1.8063285E-59
       1.0000000E+17                 1.5640651E-58
       1.0250000E+17                 6.2133455E-67
       1.0500000E+17                 4.4401621E-49
       1.0750000E+17                 5.4365697E-60
       1.1000000E+17                 2.5426956E-58
       1.1250000E+17                 9.6485391E-57
       1.1500000E+17                 2.3154080E-55
       1.1750000E+17                 8.8986679E-81
       1.2000000E+17                 9.2309516E-50
       1.2250000E+17                 3.0148561E-85
       1.2500000E+17                 5.5333527E-50
       1.2750000E+17                 1.0376539E-89
       1.3000000E+17                 1.4278004E-49
       1.3250000E+17                 1.1105615E-60
       1.3331500E+17                 6.0850149E-59
       1.3500000E+17                 1.3867522E-60
       1.3750000E+17                 1.5906603E-61
       1.4000000E+17                 3.1056731E-64
       1.4500000E+17                 6.3460514E-67
       1.5000000E+17                 8.0157620E-76
       1.5500000E+17                 7.2860416E-77
       1.6000000E+17                 5.5767266E-85
       1.6500000E+17                 1.7077242E-89
       1.7000000E+17                 5.0166110E-94
       1.8000000E+17                 7.8267546-103
       1.9000000E+17                 6.2221597-110
       2.0000000E+17                 2.3606870-116
       2.1000000E+17                 6.7693760-123
       2.2000000E+17                 7.2088291-130
       2.3000000E+17                 6.0544216-136
       2.4000000E+17                 3.4204555-141
       2.5000000E+17                 4.5089455-146
       2.6000000E+17                 9.4424362-151
       2.7000000E+17                 3.3014708-155
       2.8000000E+17                 1.7557914-159
       2.9000000E+17                 1.3554810-163
       3.0000000E+17                 2.3691968-167
       3.1000000E+17                 2.1262321-170
       3.2000000E+17                 6.7108816-174
       3.3000000E+17                 1.1566319-176
       3.4000000E+17                 1.6895154-178
       3.5000000E+17                 7.5804853-181
       3.6000000E+17                 3.8529877-183
       3.7000000E+17                 2.1988309-185
       3.8000000E+17                 1.1248070-187
       3.9000000E+17                 6.7320002-190
       4.0000000E+17                 5.2385798-192
       4.2000000E+17                 2.3807247E-49
       4.4000000E+17                 2.3807247E-49
       4.6000000E+17                 2.3807247E-49
       4.8000000E+17                 2.3807247E-49
       5.0000000E+17                 2.3807247E-49
       5.2000000E+17                 2.3807247E-49
       5.4000000E+17                 2.3807247E-49
       5.6000000E+17                 2.3807247E-49
       5.8000000E+17                 2.3807247E-49
       6.0000000E+17                 2.3807247E-49
       6.2000000E+17                 2.3807247E-49
       6.4000000E+17                 2.3807247E-49
       6.6000000E+17                 2.3807247E-49
       6.8000000E+17                 2.3807247E-49
       7.0000000E+17                 2.3807247E-49
       7.3000000E+17                 2.3807247E-49
       7.6000000E+17                 1.2350683E-69
       8.0000000E+17                 1.2350683E-69
       8.5000000E+17                 1.2350683E-69
       9.0000000E+17                 1.2350683E-69
       9.5000000E+17                 1.2350683E-69
       1.0000000E+18                 1.2350683E-69
       1.1000000E+18                 1.2350683E-69
       1.3000000E+18                 1.2350683E-69
       1.5000000E+18                 1.2350683E-69
